customer_id,region,acquisition_channel,preferred_channel,age,tenure_months,sessions_30d,product_views_30d,recommendation_seen_30d,discount_used_90d,orders_90d,avg_order_value_eur,spend_90d_eur,returns_90d,satisfaction_1_5,active_next_30d
200001,Budapest,Partner,Store,63,46,5,20,0,1,2,134.19,264.07,0,4,0
200002,South,Organic,Web,58,21,6,24,0,0,2,64.35,180.16,0,3,1
200003,East,Partner,Store,33,8,6,25,0,0,0,88.84,0.0,0,4,0
200004,South,Organic,Web,44,30,4,26,1,1,2,40.54,82.08,0,3,0
200005,East,Referral,Web,27,22,9,39,1,1,2,70.82,176.24,1,5,0
200006,West,Social,Mobile,71,53,8,42,0,0,3,91.53,268.62,0,4,0
200007,West,Paid Search,Web,62,32,8,32,0,0,0,100.46,0.71,0,3,0
200008,West,Paid Search,Web,36,47,11,54,1,0,1,116.77,126.47,0,5,1
200009,West,Social,Mobile,46,16,9,29,1,0,4,30.8,94.66,0,3,1
200010,South,Paid Search,Web,40,34,9,39,1,1,2,82.96,248.85,0,4,0
200011,North,Organic,Store,55,72,8,28,0,1,3,127.25,343.61,0,5,1
200012,Budapest,Paid Search,Mobile,48,3,14,50,0,1,2,49.38,39.42,0,4,0
200013,East,Referral,Mobile,21,27,10,52,1,1,2,36.78,108.9,0,3,0
200014,West,Organic,Mobile,26,3,12,51,0,1,0,36.12,0.0,0,3,0
200015,West,Paid Search,Web,55,9,8,24,1,0,0,85.71,9.89,0,4,1
200016,East,Social,Web,26,30,8,19,0,1,4,36.85,149.95,0,5,1
200017,South,Partner,Mobile,51,8,14,49,1,0,1,61.22,21.16,0,4,1
200018,East,Partner,Mobile,40,6,9,36,0,0,3,74.36,203.75,0,3,1
200019,Budapest,Paid Search,Web,38,15,9,45,1,0,5,62.12,290.01,0,2,1
200020,East,Partner,Web,38,50,6,34,0,0,1,63.38,67.47,0,4,0
200021,Budapest,Partner,Web,47,18,4,9,0,0,1,76.08,68.01,0,2,0
200022,Budapest,Paid Search,Mobile,23,27,5,16,0,1,3,20.32,106.73,0,4,0
200023,North,Partner,Web,60,38,9,43,1,0,2,86.85,140.32,0,4,1
200024,Budapest,Referral,Mobile,30,3,17,43,1,1,1,71.31,120.49,0,3,1
200025,Budapest,Organic,Mobile,41,16,8,41,0,1,0,34.33,0.0,0,3,0
200026,West,Partner,Web,36,22,8,29,0,0,1,116.52,90.9,0,3,1
200027,Budapest,Paid Search,Web,24,14,10,34,1,1,1,72.26,91.1,0,4,1
200028,Budapest,Paid Search,Web,49,6,9,30,1,1,1,47.52,37.45,0,4,0
200029,West,Social,Mobile,34,35,10,33,0,0,3,70.63,261.33,0,4,0
200030,South,Social,Store,51,40,3,11,0,1,2,99.88,195.8,0,4,0
200031,East,Paid Search,Mobile,54,9,7,28,0,0,1,76.74,98.25,0,3,0
200032,Budapest,Social,Store,35,37,3,16,0,0,3,81.52,202.85,0,5,0
200033,East,Referral,Web,62,41,7,26,1,0,0,103.71,0.0,0,3,0
200034,Budapest,Referral,Mobile,57,20,8,46,1,0,1,88.97,115.56,0,3,0
200035,Budapest,Paid Search,Mobile,37,21,8,25,0,0,2,56.93,73.56,1,4,0
200036,South,Organic,Web,27,23,5,24,0,0,1,68.24,83.38,0,4,0
200037,Budapest,Organic,Mobile,39,10,5,17,0,0,2,92.37,236.98,0,3,0
200038,East,Referral,Web,32,39,8,45,0,1,1,76.35,69.08,0,4,1
200039,Budapest,Organic,Mobile,56,13,7,40,0,1,2,28.88,0.0,0,3,1
200040,Budapest,Paid Search,Store,41,52,2,15,0,0,1,91.97,78.62,0,4,0
200041,East,Paid Search,Mobile,55,11,8,36,0,1,0,78.2,47.81,0,4,1
200042,Budapest,Organic,Mobile,32,29,12,43,1,0,1,74.09,51.81,0,4,1
200043,South,Organic,Web,38,49,8,32,0,0,2,70.15,141.72,0,4,0
200044,Budapest,Referral,Web,44,12,4,24,0,1,1,78.31,29.12,0,3,0
200045,South,Social,Web,39,14,3,11,0,1,1,49.94,28.53,0,3,0
200046,Budapest,Organic,Web,49,46,6,12,0,0,1,86.27,73.45,0,4,0
200047,Budapest,Social,Mobile,34,52,3,6,0,0,2,84.99,168.96,1,4,0
200048,North,Paid Search,Web,25,53,4,18,0,1,2,73.22,113.23,0,5,0
200049,South,Partner,Web,36,13,5,19,0,0,0,74.23,0.0,0,3,0
200050,Budapest,Referral,Mobile,37,20,16,60,1,1,2,58.92,146.51,0,5,0
200051,Budapest,Referral,Mobile,27,41,14,69,0,0,3,86.99,247.81,0,5,0
200052,North,Organic,Store,41,22,3,10,0,0,1,58.07,83.78,0,3,0
200053,Budapest,Organic,Web,53,42,6,39,0,0,2,123.83,270.82,0,4,0
200054,South,Organic,Web,30,5,6,31,0,1,0,41.57,0.0,0,4,0
200055,East,Paid Search,Web,65,29,10,45,0,0,3,91.78,325.43,1,3,1
200056,North,Organic,Mobile,27,15,11,62,1,0,2,53.14,129.22,0,3,0
200057,East,Paid Search,Web,30,12,5,27,0,1,3,65.44,225.38,0,4,0
200058,West,Referral,Web,35,6,5,28,1,0,0,77.19,0.0,0,2,0
200059,West,Referral,Web,44,15,9,23,0,1,1,93.73,86.84,0,4,0
200060,South,Referral,Web,54,4,8,22,0,0,2,106.81,256.5,0,4,0
200061,East,Paid Search,Web,49,15,7,32,1,0,1,87.51,128.78,0,4,0
200062,South,Organic,Web,50,24,6,26,1,0,0,110.04,13.74,0,3,1
200063,Budapest,Organic,Web,62,16,3,11,1,1,0,87.66,31.36,0,4,0
200064,Budapest,Paid Search,Store,36,11,3,11,0,1,3,70.79,228.28,1,4,1
200065,South,Social,Web,44,3,5,17,1,1,0,79.91,0.0,0,4,0
200066,Budapest,Organic,Web,43,22,12,24,1,0,2,66.59,115.17,0,4,1
200067,North,Organic,Web,62,17,10,33,0,1,0,87.6,0.0,0,4,1
200068,South,Organic,Store,33,16,8,36,0,1,1,48.3,25.3,0,2,0
200069,North,Paid Search,Web,40,27,10,39,0,0,0,103.25,0.0,0,3,0
200070,Budapest,Referral,Mobile,20,38,9,29,0,1,3,51.31,149.1,0,4,0
200071,Budapest,Social,Store,35,14,8,33,0,0,2,77.41,172.26,0,4,0
200072,Budapest,Organic,Web,53,41,13,76,1,0,2,127.88,291.03,0,5,1
200073,East,Organic,Web,30,11,8,44,1,0,0,37.41,0.0,0,3,0
200074,Budapest,Social,Mobile,27,12,3,9,0,0,2,60.93,117.6,0,3,0
200075,South,Paid Search,Mobile,40,11,13,33,1,0,5,82.48,421.44,0,3,1
200076,West,Referral,Web,52,36,7,43,0,1,2,85.98,229.43,0,3,0
200077,North,Paid Search,Web,41,7,6,13,1,0,2,73.21,102.51,0,4,1
200078,North,Referral,Mobile,58,46,12,55,0,0,3,107.03,298.79,0,4,1
200079,Budapest,Organic,Mobile,33,14,10,50,0,0,0,72.31,0.0,0,3,1
200080,Budapest,Paid Search,Web,52,33,11,48,0,1,2,110.24,206.53,1,4,0
200081,West,Referral,Web,21,31,8,25,0,1,3,54.88,195.33,0,3,1
200082,East,Social,Store,42,8,6,28,0,0,2,83.51,157.34,0,3,0
200083,Budapest,Paid Search,Mobile,33,18,13,33,1,0,3,79.69,205.77,0,5,1
200084,West,Paid Search,Mobile,36,38,12,47,0,1,1,57.37,87.8,0,5,1
200085,North,Referral,Mobile,42,10,11,31,0,0,1,64.66,65.33,0,4,0
200086,East,Paid Search,Mobile,39,23,9,29,0,1,3,67.14,217.23,0,3,0
200087,East,Referral,Web,47,11,8,26,0,0,3,78.87,249.72,0,4,0
200088,Budapest,Referral,Web,38,12,3,10,0,0,2,79.58,143.09,1,4,0
200089,West,Organic,Mobile,65,20,9,31,1,0,1,108.16,152.4,0,3,0
200090,West,Paid Search,Web,40,13,5,27,0,0,3,59.79,172.61,0,3,1
200091,East,Organic,Mobile,42,35,9,66,1,0,1,120.18,90.14,0,3,0
200092,North,Paid Search,Web,42,51,8,30,1,1,2,64.87,112.83,1,4,0
200093,East,Social,Store,67,7,4,25,0,0,0,92.96,28.21,0,3,1
200094,East,Partner,Web,27,21,5,33,1,0,2,58.17,25.48,0,3,0
200095,West,Paid Search,Store,18,12,7,29,0,1,2,70.1,117.75,0,2,0
200096,Budapest,Paid Search,Mobile,39,13,13,40,1,1,2,56.97,121.38,0,2,1
200097,North,Organic,Web,39,31,5,20,1,0,0,108.86,0.0,0,5,1
200098,South,Social,Web,29,10,8,24,1,1,1,58.84,69.97,0,3,0
200099,East,Paid Search,Mobile,53,14,11,44,0,0,1,69.57,58.88,0,4,1
200100,Budapest,Organic,Store,38,39,4,23,0,0,0,124.12,0.0,0,4,0
200101,West,Organic,Mobile,51,26,15,38,0,0,2,65.33,91.14,0,5,1
200102,Budapest,Paid Search,Store,37,25,5,16,1,1,1,90.4,97.89,0,3,0
200103,East,Organic,Web,25,19,5,16,0,0,3,55.47,188.51,1,5,1
200104,Budapest,Organic,Web,37,32,7,32,1,0,5,86.88,426.03,0,5,0
200105,East,Paid Search,Mobile,62,30,5,23,1,1,0,98.86,10.33,0,5,1
200106,Budapest,Referral,Mobile,48,35,7,24,0,0,2,94.7,163.85,0,4,0
200107,Budapest,Paid Search,Mobile,35,20,11,61,1,0,0,61.33,31.68,0,3,1
200108,West,Referral,Web,27,8,3,14,0,0,0,56.06,30.78,0,3,0
200109,South,Paid Search,Store,49,22,4,8,0,0,0,75.37,0.71,0,4,0
200110,North,Paid Search,Web,54,11,7,32,0,0,1,107.21,92.86,0,4,0
200111,West,Paid Search,Mobile,52,25,10,31,1,1,0,72.06,0.0,0,4,0
200112,Budapest,Organic,Web,49,15,5,22,1,0,0,81.9,0.0,0,3,1
200113,North,Organic,Store,46,30,5,23,0,1,0,106.82,0.0,0,4,1
200114,South,Referral,Web,40,32,5,19,0,1,0,54.28,29.25,0,4,1
200115,West,Organic,Store,42,24,6,28,1,1,1,74.44,97.22,0,4,1
200116,Budapest,Organic,Mobile,50,38,9,49,1,0,2,110.96,212.9,0,4,0
200117,Budapest,Social,Store,48,36,5,16,0,0,1,72.63,113.33,0,5,1
200118,East,Social,Web,40,9,6,24,0,0,1,62.84,43.92,0,4,1
200119,South,Referral,Mobile,48,25,9,52,1,1,2,115.73,194.83,0,4,0
200120,Budapest,Organic,Web,28,56,5,31,0,0,3,86.41,314.9,0,5,0
200121,Budapest,Organic,Mobile,63,5,16,64,1,1,4,84.68,316.68,0,4,0
200122,Budapest,Referral,Store,44,37,13,48,0,0,2,114.78,246.32,0,4,1
200123,Budapest,Organic,Store,47,13,4,14,0,0,0,50.21,0.0,0,4,0
200124,East,Paid Search,Mobile,47,15,12,49,1,0,1,96.46,38.69,0,4,1
200125,North,Organic,Mobile,63,46,7,27,0,0,5,98.1,500.89,0,4,0
200126,Budapest,Referral,Store,52,19,6,23,0,0,1,75.07,53.13,0,5,0
200127,Budapest,Paid Search,Web,37,44,5,11,0,0,2,107.78,196.15,0,4,0
200128,North,Partner,Web,48,39,12,63,1,0,1,74.84,91.47,0,5,1
200129,South,Social,Web,40,5,8,27,0,0,0,62.41,43.86,0,2,0
200130,South,Referral,Store,31,29,1,0,1,0,2,71.81,117.7,0,3,0
200131,East,Paid Search,Web,43,19,7,32,0,1,1,79.44,102.91,0,4,0
200132,East,Paid Search,Mobile,36,18,10,26,0,0,2,87.15,61.96,1,5,1
200133,Budapest,Referral,Mobile,49,21,10,45,1,0,0,92.54,75.06,0,4,0
200134,East,Partner,Store,41,27,6,23,0,0,3,88.83,303.72,0,4,1
200135,Budapest,Organic,Store,28,16,5,15,0,1,2,27.66,132.39,0,4,1
200136,East,Referral,Web,39,24,11,42,0,0,1,60.66,121.7,0,4,1
200137,West,Paid Search,Store,41,13,3,12,1,0,0,77.41,18.26,0,3,0
200138,North,Organic,Mobile,40,12,6,24,0,0,1,101.22,94.91,0,4,0
200139,Budapest,Partner,Web,51,38,4,11,0,0,4,89.79,353.16,0,5,1
200140,North,Organic,Mobile,40,3,9,30,1,0,1,57.93,75.86,0,3,0
200141,Budapest,Paid Search,Mobile,44,1,6,32,0,0,1,72.89,82.25,0,4,0
200142,South,Paid Search,Mobile,51,25,9,28,0,0,2,79.64,127.61,1,4,1
200143,Budapest,Paid Search,Web,28,11,1,4,0,0,1,51.62,87.32,0,4,0
200144,Budapest,Partner,Store,62,49,5,14,1,1,1,87.22,131.31,0,3,0
200145,West,Organic,Web,35,12,2,4,0,0,1,88.36,131.07,0,3,0
200146,West,Paid Search,Mobile,53,31,13,46,1,0,5,52.21,216.62,0,4,1
200147,North,Referral,Web,45,34,8,30,0,0,3,82.19,208.21,1,2,0
200148,East,Organic,Mobile,20,43,9,46,0,0,3,75.06,238.62,0,4,1
200149,West,Partner,Store,36,36,5,19,0,1,1,95.9,123.53,0,4,0
200150,West,Referral,Web,31,16,3,17,0,1,0,40.01,1.12,0,4,0
200151,South,Organic,Mobile,47,19,11,53,0,1,1,72.12,63.94,0,3,0
200152,South,Organic,Store,18,19,7,33,0,0,1,86.49,29.56,0,3,0
200153,East,Referral,Web,55,37,7,15,0,0,0,73.85,41.14,0,4,1
200154,East,Organic,Web,45,32,6,27,0,1,7,81.47,560.48,0,4,1
200155,East,Paid Search,Store,36,20,4,16,0,0,1,98.67,148.94,0,4,0
200156,Budapest,Referral,Web,23,37,9,19,0,1,2,44.97,44.9,0,5,1
200157,East,Referral,Store,45,14,4,13,1,1,1,84.95,132.67,0,3,1
200158,North,Paid Search,Mobile,30,6,13,49,0,0,1,59.75,36.26,0,4,1
200159,South,Organic,Web,33,3,3,12,0,0,1,71.3,38.89,0,3,1
200160,East,Referral,Web,46,53,5,15,0,0,2,82.56,176.95,0,4,1
200161,East,Organic,Web,45,7,9,36,0,0,0,76.4,0.0,0,4,1
200162,Budapest,Organic,Mobile,45,10,11,56,0,0,2,77.13,138.63,0,3,0
200163,West,Paid Search,Web,45,13,7,44,1,0,1,53.29,84.37,1,4,1
200164,North,Paid Search,Mobile,36,10,12,60,0,0,3,70.52,249.49,0,4,0
200165,West,Referral,Web,38,25,5,24,0,1,4,118.07,542.6,1,4,1
200166,Budapest,Social,Web,53,40,9,33,0,0,3,125.46,369.52,0,4,0
200167,Budapest,Paid Search,Web,35,5,5,10,1,1,1,28.19,30.28,0,4,0
200168,North,Partner,Web,31,8,3,11,0,0,2,48.58,69.12,0,3,1
200169,North,Paid Search,Web,28,5,7,36,0,1,1,83.54,33.56,0,4,0
200170,South,Paid Search,Web,48,13,3,2,0,1,2,78.97,143.54,0,3,0
200171,East,Organic,Web,48,15,6,31,0,0,4,114.18,415.15,0,3,0
200172,South,Referral,Web,40,9,3,14,0,1,2,61.36,113.8,0,4,0
200173,East,Organic,Web,50,20,7,29,1,0,3,80.94,247.07,0,4,1
200174,East,Paid Search,Web,36,47,3,13,0,1,5,78.14,333.08,0,4,1
200175,Budapest,Referral,Mobile,35,7,14,86,1,0,2,95.55,182.84,0,4,0
200176,South,Organic,Mobile,32,11,13,61,0,0,3,89.67,245.97,0,3,0
200177,North,Paid Search,Web,39,39,7,30,0,0,4,71.09,274.29,0,5,0
200178,West,Paid Search,Store,44,4,7,30,0,1,1,65.61,17.37,0,4,0
200179,East,Partner,Web,47,11,3,8,0,0,1,69.44,22.92,0,4,0
200180,West,Referral,Web,39,14,5,26,0,1,2,50.23,119.42,0,5,1
200181,South,Partner,Mobile,36,56,9,30,0,1,3,106.21,262.37,1,5,1
200182,West,Referral,Web,26,18,5,19,0,1,0,78.97,55.14,0,4,0
200183,East,Social,Store,41,16,9,56,1,1,3,60.38,213.21,1,4,0
200184,North,Social,Store,25,13,8,35,1,0,1,80.83,106.4,0,2,0
200185,East,Paid Search,Store,18,11,9,40,1,1,4,36.77,191.29,1,4,1
200186,East,Organic,Web,43,25,6,32,0,0,2,66.75,139.51,0,4,0
200187,Budapest,Social,Mobile,37,26,10,37,0,1,2,79.62,163.78,0,4,1
200188,South,Organic,Web,55,12,8,52,0,0,2,121.25,175.05,0,3,0
200189,Budapest,Paid Search,Store,45,17,5,20,1,0,2,64.21,139.01,0,3,1
200190,East,Partner,Store,19,28,3,17,0,0,2,76.57,116.07,0,3,0
200191,Budapest,Paid Search,Web,49,15,8,28,1,1,1,98.81,125.5,0,3,0
200192,West,Organic,Web,44,22,9,32,0,0,2,60.9,41.24,0,5,1
200193,Budapest,Partner,Mobile,45,30,5,23,0,0,2,113.86,233.85,0,5,0
200194,East,Paid Search,Mobile,30,6,10,31,1,0,3,82.82,205.35,0,4,1
200195,North,Paid Search,Web,28,12,8,35,0,1,1,62.18,74.89,0,2,0
200196,West,Organic,Web,44,6,9,32,1,1,0,51.55,11.09,0,4,1
200197,East,Referral,Store,38,20,6,30,1,0,2,79.52,174.19,0,3,0
200198,Budapest,Referral,Mobile,42,59,12,43,1,0,3,103.44,360.31,0,4,1
200199,West,Organic,Mobile,24,22,10,54,1,1,0,40.0,0.0,0,4,0
200200,South,Referral,Store,48,3,9,37,0,0,1,50.07,76.39,0,4,0
200201,West,Social,Mobile,54,21,7,35,1,0,4,63.39,183.45,0,5,1
200202,North,Referral,Mobile,45,17,12,28,0,1,2,52.34,155.36,0,3,1
200203,East,Referral,Web,40,3,5,16,0,0,0,91.42,21.2,0,2,0
200204,West,Paid Search,Web,32,19,12,30,0,0,1,73.68,63.71,0,3,0
200205,East,Referral,Web,55,31,7,20,0,0,4,55.4,263.24,0,4,0
200206,West,Social,Web,39,17,11,40,1,1,2,72.28,150.77,0,4,1
200207,Budapest,Referral,Web,25,9,2,10,1,0,0,51.14,4.08,0,4,0
200208,West,Organic,Web,35,37,5,9,0,0,1,51.19,27.51,0,4,0
200209,Budapest,Paid Search,Web,40,7,4,19,0,0,1,69.7,84.49,0,3,1
200210,East,Referral,Web,36,13,8,25,1,0,3,79.39,184.84,0,3,1
200211,Budapest,Social,Web,61,23,9,26,1,1,0,96.93,0.0,0,4,0
200212,South,Organic,Mobile,41,12,7,41,0,0,0,38.65,0.0,0,3,0
200213,Budapest,Organic,Web,29,11,10,39,1,0,2,73.52,144.98,0,5,1
200214,East,Paid Search,Web,36,17,6,15,1,0,2,63.95,135.63,0,3,1
200215,West,Organic,Store,33,31,7,37,0,0,3,63.88,159.56,0,3,1
200216,West,Partner,Mobile,46,40,8,34,0,1,2,92.78,233.8,0,4,1
200217,West,Partner,Web,43,2,6,20,0,0,1,87.1,105.88,0,5,1
200218,Budapest,Referral,Store,28,22,4,20,0,1,2,74.43,186.92,0,3,0
200219,East,Paid Search,Web,45,46,8,34,1,0,1,86.94,13.9,0,5,1
200220,South,Organic,Web,26,57,4,20,0,0,1,123.43,148.47,0,5,1
200221,East,Paid Search,Mobile,28,23,11,52,1,1,1,77.14,39.43,0,4,0
200222,Budapest,Paid Search,Store,29,36,5,11,1,0,4,96.82,406.49,1,4,1
200223,Budapest,Social,Mobile,57,11,8,34,0,0,1,101.95,61.75,0,4,0
200224,West,Paid Search,Web,50,22,5,23,0,0,1,97.92,82.28,1,3,0
200225,West,Social,Mobile,47,15,4,22,0,1,1,49.65,42.31,0,3,0
200226,West,Organic,Store,26,9,4,14,1,1,3,30.15,80.91,0,2,0
200227,West,Partner,Web,60,5,5,18,0,1,3,94.71,310.53,0,3,0
200228,South,Referral,Web,51,31,5,16,0,0,2,105.16,190.5,0,4,0
200229,Budapest,Organic,Mobile,28,37,7,24,1,0,3,120.06,334.18,1,3,0
200230,East,Social,Web,35,5,6,30,0,0,2,50.85,141.89,0,3,0
200231,South,Social,Web,27,18,8,34,1,0,3,80.61,254.21,1,3,0
200232,Budapest,Referral,Mobile,30,9,13,46,1,1,1,45.4,30.26,0,3,0
200233,South,Organic,Mobile,52,35,9,56,1,0,2,97.97,180.49,0,3,1
200234,West,Paid Search,Mobile,47,31,5,17,0,1,1,52.58,43.36,0,4,0
200235,West,Organic,Web,39,19,7,35,0,0,3,64.21,252.12,0,4,0
200236,Budapest,Paid Search,Mobile,48,14,9,29,1,0,1,85.03,63.32,0,4,1
200237,Budapest,Paid Search,Web,23,34,10,50,1,0,4,61.11,298.88,0,4,1
200238,Budapest,Organic,Web,56,40,8,47,1,1,0,65.62,0.0,0,4,1
200239,West,Social,Web,42,12,5,17,1,0,4,46.38,171.06,0,3,0
200240,South,Paid Search,Store,26,21,7,44,0,0,3,73.93,182.08,0,3,1
200241,East,Social,Mobile,54,20,8,36,0,1,5,82.01,404.47,1,4,0
200242,Budapest,Paid Search,Mobile,18,23,9,26,1,1,0,43.59,0.0,0,4,1
200243,North,Organic,Web,35,4,7,35,0,0,2,37.02,77.24,0,4,0
200244,South,Paid Search,Web,44,11,7,12,1,0,2,84.26,177.82,0,3,0
200245,East,Paid Search,Web,56,9,2,7,1,1,0,48.98,42.85,0,4,0
200246,North,Referral,Mobile,51,18,6,3,0,0,2,100.79,228.88,0,3,1
200247,East,Organic,Web,39,41,10,24,0,0,5,86.2,442.45,0,5,0
200248,West,Organic,Web,32,11,6,13,0,0,3,55.84,165.1,0,4,1
200249,East,Organic,Store,21,6,9,48,1,0,4,79.87,316.94,0,4,0
200250,Budapest,Referral,Web,24,11,10,42,0,1,2,44.64,91.22,0,4,0
200251,Budapest,Organic,Web,44,16,10,29,0,0,1,92.97,73.54,0,3,1
200252,Budapest,Social,Web,45,10,5,27,1,0,1,112.17,138.39,0,2,0
200253,East,Referral,Store,53,32,5,18,0,0,0,116.18,0.0,0,4,1
200254,Budapest,Organic,Store,38,4,5,29,0,0,0,81.55,4.49,0,4,0
200255,North,Organic,Mobile,33,14,17,53,0,0,1,48.76,101.03,0,5,0
200256,South,Partner,Web,29,17,6,15,1,0,1,77.55,65.63,0,4,0
200257,Budapest,Social,Web,40,16,9,27,1,0,1,75.63,46.24,0,3,0
200258,South,Paid Search,Web,60,6,10,49,0,0,2,64.75,137.05,1,5,1
200259,South,Referral,Web,22,19,7,38,0,0,2,39.8,76.92,0,4,0
200260,South,Partner,Store,33,22,5,24,1,0,1,82.44,101.33,0,4,0
200261,North,Referral,Mobile,25,8,10,42,1,0,2,48.26,175.17,0,3,1
200262,Budapest,Organic,Web,55,26,11,40,1,0,2,85.54,201.41,0,4,1
200263,West,Paid Search,Store,41,4,5,33,0,0,1,49.34,8.74,0,3,0
200264,Budapest,Organic,Mobile,58,64,9,38,1,0,1,94.24,79.59,0,5,0
200265,South,Organic,Web,38,21,7,25,0,0,2,71.55,182.27,0,4,1
200266,West,Organic,Web,37,51,6,22,1,0,1,98.21,169.31,1,4,1
200267,North,Organic,Web,37,26,8,27,0,0,1,61.69,59.55,0,4,0
200268,South,Referral,Web,35,16,5,13,1,0,1,80.05,76.24,0,3,0
200269,West,Paid Search,Mobile,50,5,9,16,1,1,1,87.57,93.18,0,3,0
200270,East,Referral,Store,40,29,7,30,0,1,2,62.37,129.51,0,3,0
200271,Budapest,Organic,Mobile,46,72,9,32,1,0,5,120.95,626.55,0,4,0
200272,East,Organic,Mobile,47,38,4,17,1,0,0,85.81,4.5,0,5,0
200273,East,Partner,Mobile,28,12,7,28,0,0,2,53.55,100.66,0,3,0
200274,Budapest,Organic,Store,28,7,10,33,0,1,1,99.55,76.95,0,3,1
200275,Budapest,Paid Search,Web,43,27,6,22,0,0,3,39.12,131.2,0,2,1
200276,East,Referral,Mobile,32,32,15,62,0,0,3,90.96,289.15,0,3,1
200277,West,Referral,Mobile,28,8,13,73,1,0,2,78.36,132.64,0,4,0
200278,Budapest,Social,Web,34,11,7,31,1,0,1,41.35,126.03,0,3,0
200279,South,Organic,Store,45,15,3,22,0,0,1,89.87,104.42,0,3,0
200280,West,Organic,Mobile,54,14,4,18,1,0,1,86.31,79.02,0,3,0
200281,East,Partner,Store,37,27,1,7,0,1,2,56.21,131.58,2,3,0
200282,South,Referral,Store,29,14,3,11,0,1,0,24.99,10.87,0,3,0
200283,South,Paid Search,Mobile,42,31,6,23,1,1,1,71.56,85.71,0,4,1
200284,North,Organic,Mobile,56,5,9,32,0,0,1,75.18,92.35,0,3,1
200285,South,Social,Mobile,47,31,9,31,1,0,0,71.18,28.02,0,4,0
200286,West,Social,Web,31,10,6,18,0,1,1,41.79,14.25,0,3,0
200287,West,Referral,Store,49,20,2,5,1,1,2,68.5,171.42,0,3,0
200288,South,Paid Search,Web,42,35,6,21,0,0,3,112.19,302.83,1,4,0
200289,West,Organic,Web,40,3,8,40,0,0,1,86.12,106.03,0,4,0
200290,Budapest,Organic,Store,43,22,6,20,1,0,2,67.88,98.65,0,3,0
200291,Budapest,Paid Search,Web,44,5,5,29,1,0,1,81.04,107.59,0,4,0
200292,East,Referral,Mobile,50,6,8,28,0,0,1,102.7,54.98,0,4,0
200293,East,Social,Web,35,10,6,29,0,0,0,69.44,0.0,0,3,0
200294,Budapest,Partner,Web,28,12,6,30,0,1,0,51.32,0.0,0,4,0
200295,North,Paid Search,Web,52,21,4,13,1,0,3,63.57,221.78,0,4,0
200296,Budapest,Partner,Store,35,21,3,7,1,0,0,91.74,34.11,0,3,0
200297,East,Referral,Store,52,31,4,11,0,0,2,89.01,139.05,0,5,1
200298,West,Organic,Web,56,5,8,40,1,0,3,52.07,166.53,0,4,1
200299,Budapest,Referral,Store,55,22,7,46,0,0,2,75.73,184.74,0,4,0
200300,East,Organic,Mobile,26,17,11,33,1,0,1,87.94,89.28,0,5,0
200301,South,Paid Search,Web,48,14,17,85,0,1,4,27.2,82.98,0,4,0
200302,Budapest,Referral,Web,68,20,4,12,0,0,2,84.6,125.71,0,4,0
200303,North,Paid Search,Store,53,10,4,15,0,0,1,103.4,80.01,0,2,1
200304,East,Partner,Web,28,43,4,12,1,1,2,100.09,242.13,0,5,1
200305,South,Organic,Web,58,22,10,50,0,0,4,90.51,378.37,0,3,1
200306,East,Paid Search,Mobile,25,11,11,31,0,0,0,83.07,0.0,0,4,1
200307,South,Organic,Web,18,17,7,28,1,0,0,85.74,0.0,0,4,0
200308,Budapest,Referral,Web,31,15,6,20,0,1,3,66.1,143.46,0,4,0
200309,East,Organic,Store,59,44,6,22,0,0,1,58.52,64.95,0,3,0
200310,South,Social,Store,57,12,4,10,0,1,2,97.93,205.21,0,4,0
200311,West,Organic,Web,36,30,6,23,1,1,4,118.92,470.4,1,3,1
200312,North,Organic,Web,59,38,12,44,1,0,1,59.38,56.68,0,3,1
200313,East,Social,Mobile,33,18,6,28,0,1,2,65.87,90.53,0,3,1
200314,Budapest,Organic,Store,52,18,3,7,1,1,1,74.45,71.95,0,4,0
200315,Budapest,Paid Search,Mobile,38,16,14,59,0,0,2,49.51,111.49,1,5,1
200316,West,Social,Mobile,49,62,14,74,0,0,6,109.74,638.4,0,5,0
200317,East,Partner,Mobile,55,29,7,38,0,1,1,66.92,0.0,0,5,1
200318,East,Social,Web,30,5,7,19,0,1,1,75.26,61.68,0,3,0
200319,Budapest,Social,Mobile,42,14,8,23,0,1,0,64.8,0.2,0,3,0
200320,South,Social,Mobile,30,25,9,21,0,0,3,85.59,290.54,0,3,1
200321,East,Partner,Web,41,29,9,23,0,0,4,85.67,387.89,0,5,0
200322,East,Referral,Web,40,13,8,42,1,0,1,91.73,107.08,0,4,0
200323,Budapest,Partner,Web,34,38,5,26,1,1,1,97.52,94.4,1,4,1
200324,West,Paid Search,Mobile,26,7,8,24,1,0,0,60.08,0.0,0,4,0
200325,Budapest,Referral,Web,49,10,11,39,1,1,3,77.24,211.96,0,3,0
200326,East,Paid Search,Store,37,9,7,22,0,1,0,44.55,0.0,0,3,1
200327,East,Paid Search,Web,57,12,3,17,0,0,0,79.51,0.0,0,3,0
200328,Budapest,Paid Search,Store,50,13,4,23,0,1,4,72.77,270.89,0,3,0
200329,West,Organic,Web,38,4,7,25,1,1,0,74.04,0.0,0,4,0
200330,Budapest,Partner,Mobile,28,20,10,35,0,0,2,72.23,141.81,0,4,1
200331,North,Social,Web,36,31,9,33,1,0,1,98.14,41.38,0,4,0
200332,West,Organic,Web,51,28,5,26,0,0,0,113.7,0.0,0,4,0
200333,West,Paid Search,Mobile,42,6,8,41,0,0,0,81.14,6.04,0,3,0
200334,East,Referral,Web,33,12,5,16,0,0,0,65.35,0.34,0,4,0
200335,Budapest,Partner,Mobile,64,50,10,41,0,0,3,111.32,382.64,0,4,1
200336,North,Organic,Web,34,1,7,27,1,1,3,67.01,206.69,0,3,0
200337,Budapest,Social,Mobile,29,3,20,51,1,0,2,77.01,131.55,1,4,0
200338,Budapest,Referral,Mobile,38,6,10,45,1,0,1,107.82,107.25,0,3,0
200339,East,Organic,Store,55,14,2,17,0,1,2,106.42,213.42,0,4,0
200340,South,Paid Search,Web,39,68,9,26,0,0,2,65.03,146.07,0,4,1
200341,Budapest,Paid Search,Mobile,40,45,8,43,0,1,3,89.31,232.46,1,5,0
200342,South,Organic,Mobile,31,35,11,48,0,1,1,43.93,82.04,0,4,0
200343,Budapest,Referral,Mobile,32,16,11,45,0,0,0,67.65,44.4,0,5,0
200344,North,Referral,Web,41,17,6,38,0,0,1,77.88,51.67,0,3,0
200345,East,Paid Search,Web,25,4,8,33,0,1,1,27.36,22.82,0,3,0
200346,South,Organic,Web,45,12,3,15,0,1,1,91.64,68.26,0,3,0
200347,West,Organic,Store,36,3,7,24,0,0,4,43.39,140.68,0,4,0
200348,East,Paid Search,Mobile,55,2,13,55,1,0,0,43.44,0.0,0,4,1
200349,East,Social,Web,44,45,7,21,0,1,3,103.19,297.34,0,4,1
200350,Budapest,Partner,Store,46,13,4,15,0,0,3,96.84,285.16,0,4,0
200351,Budapest,Paid Search,Web,42,15,10,29,0,0,3,106.57,291.57,1,4,0
200352,East,Referral,Web,35,26,7,44,0,0,2,83.41,182.94,0,4,1
200353,Budapest,Social,Web,36,24,7,26,1,1,0,72.32,34.47,0,3,0
200354,West,Paid Search,Mobile,37,1,14,70,1,1,1,37.1,45.67,0,3,0
200355,West,Paid Search,Web,18,33,3,11,0,1,1,76.74,85.31,0,4,1
200356,West,Paid Search,Store,49,24,5,20,0,1,3,66.24,211.06,1,4,0
200357,North,Referral,Store,36,10,7,9,1,0,2,86.6,168.31,0,4,1
200358,North,Organic,Web,48,12,10,49,1,0,1,80.61,101.05,0,4,0
200359,Budapest,Organic,Web,44,16,9,17,1,0,4,107.87,411.42,1,4,1
200360,Budapest,Social,Mobile,42,26,17,64,1,1,1,62.12,70.01,0,4,1
200361,Budapest,Partner,Mobile,31,26,12,70,1,0,0,109.35,11.57,0,3,0
200362,East,Social,Store,39,16,8,44,0,0,2,85.82,181.45,0,4,1
200363,East,Partner,Web,37,8,5,25,0,0,0,53.7,0.0,0,3,0
200364,Budapest,Organic,Web,42,6,7,21,0,0,2,74.45,177.36,0,4,0
200365,Budapest,Organic,Web,22,17,6,29,1,1,0,30.15,11.62,0,4,0
200366,Budapest,Paid Search,Mobile,46,35,7,21,0,0,3,94.39,257.41,0,4,0
200367,East,Social,Web,67,17,4,22,0,1,3,79.93,172.83,1,3,0
200368,West,Referral,Web,18,21,6,19,0,0,1,45.04,90.08,0,4,0
200369,South,Organic,Mobile,39,24,12,22,1,0,3,70.84,183.34,1,5,0
200370,South,Organic,Mobile,52,44,8,44,0,0,3,107.22,297.0,1,4,0
200371,North,Referral,Mobile,49,21,7,20,0,0,2,99.47,153.81,0,4,0
200372,North,Partner,Mobile,29,2,7,20,0,1,3,53.27,177.08,0,4,0
200373,Budapest,Referral,Web,54,34,13,42,0,0,2,78.6,141.12,0,4,0
200374,North,Referral,Mobile,27,13,8,26,0,1,1,83.68,57.95,1,5,0
200375,West,Paid Search,Store,58,4,8,33,1,0,1,66.71,82.83,0,3,0
200376,South,Referral,Web,38,10,3,12,0,0,4,88.86,309.6,0,4,0
200377,East,Partner,Web,28,14,8,32,0,1,1,37.39,100.6,0,4,0
200378,South,Organic,Mobile,44,25,10,45,0,0,3,85.1,227.66,0,4,0
200379,Budapest,Social,Web,24,24,5,26,0,0,3,78.71,250.68,0,4,0
200380,Budapest,Organic,Web,48,28,4,8,1,0,1,74.65,108.2,0,3,1
200381,West,Organic,Web,52,10,5,26,0,0,1,88.47,81.18,0,4,0
200382,Budapest,Paid Search,Mobile,41,30,15,64,1,0,6,118.34,750.87,0,4,1
200383,Budapest,Organic,Web,50,21,5,19,1,0,2,81.03,205.42,0,3,0
200384,East,Referral,Web,63,6,5,8,0,0,2,90.92,207.27,0,4,0
200385,East,Social,Web,56,36,6,25,1,1,2,92.32,147.89,0,3,0
200386,Budapest,Social,Web,39,11,5,20,0,1,1,80.26,51.82,0,3,0
200387,West,Organic,Mobile,32,26,10,28,0,0,2,66.08,210.94,0,3,0
200388,Budapest,Referral,Mobile,42,10,12,44,0,0,5,65.03,347.39,1,3,0
200389,West,Partner,Web,36,26,7,35,1,0,1,80.5,88.21,0,4,0
200390,Budapest,Paid Search,Mobile,36,25,14,65,0,0,1,106.3,162.48,1,3,1
200391,East,Partner,Store,18,19,3,10,0,0,0,47.66,16.89,0,4,0
200392,South,Paid Search,Mobile,52,4,11,36,1,1,1,95.03,156.36,0,3,0
200393,Budapest,Organic,Mobile,43,10,6,28,0,0,0,70.21,77.85,0,3,0
200394,Budapest,Paid Search,Web,57,11,6,28,0,0,0,111.63,0.0,0,3,0
200395,Budapest,Social,Mobile,54,14,5,22,0,1,1,64.47,41.48,0,4,0
200396,Budapest,Organic,Mobile,57,17,10,42,0,0,3,97.68,266.34,0,4,0
200397,South,Organic,Web,52,15,7,46,1,1,2,65.64,113.97,0,3,1
200398,South,Organic,Web,24,41,6,33,0,0,4,100.04,429.51,0,5,1
200399,Budapest,Paid Search,Mobile,39,57,7,24,0,1,2,107.15,166.59,0,5,1
200400,West,Social,Web,46,4,7,25,0,1,5,74.09,321.55,0,5,1
200401,South,Paid Search,Mobile,36,33,3,16,0,0,0,76.94,31.6,0,3,1
200402,Budapest,Social,Web,45,20,4,14,0,1,2,64.8,180.21,0,4,0
200403,Budapest,Organic,Store,27,21,4,22,0,0,0,70.07,0.0,0,4,1
200404,East,Paid Search,Store,45,56,7,33,1,0,3,123.14,349.35,0,4,0
200405,Budapest,Partner,Store,34,7,4,17,0,0,2,58.51,133.16,1,5,0
200406,East,Paid Search,Web,37,4,9,37,0,0,4,68.49,284.35,1,4,1
200407,Budapest,Organic,Web,19,5,7,17,1,0,0,60.57,0.0,0,3,0
200408,East,Paid Search,Store,24,60,4,12,0,0,1,99.42,0.0,0,5,0
200409,North,Organic,Web,53,24,8,41,1,0,1,68.81,56.29,0,3,1
200410,East,Organic,Web,35,36,7,31,0,0,4,57.19,234.07,0,3,0
200411,East,Organic,Store,41,20,4,12,0,0,2,80.09,247.86,0,4,1
200412,Budapest,Social,Mobile,41,6,5,18,1,0,0,73.27,0.0,0,3,0
200413,Budapest,Social,Web,55,25,6,31,1,0,0,100.86,2.88,0,4,0
200414,Budapest,Referral,Web,46,11,11,45,1,0,3,83.98,259.38,1,4,1
200415,East,Referral,Mobile,55,25,5,21,0,0,1,78.2,84.42,0,3,0
200416,West,Partner,Web,34,35,3,6,0,0,0,120.8481408051525,112.32,0,5,0
200417,East,Partner,Mobile,18,8,7,25,0,0,1,25.73,35.51,0,4,1
200418,North,Organic,Web,48,43,6,24,0,0,6,99.86,616.31,0,4,0
200419,East,Organic,Mobile,26,5,10,41,0,0,1,73.1,73.97,0,4,0
200420,North,Referral,Web,41,16,6,11,0,1,1,94.99,136.09,0,3,0
200421,North,Partner,Web,39,12,11,41,0,1,1,53.35,110.9,0,3,0
200422,Budapest,Organic,Store,40,6,5,11,1,1,1,92.87,83.87,0,4,0
200423,Budapest,Paid Search,Web,28,8,15,31,1,1,1,62.19,0.0,0,5,0
200424,Budapest,Organic,Web,37,20,4,29,0,1,1,59.53,0.0,0,3,1
200425,East,Paid Search,Mobile,50,44,9,40,1,1,2,115.77,244.43,1,3,0
200426,Budapest,Paid Search,Store,57,39,4,14,0,1,0,100.23,0.0,0,3,0
200427,West,Social,Web,26,19,9,43,1,0,2,73.75,91.39,0,4,0
200428,Budapest,Referral,Web,51,18,5,26,0,0,1,65.97,21.38,0,4,0
200429,Budapest,Social,Store,39,28,5,18,0,0,3,105.64,356.42,0,3,0
200430,South,Paid Search,Store,36,3,9,42,0,0,0,93.44,0.0,0,5,0
200431,East,Organic,Store,55,9,3,8,0,1,1,109.11,81.46,0,3,1
200432,West,Social,Mobile,34,26,12,34,0,1,4,59.74,283.67,0,4,1
200433,West,Organic,Store,18,23,7,37,0,0,1,68.84,43.87,0,4,0
200434,Budapest,Organic,Mobile,47,9,6,30,0,0,1,74.09,31.07,0,4,0
200435,South,Referral,Web,50,14,8,31,1,0,3,79.24,241.51,0,5,1
200436,Budapest,Social,Store,48,14,6,21,0,0,2,66.44,89.45,0,4,0
200437,West,Paid Search,Mobile,63,22,11,39,1,0,3,83.45,279.25,0,4,1
200438,North,Organic,Mobile,54,15,11,24,1,0,1,76.05,104.99,0,2,0
200439,East,Paid Search,Store,27,22,5,27,0,0,3,96.84,256.7,0,5,0
200440,East,Paid Search,Mobile,50,23,15,42,1,1,1,90.47,71.28,0,3,0
200441,West,Referral,Mobile,59,8,13,43,1,0,0,85.14,0.0,0,4,1
200442,East,Paid Search,Web,43,17,5,21,0,1,0,69.84,0.0,0,4,0
200443,North,Social,Web,55,28,7,23,0,1,3,59.33,146.02,0,5,1
200444,Budapest,Referral,Web,36,16,7,30,0,0,4,61.11,240.05,0,4,0
200445,South,Partner,Web,42,15,11,56,1,0,1,105.19,140.75,0,4,0
200446,North,Paid Search,Web,35,13,4,27,0,0,2,91.56,185.47,0,5,1
200447,South,Organic,Web,58,8,7,31,0,0,1,102.83,145.17,0,4,0
200448,Budapest,Partner,Mobile,58,4,10,18,0,0,2,81.36,108.99,0,3,0
200449,West,Paid Search,Web,50,37,9,29,1,0,1,100.91,94.32,0,4,1
200450,West,Organic,Web,36,16,9,48,0,0,1,67.01,80.07,0,4,0
200451,West,Organic,Web,30,72,7,28,0,0,6,59.79,441.34,0,5,0
200452,Budapest,Organic,Store,62,19,4,3,0,0,1,50.28,20.64,0,3,0
200453,East,Organic,Store,41,18,0,0,1,0,1,92.21,48.43,0,5,1
200454,North,Partner,Store,40,6,4,19,0,1,1,56.98,97.1,1,5,1
200455,East,Referral,Web,35,5,9,37,1,1,0,55.25,24.2,0,4,1
200456,West,Referral,Mobile,25,10,8,31,0,1,2,34.33,38.06,1,4,0
200457,West,Partner,Web,49,23,5,22,1,0,1,87.13,157.98,0,3,0
200458,North,Paid Search,Web,58,11,4,14,0,1,0,54.38,9.57,0,3,0
200459,East,Partner,Web,30,3,7,14,0,0,2,91.77,141.92,0,3,0
200460,North,Organic,Web,54,13,7,31,0,1,0,97.52,0.0,0,4,0
200461,South,Organic,Web,21,3,6,33,0,1,0,38.39,69.28,0,4,0
200462,East,Referral,Web,45,12,9,45,0,0,2,104.72,197.69,0,4,0
200463,East,Referral,Mobile,44,11,12,30,0,0,1,82.31,73.93,0,3,0
200464,Budapest,Paid Search,Store,57,17,10,40,1,0,4,98.75,384.78,0,4,0
200465,Budapest,Organic,Web,66,4,7,28,0,0,0,87.47,7.22,0,4,0
200466,West,Organic,Store,59,8,8,48,1,1,3,51.51,166.06,0,4,0
200467,South,Paid Search,Store,56,6,3,8,0,1,0,85.94,24.69,0,4,0
200468,West,Referral,Web,44,17,7,33,0,1,2,68.54,185.87,0,3,0
200469,Budapest,Paid Search,Mobile,42,21,8,21,1,0,0,74.55,0.0,0,4,0
200470,Budapest,Referral,Web,32,4,6,41,0,0,1,82.43,105.04,0,4,0
200471,Budapest,Social,Store,41,13,4,23,1,0,3,93.74,276.33,0,3,0
200472,South,Organic,Mobile,30,6,13,29,0,0,4,91.39,297.95,0,3,0
200473,North,Referral,Store,44,13,5,17,0,1,1,85.62,121.12,0,3,0
200474,Budapest,Organic,Mobile,62,14,9,18,0,1,2,96.42,177.84,1,4,0
200475,Budapest,Paid Search,Mobile,57,1,10,32,1,0,2,97.94,217.31,0,3,0
200476,West,Paid Search,Mobile,47,11,10,43,0,0,1,51.61,27.62,0,4,0
200477,East,Referral,Mobile,20,25,9,47,1,0,2,72.19,161.09,1,4,1
200478,South,Social,Mobile,38,35,10,32,0,0,2,71.09,116.79,0,4,1
200479,North,Referral,Web,43,35,10,33,1,0,5,106.64,523.83,0,3,0
200480,East,Social,Mobile,50,7,8,30,1,1,3,83.06,262.82,0,3,0
200481,East,Paid Search,Web,41,6,7,36,0,1,1,95.57,131.27,0,4,1
200482,North,Organic,Store,34,12,9,29,0,0,2,91.35,215.92,0,3,0
200483,South,Paid Search,Web,47,12,11,37,0,1,2,79.47,135.14,0,3,0
200484,East,Paid Search,Mobile,32,55,16,62,1,0,5,86.56,468.77,1,4,0
200485,South,Organic,Store,39,13,3,6,1,0,2,108.99,167.56,0,3,1
200486,East,Social,Mobile,43,13,16,75,0,1,1,87.83,71.1,0,4,1
200487,East,Referral,Mobile,45,20,7,22,1,1,2,74.8,103.43,0,4,0
200488,South,Social,Mobile,31,34,5,11,0,1,1,63.44,56.33,0,4,1
200489,Budapest,Partner,Web,46,31,7,33,0,1,1,49.04,47.07,0,4,1
200490,East,Organic,Web,40,3,6,30,0,0,1,70.02,145.02,0,3,0
200491,Budapest,Social,Store,48,28,2,11,0,1,0,86.54,0.0,0,4,1
200492,Budapest,Organic,Store,33,12,11,36,1,0,0,88.3,15.11,0,3,0
200493,North,Paid Search,Store,34,43,6,30,1,1,1,69.5,35.63,1,4,1
200494,West,Social,Mobile,71,13,7,41,0,0,1,81.35,55.59,0,3,0
200495,North,Organic,Web,37,5,1,6,0,0,2,75.25,212.4,0,3,0
200496,East,Organic,Web,32,17,6,16,0,0,0,96.04,0.0,0,4,1
200497,Budapest,Referral,Store,46,8,5,21,0,0,0,76.74,0.0,0,3,0
200498,Budapest,Partner,Mobile,37,48,12,32,1,0,1,67.95,131.74,0,5,1
200499,Budapest,Paid Search,Web,39,8,7,30,1,1,1,90.22,31.45,0,3,0
200500,East,Organic,Web,49,45,7,25,1,0,4,92.83,386.43,1,5,1
200501,West,Organic,Mobile,48,29,9,34,1,1,1,91.07,37.56,0,4,0
200502,South,Referral,Web,33,17,5,21,0,0,1,94.1,132.43,0,4,0
200503,East,Organic,Web,45,19,7,25,1,1,3,61.41,233.67,1,5,1
200504,South,Social,Store,38,24,3,12,0,1,1,66.93,141.73,0,4,0
200505,South,Social,Mobile,37,18,8,21,1,1,1,57.7,52.53,0,4,0
200506,East,Organic,Store,32,11,5,18,0,0,0,63.67,5.63,0,4,0
200507,Budapest,Paid Search,Mobile,58,59,18,87,1,0,3,111.47,322.29,0,4,1
200508,North,Referral,Web,37,29,7,37,1,0,2,75.2,157.02,0,5,1
200509,Budapest,Referral,Web,46,29,7,31,1,0,2,76.99,143.48,0,4,1
200510,West,Social,Web,55,7,5,12,1,0,1,107.4,98.18,0,3,1
200511,Budapest,Organic,Web,43,27,8,40,1,1,3,81.3,171.31,0,4,1
200512,Budapest,Paid Search,Store,36,49,5,19,1,1,3,96.74,323.91,0,4,0
200513,South,Referral,Web,50,3,7,32,0,0,0,69.46,28.36,0,4,1
200514,West,Social,Mobile,44,20,6,33,0,0,1,82.25,63.07,0,3,1
200515,West,Organic,Mobile,38,24,10,31,0,1,0,73.68,12.6,0,4,1
200516,East,Social,Web,48,10,10,45,1,1,1,61.67,111.12,0,3,0
200517,North,Paid Search,Store,44,27,7,6,0,1,0,75.47,41.73,0,2,0
200518,South,Referral,Store,18,26,6,26,1,1,2,53.35,110.56,0,5,0
200519,South,Organic,Web,58,17,7,30,0,1,2,97.84,150.58,0,4,0
200520,Budapest,Referral,Web,47,33,11,34,1,0,3,68.59,252.03,0,4,0
200521,South,Social,Web,50,8,7,16,0,0,1,66.44,42.2,0,3,0
200522,South,Social,Mobile,38,13,11,44,1,0,1,70.2,50.67,0,3,1
200523,South,Referral,Mobile,38,25,9,34,0,0,5,76.94,356.01,0,3,1
200524,West,Partner,Web,28,32,5,13,1,0,2,100.82,176.24,0,5,0
200525,East,Social,Store,35,26,4,23,0,1,2,52.6,108.64,0,3,1
200526,Budapest,Referral,Web,34,3,7,20,0,1,1,43.7,0.0,0,3,0
200527,Budapest,Social,Web,47,9,10,30,1,1,0,85.18,0.0,0,4,1
200528,South,Organic,Mobile,42,21,8,45,0,0,2,77.96,107.08,0,5,1
200529,Budapest,Organic,Web,34,20,12,41,0,0,0,66.32,0.91,0,4,1
200530,South,Paid Search,Web,39,9,7,25,1,0,2,76.04,146.09,0,3,0
200531,Budapest,Organic,Store,43,6,9,26,0,0,1,81.27,89.38,0,3,0
200532,South,Organic,Mobile,46,21,8,27,1,1,0,67.55,47.9,0,4,0
200533,West,Organic,Mobile,52,30,7,10,0,0,2,92.34,249.64,0,3,0
200534,West,Paid Search,Web,47,4,8,17,0,1,0,79.62,3.98,0,3,0
200535,East,Paid Search,Mobile,26,16,9,38,0,0,2,41.82,61.34,0,3,1
200536,East,Social,Web,43,14,5,11,1,0,5,95.42,506.42,0,3,0
200537,North,Partner,Web,41,15,10,37,0,0,1,73.48,113.71,0,4,0
200538,Budapest,Partner,Mobile,43,6,12,32,0,1,1,39.33,38.53,0,4,1
200539,South,Social,Store,52,3,2,14,0,0,1,100.35,67.46,0,4,0
200540,East,Social,Mobile,47,13,6,27,1,1,1,55.79,5.65,1,4,1
200541,South,Social,Store,44,18,9,47,0,0,2,84.29,196.66,0,5,0
200542,South,Organic,Store,41,20,4,19,1,0,0,80.29,0.0,0,4,0
200543,Budapest,Organic,Store,35,15,7,42,0,1,2,101.49,150.63,0,4,0
200544,Budapest,Organic,Mobile,32,14,11,26,0,0,3,63.5,163.27,0,3,1
200545,East,Organic,Web,53,26,8,42,1,0,1,87.23,101.3,0,4,1
200546,West,Organic,Web,43,21,8,39,0,1,0,105.3,41.54,0,5,0
200547,Budapest,Organic,Store,40,9,10,27,0,1,2,54.93,109.52,0,3,1
200548,North,Social,Web,36,6,7,40,1,0,1,53.25,58.67,0,2,0
200549,North,Paid Search,Store,29,20,4,19,0,0,1,65.73,95.09,0,4,0
200550,West,Organic,Store,36,17,9,20,0,1,0,83.77,20.21,0,3,0
200551,Budapest,Organic,Mobile,41,32,12,50,1,0,1,92.63,97.27,0,5,1
200552,Budapest,Referral,Store,42,4,1,5,1,0,1,99.97,101.97,0,4,0
200553,West,Organic,Web,39,8,6,18,1,0,0,57.13,43.28,0,2,0
200554,South,Referral,Web,38,42,10,65,1,1,3,101.04,322.61,1,3,1
200555,North,Social,Web,60,11,10,36,0,0,3,77.8,217.88,0,4,1
200556,Budapest,Referral,Web,64,30,7,23,0,1,0,99.87,0.0,0,3,0
200557,East,Organic,Web,33,23,8,37,1,0,2,68.28,81.31,0,5,0
200558,Budapest,Paid Search,Web,36,60,8,31,1,0,2,105.82,215.01,0,5,0
200559,Budapest,Paid Search,Mobile,37,11,11,40,0,1,2,75.45,132.64,0,4,1
200560,West,Paid Search,Web,42,6,11,47,1,0,2,77.03,203.03,0,4,0
200561,East,Paid Search,Mobile,40,9,11,59,1,0,4,65.76,243.89,0,4,0
200562,North,Social,Store,56,39,8,33,0,1,4,113.97,467.65,0,4,1
200563,South,Organic,Web,42,29,3,18,0,0,2,91.36,181.2,0,3,0
200564,West,Organic,Web,47,17,3,7,0,1,0,58.9,2.02,0,3,1
200565,Budapest,Social,Web,41,18,9,23,1,1,1,78.37,36.83,0,3,0
200566,West,Paid Search,Mobile,38,14,15,86,0,0,4,70.15,253.77,0,3,1
200567,South,Partner,Mobile,19,38,5,23,1,0,4,81.91,317.64,1,3,0
200568,South,Organic,Mobile,40,3,15,70,1,1,0,76.05,0.0,0,3,1
200569,Budapest,Referral,Web,42,46,4,17,0,0,2,111.74,193.87,0,4,0
200570,Budapest,Paid Search,Web,66,14,8,39,0,1,4,75.79,251.74,0,4,1
200571,Budapest,Partner,Store,62,14,7,28,1,0,2,103.1,209.53,2,3,0
200572,South,Partner,Mobile,32,18,8,27,1,0,2,60.27,122.85,0,4,1
200573,West,Partner,Store,30,23,5,21,1,0,2,114.6,219.21,0,3,0
200574,Budapest,Referral,Mobile,47,72,8,32,0,0,3,72.28,259.8,0,5,0
200575,Budapest,Referral,Mobile,46,12,11,38,1,1,2,86.33,215.65,0,4,1
200576,West,Organic,Store,48,44,4,23,0,1,2,86.93,165.15,0,4,0
200577,Budapest,Organic,Store,31,4,7,37,0,0,1,52.09,102.43,1,5,0
200578,East,Organic,Mobile,62,32,12,48,0,0,3,98.0,267.4,0,5,0
200579,West,Referral,Mobile,22,8,17,77,1,1,2,16.44,46.15,0,4,1
200580,West,Organic,Web,44,14,5,20,1,1,2,40.04,132.91,0,3,0
200581,Budapest,Partner,Store,47,10,7,33,1,0,0,83.94,32.2,0,2,0
200582,West,Partner,Mobile,42,11,9,38,0,1,1,75.45,122.98,0,4,0
200583,East,Partner,Web,36,25,5,16,0,0,1,77.88,80.76,1,3,0
200584,Budapest,Partner,Web,48,11,5,26,1,1,2,69.43,112.05,0,3,0
200585,South,Paid Search,Store,42,8,8,29,0,1,3,114.04,354.56,0,2,1
200586,East,Organic,Store,33,17,5,14,0,0,4,60.07,196.95,0,4,1
200587,Budapest,Social,Web,34,51,9,42,1,0,4,88.89,381.11,0,5,1
200588,West,Partner,Web,55,18,6,24,0,0,2,84.36,215.73,0,4,1
200589,West,Social,Mobile,38,22,12,40,1,0,3,53.61,230.21,0,4,1
200590,West,Paid Search,Mobile,56,14,9,31,0,0,1,73.03,75.54,0,4,1
200591,Budapest,Social,Store,25,3,4,24,0,0,4,83.56,365.93,0,3,0
200592,Budapest,Organic,Mobile,48,19,10,47,0,0,1,70.08,96.35,0,4,0
200593,East,Partner,Mobile,28,21,16,66,1,1,2,57.44,78.98,0,5,0
200594,North,Partner,Web,34,66,6,22,0,1,2,81.53,170.69,0,5,0
200595,South,Paid Search,Mobile,49,14,10,38,1,0,6,87.24,509.32,0,4,1
200596,Budapest,Referral,Web,39,37,8,16,0,1,2,91.39,138.5,1,4,1
200597,West,Organic,Mobile,40,34,7,18,0,1,1,45.48,66.56,0,3,0
200598,West,Referral,Web,48,58,10,42,1,0,5,99.54,533.27,0,5,1
200599,West,Referral,Web,31,11,6,18,0,0,2,67.18,108.29,0,4,1
200600,West,Organic,Web,51,13,5,24,0,0,2,83.83,189.9,0,5,0
200601,West,Organic,Web,21,14,4,20,0,1,1,46.96,0.0,0,3,1
200602,Budapest,Paid Search,Mobile,40,49,7,32,0,0,4,103.49,395.38,0,4,0
200603,North,Paid Search,Store,30,9,3,17,1,1,3,47.71,149.65,2,2,0
200604,Budapest,Referral,Web,54,8,4,7,1,1,2,59.77,177.63,0,2,0
200605,East,Organic,Mobile,57,7,13,57,0,0,4,53.65,183.96,0,4,0
200606,North,Social,Mobile,47,17,8,26,0,1,0,90.87,42.26,0,4,0
200607,East,Referral,Store,27,10,6,18,1,0,3,42.52,85.05,0,4,0
200608,Budapest,Referral,Mobile,32,25,12,43,1,0,1,108.02,121.81,0,4,1
200609,Budapest,Paid Search,Web,31,23,4,13,0,1,2,43.86,114.13,1,4,0
200610,Budapest,Partner,Web,45,28,7,29,0,0,2,81.4,242.28,0,3,0
200611,West,Social,Web,52,72,8,32,0,0,6,88.16,443.42,0,5,1
200612,West,Referral,Store,36,15,6,22,0,0,0,72.57,0.0,0,3,0
200613,North,Social,Web,53,12,11,45,1,1,0,65.15,8.99,0,4,1
200614,Budapest,Referral,Mobile,53,15,7,26,0,1,3,62.25,217.71,0,4,1
200615,East,Referral,Mobile,30,26,10,38,0,1,6,66.85,403.26,2,4,0
200616,Budapest,Organic,Mobile,38,17,11,51,0,0,3,71.14,200.77,0,4,0
200617,North,Social,Mobile,46,16,4,22,0,0,2,83.3,174.94,0,4,0
200618,East,Paid Search,Web,58,31,11,49,1,1,1,86.89,106.15,0,4,1
200619,North,Organic,Web,54,32,11,39,1,0,3,85.08,290.55,0,5,1
200620,West,Paid Search,Mobile,42,10,9,43,1,0,1,75.05,44.54,0,5,1
200621,Budapest,Organic,Web,66,8,3,15,0,1,0,51.93,0.0,0,3,0
200622,Budapest,Referral,Store,18,38,7,37,1,0,1,72.51,94.86,0,5,0
200623,West,Referral,Web,60,23,10,28,0,0,0,90.95,30.6,0,2,0
200624,Budapest,Paid Search,Web,20,66,8,24,1,0,3,106.0,272.0,0,5,1
200625,East,Social,Mobile,21,43,4,16,0,1,0,74.25,0.0,0,5,0
200626,Budapest,Paid Search,Mobile,45,33,9,28,0,1,1,81.02,105.41,0,5,1
200627,Budapest,Organic,Web,39,24,6,35,0,0,2,71.94,145.89,0,4,0
200628,South,Paid Search,Mobile,32,11,11,32,1,0,2,55.29,118.72,0,4,1
200629,West,Paid Search,Web,35,20,8,34,1,1,5,63.18,322.3,1,4,1
200630,North,Social,Web,58,26,7,22,0,1,2,121.19,248.27,0,3,0
200631,Budapest,Paid Search,Web,24,70,6,11,0,1,0,68.67,0.0,0,4,1
200632,West,Paid Search,Store,49,11,1,5,0,1,0,71.22,36.7,0,1,0
200633,South,Organic,Web,18,11,8,50,1,0,2,37.8,105.14,1,2,0
200634,West,Organic,Web,41,25,7,34,1,0,3,64.64,285.32,0,4,0
200635,West,Paid Search,Web,30,11,7,20,0,1,3,49.11,189.47,0,4,0
200636,North,Organic,Web,29,7,4,24,0,1,1,38.48,21.71,0,3,1
200637,Budapest,Organic,Store,34,18,8,45,0,0,3,89.31,296.91,0,4,0
200638,West,Organic,Mobile,38,9,11,57,1,0,2,62.68,76.12,0,3,0
200639,Budapest,Organic,Web,42,19,13,43,1,0,0,61.04,24.26,0,5,0
200640,Budapest,Organic,Web,40,21,9,36,1,1,0,64.22,0.0,0,3,1
200641,West,Organic,Mobile,37,29,6,27,0,1,3,62.82,225.09,0,3,0
200642,Budapest,Paid Search,Web,36,46,10,42,0,0,4,70.14,281.82,0,4,1
200643,Budapest,Social,Web,43,23,10,60,1,0,2,43.5,34.21,0,4,0
200644,South,Organic,Web,32,32,6,43,1,1,0,51.57,0.63,0,3,0
200645,Budapest,Partner,Mobile,40,9,5,17,0,1,1,20.86,4.5,0,4,0
200646,North,Organic,Web,41,18,9,46,0,0,1,53.81,39.81,0,4,0
200647,East,Referral,Mobile,38,36,8,43,1,1,0,52.09,0.0,0,4,1
200648,South,Referral,Mobile,25,21,11,21,0,0,2,48.68,43.06,0,3,0
200649,West,Partner,Web,32,13,2,0,0,0,0,70.75,5.28,0,4,0
200650,Budapest,Social,Store,44,19,4,11,1,1,3,93.24,262.0,0,4,0
200651,Budapest,Referral,Store,40,10,4,14,0,0,0,57.29,41.84,0,4,0
200652,Budapest,Organic,Mobile,23,11,10,43,1,0,0,94.03,33.09,0,4,0
200653,East,Social,Mobile,56,10,11,58,1,0,2,50.33,86.13,0,4,1
200654,South,Organic,Web,52,15,9,34,0,0,4,63.24,280.93,0,4,0
200655,East,Paid Search,Web,27,6,7,40,1,1,0,42.03,0.7,0,2,0
200656,West,Paid Search,Store,43,14,7,32,1,0,5,87.09,407.68,0,4,1
200657,East,Partner,Mobile,42,39,6,26,1,0,3,103.42,332.46,0,5,0
200658,East,Paid Search,Web,35,14,10,51,1,0,0,84.61,0.0,0,4,0
200659,North,Paid Search,Web,46,7,10,61,1,0,1,89.36,51.48,0,2,0
200660,South,Referral,Web,31,24,1,4,0,1,0,93.12,9.54,0,3,0
200661,West,Referral,Web,37,56,8,33,0,0,1,68.89,52.13,0,5,1
200662,North,Partner,Mobile,46,14,10,40,1,0,0,107.68,40.44,0,4,0
200663,Budapest,Social,Mobile,46,21,12,48,1,1,3,56.53,162.47,0,4,1
200664,Budapest,Paid Search,Web,70,13,12,39,0,0,3,86.86,182.86,0,5,1
200665,South,Organic,Web,43,5,8,20,1,0,0,72.52,24.07,0,4,0
200666,North,Paid Search,Web,48,7,10,50,0,0,0,112.49,0.0,0,3,0
200667,East,Organic,Web,59,5,7,39,0,0,2,115.28,186.57,0,3,0
200668,North,Paid Search,Web,46,14,7,28,0,1,1,85.95,79.53,0,4,0
200669,West,Organic,Web,50,29,9,37,1,1,0,61.44,0.0,0,2,0
200670,North,Referral,Store,42,22,7,34,1,0,2,75.67,126.09,0,3,0
200671,Budapest,Paid Search,Web,35,9,12,68,1,0,0,45.96,38.81,0,4,1
200672,South,Referral,Web,56,21,11,41,1,0,1,77.28,6.85,0,3,0
200673,Budapest,Referral,Web,52,43,4,17,0,0,1,121.42,109.39,0,4,0
200674,Budapest,Referral,Mobile,55,3,8,37,1,1,2,44.74,135.4,0,3,1
200675,West,Paid Search,Mobile,24,2,7,51,0,0,1,90.01,69.04,0,2,0
200676,South,Paid Search,Web,43,30,10,52,1,0,0,43.98,0.0,0,3,1
200677,South,Partner,Web,50,31,5,25,0,0,2,106.46,155.14,0,5,1
200678,South,Organic,Mobile,43,26,5,22,0,0,5,119.73,641.66,0,4,0
200679,Budapest,Social,Mobile,34,36,12,59,0,1,6,76.05,487.4,0,4,0
200680,Budapest,Paid Search,Mobile,22,20,13,38,0,1,4,65.26,268.86,0,4,0
200681,Budapest,Social,Mobile,51,27,10,34,0,0,0,87.56,0.0,0,5,1
200682,West,Paid Search,Mobile,51,22,11,38,1,1,2,65.7,154.32,0,5,0
200683,Budapest,Paid Search,Store,56,15,4,13,1,1,2,84.09,139.17,0,3,0
200684,North,Organic,Web,40,16,5,21,1,0,2,23.36,46.37,0,3,0
200685,North,Referral,Mobile,44,12,8,45,1,1,1,70.02,71.13,0,4,0
200686,South,Social,Web,30,18,6,26,0,1,3,67.39,272.9,0,4,0
200687,West,Social,Web,22,13,6,12,1,0,0,42.27,56.96,0,4,0
200688,West,Paid Search,Web,37,8,7,25,0,0,0,42.86,0.0,0,5,1
200689,West,Social,Store,24,45,3,2,1,0,2,72.15,143.07,0,4,0
200690,North,Partner,Web,39,16,9,46,0,0,4,56.63,220.74,0,5,0
200691,East,Organic,Web,49,24,8,26,0,0,1,58.89,8.02,0,4,0
200692,South,Organic,Web,45,11,4,13,0,0,0,65.55,24.35,0,3,1
200693,North,Social,Mobile,61,24,7,26,0,0,0,77.22,0.0,0,4,1
200694,Budapest,Organic,Mobile,44,13,10,37,0,0,2,129.02,274.42,0,3,1
200695,Budapest,Paid Search,Store,49,5,2,12,0,0,0,84.12,0.0,0,4,0
200696,South,Organic,Web,57,24,11,20,1,1,0,88.41,35.56,0,3,1
200697,Budapest,Referral,Mobile,36,8,9,38,1,1,4,53.7,192.07,0,3,0
200698,East,Social,Store,19,46,5,12,0,0,5,54.45,240.1,0,4,0
200699,East,Social,Mobile,43,6,5,24,0,1,0,78.64,12.92,0,4,1
200700,Budapest,Social,Store,49,45,5,22,0,1,1,79.67,30.5,0,4,1
200701,Budapest,Organic,Web,37,65,4,22,1,0,0,108.09,58.11,0,4,0
200702,Budapest,Organic,Mobile,52,18,12,54,0,0,3,79.04,258.08,0,5,1
200703,North,Referral,Mobile,45,24,12,40,0,0,0,98.18,64.77,0,3,0
200704,East,Organic,Web,49,51,12,57,1,0,3,90.03,285.23,1,5,1
200705,Budapest,Referral,Web,42,44,9,36,1,0,5,93.66,446.35,0,4,0
200706,North,Organic,Web,29,13,8,28,0,0,1,90.86,149.8,0,4,0
200707,East,Social,Mobile,47,18,14,56,0,0,4,89.31,331.75,0,3,1
200708,West,Paid Search,Web,55,6,6,31,1,0,1,68.09,64.75,0,3,0
200709,Budapest,Organic,Mobile,41,21,8,26,0,1,2,48.31,99.43,0,4,0
200710,West,Referral,Mobile,18,15,2,10,0,0,1,64.94,51.54,0,3,0
200711,Budapest,Organic,Mobile,49,10,10,31,0,0,0,65.01,0.0,0,5,0
200712,East,Referral,Web,43,16,6,23,0,0,3,99.7,351.76,0,4,0
200713,North,Paid Search,Web,51,1,7,26,0,1,1,80.41,37.86,0,4,0
200714,East,Paid Search,Web,32,35,7,28,0,1,2,77.99,154.22,0,4,1
200715,East,Referral,Mobile,45,50,9,36,1,1,3,104.94,319.53,0,4,0
200716,South,Partner,Store,70,18,8,31,1,0,1,97.29,47.71,0,3,1
200717,West,Organic,Store,43,6,5,10,0,1,2,87.2,233.31,0,4,1
200718,North,Social,Web,39,15,6,27,0,0,4,66.03,266.33,0,5,0
200719,Budapest,Social,Mobile,41,13,14,62,0,0,2,56.9,83.93,1,5,1
200720,Budapest,Referral,Web,47,12,4,12,0,1,0,66.63,4.01,0,4,0
200721,South,Organic,Store,25,26,4,11,0,0,1,61.43,137.1,0,4,0
200722,North,Organic,Store,33,21,5,16,0,0,2,82.1,183.23,0,5,0
200723,West,Social,Mobile,36,17,4,19,1,1,0,106.3,13.98,0,4,1
200724,East,Partner,Mobile,59,16,13,57,0,0,6,104.05,655.81,0,5,1
200725,Budapest,Organic,Web,56,22,8,32,1,0,1,44.35,40.6,0,4,1
200726,East,Referral,Web,39,2,5,23,0,0,0,50.55,0.0,0,4,1
200727,West,Organic,Mobile,38,2,11,54,0,0,1,59.35,86.16,0,3,1
200728,West,Organic,Mobile,26,6,6,30,0,0,1,61.1,54.2,0,4,0
200729,East,Referral,Store,23,20,9,43,0,0,1,68.16,99.42,0,4,1
200730,Budapest,Partner,Store,29,8,1,5,1,1,1,65.46,27.93,0,3,1
200731,West,Referral,Mobile,32,3,7,33,0,0,1,94.91,88.88,0,4,1
200732,East,Paid Search,Mobile,58,7,10,50,0,1,1,88.3,129.27,0,4,1
200733,South,Paid Search,Web,43,66,6,23,1,1,2,53.04,43.97,1,5,0
200734,West,Organic,Mobile,44,22,5,17,0,0,2,59.75,138.38,0,4,1
200735,North,Social,Web,52,7,6,22,0,0,2,51.51,121.89,0,4,1
200736,Budapest,Organic,Store,29,26,8,22,0,1,2,70.78,131.99,0,4,0
200737,East,Social,Store,51,56,6,18,1,1,1,93.07,55.19,1,3,1
200738,Budapest,Paid Search,Web,46,10,7,21,0,0,0,105.13,0.0,0,3,0
200739,Budapest,Organic,Store,35,17,3,3,1,0,3,81.9,245.84,0,3,1
200740,South,Organic,Web,37,36,4,12,0,0,1,56.01,54.82,0,4,0
200741,South,Referral,Web,59,23,9,49,0,0,4,94.33,341.93,0,4,1
200742,Budapest,Social,Web,41,31,10,23,0,1,0,61.45,0.0,0,4,0
200743,Budapest,Organic,Mobile,31,6,15,86,1,1,3,63.16,115.01,1,5,0
200744,West,Paid Search,Mobile,51,21,7,18,0,1,3,63.61,162.38,1,3,0
200745,North,Paid Search,Web,46,64,8,42,0,0,0,76.41,5.75,0,4,0
200746,West,Referral,Mobile,25,47,9,39,0,0,2,37.97,21.89,0,4,1
200747,North,Organic,Web,44,18,5,11,0,0,0,80.08,3.69,0,3,0
200748,Budapest,Social,Web,37,49,11,53,0,0,3,53.78,170.28,0,4,1
200749,East,Social,Store,24,34,3,15,0,1,1,93.27,125.09,1,4,0
200750,Budapest,Referral,Mobile,58,10,5,18,0,1,3,75.17,251.37,0,3,0
200751,East,Organic,Mobile,22,26,9,42,0,0,2,81.12,173.56,0,4,1
200752,East,Paid Search,Store,60,30,8,29,0,1,1,94.05,109.85,0,4,1
200753,Budapest,Partner,Mobile,48,17,6,26,0,1,2,81.43,94.27,0,3,1
200754,South,Paid Search,Web,43,21,7,27,0,1,4,76.17,287.07,1,4,0
200755,South,Organic,Mobile,35,16,8,32,0,1,1,77.24,36.02,0,3,0
200756,Budapest,Paid Search,Web,51,10,5,24,1,1,1,46.52,27.67,0,3,1
200757,West,Referral,Web,38,26,4,21,1,0,3,70.96,183.83,0,4,0
200758,Budapest,Organic,Web,22,6,4,26,0,1,1,58.54,76.38,0,3,0
200759,North,Organic,Store,57,16,5,24,1,0,1,106.66,99.71,0,3,0
200760,East,Social,Store,56,3,6,37,0,0,4,86.95,301.99,0,4,0
200761,Budapest,Partner,Web,20,25,9,45,0,1,2,38.35,89.76,1,3,0
200762,North,Organic,Mobile,32,7,9,36,0,0,0,70.19,16.03,0,4,0
200763,West,Paid Search,Mobile,23,9,5,25,0,1,1,73.14,137.72,0,4,0
200764,West,Referral,Web,34,28,5,26,0,0,1,87.21,140.32,0,3,0
200765,Budapest,Paid Search,Mobile,30,5,8,43,1,0,2,54.32,100.82,1,4,1
200766,East,Referral,Web,41,6,4,15,1,0,0,77.06,0.0,0,4,0
200767,East,Social,Store,29,58,4,25,0,0,3,74.8,255.04,0,5,1
200768,South,Social,Store,42,22,3,13,0,0,0,69.29,25.17,0,4,0
200769,South,Organic,Web,47,14,10,37,0,1,2,61.99,117.9,0,3,1
200770,Budapest,Paid Search,Web,43,5,9,17,0,0,0,64.05,0.0,0,4,1
200771,South,Organic,Web,39,20,7,31,0,1,1,72.24,73.07,0,3,0
200772,Budapest,Referral,Web,39,12,8,26,0,1,3,71.51,132.32,0,4,0
200773,Budapest,Paid Search,Mobile,44,21,11,58,1,1,2,118.03,127.66,0,4,1
200774,West,Referral,Store,30,24,5,8,0,1,2,50.03,92.32,0,4,0
200775,East,Paid Search,Web,27,4,8,26,1,1,3,45.25,87.69,0,3,0
200776,East,Paid Search,Web,30,26,8,28,0,0,3,64.09,136.61,0,4,0
200777,North,Social,Store,31,8,7,28,0,0,0,32.45,2.18,0,4,1
200778,East,Social,Web,48,24,9,33,0,0,5,55.66,293.99,0,4,1
200779,Budapest,Organic,Web,54,7,5,16,0,0,0,91.72,48.43,0,4,0
200780,Budapest,Social,Web,30,7,3,12,0,0,0,49.17,0.0,0,2,0
200781,South,Organic,Web,43,31,11,33,0,1,3,91.09,285.09,0,3,1
200782,South,Referral,Mobile,47,26,13,39,1,0,1,105.02,85.38,1,3,1
200783,Budapest,Partner,Store,44,22,11,20,1,0,3,93.03,313.19,0,5,1
200784,Budapest,Paid Search,Mobile,49,1,14,38,0,0,2,46.17,81.71,0,2,0
200785,South,Organic,Web,25,29,6,29,0,1,3,62.97,153.82,0,4,0
200786,South,Paid Search,Mobile,62,33,12,55,0,1,7,70.96,426.54,1,3,1
200787,East,Organic,Web,28,17,5,20,1,0,2,76.99,159.06,0,5,1
200788,East,Organic,Web,31,18,3,8,0,0,0,83.22,39.6,0,2,1
200789,North,Referral,Mobile,22,13,4,13,0,1,1,42.94,55.68,1,3,0
200790,Budapest,Partner,Web,24,35,6,22,0,0,3,56.84,202.24,0,4,0
200791,West,Referral,Store,33,16,3,9,0,0,2,68.48,123.83,0,4,0
200792,Budapest,Social,Mobile,25,8,11,62,1,0,2,78.93,178.91,0,3,0
200793,Budapest,Paid Search,Web,39,22,5,23,1,0,2,56.18,101.97,0,3,1
200794,West,Organic,Mobile,33,38,14,59,0,1,2,52.88,87.82,0,4,0
200795,Budapest,Organic,Store,35,21,10,41,1,0,0,115.65,0.0,0,4,0
200796,Budapest,Referral,Store,34,21,8,53,1,0,4,74.47,323.86,0,4,1
200797,Budapest,Social,Mobile,49,11,11,42,0,1,1,60.29,82.19,0,3,0
200798,West,Paid Search,Mobile,26,21,8,53,1,1,5,77.18,397.8,1,4,1
200799,East,Paid Search,Web,22,7,6,19,1,0,1,76.47,58.23,0,5,1
200800,Budapest,Social,Store,36,19,10,37,0,0,1,102.25,119.03,0,4,0
200801,West,Partner,Mobile,46,57,3,10,0,1,3,95.5,261.99,0,5,1
200802,West,Paid Search,Mobile,46,11,8,29,0,1,2,77.53,166.14,0,4,0
200803,North,Paid Search,Mobile,53,25,6,25,0,1,4,78.06,337.5,0,4,1
200804,West,Partner,Mobile,41,16,8,31,0,1,1,47.79,0.0,0,3,0
200805,South,Organic,Web,33,9,8,28,0,0,3,52.27,148.09,0,4,1
200806,North,Social,Web,18,31,5,14,1,0,0,99.13,52.29,0,3,0
200807,South,Referral,Store,33,14,8,25,0,0,0,66.35,0.0,0,3,0
200808,North,Organic,Mobile,43,14,14,48,1,1,2,71.31,152.07,1,3,0
200809,Budapest,Paid Search,Store,51,14,9,46,0,0,2,81.86,246.36,0,4,1
200810,North,Social,Store,36,36,5,33,0,0,4,82.09,376.97,0,4,0
200811,Budapest,Partner,Web,34,4,11,60,1,1,1,73.69,66.37,0,3,0
200812,Budapest,Paid Search,Web,46,33,6,26,0,0,0,101.45,43.09,0,5,0
200813,West,Paid Search,Mobile,54,29,10,49,1,0,0,105.45,0.0,0,5,0
200814,Budapest,Organic,Store,55,23,5,25,0,0,2,62.35,107.63,0,3,1
200815,Budapest,Paid Search,Web,70,13,4,16,0,0,1,36.17,32.22,0,3,0
200816,East,Organic,Mobile,57,21,11,45,0,0,0,83.22,10.47,0,2,1
200817,North,Social,Mobile,37,28,10,24,0,0,3,60.22,171.03,0,4,1
200818,West,Paid Search,Mobile,29,26,11,44,0,0,2,88.93,156.42,0,3,0
200819,Budapest,Referral,Store,40,16,6,25,1,0,0,53.2,11.89,0,4,0
200820,East,Organic,Mobile,36,16,9,32,0,0,3,62.69,245.9,0,4,0
200821,East,Referral,Web,30,46,5,30,0,0,2,115.49,235.21,0,4,1
200822,East,Paid Search,Mobile,38,11,6,22,0,0,2,76.35,225.25,0,3,0
200823,Budapest,Referral,Web,50,12,3,11,1,1,0,74.01,72.83,0,4,1
200824,Budapest,Paid Search,Web,25,16,11,46,0,0,4,93.79,366.67,0,3,1
200825,North,Referral,Mobile,25,30,10,45,0,0,3,102.8,325.81,0,3,1
200826,South,Paid Search,Web,36,23,7,30,0,1,3,79.93,208.98,1,5,0
200827,Budapest,Paid Search,Mobile,20,13,10,40,0,1,0,53.39,0.96,0,3,1
200828,East,Organic,Web,29,8,13,40,1,0,0,85.31,0.0,0,3,0
200829,Budapest,Referral,Web,52,29,3,11,0,1,2,76.87,117.29,0,4,0
200830,South,Social,Web,58,23,5,12,1,0,1,86.62,138.44,0,3,0
200831,Budapest,Referral,Store,34,23,3,17,0,1,1,62.59,0.0,0,3,1
200832,Budapest,Organic,Mobile,47,41,7,37,0,1,2,87.16,172.34,1,4,0
200833,Budapest,Paid Search,Web,52,26,6,25,1,1,1,68.17,61.81,0,3,0
200834,East,Social,Store,45,8,8,38,0,0,2,71.14,74.17,0,3,1
200835,Budapest,Paid Search,Store,45,12,7,36,1,0,0,49.3,0.0,0,4,1
200836,Budapest,Organic,Web,32,10,5,21,0,0,1,46.09,51.53,0,3,0
200837,East,Organic,Web,42,9,6,34,0,0,0,56.36,0.0,0,4,0
200838,East,Paid Search,Web,54,5,10,57,1,0,1,58.9,17.63,0,5,1
200839,North,Paid Search,Web,49,18,8,27,0,0,1,84.28,13.78,0,3,1
200840,East,Referral,Mobile,46,18,7,21,0,1,2,71.04,198.03,0,4,0
200841,West,Social,Mobile,30,23,9,35,0,0,0,72.96,16.01,0,3,0
200842,West,Paid Search,Web,30,50,10,37,0,0,2,89.94,157.21,0,4,0
200843,West,Paid Search,Mobile,51,18,8,23,0,0,2,58.94,146.01,0,3,0
200844,East,Referral,Web,30,37,8,32,1,0,1,95.78,175.53,0,4,0
200845,Budapest,Paid Search,Store,36,6,5,26,0,0,2,83.69,175.11,0,4,0
200846,East,Paid Search,Web,55,15,7,22,0,1,0,55.4,0.0,0,4,0
200847,North,Paid Search,Mobile,43,22,16,68,1,0,3,91.97,293.04,0,4,1
200848,Budapest,Organic,Web,47,22,10,58,0,0,4,87.05,294.67,0,4,0
200849,South,Social,Web,44,17,7,34,0,0,0,67.55,16.45,0,3,0
200850,Budapest,Social,Store,32,4,8,38,1,1,0,59.45,0.0,0,4,0
200851,West,Organic,Store,35,17,7,19,0,0,1,87.71,96.46,0,3,0
200852,Budapest,Social,Store,61,43,6,28,0,1,3,118.46,361.91,0,4,0
200853,South,Organic,Mobile,33,5,11,48,0,1,2,91.98,146.71,0,3,1
200854,South,Social,Mobile,39,10,7,24,0,0,2,46.88,118.98,0,4,0
200855,West,Social,Web,41,6,7,33,1,1,0,53.46,0.0,0,3,0
200856,Budapest,Organic,Store,40,24,3,12,0,0,3,81.08,263.52,0,4,0
200857,West,Organic,Mobile,36,15,5,18,0,0,2,84.88,192.89,0,4,0
200858,Budapest,Partner,Store,47,14,3,6,0,0,1,46.69,82.73,0,3,0
200859,North,Organic,Mobile,50,22,6,15,0,0,1,54.39,64.45,0,4,0
200860,East,Referral,Web,47,18,3,16,0,0,3,61.14,216.61,0,3,0
200861,Budapest,Referral,Web,77,9,6,16,0,0,1,102.84,115.96,0,3,1
200862,East,Referral,Mobile,48,30,10,42,0,0,2,77.75161724411785,282.3,0,5,0
200863,South,Paid Search,Web,49,12,11,49,1,0,2,59.04,151.9,0,3,1
200864,East,Paid Search,Mobile,45,3,4,13,0,1,1,39.1,6.65,0,3,0
200865,Budapest,Paid Search,Mobile,46,5,7,37,0,0,1,74.15,2.84,0,3,0
200866,Budapest,Social,Mobile,44,8,10,42,0,1,2,23.78,77.76,0,3,0
200867,East,Partner,Web,48,46,10,35,0,0,3,67.56,220.96,0,5,0
200868,East,Social,Mobile,30,19,9,48,0,1,0,44.86,0.0,0,4,1
200869,East,Referral,Mobile,43,25,10,46,0,0,1,88.8,84.8,0,3,0
200870,West,Paid Search,Web,69,10,12,11,0,1,3,108.57,307.31,1,3,1
200871,East,Paid Search,Mobile,37,3,9,29,1,1,0,36.15,10.46,0,5,0
200872,Budapest,Organic,Web,47,22,7,38,0,0,1,95.57,98.71,0,4,0
200873,East,Referral,Web,42,5,10,43,0,0,2,74.96,136.0,0,4,0
200874,East,Social,Web,61,15,4,20,1,0,1,106.64,103.19,0,3,0
200875,Budapest,Paid Search,Mobile,56,12,9,30,0,1,0,45.43,0.0,0,3,0
200876,South,Organic,Mobile,50,16,12,73,0,0,2,99.47,226.43,0,4,0
200877,North,Partner,Web,48,15,2,4,1,0,2,91.21,123.53,1,3,0
200878,South,Organic,Mobile,40,49,11,14,1,1,1,89.45,125.38,0,4,1
200879,South,Referral,Web,46,47,7,41,1,1,2,84.4,134.89,0,3,1
200880,South,Social,Mobile,48,30,3,6,0,0,0,91.17,7.96,0,4,0
200881,East,Organic,Store,32,11,8,26,1,1,1,54.37,78.42,0,5,1
200882,South,Organic,Web,45,17,10,29,0,1,4,90.54,332.41,1,4,0
200883,East,Paid Search,Mobile,59,21,12,59,0,1,3,88.18,279.92,0,4,1
200884,South,Partner,Mobile,29,15,11,48,0,1,4,51.09,260.89,2,4,0
200885,Budapest,Referral,Store,18,9,5,22,0,1,1,55.43,155.07,0,3,0
200886,West,Social,Web,51,6,5,21,0,0,1,69.54,47.06,0,3,0
200887,Budapest,Paid Search,Store,47,18,3,19,0,0,3,49.46,136.93,0,4,1
200888,East,Referral,Web,43,9,12,29,0,0,0,27.45,0.0,0,3,0
200889,Budapest,Partner,Web,57,24,5,22,1,1,1,62.81,115.47,0,4,0
200890,West,Paid Search,Store,36,15,8,28,1,1,0,87.29,4.15,0,3,0
200891,Budapest,Organic,Store,55,8,2,11,0,0,0,38.18,0.0,0,3,0
200892,South,Partner,Web,42,11,15,37,1,1,0,89.41,23.11,0,3,0
200893,North,Organic,Web,37,3,11,48,0,0,0,100.61,0.0,0,4,0
200894,Budapest,Organic,Web,56,22,10,33,0,0,1,80.6,37.33,0,5,0
200895,South,Organic,Mobile,32,57,6,22,0,0,3,99.31,318.32,0,4,1
200896,South,Paid Search,Web,38,55,4,7,1,1,2,71.68,199.23,0,4,1
200897,North,Referral,Web,42,16,7,32,0,0,2,109.88,215.39,0,4,0
200898,West,Referral,Store,37,27,6,31,0,0,1,91.27,151.94,0,4,0
200899,South,Referral,Store,57,7,6,18,0,1,3,81.96,301.27,0,4,0
200900,Budapest,Paid Search,Web,21,28,12,43,0,1,2,53.11,159.55,0,4,1
200901,North,Organic,Web,29,50,8,39,0,1,3,40.52,112.59,0,4,0
200902,East,Referral,Web,26,30,3,13,1,1,3,70.26,224.67,1,4,0
200903,South,Referral,Web,18,5,5,21,0,0,0,54.98,31.29,0,3,0
200904,South,Organic,Web,47,38,10,36,1,0,1,94.6,137.81,0,3,1
200905,Budapest,Organic,Mobile,58,16,8,26,1,0,0,127.73,0.0,0,3,1
200906,West,Referral,Web,59,38,6,21,0,0,2,112.3,202.08,0,3,0
200907,West,Social,Web,42,14,6,5,0,0,1,68.46,97.92,0,3,1
200908,East,Paid Search,Store,43,15,5,26,1,0,3,105.85,275.09,0,3,1
200909,North,Paid Search,Mobile,40,15,10,36,0,0,1,85.1,27.69,0,3,0
200910,East,Organic,Mobile,40,16,18,39,1,0,3,81.72,314.02,0,3,1
200911,West,Organic,Mobile,53,7,7,28,0,0,0,69.01,0.0,0,4,1
200912,West,Social,Store,43,18,4,24,0,1,1,101.37,98.5,0,2,1
200913,North,Organic,Mobile,51,18,8,24,1,0,3,122.05,409.06,0,4,0
200914,East,Partner,Web,39,17,11,20,0,0,1,109.17,119.04,0,4,0
200915,East,Paid Search,Web,30,9,6,33,0,0,0,71.59,5.87,0,2,0
200916,North,Social,Web,41,29,8,35,0,0,2,98.3,202.89,0,4,0
200917,South,Referral,Web,50,31,3,17,0,0,4,106.88,395.04,0,4,1
200918,West,Paid Search,Mobile,32,4,8,28,0,1,2,77.26,186.67,0,3,0
200919,Budapest,Referral,Web,45,13,7,35,0,0,1,76.92,135.61,0,4,1
200920,East,Organic,Web,18,46,3,12,0,0,1,70.68,100.42,1,4,0
200921,South,Social,Store,58,9,10,42,1,1,2,58.74,88.97,0,4,0
200922,East,Paid Search,Web,34,15,5,22,0,0,1,83.5,142.56,0,4,1
200923,Budapest,Referral,Store,48,53,8,43,1,0,0,123.38,0.0,0,4,0
200924,South,Referral,Store,32,25,4,8,0,0,1,89.96,146.26,0,4,0
200925,Budapest,Paid Search,Mobile,57,14,12,53,0,1,2,72.8,168.74,0,3,0
200926,Budapest,Referral,Mobile,47,20,7,30,0,0,2,97.35,211.8,1,3,0
200927,South,Referral,Mobile,52,55,6,31,1,1,3,95.99,267.06,1,5,1
200928,South,Social,Mobile,47,15,12,38,0,0,3,107.47,316.79,1,4,1
200929,Budapest,Social,Web,43,3,7,13,0,0,1,68.08,63.54,0,4,0
200930,Budapest,Referral,Mobile,53,24,3,14,1,1,1,45.22,32.32,0,4,0
200931,Budapest,Paid Search,Web,48,10,3,12,0,0,0,84.86,53.62,0,4,0
200932,East,Paid Search,Store,43,41,7,23,0,1,2,27.26,98.31,0,4,0
200933,South,Referral,Web,44,2,4,17,0,1,0,59.97,15.75,0,2,1
200934,East,Referral,Mobile,25,19,9,48,0,0,2,54.7,63.78,0,5,1
200935,East,Paid Search,Web,29,26,4,15,1,0,3,76.05,225.77,0,3,1
200936,Budapest,Referral,Store,42,17,5,24,1,1,0,75.11,0.0,0,4,0
200937,East,Partner,Mobile,35,25,5,25,1,0,0,51.13,25.44,0,2,0
200938,Budapest,Paid Search,Mobile,31,25,8,46,1,0,1,79.63,129.77,0,3,0
200939,East,Paid Search,Mobile,21,34,11,49,0,1,2,56.16,97.91,0,4,0
200940,East,Referral,Store,40,26,2,12,0,1,2,53.86,128.08,0,4,0
200941,Budapest,Organic,Mobile,44,13,16,35,0,0,1,84.09,49.84,0,4,1
200942,South,Paid Search,Web,44,2,8,30,1,1,1,53.94,55.48,0,3,0
200943,Budapest,Organic,Mobile,47,19,10,54,1,0,3,96.21,320.53,0,5,1
200944,East,Organic,Mobile,29,20,8,24,1,0,1,56.48,55.95,0,3,0
200945,North,Paid Search,Web,26,20,4,20,0,0,2,63.78,152.74,1,2,0
200946,Budapest,Paid Search,Web,49,10,10,36,0,0,0,61.21,14.36,0,3,1
200947,Budapest,Social,Web,33,27,9,42,1,0,2,52.58,88.25,0,4,1
200948,South,Organic,Store,50,28,4,19,0,0,6,85.6,533.03,2,3,1
200949,Budapest,Organic,Mobile,55,13,8,28,0,0,2,89.58,182.32,0,4,0
200950,Budapest,Paid Search,Store,42,20,4,25,0,0,0,90.8,0.0,0,3,0
200951,East,Organic,Mobile,59,22,16,46,1,0,1,62.33,50.29,0,4,0
200952,East,Partner,Store,44,21,6,17,0,0,5,81.89,378.65,0,4,1
200953,South,Paid Search,Mobile,37,8,8,50,0,1,2,64.21,110.1,0,3,0
200954,North,Social,Web,61,13,12,55,0,1,1,70.03,37.82,0,3,0
200955,East,Paid Search,Store,55,6,5,16,1,0,1,110.73,176.74,0,3,0
200956,West,Referral,Web,53,9,1,5,0,0,2,83.24,118.95,0,4,0
200957,Budapest,Organic,Web,45,8,4,9,0,0,0,59.42,0.0,0,3,1
200958,East,Organic,Mobile,43,14,9,24,0,0,2,47.53,124.11,0,4,1
200959,South,Social,Mobile,59,12,14,58,0,0,3,65.77,225.57,0,4,1
200960,West,Referral,Mobile,50,7,6,24,0,0,1,92.4,74.69,0,2,0
200961,East,Organic,Web,42,22,4,16,0,0,2,33.86,110.04,0,3,0
200962,East,Referral,Web,31,36,4,18,1,0,1,75.72,98.13,0,4,0
200963,Budapest,Paid Search,Web,50,30,2,8,1,0,0,91.26,9.21,0,3,0
200964,South,Organic,Store,42,17,4,13,0,0,1,68.46,106.07,1,4,0
200965,Budapest,Referral,Store,37,13,6,20,0,0,2,65.83,127.07,1,4,1
200966,Budapest,Referral,Web,42,22,7,36,0,1,1,57.94,0.0,0,3,0
200967,South,Referral,Web,51,25,2,5,0,0,4,99.86,420.32,0,4,0
200968,Budapest,Referral,Web,46,27,7,34,1,0,3,78.97,209.06,0,3,0
200969,West,Referral,Store,63,34,4,16,0,0,0,95.73,26.13,0,3,0
200970,West,Paid Search,Web,47,27,13,23,0,0,6,79.3,453.47,0,5,0
200971,Budapest,Referral,Web,47,27,6,23,0,0,2,81.09,206.46,0,4,0
200972,Budapest,Partner,Web,36,41,5,17,0,0,0,97.8,0.0,0,4,0
200973,Budapest,Organic,Web,39,11,7,37,0,0,0,57.51,92.53,0,3,0
200974,Budapest,Social,Web,57,19,5,15,1,1,2,73.45,142.69,0,4,0
200975,Budapest,Organic,Mobile,36,16,14,53,0,0,3,62.61,155.51,0,4,0
200976,South,Paid Search,Web,39,18,9,31,0,0,3,79.35,281.29,0,4,1
200977,Budapest,Paid Search,Store,49,47,5,23,0,1,5,93.06,492.45,1,4,1
200978,Budapest,Referral,Web,46,8,7,31,0,0,0,72.07,0.0,0,5,0
200979,Budapest,Paid Search,Web,34,9,5,3,1,0,3,25.72,40.78,0,3,0
200980,Budapest,Paid Search,Web,38,43,6,24,0,0,0,102.29,0.0,0,4,1
200981,South,Referral,Web,56,20,4,12,0,0,2,89.67,149.91,0,4,0
200982,North,Social,Web,46,27,7,29,0,0,4,38.4,129.26,1,2,1
200983,North,Paid Search,Mobile,51,16,9,32,1,0,0,54.74,19.86,0,4,0
200984,South,Referral,Mobile,35,11,5,19,1,1,1,56.9,37.72,1,4,0
200985,South,Organic,Web,38,16,5,11,1,1,1,46.43,13.64,0,4,1
200986,Budapest,Referral,Web,38,22,7,30,0,1,2,101.89,232.86,0,5,0
200987,West,Referral,Mobile,42,42,3,18,0,1,3,114.61,381.66,0,5,1
200988,East,Paid Search,Web,51,24,10,54,1,0,4,77.64,313.0,1,3,1
200989,North,Partner,Store,51,3,3,9,1,0,1,84.67,87.03,0,3,0
200990,Budapest,Referral,Web,26,14,6,29,0,0,2,74.38,108.79,0,4,0
200991,South,Referral,Store,26,28,7,23,1,0,1,60.32,77.16,0,5,0
200992,East,Organic,Web,40,9,9,37,1,0,3,97.83,325.51,0,4,0
200993,South,Organic,Store,43,14,8,46,1,0,2,68.94,105.14,0,4,0
200994,Budapest,Social,Mobile,53,27,9,25,1,0,2,66.86,135.75,0,5,1
200995,Budapest,Referral,Web,24,9,8,34,1,0,1,65.99,74.42,0,3,1
200996,East,Referral,Mobile,42,18,10,47,1,1,1,77.96,48.46,0,3,0
200997,Budapest,Paid Search,Mobile,64,32,8,40,0,1,4,103.2,346.96,0,4,1
200998,East,Referral,Web,39,30,3,16,1,0,1,64.27,97.69,1,5,1
200999,West,Social,Store,46,13,5,12,0,1,0,58.64,0.0,0,4,0
201000,East,Referral,Web,42,6,10,49,0,0,1,65.0,120.53,0,4,0
201001,West,Paid Search,Mobile,23,13,9,44,0,0,2,66.04,188.22,0,4,1
201002,Budapest,Paid Search,Mobile,40,16,6,18,1,0,0,72.01,59.48,0,5,0
201003,East,Organic,Web,28,26,7,38,1,0,1,78.44,75.62,0,3,0
201004,Budapest,Social,Web,32,13,7,36,0,1,2,37.25,91.27,0,3,1
201005,North,Social,Web,39,12,4,20,0,0,0,89.76,0.0,0,3,0
201006,East,Partner,Web,30,5,7,34,1,0,1,43.21,63.29,0,3,1
201007,North,Referral,Web,47,5,9,35,1,0,2,87.34,177.58,1,3,0
201008,South,Paid Search,Mobile,60,12,7,29,0,0,1,86.45,128.91,0,3,0
201009,South,Referral,Web,46,14,6,20,1,0,1,93.93,80.71,0,3,1
201010,Budapest,Referral,Web,29,28,7,36,0,0,1,33.2,21.25,0,4,0
201011,Budapest,Social,Web,41,24,6,16,1,0,3,74.93,198.44,0,4,0
201012,East,Referral,Web,37,24,7,27,1,0,0,92.76,0.77,0,3,0
201013,Budapest,Paid Search,Web,39,39,5,28,1,0,0,101.79,0.0,0,5,1
201014,South,Social,Mobile,32,20,6,30,0,0,2,75.67,125.02,0,5,1
201015,East,Organic,Web,49,15,5,14,0,0,3,98.75,224.94,0,4,0
201016,East,Paid Search,Store,56,19,9,33,0,0,0,92.5,48.22,0,3,0
201017,Budapest,Organic,Mobile,38,35,11,44,1,0,2,84.32,179.58,0,4,1
201018,East,Organic,Mobile,41,23,7,26,0,0,3,77.91,261.26,0,5,1
201019,Budapest,Paid Search,Mobile,43,27,8,33,0,0,1,86.82,92.17,0,4,0
201020,Budapest,Referral,Mobile,40,24,11,41,1,0,3,68.84,216.88,0,3,0
201021,Budapest,Referral,Mobile,36,45,11,48,1,0,2,100.36,124.56,0,3,1
201022,South,Social,Store,50,23,7,31,1,0,1,77.0,133.16,0,4,1
201023,East,Paid Search,Web,31,32,12,56,1,0,5,68.84,332.1,0,4,0
201024,East,Social,Store,37,11,4,27,1,1,1,62.93,37.13,0,3,1
201025,Budapest,Social,Web,58,16,5,10,0,0,0,57.84,0.0,0,3,0
201026,North,Social,Store,55,4,6,24,1,0,4,81.87,386.75,0,3,0
201027,Budapest,Referral,Store,38,29,8,48,0,1,1,55.25,77.78,0,4,1
201028,Budapest,Referral,Web,58,1,8,39,0,0,0,103.91,0.0,0,3,0
201029,Budapest,Partner,Web,47,66,8,37,0,0,3,148.23,391.13,0,4,0
201030,South,Organic,Mobile,37,34,8,34,0,0,0,99.54,43.84,0,3,1
201031,West,Paid Search,Store,44,25,4,19,1,1,1,67.85,120.86,0,4,0
201032,North,Organic,Mobile,48,19,12,49,1,1,1,93.91,105.6,0,3,1
201033,North,Paid Search,Mobile,23,7,7,22,0,0,2,73.14,151.84,0,4,0
201034,Budapest,Referral,Mobile,34,25,7,29,0,0,1,92.44,42.98,0,5,1
201035,West,Organic,Web,62,18,12,58,1,0,3,104.99,277.94,0,4,0
201036,Budapest,Paid Search,Store,37,34,8,26,0,0,0,66.41,0.0,0,5,0
201037,Budapest,Organic,Web,37,13,5,15,1,0,0,77.72,0.0,0,3,0
201038,West,Referral,Mobile,50,9,11,26,0,0,1,85.7,85.75,0,4,1
201039,North,Organic,Web,26,16,7,30,1,0,1,65.35,97.67,0,3,0
201040,North,Partner,Mobile,48,27,16,73,0,0,3,71.44,188.55,0,5,1
201041,Budapest,Social,Store,47,38,6,28,0,1,6,59.61,446.02,1,4,0
201042,West,Paid Search,Web,39,48,11,38,0,1,3,81.52,299.16,1,4,1
201043,Budapest,Paid Search,Web,41,3,8,22,0,1,2,63.71,112.23,0,5,0
201044,Budapest,Partner,Mobile,55,62,10,37,1,0,4,101.66,430.35,0,4,1
201045,East,Partner,Web,54,27,7,24,0,0,2,115.7,236.48,0,4,1
201046,North,Partner,Mobile,46,54,13,31,1,0,4,110.43,467.59,0,3,1
201047,Budapest,Organic,Web,21,13,11,49,1,0,1,58.52,71.26,0,4,0
201048,North,Paid Search,Store,55,23,5,14,1,0,1,60.8,18.66,0,4,0
201049,North,Social,Mobile,42,7,8,20,1,0,6,63.02,354.08,0,5,1
201050,East,Referral,Store,49,44,3,17,0,1,2,94.06,236.89,0,3,0
201051,North,Paid Search,Mobile,40,36,8,25,0,0,6,91.77,572.41,0,3,0
201052,Budapest,Social,Store,26,4,5,27,0,0,4,60.31,255.95,0,4,1
201053,Budapest,Paid Search,Mobile,51,11,11,37,1,0,1,73.28,88.66,0,4,0
201054,West,Paid Search,Web,37,21,5,18,0,0,2,56.73,143.8,0,4,1
201055,Budapest,Social,Web,24,15,5,21,0,1,1,87.47,66.49,0,4,1
201056,West,Referral,Mobile,49,31,8,42,1,1,2,80.6,196.97,0,4,0
201057,South,Organic,Mobile,40,32,9,37,1,0,4,74.18,236.31,0,4,1
201058,Budapest,Paid Search,Mobile,51,3,9,38,1,0,1,70.9,68.55,0,4,1
201059,Budapest,Referral,Mobile,43,71,6,32,0,0,2,139.46,339.66,0,4,1
201060,North,Paid Search,Mobile,18,19,8,31,0,1,1,43.11,11.41,0,4,1
201061,West,Referral,Web,42,33,7,39,1,0,1,79.18,105.54,0,5,0
201062,North,Social,Mobile,42,17,12,24,1,0,4,62.41,249.98,0,4,0
201063,South,Organic,Web,18,39,9,35,1,1,0,53.29,59.47,0,3,0
201064,North,Referral,Store,43,35,6,22,1,0,5,63.92,302.34,0,4,1
201065,North,Partner,Mobile,61,30,12,55,0,1,5,100.76,455.48,0,4,1
201066,North,Paid Search,Mobile,43,65,6,11,0,1,0,72.79,6.73,0,5,0
201067,South,Paid Search,Mobile,62,42,5,25,0,1,2,97.44,178.81,0,4,0
201068,Budapest,Social,Web,23,36,8,32,0,0,4,76.91,272.18,0,4,1
201069,South,Organic,Mobile,32,12,8,39,0,0,1,76.08,94.25,0,3,1
201070,West,Organic,Web,32,16,7,27,0,0,0,53.38,0.0,0,4,1
201071,Budapest,Paid Search,Store,50,23,4,10,0,0,1,82.28,137.57,1,3,0
201072,West,Referral,Web,29,27,6,22,0,0,2,95.18,142.51,0,4,1
201073,West,Social,Web,49,23,5,17,0,0,0,72.54,0.0,0,2,1
201074,North,Social,Web,18,25,8,34,0,1,4,67.89,289.19,0,2,0
201075,West,Social,Web,42,13,11,53,1,1,0,62.77,69.59,0,4,1
201076,North,Organic,Web,47,33,3,7,1,1,2,106.34,251.45,0,4,0
201077,Budapest,Paid Search,Web,30,56,8,29,1,1,3,42.07,158.81,0,5,0
201078,South,Organic,Mobile,42,28,12,52,0,0,1,60.25,28.54,0,4,0
201079,Budapest,Paid Search,Web,37,4,11,47,0,0,1,81.48,96.67,1,4,1
201080,West,Organic,Store,49,35,7,31,0,0,3,103.98,315.28,1,5,0
201081,Budapest,Referral,Web,48,15,2,13,1,0,0,58.07,10.75,0,3,0
201082,Budapest,Paid Search,Web,59,18,8,35,1,1,1,89.97,163.77,0,3,0
201083,East,Paid Search,Mobile,39,31,8,36,0,1,3,97.65,317.0,0,4,0
201084,Budapest,Organic,Web,50,15,6,29,0,0,1,89.02,59.42,1,4,0
201085,South,Referral,Web,36,21,5,24,1,1,2,86.81,168.01,0,4,0
201086,East,Paid Search,Store,39,32,10,24,0,0,1,71.21,62.21,0,3,1
201087,South,Organic,Web,29,6,5,21,1,1,2,66.22,133.49,0,4,0
201088,Budapest,Referral,Mobile,21,25,11,39,1,0,3,87.54,303.43,0,4,1
201089,South,Social,Web,31,18,6,37,0,0,1,67.64,50.55,0,3,0
201090,East,Paid Search,Web,43,27,9,41,1,0,1,64.18,78.14,0,5,0
201091,North,Partner,Store,63,24,8,40,0,0,2,75.98,216.05,0,4,0
201092,West,Organic,Mobile,60,20,4,12,0,1,3,94.02,316.13,0,4,0
201093,West,Organic,Web,30,18,7,33,1,0,1,56.22,101.59,0,4,1
201094,South,Organic,Web,32,26,9,46,0,1,1,82.14,96.17,0,4,0
201095,East,Referral,Web,48,10,7,27,0,1,2,59.85,86.41,0,4,0
201096,North,Organic,Store,40,13,8,38,1,0,1,76.3,105.55,0,3,0
201097,West,Referral,Mobile,33,31,14,68,1,0,2,87.36,185.25,0,4,1
201098,Budapest,Organic,Web,46,14,9,46,1,0,2,82.07,157.16,0,3,0
201099,East,Organic,Mobile,30,15,12,31,1,0,2,33.73,110.4,0,3,0
201100,East,Social,Web,53,11,2,7,0,1,1,68.85,56.3,0,4,0
201101,East,Organic,Mobile,26,36,15,45,0,0,2,67.34,137.73,0,4,1
201102,East,Organic,Mobile,40,4,14,51,1,1,4,60.55,220.11,1,5,1
201103,East,Referral,Mobile,22,10,8,20,0,1,1,47.17,0.0,0,2,0
201104,Budapest,Paid Search,Mobile,43,35,8,45,0,0,1,84.53,82.03,0,5,1
201105,East,Organic,Store,47,48,8,23,0,1,1,99.54,70.99,0,5,1
201106,Budapest,Referral,Mobile,43,11,8,25,0,0,1,37.46,31.56,0,4,1
201107,East,Social,Mobile,19,27,12,31,0,1,2,85.55,173.79,0,4,0
201108,East,Referral,Web,48,21,10,39,1,0,1,56.85,83.71,1,3,0
201109,Budapest,Paid Search,Mobile,48,43,4,14,0,1,0,105.53,62.97,0,3,1
201110,West,Paid Search,Store,45,53,6,19,0,1,4,75.97,312.92,0,3,0
201111,North,Organic,Web,27,13,6,22,0,0,3,78.54,243.96,0,3,1
201112,Budapest,Social,Mobile,50,27,5,21,0,1,2,48.4,192.46,0,5,0
201113,Budapest,Organic,Mobile,44,7,9,34,0,0,2,69.84,185.01,0,4,1
201114,Budapest,Paid Search,Web,46,34,3,15,0,0,2,85.26,81.56,0,4,0
201115,Budapest,Organic,Web,28,25,3,11,0,0,2,56.38,196.23,0,3,0
201116,North,Social,Mobile,42,8,6,37,0,0,2,96.3,190.6,0,3,0
201117,Budapest,Organic,Web,41,13,4,17,0,0,2,112.42,211.78,0,3,0
201118,Budapest,Referral,Web,53,24,2,12,0,0,1,114.09,113.36,1,4,0
201119,South,Paid Search,Mobile,43,14,10,31,1,0,0,59.84,3.38,0,3,1
201120,East,Referral,Web,62,13,3,7,0,1,2,62.85,134.41,1,3,0
201121,South,Paid Search,Web,40,10,2,11,0,0,3,62.41,159.24,0,3,0
201122,Budapest,Partner,Web,53,17,11,48,0,0,1,91.79,116.31,0,3,1
201123,North,Organic,Store,30,18,10,51,0,1,2,68.12,141.31,0,3,0
201124,Budapest,Referral,Store,43,5,4,20,0,0,1,83.02,81.06,1,5,0
201125,East,Partner,Web,31,12,7,39,1,1,1,47.27,36.44,0,4,0
201126,Budapest,Social,Web,45,29,5,13,0,1,2,71.18,160.64,0,4,0
201127,Budapest,Organic,Web,37,34,2,8,0,1,1,84.98,110.53,1,4,0
201128,East,Partner,Web,28,28,6,24,1,1,2,82.13,185.41,0,4,1
201129,North,Organic,Web,39,19,10,45,0,0,3,80.0,300.21,1,4,0
201130,Budapest,Partner,Store,45,31,5,18,0,0,2,65.83,105.15,0,4,0
201131,West,Paid Search,Mobile,26,22,8,24,1,1,2,70.27,103.2,0,4,0
201132,Budapest,Partner,Web,44,25,5,12,0,0,2,60.77,106.84,0,4,1
201133,West,Paid Search,Store,44,22,5,14,0,0,3,89.97,245.59,0,4,1
201134,East,Organic,Web,48,16,10,48,0,0,1,74.21,41.85,0,3,0
201135,South,Partner,Store,54,6,5,29,0,0,2,61.65,192.0,0,4,1
201136,Budapest,Referral,Mobile,31,13,14,31,1,0,2,52.52,132.94,0,3,0
201137,North,Social,Web,41,6,9,31,0,0,1,79.17,118.6,0,3,1
201138,Budapest,Partner,Mobile,37,43,8,15,0,1,2,76.04,188.15,0,4,1
201139,South,Organic,Web,27,3,7,35,0,0,1,55.92,52.65,0,3,0
201140,Budapest,Organic,Web,55,40,9,21,1,1,1,84.35,15.11,0,5,0
201141,North,Paid Search,Store,52,24,8,26,0,0,2,118.55,213.09,0,4,1
201142,East,Paid Search,Mobile,42,51,8,17,1,0,1,113.64,103.46,0,4,0
201143,Budapest,Organic,Web,50,28,6,28,0,0,2,105.52,204.83,0,5,0
201144,Budapest,Organic,Web,46,30,8,23,0,1,4,72.26,239.8,0,4,0
201145,Budapest,Organic,Web,61,27,12,49,1,1,2,70.31,112.14,0,3,0
201146,South,Social,Mobile,21,11,17,25,1,1,0,34.48,0.0,0,4,1
201147,East,Paid Search,Mobile,36,1,5,24,0,0,1,50.05,97.24,0,3,0
201148,South,Social,Web,66,9,10,40,0,0,0,93.09,0.0,0,2,1
201149,West,Referral,Mobile,47,34,10,47,1,0,2,97.91,159.94,0,3,0
201150,North,Paid Search,Web,49,29,2,5,1,1,1,77.16,85.71,0,3,0
201151,South,Paid Search,Web,31,14,6,25,0,1,1,86.29,109.92,0,4,0
201152,West,Paid Search,Store,24,22,9,16,0,0,1,66.64,77.74,0,3,0
201153,Budapest,Organic,Mobile,37,10,12,40,1,1,5,65.74,324.32,2,4,1
201154,Budapest,Referral,Mobile,44,60,15,65,0,0,1,106.71,122.19,0,5,1
201155,East,Organic,Store,45,54,2,4,1,0,3,95.19,278.57,0,4,0
201156,East,Organic,Mobile,54,18,12,42,0,0,4,66.6,311.68,0,3,1
201157,Budapest,Social,Store,40,48,2,9,1,0,3,74.31,273.06,0,5,0
201158,Budapest,Paid Search,Web,18,11,10,37,0,1,0,90.28,66.99,0,3,0
201159,Budapest,Organic,Store,62,7,5,23,0,1,1,51.06,55.2,0,3,0
201160,North,Organic,Mobile,38,4,3,15,0,0,0,50.44,36.84,0,3,1
201161,Budapest,Organic,Web,25,16,8,34,0,0,1,68.4,101.98,0,4,1
201162,Budapest,Referral,Mobile,42,20,12,72,1,0,2,103.01,198.9,0,4,1
201163,South,Organic,Store,25,9,5,23,0,0,0,84.56,35.4,0,3,1
201164,Budapest,Social,Store,24,34,9,43,0,0,2,107.84,229.64,0,4,0
201165,Budapest,Paid Search,Web,27,45,9,22,0,1,0,83.63,0.0,0,4,0
201166,South,Referral,Web,36,28,7,28,0,1,2,80.7,136.73,0,4,1
201167,West,Organic,Store,34,16,9,15,0,0,2,81.06,16.27,0,4,0
201168,Budapest,Referral,Web,48,22,9,36,1,1,2,91.83,183.3,1,4,1
201169,Budapest,Referral,Web,66,14,10,33,1,0,1,64.17,49.51,0,4,0
201170,South,Organic,Mobile,36,22,9,43,0,0,2,41.51,27.12,0,4,1
201171,East,Organic,Mobile,42,32,11,54,0,0,1,74.67,100.82,0,4,1
201172,Budapest,Partner,Web,42,11,1,0,1,1,0,72.74,0.0,0,3,0
201173,East,Organic,Web,32,26,7,27,0,0,2,44.51,110.4,0,4,1
201174,North,Partner,Web,65,1,4,12,0,0,1,105.4,92.4,0,4,1
201175,East,Organic,Store,52,7,7,34,1,1,1,39.75,52.37,0,3,0
201176,East,Partner,Mobile,60,23,10,18,0,0,3,55.36,171.44,0,4,0
201177,Budapest,Organic,Web,46,7,2,4,1,0,2,47.58,103.04,0,4,0
201178,Budapest,Organic,Web,52,20,5,18,0,0,2,54.02,49.6,0,3,0
201179,Budapest,Referral,Mobile,49,20,10,58,1,0,1,84.03,145.73,0,5,1
201180,North,Paid Search,Web,44,28,4,11,0,0,3,71.64,219.19,0,5,0
201181,West,Social,Web,29,21,5,13,0,0,3,75.73,227.18,0,4,1
201182,East,Referral,Web,58,31,10,43,0,1,1,67.54,52.96,0,5,0
201183,Budapest,Referral,Web,18,18,6,29,1,1,1,25.09,14.55,0,3,0
201184,South,Organic,Store,28,13,5,25,0,1,1,26.01,66.07,0,2,0
201185,West,Referral,Store,39,29,1,2,0,0,1,98.83,76.63,0,5,0
201186,West,Social,Store,43,16,8,43,1,0,1,96.18,108.65,1,4,0
201187,West,Referral,Web,48,15,7,22,0,1,3,95.29,296.4,2,4,1
201188,East,Social,Mobile,43,26,4,20,1,0,4,82.24,325.08,0,5,1
201189,Budapest,Paid Search,Web,28,9,7,32,0,1,1,49.02,67.61,0,3,1
201190,East,Paid Search,Web,46,6,6,17,1,1,0,36.61,26.78,0,2,0
201191,East,Organic,Web,30,31,5,16,1,1,3,93.28,313.8,0,4,0
201192,West,Referral,Web,53,3,5,18,0,0,3,71.66,158.2,0,3,0
201193,Budapest,Paid Search,Mobile,34,19,17,42,1,0,2,73.03,175.32,0,3,0
201194,North,Organic,Web,34,24,6,22,0,1,2,62.02,133.69,1,3,0
201195,North,Paid Search,Web,44,53,4,16,0,1,2,118.13,256.47,0,4,1
201196,Budapest,Paid Search,Web,55,43,3,12,0,0,7,114.02,772.84,0,5,0
201197,Budapest,Referral,Web,18,12,10,35,1,0,3,63.53,213.2,0,4,0
201198,East,Referral,Mobile,40,15,9,40,1,1,3,73.42,237.69,0,5,1
201199,Budapest,Paid Search,Web,52,18,6,25,1,1,2,67.33,88.92,0,4,1
201200,Budapest,Social,Web,40,65,8,32,1,0,4,117.57,515.67,1,5,1
201201,Budapest,Social,Web,46,11,5,20,0,0,0,71.7,0.0,0,3,0
201202,Budapest,Social,Web,26,27,10,48,1,0,1,64.69,50.99,0,4,0
201203,Budapest,Partner,Mobile,36,7,8,41,0,0,1,65.65,111.98,0,3,0
201204,Budapest,Paid Search,Web,26,27,12,51,1,0,3,57.18,213.05,0,4,1
201205,North,Social,Mobile,43,9,9,56,1,1,0,72.45,0.0,0,4,1
201206,North,Paid Search,Mobile,64,25,5,22,0,1,2,58.32,106.37,0,4,0
201207,East,Social,Mobile,50,39,9,22,0,0,4,73.97,351.54,1,4,0
201208,North,Organic,Web,51,38,5,17,1,0,0,107.73,24.96,0,4,1
201209,North,Social,Mobile,41,31,4,14,1,1,2,78.36,162.44,1,3,0
201210,North,Paid Search,Web,30,20,11,53,0,0,3,56.82,212.0,0,4,0
201211,Budapest,Referral,Mobile,43,16,9,31,0,1,0,56.8,71.46,0,3,0
201212,North,Paid Search,Store,46,13,4,22,1,0,3,65.23,213.91,0,4,0
201213,East,Referral,Web,40,34,6,24,0,0,1,99.61,54.3,0,3,1
201214,East,Organic,Web,55,16,6,21,1,0,3,57.35,165.42,0,4,0
201215,Budapest,Referral,Web,63,2,11,33,1,0,3,73.25,247.74,1,4,1
201216,East,Referral,Web,33,16,9,33,0,1,2,59.43,152.79,1,4,1
201217,East,Referral,Mobile,33,15,11,60,1,0,3,75.76,258.31,0,4,1
201218,East,Partner,Web,25,17,5,14,1,0,0,53.07,0.0,0,2,0
201219,West,Organic,Web,56,17,9,35,0,1,1,89.91,104.48,0,4,1
201220,South,Paid Search,Web,52,22,14,56,1,0,1,72.27,63.94,0,4,0
201221,Budapest,Partner,Web,42,48,8,22,0,0,3,89.92,304.0,0,5,1
201222,West,Organic,Store,47,14,1,5,0,0,0,120.5,0.0,0,3,0
201223,East,Social,Mobile,32,18,9,53,1,0,1,86.57,51.01,0,3,1
201224,West,Organic,Web,18,21,9,33,0,0,1,60.31,47.85,0,5,1
201225,East,Partner,Mobile,56,29,9,26,0,0,3,79.59,244.25,0,5,0
201226,West,Social,Web,29,16,8,30,0,0,2,97.3,151.67,0,3,1
201227,Budapest,Paid Search,Web,29,20,10,36,1,0,0,68.64,0.0,0,4,0
201228,East,Organic,Mobile,27,17,14,61,1,1,1,44.51,87.2,0,3,1
201229,East,Referral,Mobile,18,51,9,37,0,0,3,103.93,325.52,0,4,0
201230,West,Paid Search,Web,56,33,9,26,0,1,2,64.18,95.98,0,3,1
201231,East,Organic,Web,29,14,9,28,1,1,0,52.51,45.19,0,4,0
201232,West,Organic,Web,18,5,3,7,0,1,1,35.4,47.53,0,3,0
201233,Budapest,Organic,Store,31,33,5,10,0,1,0,26.8,34.68,0,3,1
201234,West,Paid Search,Web,48,34,5,21,0,0,3,77.19,209.72,0,3,0
201235,Budapest,Social,Web,50,40,14,37,1,1,2,74.07,161.82,0,4,1
201236,West,Paid Search,Mobile,38,19,6,15,1,0,0,100.37,18.15,0,3,1
201237,East,Social,Web,46,18,4,18,1,0,1,63.0,77.22,0,4,1
201238,North,Referral,Web,38,20,6,14,1,0,0,76.07,0.0,0,4,0
201239,West,Organic,Web,56,36,8,36,1,0,1,82.01,100.99,0,4,1
201240,Budapest,Referral,Mobile,42,4,14,59,0,0,2,55.3,96.1,0,4,0
201241,Budapest,Organic,Mobile,29,59,8,17,0,0,2,111.76,257.68,0,4,0
201242,North,Referral,Web,42,51,12,70,0,0,3,78.87,274.45,0,4,0
201243,South,Organic,Mobile,31,11,13,56,1,0,3,68.94,218.14,0,4,1
201244,South,Social,Web,37,6,11,27,1,0,1,69.33,78.75,0,3,1
201245,West,Paid Search,Store,62,8,4,13,1,0,0,66.65,0.0,0,3,0
201246,Budapest,Organic,Store,46,23,8,15,1,0,2,110.9,226.72,0,3,0
201247,Budapest,Partner,Web,53,39,11,54,1,1,2,60.67,166.68,1,5,1
201248,Budapest,Paid Search,Web,43,13,7,24,0,0,2,77.43,117.34,0,5,1
201249,Budapest,Referral,Mobile,40,11,10,46,1,1,0,75.41,5.74,0,3,0
201250,East,Paid Search,Web,49,18,7,20,1,1,3,77.52,212.58,1,3,1
201251,North,Social,Mobile,46,5,7,30,1,1,1,69.69,16.91,0,3,1
201252,North,Referral,Store,53,21,7,14,0,0,0,85.61,27.67,0,4,1
201253,North,Organic,Mobile,46,6,11,53,1,1,1,75.61,104.89,0,3,0
201254,Budapest,Social,Store,52,62,2,6,0,0,3,113.22,290.23,0,4,1
201255,West,Referral,Web,56,14,5,20,1,1,2,79.92,161.24,0,2,0
201256,Budapest,Social,Web,30,43,9,44,0,0,3,88.71,293.12,0,4,1
201257,South,Social,Web,36,34,7,28,0,0,5,78.08,363.35,0,4,0
201258,South,Paid Search,Mobile,30,27,8,38,0,1,2,71.03,85.96,0,4,0
201259,East,Paid Search,Mobile,56,4,6,11,0,1,2,111.45,215.19,0,4,0
201260,Budapest,Referral,Mobile,56,30,5,18,0,0,1,82.9,75.21,0,4,0
201261,North,Organic,Web,22,6,7,39,1,0,2,76.35,128.62,0,4,0
201262,North,Paid Search,Web,30,29,10,30,1,1,2,98.99,170.88,0,5,0
201263,East,Paid Search,Web,47,21,1,11,0,0,1,79.01,73.73,0,3,1
201264,West,Referral,Web,32,51,4,14,0,0,1,90.61,60.89,0,4,1
201265,East,Referral,Mobile,49,14,11,52,0,0,1,83.51,85.03,0,2,0
201266,East,Paid Search,Mobile,29,14,7,28,0,0,1,52.81,52.05,0,5,0
201267,West,Social,Web,18,40,8,24,1,1,0,70.36,23.2,0,2,1
201268,Budapest,Social,Web,47,37,3,15,0,1,0,62.03,25.63,0,4,1
201269,East,Referral,Web,78,23,7,31,1,0,1,84.64,88.72,0,3,0
201270,East,Paid Search,Web,42,30,6,29,0,1,1,46.12,44.25,0,4,0
201271,South,Paid Search,Web,49,12,6,26,0,1,0,47.4,83.67,0,3,0
201272,Budapest,Organic,Store,27,33,2,8,0,0,0,82.87,10.24,0,5,1
201273,North,Social,Mobile,40,8,8,37,0,0,0,72.53,0.0,0,4,1
201274,East,Social,Web,23,29,10,48,0,0,1,43.03,83.66,0,4,1
201275,South,Paid Search,Store,33,9,6,30,0,0,1,91.18,101.21,0,3,0
201276,North,Referral,Mobile,24,8,8,26,0,0,0,46.19,0.0,0,4,1
201277,Budapest,Referral,Web,51,8,7,28,0,1,4,77.32,309.17,0,4,1
201278,East,Organic,Mobile,18,9,12,28,0,0,1,42.12,10.92,0,5,0
201279,West,Organic,Store,46,12,5,13,0,1,1,65.18,24.63,1,4,1
201280,West,Organic,Web,26,21,8,28,0,1,0,50.75,0.0,0,4,0
201281,Budapest,Referral,Web,48,17,6,27,1,0,1,88.28,11.73,0,3,0
201282,North,Social,Store,27,24,1,0,0,1,1,62.56,42.86,1,3,0
201283,South,Partner,Mobile,38,45,7,27,0,0,2,87.71,173.48,0,4,1
201284,West,Social,Mobile,31,17,12,44,0,1,1,56.97,46.0,0,5,1
201285,North,Social,Mobile,35,26,8,25,0,0,4,70.88,292.97,0,4,0
201286,Budapest,Organic,Web,36,32,9,50,0,1,1,71.3,107.35,0,4,0
201287,Budapest,Paid Search,Web,59,38,5,21,0,1,0,84.44,30.57,0,3,0
201288,West,Organic,Mobile,36,8,6,25,0,0,1,56.81,23.98,0,3,0
201289,North,Social,Web,41,23,8,22,1,0,3,115.04,384.11,0,5,0
201290,West,Social,Store,35,10,5,24,0,0,2,54.25,84.03,0,4,0
201291,East,Paid Search,Store,38,20,2,6,0,0,2,89.61,169.69,0,4,0
201292,East,Paid Search,Store,45,8,8,29,0,1,0,58.88,0.0,0,3,0
201293,Budapest,Paid Search,Store,57,7,2,7,0,0,0,90.63,0.0,0,2,0
201294,Budapest,Organic,Store,36,11,2,6,0,0,0,45.99,43.2,0,2,0
201295,West,Referral,Store,30,11,6,27,1,1,4,55.06,206.86,0,4,1
201296,West,Organic,Mobile,25,12,5,29,0,0,0,52.17,0.0,0,4,1
201297,West,Paid Search,Web,42,51,11,59,0,1,2,71.02,151.18,0,4,0
201298,East,Paid Search,Web,27,30,9,24,1,1,6,73.43,447.74,1,3,0
201299,West,Paid Search,Mobile,41,57,8,30,0,0,4,94.4,407.99,1,5,1
201300,Budapest,Referral,Mobile,51,19,10,62,0,1,2,69.93,169.56,1,5,1
201301,South,Organic,Web,27,46,10,51,1,0,3,72.88,258.48,0,5,1
201302,West,Organic,Store,18,18,5,26,0,0,1,37.99,0.0,0,4,1
201303,Budapest,Referral,Store,41,9,4,14,0,1,0,70.88,0.0,0,4,0
201304,Budapest,Paid Search,Mobile,48,51,12,46,1,1,4,65.43,237.43,0,3,1
201305,West,Organic,Web,30,48,4,19,0,0,2,79.15,175.52,0,5,0
201306,West,Organic,Web,65,12,6,17,0,0,2,71.96,173.73,0,4,0
201307,Budapest,Organic,Mobile,36,47,13,68,1,0,0,123.08,0.0,0,3,1
201308,West,Referral,Web,59,32,11,32,0,0,1,76.6,57.68,0,4,0
201309,Budapest,Social,Mobile,37,11,10,62,1,1,2,101.87,247.58,1,3,0
201310,North,Partner,Web,41,57,7,20,0,0,3,75.15,234.77,0,4,1
201311,East,Paid Search,Web,43,8,11,58,0,0,4,46.51,199.88,0,4,1
201312,Budapest,Social,Web,60,28,6,19,0,0,1,98.11,79.23,0,4,1
201313,East,Organic,Mobile,18,12,6,26,1,0,2,36.33,85.7,0,3,0
201314,Budapest,Referral,Store,49,14,5,18,0,0,1,82.83,76.26,0,4,0
201315,East,Partner,Mobile,34,36,14,50,0,0,4,82.52,323.7,1,3,0
201316,East,Organic,Mobile,38,17,8,25,1,1,2,61.29,109.58,0,4,1
201317,West,Referral,Web,19,20,5,29,1,1,4,65.99,227.58,1,3,0
201318,Budapest,Social,Mobile,39,10,11,48,1,0,1,72.53,86.68,0,4,0
201319,Budapest,Paid Search,Store,48,25,3,10,0,0,1,69.64,75.4,0,4,0
201320,West,Organic,Mobile,44,60,11,44,0,0,1,96.73,95.97,0,3,0
201321,West,Paid Search,Mobile,37,18,8,28,0,0,1,90.48,54.12,0,3,1
201322,North,Partner,Web,22,15,4,19,1,0,0,49.58,0.0,0,4,1
201323,Budapest,Organic,Mobile,67,13,6,27,0,1,3,79.24,316.27,1,3,0
201324,Budapest,Organic,Store,57,8,4,14,0,0,1,73.45,87.95,0,4,0
201325,Budapest,Organic,Mobile,35,15,9,30,0,0,3,66.13,169.01,0,3,1
201326,East,Organic,Mobile,49,15,6,35,1,0,3,62.51,228.58,0,4,0
201327,Budapest,Organic,Web,59,20,5,20,1,0,2,86.66,111.68,0,4,1
201328,West,Organic,Store,50,14,5,19,0,1,0,41.3,0.0,0,4,0
201329,East,Paid Search,Store,49,16,2,7,0,0,2,87.65,186.02,0,3,0
201330,East,Partner,Web,46,7,8,43,0,0,3,78.72,199.42,0,4,1
201331,East,Paid Search,Web,31,53,9,16,0,1,3,80.79,283.21,0,3,0
201332,West,Paid Search,Web,34,49,8,22,0,0,1,73.4,55.26,0,5,0
201333,Budapest,Partner,Web,43,46,8,32,0,1,2,79.98,152.9,0,4,0
201334,South,Organic,Mobile,56,58,3,9,0,0,3,130.45,361.31,0,3,0
201335,North,Organic,Mobile,32,13,13,67,0,0,8,38.37,330.07,0,4,1
201336,Budapest,Referral,Web,46,16,8,47,1,0,3,57.52,163.67,0,4,0
201337,East,Organic,Mobile,18,18,8,47,0,0,0,70.3,0.0,0,4,0
201338,North,Partner,Web,40,27,4,17,1,0,1,62.77,42.68,0,3,1
201339,East,Paid Search,Store,38,53,10,58,1,0,0,90.53,6.61,0,5,1
201340,Budapest,Social,Web,32,39,2,7,0,0,3,74.25,238.98,0,4,0
201341,North,Referral,Mobile,45,2,11,38,0,0,2,79.45,215.68,0,3,1
201342,South,Referral,Web,42,14,8,32,0,0,1,64.3,40.9,0,4,1
201343,North,Social,Mobile,42,15,9,28,0,0,2,86.98,228.95,0,4,0
201344,Budapest,Referral,Store,34,10,5,16,0,0,0,63.16,29.71,0,4,0
201345,Budapest,Partner,Mobile,40,22,14,36,0,0,0,90.09,34.17,0,4,1
201346,Budapest,Paid Search,Mobile,36,11,7,25,0,0,0,97.6,0.0,0,3,0
201347,Budapest,Organic,Store,33,17,5,18,0,0,0,75.42,0.0,0,3,0
201348,Budapest,Social,Web,39,20,8,42,0,0,2,88.48,221.19,0,3,1
201349,West,Paid Search,Mobile,42,4,12,49,1,0,2,68.75,139.14,0,4,1
201350,Budapest,Organic,Web,39,4,8,24,1,1,2,74.44,173.78,0,4,0
201351,West,Paid Search,Web,37,38,6,28,0,0,6,70.48,399.89,0,4,1
201352,South,Organic,Web,30,59,8,53,0,0,3,56.76,182.28,0,5,1
201353,East,Social,Store,49,27,4,19,1,0,2,69.85,141.72,0,3,0
201354,North,Partner,Store,31,13,7,23,0,1,0,83.13,9.81,0,5,0
201355,North,Organic,Web,40,37,8,24,0,0,2,70.28,118.73,0,4,0
201356,West,Social,Web,43,36,9,40,1,0,1,100.39,117.24,0,4,1
201357,East,Organic,Web,40,5,7,20,0,0,2,100.8,170.23,0,4,0
201358,Budapest,Organic,Mobile,50,10,16,56,1,0,4,56.82,237.27,0,4,0
201359,West,Organic,Mobile,48,18,10,33,1,1,1,48.42,76.65,0,4,0
201360,North,Paid Search,Web,36,21,8,48,1,0,2,66.68,193.99,0,4,0
201361,Budapest,Organic,Mobile,49,13,11,52,1,0,0,61.44,0.0,0,4,0
201362,South,Referral,Mobile,42,11,12,56,0,0,1,58.93,65.7,0,4,1
201363,Budapest,Paid Search,Mobile,46,27,2,8,0,0,2,65.08,84.5,0,4,0
201364,Budapest,Partner,Web,35,39,8,42,1,1,0,74.99,0.0,0,4,0
201365,South,Referral,Web,47,15,8,28,1,0,2,94.69,206.75,0,3,0
201366,East,Organic,Web,34,11,4,16,0,0,3,68.43,217.02,0,3,0
201367,East,Paid Search,Web,29,18,7,28,0,0,2,36.06,97.02,0,4,0
201368,North,Paid Search,Web,46,8,10,34,1,1,1,57.31,14.69,0,3,0
201369,South,Social,Store,32,4,8,31,0,0,1,66.01,61.32,0,3,0
201370,North,Social,Store,55,7,5,30,0,0,0,90.67,39.85,0,3,1
201371,East,Paid Search,Web,32,11,5,24,0,1,0,81.87,0.0,0,4,1
201372,East,Organic,Mobile,27,3,13,50,1,0,0,51.57,0.0,0,3,0
201373,Budapest,Partner,Mobile,44,14,12,55,0,1,0,56.17,0.0,0,4,0
201374,West,Social,Mobile,41,17,5,23,0,0,0,108.81,0.0,0,3,1
201375,West,Social,Web,36,27,5,18,1,1,2,82.57,161.95,0,4,1
201376,East,Organic,Web,56,25,6,21,1,0,2,89.33,160.64,1,5,0
201377,West,Paid Search,Store,56,30,5,31,1,1,1,69.47,68.31,0,3,0
201378,South,Social,Store,39,21,4,20,0,1,0,44.13,41.83,0,4,0
201379,South,Paid Search,Store,53,45,6,24,1,0,0,96.09,0.0,0,5,1
201380,Budapest,Organic,Store,51,12,7,27,1,0,1,98.17,96.01,0,4,1
201381,South,Social,Mobile,34,18,10,36,1,1,1,84.68,59.92,0,5,0
201382,West,Social,Mobile,56,29,9,39,1,0,2,94.77,192.3,0,3,0
201383,North,Referral,Web,28,11,5,22,0,0,1,86.1,79.55,0,3,0
201384,West,Partner,Web,51,8,6,16,0,0,0,101.8,10.38,0,3,1
201385,Budapest,Organic,Store,49,50,2,10,1,1,1,112.74,123.4,0,5,0
201386,East,Referral,Web,22,49,6,29,1,1,6,56.22,325.5,0,5,1
201387,South,Social,Mobile,18,50,9,47,0,1,0,70.02,56.44,0,4,1
201388,South,Partner,Web,36,15,5,17,0,0,5,50.41,243.49,0,4,0
201389,Budapest,Social,Web,34,9,8,22,0,0,2,90.59,183.27,1,3,1
201390,South,Referral,Mobile,38,23,13,45,1,0,0,100.95,0.0,0,4,0
201391,West,Organic,Mobile,42,10,8,28,1,0,5,58.1,322.89,0,5,0
201392,West,Paid Search,Mobile,35,18,13,54,1,0,2,78.79,180.81,0,4,1
201393,South,Partner,Web,41,15,11,39,0,1,1,20.4,42.97,0,4,0
201394,North,Social,Web,42,15,6,22,0,1,0,41.46,43.36,0,4,0
201395,West,Paid Search,Store,44,24,5,28,0,0,1,93.58,83.84,0,3,0
201396,Budapest,Organic,Mobile,31,24,7,26,0,1,2,38.13,88.21,0,5,1
201397,West,Paid Search,Web,33,9,7,18,0,0,1,68.6,24.36,0,3,1
201398,Budapest,Paid Search,Web,38,14,5,27,1,1,2,38.23,146.28,0,4,1
201399,Budapest,Paid Search,Web,43,13,9,43,0,1,5,75.26,358.94,1,4,0
201400,East,Organic,Web,45,17,5,26,0,0,4,76.49,298.82,0,4,0
201401,South,Organic,Store,40,13,7,27,0,0,3,83.43,238.32,0,4,1
201402,East,Organic,Web,47,18,7,17,0,1,0,81.3,0.0,0,4,1
201403,Budapest,Paid Search,Mobile,42,8,15,76,1,0,2,76.73,128.66,0,3,0
201404,Budapest,Paid Search,Mobile,33,15,11,38,0,0,4,79.75,346.32,0,4,0
201405,Budapest,Paid Search,Mobile,37,37,12,52,1,0,0,108.24,0.0,0,4,1
201406,East,Organic,Mobile,44,41,13,37,0,0,1,98.32,140.66,0,4,1
201407,West,Organic,Store,55,59,11,64,0,1,0,118.95,0.0,0,5,0
201408,East,Paid Search,Web,43,24,4,23,1,1,2,74.73,96.14,0,3,0
201409,South,Referral,Web,60,51,5,23,0,0,3,111.95,320.12,0,4,1
201410,Budapest,Referral,Mobile,32,20,10,31,1,0,3,77.93,173.46,0,4,1
201411,West,Paid Search,Web,42,59,2,9,1,0,1,100.33,73.3,1,5,1
201412,South,Organic,Mobile,20,12,12,57,1,1,3,41.91,6.31,1,4,1
201413,West,Paid Search,Web,48,8,10,57,0,1,2,113.85,297.61,0,3,0
201414,North,Referral,Web,42,12,3,10,0,0,3,103.48,303.17,0,4,0
201415,South,Partner,Mobile,18,14,9,44,0,0,2,62.66,99.94,0,5,0
201416,Budapest,Organic,Store,35,12,4,14,1,0,1,59.97,36.97,0,3,0
201417,Budapest,Referral,Mobile,34,8,12,61,1,0,3,62.11,174.35,0,3,0
201418,South,Referral,Web,25,20,7,34,0,1,1,61.2,20.9,0,4,0
201419,East,Referral,Store,45,28,2,5,0,1,5,93.98,492.85,1,5,1
201420,West,Social,Store,35,27,3,16,0,0,2,77.23,106.73,0,4,0
201421,South,Paid Search,Web,27,7,9,28,0,0,2,88.77,188.9,0,4,1
201422,North,Organic,Web,51,21,11,53,0,0,3,55.74,190.12,0,3,0
201423,East,Organic,Store,39,34,6,27,0,1,5,88.85,420.33,0,5,1
201424,Budapest,Paid Search,Web,40,8,6,16,0,0,1,67.06,137.0,0,3,1
201425,East,Referral,Store,50,23,5,26,0,0,1,93.71,88.29,0,3,1
201426,South,Social,Mobile,44,18,12,55,1,0,1,87.98,76.38,0,4,1
201427,East,Paid Search,Store,30,17,5,23,0,0,0,42.8,0.0,0,3,0
201428,Budapest,Paid Search,Store,53,17,4,13,1,1,0,60.58,0.0,0,2,0
201429,Budapest,Referral,Mobile,52,24,8,39,0,1,3,64.86,187.72,0,5,1
201430,North,Paid Search,Store,54,24,8,44,1,0,3,92.96,278.61,0,4,0
201431,Budapest,Paid Search,Web,45,13,9,32,1,0,2,67.9,135.7,0,4,0
201432,East,Referral,Store,34,32,5,13,0,0,2,99.42,171.37,0,5,1
201433,West,Partner,Mobile,46,51,10,49,0,0,1,98.07,88.59,0,4,1
201434,Budapest,Paid Search,Mobile,34,10,8,35,1,0,3,70.82,210.79,0,2,0
201435,East,Partner,Mobile,31,32,6,29,0,0,2,88.18,186.54,0,3,0
201436,North,Organic,Store,47,53,4,22,1,0,3,113.71,271.59,0,4,0
201437,Budapest,Organic,Mobile,36,35,9,50,0,0,3,59.83,143.45,0,4,1
201438,West,Paid Search,Web,50,13,4,13,0,1,2,84.06,153.84,0,4,0
201439,North,Organic,Store,45,18,5,28,0,1,0,64.75,15.64,0,4,0
201440,East,Organic,Mobile,34,7,11,58,1,1,0,66.5,3.21,0,3,0
201441,East,Referral,Web,31,55,9,43,1,0,2,100.44,218.05,0,5,1
201442,South,Social,Mobile,42,7,11,19,1,0,1,40.82,58.41,0,4,0
201443,West,Partner,Mobile,52,43,8,27,0,0,1,73.86,80.44,0,4,1
201444,East,Referral,Web,43,13,10,31,0,0,0,58.68,65.21,0,4,1
201445,South,Paid Search,Store,57,8,9,36,1,0,2,110.64,145.63,0,3,1
201446,South,Organic,Web,31,26,7,12,1,0,1,65.59,59.39,0,4,0
201447,West,Paid Search,Mobile,49,24,14,52,0,0,3,94.16,251.44,1,3,1
201448,Budapest,Social,Mobile,24,14,12,37,1,0,2,71.11,118.28,0,3,0
201449,North,Referral,Web,47,8,5,22,0,0,2,96.63,183.92,0,3,0
201450,South,Organic,Web,41,14,6,25,0,0,2,103.56,163.02,0,4,0
201451,South,Paid Search,Web,38,19,4,12,0,0,1,46.64,66.67,0,3,0
201452,East,Organic,Mobile,42,15,8,32,0,1,1,78.36,41.63,0,4,1
201453,West,Referral,Mobile,56,2,8,40,1,1,0,71.68,0.0,0,4,0
201454,Budapest,Referral,Mobile,40,17,9,47,0,0,0,69.14,0.0,0,4,1
201455,Budapest,Social,Web,40,13,5,23,0,0,1,43.44,19.28,0,2,0
201456,South,Social,Store,45,9,3,4,0,0,1,80.0,58.23,0,2,1
201457,North,Paid Search,Web,34,13,8,24,1,0,2,60.76,160.16,0,4,1
201458,Budapest,Organic,Store,49,19,8,44,0,0,3,97.26,317.24,0,3,0
201459,South,Organic,Mobile,47,24,6,32,1,0,2,76.16,169.79,2,2,0
201460,West,Referral,Web,28,3,4,5,0,0,3,53.93,151.84,0,4,0
201461,Budapest,Organic,Web,46,13,4,22,1,1,0,79.31,0.0,0,3,0
201462,West,Paid Search,Mobile,38,23,10,49,1,0,0,77.21,0.0,0,3,0
201463,East,Paid Search,Web,50,15,7,30,0,0,0,75.43,0.0,0,4,0
201464,South,Paid Search,Mobile,71,24,9,34,1,1,0,100.61,0.0,0,3,0
201465,South,Social,Mobile,62,16,11,26,1,1,1,72.13,104.77,0,4,1
201466,West,Paid Search,Mobile,50,19,13,26,1,1,3,67.02,191.95,0,4,0
201467,South,Social,Web,31,30,8,31,1,0,3,69.13,198.84,0,5,1
201468,East,Social,Store,48,12,5,10,0,1,1,83.99,25.3,0,4,0
201469,Budapest,Referral,Store,58,16,5,18,1,0,3,83.39,215.1,0,3,0
201470,Budapest,Organic,Web,39,29,9,42,0,0,2,67.98,96.89,0,4,0
201471,North,Organic,Mobile,26,9,5,17,0,0,2,77.06,141.87,0,4,0
201472,South,Organic,Web,19,21,9,48,1,0,2,78.91,92.0,0,5,1
201473,South,Paid Search,Web,32,11,7,20,0,0,6,56.38,367.48,1,4,1
201474,East,Referral,Web,37,16,9,22,0,0,4,50.29,229.57,0,4,1
201475,South,Organic,Mobile,36,19,14,38,1,0,2,78.12,189.0,0,4,1
201476,Budapest,Organic,Mobile,20,34,10,44,0,1,1,74.02,67.73,0,4,1
201477,West,Organic,Web,34,35,10,44,1,0,2,74.73,118.35,0,3,0
201478,North,Organic,Web,24,28,6,24,0,1,0,59.63,29.77,0,3,1
201479,West,Partner,Web,29,32,9,38,0,1,2,63.65,182.94,1,5,0
201480,Budapest,Referral,Web,44,22,10,38,1,1,3,52.31,166.37,1,5,0
201481,East,Organic,Web,31,28,8,47,0,0,0,117.5327990717647,0.0,0,3,1
201482,North,Social,Web,30,37,9,4,0,1,3,82.21,214.11,0,4,1
201483,Budapest,Referral,Store,64,23,8,32,0,1,4,106.87,415.83,0,4,0
201484,West,Organic,Store,34,45,4,12,0,1,1,58.4,70.5,0,4,0
201485,North,Paid Search,Web,50,47,4,23,0,1,5,105.39,480.5,1,3,0
201486,Budapest,Social,Mobile,45,40,9,39,1,1,0,61.37,0.0,0,3,0
201487,West,Organic,Web,43,24,7,40,1,0,1,96.71,81.51,0,3,0
201488,North,Referral,Web,38,30,12,49,0,0,1,80.4,66.55,0,5,0
201489,Budapest,Partner,Mobile,47,10,6,23,1,0,2,68.53,114.4,0,3,1
201490,East,Partner,Web,42,4,9,32,0,0,1,83.99,90.79,0,4,0
201491,South,Organic,Store,31,14,6,15,0,1,2,58.07,79.54,0,3,0
201492,South,Referral,Mobile,47,3,3,10,0,1,1,64.44,30.77,0,3,0
201493,West,Social,Web,42,55,5,22,0,1,1,85.09,115.9,0,4,0
201494,East,Referral,Store,35,22,3,5,1,1,0,75.21,26.76,0,3,0
201495,North,Paid Search,Store,30,41,3,12,0,0,2,86.4,129.45,0,4,1
201496,Budapest,Organic,Web,59,8,9,40,1,0,1,43.91,67.67,0,4,1
201497,East,Organic,Store,56,31,9,29,0,1,3,74.85,166.44,1,4,1
201498,East,Referral,Web,46,43,11,46,0,1,0,72.53,23.74,0,5,0
201499,Budapest,Referral,Mobile,45,32,6,24,1,0,3,88.7,246.66,0,4,1
201500,South,Referral,Mobile,42,18,9,45,1,0,0,81.97,45.37,0,4,1
201501,North,Paid Search,Web,37,31,7,37,0,1,1,41.79,0.0,0,5,1
201502,Budapest,Paid Search,Store,43,24,7,27,1,0,1,67.84,97.97,0,5,0
201503,Budapest,Organic,Mobile,35,25,12,55,1,1,1,79.96,130.67,0,3,0
201504,West,Organic,Web,54,17,7,34,0,1,0,34.59,0.0,0,5,0
201505,Budapest,Social,Mobile,48,22,9,29,1,0,1,77.36,90.69,0,4,1
201506,East,Organic,Web,44,2,4,17,0,1,1,49.26,68.88,0,3,0
201507,East,Paid Search,Store,40,18,7,26,1,0,3,90.84,271.55,0,3,0
201508,Budapest,Organic,Mobile,36,22,5,25,1,0,4,69.89,269.65,0,4,0
201509,Budapest,Paid Search,Store,45,3,6,29,0,1,0,73.85,0.0,0,3,0
201510,Budapest,Partner,Mobile,31,7,7,32,0,0,1,44.03,40.95,0,4,1
201511,South,Paid Search,Web,38,15,8,32,0,0,3,71.38,231.42,0,4,0
201512,Budapest,Organic,Web,27,20,9,33,0,0,0,87.65,0.0,0,4,0
201513,Budapest,Organic,Web,60,27,6,19,0,0,1,81.37,123.12,0,4,1
201514,West,Referral,Web,72,54,3,15,0,0,2,86.27,143.05,1,5,1
201515,East,Organic,Mobile,26,30,10,37,0,0,0,92.06,46.72,0,3,1
201516,South,Paid Search,Store,18,22,2,11,0,1,2,86.47,182.73,0,4,0
201517,Budapest,Referral,Web,31,30,7,41,0,0,4,53.08,261.85,0,5,0
201518,South,Paid Search,Mobile,59,4,9,32,0,1,0,89.6,21.92,0,3,0
201519,North,Paid Search,Web,22,24,10,32,0,1,1,56.02,103.09,0,4,1
201520,West,Social,Mobile,36,13,12,26,1,0,4,113.09,401.68,0,3,0
201521,Budapest,Social,Web,24,11,6,21,1,1,3,37.58,108.73,0,4,1
201522,South,Organic,Mobile,37,7,13,75,1,0,3,70.25,181.17,0,4,1
201523,Budapest,Partner,Web,42,12,3,12,1,0,0,94.35,34.55,0,4,0
201524,East,Organic,Web,34,12,5,24,0,0,2,68.26,127.71,0,4,1
201525,Budapest,Organic,Mobile,43,7,8,37,1,1,0,47.97,27.37,0,4,0
201526,North,Paid Search,Web,47,26,6,10,0,0,0,72.39,0.0,0,5,1
201527,West,Partner,Mobile,29,39,6,32,1,1,4,78.13,274.62,0,5,1
201528,Budapest,Social,Mobile,39,21,10,31,0,0,1,88.05,82.79,0,3,1
201529,East,Paid Search,Store,40,23,11,36,0,1,1,66.15,80.4,0,3,1
201530,East,Paid Search,Mobile,40,34,10,44,0,1,2,71.71,145.13,1,3,1
201531,East,Partner,Web,50,24,5,27,0,0,6,92.64,586.36,0,3,0
201532,East,Paid Search,Mobile,30,22,8,23,1,1,1,40.41,25.57,0,3,1
201533,Budapest,Organic,Store,39,27,4,15,0,0,3,87.88,218.61,0,4,1
201534,South,Social,Mobile,42,52,11,53,0,1,1,99.6,107.64,0,4,0
201535,Budapest,Paid Search,Store,44,38,6,22,0,0,2,85.84,145.63,0,3,1
201536,East,Paid Search,Web,55,19,7,7,0,0,3,46.46,86.46,0,3,0
201537,Budapest,Referral,Web,53,17,9,52,0,1,0,42.58,34.11,0,4,1
201538,East,Paid Search,Store,31,26,1,4,0,1,2,64.67,143.25,0,3,0
201539,Budapest,Referral,Store,49,20,7,29,0,0,0,75.02,0.0,0,3,0
201540,East,Social,Store,41,50,4,16,0,0,5,92.1,493.28,0,4,1
201541,Budapest,Paid Search,Web,30,8,10,27,0,1,7,57.42,390.46,0,3,0
201542,West,Paid Search,Mobile,22,37,10,27,0,1,2,45.58,56.57,0,4,0
201543,Budapest,Referral,Web,36,9,6,23,0,0,0,68.4,0.0,0,3,1
201544,East,Referral,Mobile,18,50,10,48,1,0,3,81.84,246.44,0,4,0
201545,East,Organic,Web,51,15,6,29,0,0,1,67.91,115.61,0,4,0
201546,Budapest,Paid Search,Web,18,5,5,26,0,0,2,53.43,86.64,0,4,1
201547,North,Referral,Web,46,65,10,74,0,0,9,129.36,1148.63,0,3,1
201548,North,Organic,Web,31,10,7,30,0,0,0,47.39,0.0,0,3,0
201549,Budapest,Referral,Web,40,15,5,7,0,0,2,66.35,101.48,0,4,1
201550,Budapest,Partner,Web,42,19,3,9,0,0,0,84.0,0.0,0,3,0
201551,North,Paid Search,Mobile,39,6,10,43,1,0,1,91.61,121.44,1,3,0
201552,Budapest,Paid Search,Mobile,18,21,3,11,0,1,0,66.05,0.0,0,3,0
201553,West,Partner,Mobile,41,21,10,30,0,0,4,70.94,224.95,1,5,0
201554,South,Referral,Web,21,4,5,21,1,0,0,66.94,64.04,0,4,0
201555,Budapest,Referral,Web,48,9,5,12,0,0,0,80.77,0.0,0,4,0
201556,West,Organic,Mobile,32,24,13,62,0,0,2,74.27,126.72,0,4,1
201557,East,Paid Search,Web,49,4,3,17,0,0,1,70.02,35.27,0,4,0
201558,Budapest,Paid Search,Web,56,21,3,16,0,0,1,66.52,104.64,0,3,0
201559,East,Referral,Web,36,41,9,24,1,0,3,72.02,235.63,0,4,0
201560,Budapest,Referral,Mobile,44,33,9,37,0,0,0,89.22,0.0,0,4,0
201561,West,Organic,Store,30,20,6,19,0,0,3,53.91,122.16,0,3,0
201562,Budapest,Referral,Web,21,5,6,31,0,1,1,45.69,68.63,0,4,0
201563,West,Paid Search,Web,28,25,5,25,1,0,2,44.34,85.99,0,3,0
201564,East,Organic,Mobile,64,4,17,64,1,0,2,83.39,157.52,0,4,1
201565,Budapest,Social,Web,35,34,7,27,0,0,1,59.49,12.07,0,4,0
201566,South,Organic,Store,47,30,4,22,0,1,0,59.78,0.0,0,5,0
201567,East,Organic,Mobile,45,24,13,65,1,1,4,44.92,224.03,1,4,1
201568,South,Social,Mobile,49,43,7,24,0,1,1,78.91,12.14,0,4,0
201569,East,Paid Search,Web,50,27,7,31,1,0,1,80.66,103.96,0,5,0
201570,West,Organic,Mobile,36,27,10,39,0,0,1,112.32,109.84,0,3,1
201571,South,Partner,Web,62,21,3,10,0,0,1,119.45,102.59,0,4,0
201572,Budapest,Organic,Store,50,45,6,19,0,0,1,139.02,120.22,0,4,1
201573,West,Social,Web,39,32,5,22,0,0,2,56.78,133.93,0,4,0
201574,West,Social,Web,66,31,11,41,1,0,1,81.52,46.66,0,5,1
201575,Budapest,Partner,Web,27,10,5,11,0,0,2,60.84,105.32,0,4,0
201576,North,Social,Web,43,10,3,18,0,1,1,75.7,45.91,0,3,1
201577,East,Referral,Web,64,22,6,23,0,0,1,111.23,126.88,0,3,0
201578,East,Social,Web,25,4,8,23,0,0,1,73.22,93.63,0,4,0
201579,West,Organic,Web,42,9,8,26,0,1,1,94.63,85.64,0,4,1
201580,East,Paid Search,Web,45,40,7,29,1,1,1,71.67,111.07,0,4,0
201581,South,Social,Web,32,14,6,33,0,0,2,87.99,121.96,0,5,0
201582,Budapest,Organic,Mobile,35,26,10,45,0,1,1,83.17,88.74,0,4,1
201583,South,Social,Mobile,43,20,8,29,0,0,1,83.97,69.16,0,4,0
201584,North,Organic,Web,63,21,4,13,1,1,0,82.62,0.0,0,5,0
201585,Budapest,Paid Search,Web,45,25,8,58,0,1,2,70.75,157.22,0,4,0
201586,West,Social,Mobile,34,25,8,23,0,0,1,83.41,113.48,0,4,0
201587,Budapest,Social,Mobile,44,35,12,41,0,0,3,82.79,209.86,0,5,0
201588,Budapest,Organic,Web,41,26,5,25,0,1,3,65.14,148.5,1,3,0
201589,East,Social,Web,48,15,7,20,0,1,2,74.89,97.64,0,2,0
201590,North,Partner,Mobile,21,33,10,52,0,1,3,64.05,138.38,0,5,1
201591,South,Organic,Mobile,55,6,8,23,1,0,2,67.68,132.5,0,4,1
201592,North,Social,Mobile,62,26,6,26,1,1,2,66.87,136.24,0,4,0
201593,Budapest,Paid Search,Mobile,62,18,6,25,0,0,2,79.73,168.36,0,3,1
201594,West,Partner,Web,27,30,3,15,0,0,0,78.24,43.99,0,3,0
201595,Budapest,Organic,Mobile,41,6,5,21,0,0,3,41.97,112.17,1,4,0
201596,South,Social,Mobile,51,22,15,92,1,0,3,103.77,345.26,0,4,1
201597,Budapest,Social,Web,34,13,4,15,0,0,0,75.12,0.0,0,5,0
201598,East,Referral,Mobile,45,24,6,37,1,0,0,78.88,0.0,0,5,0
201599,Budapest,Paid Search,Store,27,14,5,14,0,0,2,44.67,128.27,0,5,0
201600,West,Paid Search,Web,43,14,9,27,1,0,0,77.01,0.0,0,3,1
201601,East,Paid Search,Web,36,24,7,39,0,0,3,94.27,274.78,1,3,1
201602,Budapest,Social,Store,49,52,2,9,0,1,2,111.93,231.54,0,3,0
201603,North,Paid Search,Web,35,19,6,27,0,1,4,82.56,299.96,0,3,1
201604,North,Organic,Web,39,21,10,46,0,0,3,105.51,322.22,0,4,1
201605,East,Organic,Web,26,20,7,32,0,0,0,55.71,0.0,0,4,0
201606,Budapest,Social,Mobile,34,20,13,29,1,0,2,96.46,132.82,0,3,1
201607,East,Paid Search,Web,63,25,7,28,0,0,1,88.19,115.36,0,4,1
201608,Budapest,Organic,Web,42,3,6,22,1,0,1,92.0,66.9,1,3,0
201609,West,Social,Mobile,28,9,8,33,1,1,3,49.92,154.96,1,4,1
201610,East,Referral,Mobile,37,39,12,50,1,1,1,48.03,88.99,0,4,0
201611,Budapest,Paid Search,Web,46,30,12,54,1,0,1,84.38,80.26,0,5,1
201612,West,Social,Store,57,41,6,25,0,0,2,111.71,224.57,0,3,1
201613,Budapest,Social,Mobile,45,38,10,39,0,0,4,84.83,398.55,0,5,0
201614,West,Organic,Mobile,66,34,6,25,1,0,0,107.95,7.23,0,4,0
201615,Budapest,Partner,Mobile,32,18,10,28,0,0,3,41.3,127.64,0,3,1
201616,Budapest,Referral,Web,31,3,6,30,1,0,0,58.65,17.07,0,4,1
201617,South,Referral,Web,48,7,7,24,0,0,1,90.32,81.79,0,4,1
201618,South,Paid Search,Web,26,44,4,8,0,0,3,68.68,222.59,0,4,0
201619,Budapest,Organic,Web,23,16,6,18,0,0,0,64.04,0.0,0,5,0
201620,East,Paid Search,Store,33,15,8,30,0,1,0,33.02,13.42,0,4,1
201621,Budapest,Partner,Mobile,39,22,8,26,1,0,1,97.99,81.18,0,5,1
201622,Budapest,Referral,Web,42,5,10,39,0,1,0,76.71,1.53,0,3,0
201623,Budapest,Partner,Web,46,7,8,20,0,0,1,92.67,141.84,0,3,1
201624,East,Paid Search,Web,36,40,7,30,1,1,0,53.58,0.0,0,4,0
201625,West,Paid Search,Mobile,51,20,11,33,0,1,0,76.13,5.83,0,5,0
201626,Budapest,Partner,Store,32,8,6,12,1,0,0,83.99,0.0,0,3,0
201627,South,Referral,Web,33,47,2,5,0,0,1,74.3,74.57,0,4,0
201628,West,Social,Mobile,38,9,9,35,0,0,1,83.99,135.56,0,3,0
201629,North,Paid Search,Web,56,36,6,29,0,1,1,81.9,129.68,0,5,0
201630,West,Paid Search,Web,30,20,4,17,0,1,3,75.87,256.3,0,4,0
201631,East,Partner,Web,34,17,9,34,1,0,1,80.88,108.9,0,4,0
201632,South,Organic,Mobile,55,6,8,34,1,0,3,75.24,211.74,1,4,0
201633,West,Social,Web,37,39,6,37,0,1,0,63.31,0.0,0,4,0
201634,Budapest,Paid Search,Store,64,49,6,20,1,0,2,91.63,121.71,0,5,0
201635,West,Organic,Web,36,25,6,31,1,0,2,78.56,144.25,0,5,1
201636,North,Referral,Web,45,23,6,28,1,0,1,78.9,84.5,0,3,1
201637,Budapest,Organic,Web,26,12,7,27,1,0,1,103.37,90.93,0,3,0
201638,West,Social,Web,37,8,7,14,1,0,2,56.48,106.36,0,3,0
201639,East,Paid Search,Web,50,46,4,18,0,1,1,94.92,87.4,0,4,1
201640,South,Organic,Mobile,28,22,7,26,0,1,2,64.73,115.32,0,4,0
201641,North,Paid Search,Mobile,40,13,14,71,1,1,2,30.79,89.15,0,5,0
201642,West,Organic,Mobile,43,24,12,39,1,1,3,95.18,256.74,0,4,0
201643,East,Social,Web,56,16,4,12,0,1,4,78.75,375.93,2,3,0
201644,East,Organic,Web,63,18,6,20,0,1,1,68.04,0.0,0,4,0
201645,Budapest,Referral,Web,41,7,8,33,1,1,2,62.17,134.0,0,2,0
201646,East,Paid Search,Mobile,51,18,12,45,0,0,3,38.99,114.35,0,5,0
201647,Budapest,Social,Mobile,31,16,15,45,1,1,2,33.74,19.1,0,4,1
201648,West,Organic,Web,39,62,10,47,1,0,4,107.5,441.1,0,5,1
201649,East,Social,Mobile,55,5,8,29,1,0,2,101.79,195.47,0,4,0
201650,Budapest,Referral,Web,67,35,6,27,0,0,2,57.89,97.39,1,3,0
201651,Budapest,Paid Search,Web,55,32,3,12,0,0,3,46.33,132.42,0,5,1
201652,West,Social,Web,40,11,3,13,0,1,1,79.41,5.26,0,4,0
201653,North,Paid Search,Mobile,30,18,15,56,0,0,2,49.31,102.11,0,4,1
201654,East,Organic,Web,38,16,7,36,1,0,4,65.8,240.13,0,4,0
201655,West,Paid Search,Mobile,44,9,14,48,1,0,2,62.42,96.14,0,5,0
201656,North,Organic,Web,20,22,4,14,0,0,0,60.28,0.0,0,3,0
201657,Budapest,Paid Search,Web,35,2,6,21,0,1,0,60.13,32.39,0,2,0
201658,North,Social,Web,25,27,4,3,0,1,0,36.23,45.06,0,4,1
201659,West,Social,Store,29,16,6,31,0,1,0,58.81,0.0,0,3,0
201660,South,Social,Mobile,38,15,11,53,1,0,1,49.25,99.42,0,3,1
201661,Budapest,Paid Search,Web,43,47,6,20,1,1,2,89.75,220.06,0,5,1
201662,East,Organic,Mobile,60,15,6,28,1,1,2,99.17,176.31,0,3,1
201663,North,Partner,Store,32,9,8,33,0,0,1,65.4,50.38,1,3,0
201664,South,Paid Search,Store,31,13,10,32,0,1,2,84.67,177.6,0,3,0
201665,East,Partner,Mobile,47,16,10,43,0,1,4,43.23,192.09,0,3,1
201666,North,Organic,Mobile,48,16,8,23,0,0,2,81.07,82.98,0,4,0
201667,West,Partner,Mobile,53,12,14,69,1,0,2,99.89,159.46,0,3,0
201668,East,Organic,Web,40,5,9,34,0,0,1,93.52,157.46,0,3,0
201669,North,Referral,Store,40,23,2,4,1,0,1,101.53,94.69,0,4,1
201670,East,Referral,Store,29,27,5,33,1,1,0,37.91,0.0,0,4,1
201671,West,Organic,Store,52,19,6,18,0,0,0,103.22,0.0,0,3,0
201672,North,Organic,Web,20,22,6,30,0,1,2,68.05,151.02,0,3,0
201673,Budapest,Paid Search,Web,45,26,12,46,0,1,2,74.68,151.93,0,4,1
201674,North,Organic,Web,33,22,3,9,0,1,2,48.23,94.06,0,3,0
201675,Budapest,Paid Search,Mobile,22,12,8,32,0,1,3,69.35,187.48,0,3,1
201676,Budapest,Paid Search,Web,35,22,9,41,0,0,1,100.28,140.05,0,4,1
201677,Budapest,Referral,Web,32,67,8,24,0,0,4,105.55,417.81,0,4,0
201678,Budapest,Referral,Store,65,11,8,28,0,0,1,89.43,147.46,0,5,1
201679,West,Organic,Web,67,12,6,29,1,0,3,100.85,291.08,0,2,0
201680,North,Social,Mobile,44,21,12,36,1,0,2,40.08,57.91,0,5,1
201681,West,Partner,Web,33,7,10,41,0,0,1,22.48,23.8,0,4,1
201682,West,Social,Mobile,33,49,11,17,1,0,3,72.8,216.59,0,4,0
201683,Budapest,Paid Search,Web,40,38,5,17,0,0,1,62.8,21.05,0,4,1
201684,Budapest,Organic,Mobile,34,14,8,35,0,0,2,37.81,62.93,0,4,0
201685,West,Paid Search,Mobile,56,35,12,61,1,0,5,102.81,525.92,0,5,1
201686,South,Social,Mobile,64,20,8,33,0,1,2,93.9,177.99,0,3,0
201687,Budapest,Organic,Web,53,28,4,23,1,0,1,73.11,25.37,0,4,0
201688,South,Referral,Web,38,28,9,43,1,0,1,63.47,59.77,1,4,0
201689,Budapest,Partner,Web,58,24,6,23,1,0,3,58.06,208.83,0,3,0
201690,West,Referral,Web,42,22,10,36,1,0,5,59.34,308.81,0,4,0
201691,West,Organic,Mobile,54,12,13,49,1,0,1,75.94,56.28,0,4,1
201692,Budapest,Social,Web,27,28,4,17,1,1,2,33.67,76.09,0,4,0
201693,North,Referral,Mobile,48,26,6,24,0,0,0,119.72,1.6,0,4,0
201694,South,Social,Mobile,54,13,15,87,1,1,3,84.55,198.93,1,3,1
201695,East,Paid Search,Web,26,41,8,35,0,1,1,75.22,96.22,0,4,0
201696,Budapest,Paid Search,Web,36,19,1,3,0,0,0,95.69,43.72,0,5,0
201697,South,Social,Web,51,18,5,10,0,0,1,85.68,80.71,0,5,0
201698,South,Organic,Mobile,36,7,8,46,1,0,3,50.59,181.27,0,4,0
201699,West,Partner,Web,48,19,9,30,0,0,2,87.96,120.98,0,3,1
201700,South,Paid Search,Web,46,58,6,23,0,0,3,79.52,221.69,0,4,1
201701,West,Partner,Web,48,14,7,32,0,0,2,60.27,148.94,0,3,0
201702,Budapest,Organic,Web,55,30,2,3,1,0,0,111.36,36.18,0,4,0
201703,South,Partner,Store,44,17,2,6,1,0,3,89.61,254.27,0,3,0
201704,West,Partner,Mobile,51,2,12,41,0,1,1,76.33,95.69,0,4,0
201705,East,Organic,Store,34,6,9,29,1,0,3,43.57,166.28,0,4,0
201706,Budapest,Organic,Mobile,66,23,11,43,0,0,2,109.39,219.97,0,4,1
201707,East,Social,Web,21,15,8,37,0,0,1,76.38,57.84,0,3,1
201708,West,Social,Web,39,7,8,38,0,0,5,57.02,207.79,1,4,0
201709,North,Social,Store,39,23,7,25,0,1,2,86.82,214.02,0,3,1
201710,Budapest,Paid Search,Mobile,49,4,9,39,1,1,1,78.68,124.33,0,4,1
201711,Budapest,Paid Search,Store,27,24,6,27,0,0,2,98.86,176.17,0,4,0
201712,West,Partner,Store,39,11,3,16,0,1,1,34.6,18.83,0,3,0
201713,Budapest,Referral,Web,48,19,11,63,1,1,3,79.51,219.3,1,4,0
201714,East,Organic,Mobile,60,27,8,32,0,0,2,68.12,105.32,0,4,0
201715,Budapest,Referral,Mobile,52,33,6,24,1,0,3,111.72,297.24,1,3,0
201716,South,Partner,Web,31,31,13,72,0,0,3,60.01,278.69,0,5,1
201717,South,Referral,Mobile,35,25,9,38,0,0,6,85.36,438.06,0,4,0
201718,East,Organic,Mobile,33,13,10,43,0,1,1,44.45,60.32,0,4,1
201719,West,Referral,Store,52,19,6,13,0,1,0,49.53,0.0,0,4,0
201720,Budapest,Referral,Store,51,23,7,37,0,0,0,71.17,0.0,0,4,0
201721,East,Paid Search,Mobile,26,6,4,7,0,0,2,60.63,110.79,0,2,0
201722,South,Organic,Web,18,28,5,16,1,0,1,45.32,22.97,0,5,0
201723,West,Referral,Web,48,9,10,47,0,0,2,77.51,193.51,0,4,1
201724,Budapest,Partner,Mobile,54,23,10,42,1,0,3,99.0,312.16,1,4,0
201725,West,Organic,Store,38,26,2,9,0,1,3,70.25,231.33,1,5,1
201726,West,Paid Search,Store,53,40,6,27,0,0,1,92.38,114.55,0,4,1
201727,West,Referral,Mobile,21,17,14,81,0,1,0,61.3,16.29,0,3,1
201728,South,Organic,Web,61,45,6,29,1,1,4,76.32,306.48,0,4,0
201729,West,Referral,Mobile,48,19,10,41,1,0,3,85.85,242.83,0,4,1
201730,North,Organic,Store,59,48,4,14,0,0,2,84.62,149.42,0,5,0
201731,North,Paid Search,Web,41,32,8,28,0,0,4,72.54,277.37,0,4,0
201732,West,Paid Search,Web,41,19,10,35,0,1,2,49.75,98.92,0,3,1
201733,Budapest,Paid Search,Store,36,24,3,15,1,1,3,54.59,141.37,0,3,0
201734,North,Partner,Web,44,20,12,42,0,1,2,78.11,252.18,1,3,1
201735,Budapest,Organic,Web,45,14,8,30,0,0,3,50.41,130.33,0,4,1
201736,Budapest,Paid Search,Web,41,8,12,60,1,1,1,70.66,70.05,0,2,1
201737,East,Paid Search,Store,47,21,5,24,1,0,1,59.05,33.02,0,4,0
201738,East,Paid Search,Web,34,10,3,13,0,1,0,43.64,26.69,0,4,0
201739,Budapest,Social,Web,38,21,7,26,0,0,4,100.85,286.03,0,3,1
201740,West,Social,Mobile,44,25,4,12,1,1,0,45.94,0.25,0,4,0
201741,North,Organic,Mobile,54,17,8,30,0,0,2,108.01,203.16,0,4,1
201742,South,Social,Web,56,14,9,38,0,0,0,120.74,0.0,0,3,1
201743,East,Organic,Web,52,34,10,31,0,1,2,84.45,188.7,0,4,1
201744,South,Referral,Web,37,24,6,16,0,0,2,77.38,118.93,1,3,0
201745,Budapest,Organic,Mobile,31,37,6,32,0,0,3,78.56,170.84,1,4,0
201746,South,Social,Mobile,52,38,6,21,0,0,1,77.22,94.86,0,4,0
201747,Budapest,Paid Search,Mobile,21,34,10,36,1,0,1,54.69,102.21,0,4,1
201748,West,Paid Search,Mobile,37,16,10,39,1,1,1,68.79,64.17,0,4,1
201749,Budapest,Organic,Mobile,46,27,10,26,0,0,1,62.17,42.93,0,3,0
201750,West,Organic,Mobile,33,33,7,23,0,1,5,70.39,365.29,0,4,0
201751,West,Partner,Mobile,45,8,10,38,1,1,2,83.05,143.83,0,4,0
201752,South,Paid Search,Store,32,19,6,27,0,0,0,42.19,0.0,0,4,0
201753,East,Referral,Store,35,12,5,13,0,1,1,61.26,90.05,0,3,1
201754,South,Organic,Store,49,12,3,16,0,1,1,53.03,74.31,0,5,0
201755,Budapest,Organic,Store,31,45,3,15,0,1,1,59.59,99.71,0,4,1
201756,Budapest,Social,Web,40,43,4,24,1,1,2,55.02,79.56,0,4,0
201757,West,Paid Search,Web,29,31,4,19,1,0,3,69.84,211.28,1,5,0
201758,South,Organic,Mobile,38,14,9,54,1,0,1,64.5,66.67,0,3,0
201759,East,Referral,Web,44,27,7,23,1,0,4,82.76,282.38,1,5,0
201760,West,Social,Web,30,11,9,55,0,0,3,59.46,215.51,0,4,0
201761,East,Referral,Web,37,2,8,16,1,0,1,60.52,0.0,0,2,1
201762,North,Social,Mobile,36,26,7,36,0,1,0,88.63,0.0,0,4,0
201763,North,Paid Search,Web,30,13,12,44,1,0,1,51.25,49.22,1,4,1
201764,West,Referral,Mobile,26,8,11,55,0,0,1,82.87,46.37,1,3,0
201765,Budapest,Organic,Web,33,38,3,6,1,0,4,60.57,258.9,0,5,1
201766,Budapest,Referral,Web,27,19,8,39,0,0,1,70.21,29.99,0,3,1
201767,Budapest,Organic,Web,41,15,5,26,0,0,1,81.1,119.38,0,3,0
201768,Budapest,Organic,Web,28,25,8,47,0,0,2,41.84,26.47,0,4,0
201769,East,Referral,Store,38,36,3,2,0,1,1,79.55,84.84,0,4,1
201770,Budapest,Referral,Web,59,7,2,7,1,0,0,82.8,7.18,0,4,1
201771,Budapest,Paid Search,Mobile,51,23,9,29,0,0,2,68.12,172.25,0,5,0
201772,Budapest,Organic,Mobile,32,25,10,50,0,1,3,75.63,197.74,0,3,1
201773,Budapest,Referral,Web,63,14,7,14,0,1,2,83.27,218.8,0,4,0
201774,South,Organic,Mobile,39,20,2,11,0,0,2,70.79,149.19,0,3,0
201775,Budapest,Organic,Web,54,21,7,31,1,0,2,85.91,167.63,0,4,0
201776,Budapest,Paid Search,Web,43,51,8,36,1,0,2,98.88,248.54,0,5,0
201777,Budapest,Paid Search,Web,51,10,7,29,1,0,0,70.46,41.4,0,3,0
201778,Budapest,Organic,Web,23,33,5,22,1,1,3,56.04,178.79,0,4,1
201779,Budapest,Organic,Mobile,47,17,9,27,1,0,1,63.73,49.44,0,4,0
201780,East,Referral,Mobile,52,20,9,24,0,0,1,104.88,133.35,0,4,0
201781,North,Social,Web,34,8,7,22,1,0,2,69.87,124.01,0,4,1
201782,West,Paid Search,Mobile,59,24,7,32,0,1,1,58.97,50.39,0,4,0
201783,East,Organic,Mobile,53,7,10,42,1,0,1,112.61,130.08,0,4,0
201784,Budapest,Social,Web,41,16,9,36,0,0,2,75.26,138.21,0,4,1
201785,East,Organic,Web,39,18,12,33,0,0,3,71.22,245.39,1,5,1
201786,Budapest,Referral,Mobile,48,31,10,48,1,0,5,87.88,500.32,0,3,0
201787,North,Social,Web,30,13,5,12,0,1,1,34.68,0.0,0,3,0
201788,West,Organic,Store,48,9,4,12,0,0,0,78.68,10.84,0,3,0
201789,Budapest,Social,Web,25,58,8,41,1,1,2,54.33,124.12,1,5,0
201790,North,Referral,Web,40,13,5,19,0,0,8,53.11,375.04,0,5,0
201791,Budapest,Paid Search,Store,35,21,5,14,0,0,1,78.15,46.2,0,4,1
201792,South,Paid Search,Mobile,29,10,9,28,0,1,0,78.85,48.49,0,4,0
201793,Budapest,Referral,Store,33,24,6,29,0,0,3,112.43,291.75,0,4,1
201794,Budapest,Organic,Web,24,24,6,29,0,0,1,46.05,4.54,0,4,1
201795,South,Referral,Web,33,9,12,40,1,0,0,55.44,0.0,0,4,1
201796,Budapest,Paid Search,Mobile,39,2,6,14,1,0,3,44.6,151.18,0,3,0
201797,East,Organic,Web,30,9,5,17,0,0,0,42.96,0.0,0,4,0
201798,East,Organic,Mobile,31,34,10,23,0,0,2,110.19,183.12,0,5,1
201799,South,Partner,Web,51,22,6,25,0,1,1,95.67,67.49,0,3,1
201800,Budapest,Organic,Mobile,31,14,14,39,1,0,0,39.33,0.0,0,4,0
201801,North,Organic,Mobile,42,11,8,39,0,0,0,71.57,0.0,0,4,0
201802,West,Referral,Store,49,55,6,24,1,1,3,97.05,282.34,0,4,1
201803,South,Social,Mobile,34,29,8,42,1,0,3,61.98,193.32,0,5,0
201804,West,Referral,Store,41,16,6,28,0,1,2,96.53,137.3,0,5,0
201805,South,Organic,Mobile,54,30,9,57,1,0,1,101.13,99.43,0,3,0
201806,North,Organic,Web,32,32,11,54,1,0,1,66.46,88.46,0,4,1
201807,Budapest,Paid Search,Mobile,43,24,4,11,0,0,2,118.41,216.72,0,5,0
201808,South,Organic,Store,52,4,5,18,1,1,1,72.98,73.29,0,4,0
201809,North,Referral,Mobile,49,3,8,35,0,0,1,62.73,79.48,0,5,0
201810,Budapest,Paid Search,Store,44,14,5,11,0,0,1,68.02,111.82,1,4,0
201811,Budapest,Paid Search,Mobile,33,50,15,71,0,1,4,60.17,303.17,1,5,0
201812,Budapest,Organic,Store,32,14,2,5,0,1,2,60.46,75.76,0,4,0
201813,West,Referral,Store,56,25,7,29,1,1,0,83.61,0.0,0,3,0
201814,South,Referral,Web,55,16,11,35,0,1,2,34.99,82.32,1,5,0
201815,East,Partner,Web,50,14,4,17,0,0,2,68.7,116.5,0,3,1
201816,Budapest,Paid Search,Web,37,5,7,27,0,0,1,66.33,6.5,0,4,0
201817,Budapest,Paid Search,Web,48,5,5,16,0,0,2,73.04,156.9,0,4,0
201818,West,Referral,Web,52,32,6,30,0,0,2,94.18,195.68,0,5,0
201819,East,Paid Search,Mobile,54,13,8,34,0,1,2,61.14,95.29,0,4,0
201820,North,Organic,Mobile,54,9,10,30,0,0,1,109.04,72.59,0,4,1
201821,Budapest,Paid Search,Mobile,52,27,15,45,0,0,2,70.52,127.11,0,4,1
201822,Budapest,Organic,Mobile,30,24,12,47,1,0,3,36.08,97.62,0,3,0
201823,Budapest,Social,Store,50,11,4,22,1,0,1,76.01,126.76,0,3,1
201824,North,Paid Search,Store,43,21,4,22,0,1,2,60.65,140.25,0,3,0
201825,South,Organic,Web,39,5,5,25,0,0,3,71.55,268.98,0,5,0
201826,North,Organic,Web,47,8,6,17,0,0,3,59.18,188.27,0,4,1
201827,South,Organic,Store,34,34,5,10,0,0,2,97.8,255.1,0,4,1
201828,Budapest,Social,Web,46,21,10,79,1,0,1,89.51,80.32,0,4,0
201829,East,Social,Web,51,23,8,47,0,0,0,71.35,0.0,0,3,1
201830,South,Social,Web,38,25,6,20,1,0,2,77.44,161.1,0,4,1
201831,North,Paid Search,Web,42,7,5,17,0,1,1,62.45,72.2,0,2,1
201832,South,Organic,Store,39,8,1,3,0,0,1,90.19,115.83,0,4,0
201833,West,Referral,Mobile,41,5,6,30,1,0,1,40.65,56.33,0,4,0
201834,North,Organic,Web,50,31,5,22,0,1,4,90.59,396.19,0,4,1
201835,South,Partner,Web,43,62,6,24,0,1,2,64.85,133.6,0,5,0
201836,South,Paid Search,Mobile,33,8,7,27,0,0,0,58.59,48.56,0,3,0
201837,West,Organic,Web,34,34,10,45,1,0,0,90.83,52.53,0,4,0
201838,South,Organic,Web,50,15,9,54,0,0,0,85.55,0.0,0,4,0
201839,East,Organic,Web,53,13,7,44,0,0,0,94.87,0.0,0,3,1
201840,Budapest,Referral,Web,41,16,10,64,1,0,2,82.79,160.67,1,4,1
201841,Budapest,Paid Search,Web,41,17,9,49,1,0,3,74.52,236.43,0,3,0
201842,Budapest,Organic,Mobile,51,9,15,35,0,0,2,85.22,164.53,0,4,1
201843,South,Paid Search,Web,38,33,8,21,1,1,4,62.82,202.65,1,5,1
201844,Budapest,Paid Search,Web,18,39,7,23,1,1,0,40.35,0.0,0,3,1
201845,Budapest,Organic,Web,53,8,10,50,1,0,2,85.06,203.48,0,3,0
201846,Budapest,Organic,Web,43,5,9,49,1,0,3,88.13,275.47,0,3,0
201847,North,Paid Search,Web,37,35,7,18,0,0,0,60.75,0.0,0,3,1
201848,North,Paid Search,Store,42,5,3,14,1,0,1,77.18,83.75,0,2,0
201849,West,Partner,Web,28,39,14,64,1,0,4,70.8,233.57,0,5,0
201850,West,Paid Search,Mobile,25,13,11,33,0,1,2,51.61,64.07,0,3,0
201851,North,Paid Search,Web,36,10,12,36,0,0,1,44.7,0.0,0,4,1
201852,North,Social,Mobile,50,7,13,30,1,1,1,58.34,38.01,1,4,1
201853,West,Organic,Mobile,42,16,8,34,1,1,2,76.87,111.96,1,3,0
201854,Budapest,Referral,Web,39,17,11,42,1,0,5,65.57,323.95,0,4,1
201855,South,Partner,Web,44,5,8,43,1,1,0,58.65,8.96,0,3,0
201856,Budapest,Referral,Web,51,44,10,37,1,0,2,87.52,218.67,1,4,0
201857,North,Organic,Mobile,37,12,4,14,0,0,2,68.26,146.15,0,5,1
201858,Budapest,Social,Web,49,20,7,27,0,1,0,42.73,0.0,0,4,1
201859,West,Organic,Store,60,12,4,9,1,0,0,97.75,0.0,0,4,0
201860,Budapest,Paid Search,Web,31,36,7,38,1,0,4,74.41,274.45,0,4,0
201861,North,Organic,Web,58,22,6,20,1,0,0,85.9,15.02,0,4,0
201862,South,Organic,Store,37,29,4,10,0,1,0,94.45,53.77,0,4,0
201863,West,Partner,Web,57,26,6,4,0,0,3,77.38,265.28,0,3,0
201864,East,Partner,Mobile,57,17,11,28,1,0,2,58.05,28.95,0,3,0
201865,North,Referral,Web,64,38,7,38,0,1,3,94.02,273.67,0,4,0
201866,East,Partner,Store,52,3,6,30,1,1,0,80.41,50.59,0,3,1
201867,Budapest,Partner,Web,54,54,5,21,0,0,2,108.91,256.52,0,4,1
201868,Budapest,Paid Search,Store,52,51,7,35,1,0,3,113.52,350.18,0,4,1
201869,Budapest,Organic,Web,35,32,5,13,0,0,2,68.31,101.96,0,3,1
201870,North,Organic,Web,52,29,14,48,0,0,1,95.47,126.86,0,4,1
201871,West,Referral,Web,24,45,4,10,0,0,3,102.11,291.75,0,4,1
201872,East,Organic,Mobile,44,27,14,71,1,0,3,93.69,251.31,0,5,1
201873,Budapest,Referral,Mobile,41,4,6,24,0,0,1,79.72,53.72,0,4,0
201874,Budapest,Organic,Web,32,14,6,30,0,0,1,77.51,91.14,0,4,0
201875,South,Partner,Store,29,8,2,11,0,0,0,50.52,34.96,0,4,0
201876,East,Partner,Mobile,18,20,8,46,1,0,1,62.25,76.49,0,3,0
201877,Budapest,Organic,Store,47,25,2,5,1,0,1,96.01,86.18,0,4,0
201878,North,Partner,Mobile,37,2,13,65,1,0,3,42.62,70.39,0,4,0
201879,West,Partner,Web,56,30,6,20,1,0,1,100.21,145.34,0,4,0
201880,South,Referral,Web,38,18,3,8,0,0,3,76.39,262.59,0,5,0
201881,East,Social,Web,49,30,4,24,1,0,0,100.28,0.0,0,4,1
201882,North,Paid Search,Store,55,7,5,10,0,1,0,111.8,0.0,0,3,0
201883,Budapest,Social,Web,39,28,12,51,1,0,3,87.07,324.85,0,5,1
201884,Budapest,Paid Search,Store,23,19,7,14,0,1,1,66.8,14.63,0,5,1
201885,Budapest,Social,Store,36,41,6,15,1,1,1,63.6,78.16,0,4,1
201886,West,Organic,Mobile,41,17,11,42,1,0,1,51.17,0.0,0,4,0
201887,East,Social,Web,32,23,11,44,0,0,2,68.23,154.73,0,3,0
201888,Budapest,Paid Search,Web,43,8,6,26,1,0,0,52.21,0.0,0,5,0
201889,Budapest,Social,Web,43,31,8,23,0,0,4,93.56,275.05,1,5,0
201890,West,Referral,Mobile,59,11,7,32,1,0,1,104.69,149.74,0,4,1
201891,East,Referral,Mobile,38,37,11,32,0,0,0,69.76,0.0,0,4,0
201892,East,Organic,Web,39,26,11,54,1,0,4,84.27,349.7,1,4,1
201893,East,Paid Search,Store,68,20,7,32,0,0,4,104.34,424.59,1,4,1
201894,Budapest,Social,Web,45,15,7,35,1,0,2,96.44,159.97,0,3,0
201895,Budapest,Paid Search,Mobile,28,4,8,21,0,1,3,61.44,157.97,0,3,0
201896,Budapest,Organic,Mobile,37,7,11,49,1,0,1,102.09,84.54,0,4,1
201897,North,Partner,Mobile,40,6,6,32,0,1,2,66.82,175.12,1,4,0
201898,Budapest,Paid Search,Store,28,11,4,18,0,0,2,78.62,206.65,0,4,0
201899,Budapest,Partner,Store,44,34,4,14,0,0,1,71.75,61.59,0,4,0
201900,West,Referral,Mobile,29,24,12,32,1,0,3,89.94,190.03,1,5,0
201901,South,Organic,Web,41,26,10,37,0,0,0,87.26,0.0,0,4,1
201902,Budapest,Organic,Web,52,10,8,34,0,0,1,62.19,36.91,0,3,1
201903,Budapest,Social,Web,46,44,9,32,0,1,1,68.45,56.57,0,4,0
201904,East,Organic,Store,48,5,4,8,0,0,1,69.71,89.09,1,3,0
201905,Budapest,Partner,Web,40,10,7,16,1,1,2,18.38,59.77,0,4,0
201906,East,Paid Search,Web,54,15,6,19,1,0,0,97.84,0.0,0,3,1
201907,East,Paid Search,Mobile,40,14,10,56,1,1,3,76.8,251.18,0,4,1
201908,Budapest,Partner,Web,21,33,5,20,0,1,1,56.19,0.0,0,4,0
201909,West,Paid Search,Web,27,16,9,23,0,0,3,69.19,258.96,0,4,0
201910,East,Paid Search,Web,29,15,9,31,0,0,3,47.53,161.9,1,4,0
201911,East,Paid Search,Web,48,9,13,34,1,0,2,113.44,273.26,1,4,1
201912,North,Organic,Web,40,42,11,39,0,1,4,73.44,322.74,0,3,0
201913,Budapest,Paid Search,Mobile,37,42,11,42,1,1,6,37.41,197.88,1,4,0
201914,North,Paid Search,Store,45,12,4,17,0,0,3,76.52,259.35,0,4,1
201915,West,Organic,Web,22,17,7,25,1,0,2,79.58,139.55,0,4,1
201916,East,Paid Search,Web,29,17,8,12,0,0,0,41.93,0.0,0,3,0
201917,Budapest,Paid Search,Web,48,6,9,39,1,0,1,126.72155428730478,245.54,1,2,0
201918,West,Partner,Web,52,25,9,29,1,1,3,90.11,242.68,0,4,1
201919,East,Organic,Web,37,13,8,30,0,0,1,49.47,26.92,0,4,1
201920,South,Social,Web,32,34,7,35,0,0,1,73.68,53.87,0,3,1
201921,East,Organic,Web,50,9,11,49,0,0,2,62.68,114.66,0,4,1
201922,Budapest,Organic,Web,44,19,4,16,0,0,3,66.21,275.96,0,4,0
201923,West,Organic,Web,50,53,8,21,1,0,3,83.58,272.92,0,4,0
201924,South,Paid Search,Mobile,44,12,11,43,0,1,1,90.06,170.29,1,3,0
201925,West,Paid Search,Web,38,22,3,6,0,0,1,79.9,24.95,0,3,0
201926,Budapest,Social,Mobile,28,15,11,21,0,1,2,45.64,56.03,0,4,0
201927,Budapest,Social,Web,35,27,9,41,1,0,1,83.5,107.37,0,4,1
201928,West,Paid Search,Store,45,34,6,18,0,0,2,87.59,139.45,0,4,0
201929,Budapest,Organic,Store,57,22,3,18,0,1,1,74.82,2.9,0,3,0
201930,South,Partner,Mobile,27,22,7,29,0,0,1,74.84,23.77,0,4,0
201931,Budapest,Paid Search,Web,32,18,6,28,0,1,2,90.83,212.37,0,4,0
201932,Budapest,Partner,Web,45,10,10,39,1,1,1,78.09,36.58,0,4,0
201933,West,Partner,Mobile,20,17,10,40,0,1,2,62.97,99.67,0,3,0
201934,North,Organic,Web,44,20,7,35,0,1,5,72.34,338.42,0,4,1
201935,North,Referral,Store,62,25,2,9,0,0,1,120.43,137.15,0,2,0
201936,East,Partner,Store,55,20,7,34,0,0,0,108.82,89.24,0,4,1
201937,Budapest,Referral,Web,35,19,4,17,0,1,1,80.73,93.99,0,3,1
201938,Budapest,Organic,Mobile,39,9,9,35,0,0,0,52.68,0.0,0,3,1
201939,Budapest,Referral,Web,35,7,6,34,1,0,1,71.65,49.78,0,5,1
201940,East,Organic,Mobile,32,19,9,41,0,0,3,79.08,293.87,0,3,1
201941,East,Organic,Web,57,3,10,41,1,0,2,96.97,191.91,0,4,0
201942,East,Organic,Store,45,16,8,27,0,0,0,73.23,30.55,0,4,1
201943,West,Paid Search,Web,25,22,9,39,1,0,2,74.62,109.86,0,3,0
201944,Budapest,Partner,Web,19,9,3,8,0,0,1,53.98,20.64,0,5,0
201945,South,Paid Search,Mobile,46,12,10,52,0,1,1,92.83,77.33,0,4,1
201946,South,Partner,Web,35,14,11,33,0,1,0,44.85,0.0,0,3,0
201947,Budapest,Social,Mobile,22,3,12,38,0,1,0,54.81,0.0,0,4,1
201948,South,Organic,Mobile,36,4,11,33,0,0,2,69.42,128.36,0,4,1
201949,South,Partner,Web,49,16,7,32,0,0,1,70.15,95.21,0,4,0
201950,West,Social,Mobile,34,38,14,66,0,0,0,99.89,0.0,0,4,1
201951,Budapest,Organic,Mobile,42,20,7,22,0,1,1,66.83,95.24,0,4,1
201952,East,Paid Search,Mobile,29,36,10,27,0,0,2,44.53,84.33,0,5,1
201953,Budapest,Social,Store,44,33,2,7,0,0,0,65.29,47.69,0,3,0
201954,Budapest,Organic,Mobile,43,32,5,19,0,1,4,73.07,272.22,0,4,0
201955,Budapest,Social,Mobile,53,4,16,43,0,0,1,63.16,63.82,0,4,1
201956,Budapest,Organic,Mobile,22,10,9,54,1,0,5,57.19,313.92,0,4,0
201957,Budapest,Partner,Mobile,38,27,10,31,0,0,0,74.47,10.13,0,4,1
201958,Budapest,Social,Web,32,9,9,25,0,0,0,41.52,53.32,0,4,1
201959,Budapest,Partner,Mobile,28,15,8,27,0,1,0,61.51,6.11,0,5,0
201960,Budapest,Social,Web,31,32,6,31,1,1,2,61.5,81.87,0,5,1
201961,East,Referral,Web,37,20,9,25,1,0,1,49.31,39.47,0,4,1
201962,Budapest,Paid Search,Web,50,13,5,10,0,1,1,68.74,50.6,0,4,0
201963,South,Social,Web,41,5,9,21,0,1,0,38.91,0.0,0,4,0
201964,Budapest,Paid Search,Mobile,29,13,6,20,0,1,0,37.38,0.0,0,4,0
201965,North,Partner,Web,45,59,5,28,0,1,6,96.04,578.88,1,5,1
201966,South,Social,Store,45,41,9,47,1,0,4,82.55,322.91,0,4,0
201967,North,Social,Mobile,40,3,16,46,1,0,1,50.26,0.0,0,3,1
201968,North,Paid Search,Mobile,54,18,8,37,0,1,0,68.37,17.77,0,4,1
201969,Budapest,Organic,Web,38,7,7,19,0,1,2,70.77,84.59,0,5,0
201970,West,Paid Search,Mobile,48,24,12,27,0,0,1,79.44,58.88,0,3,0
201971,East,Referral,Web,43,13,6,32,1,1,1,76.32,94.0,0,3,1
201972,East,Paid Search,Web,21,23,8,40,1,0,0,86.61,48.22,0,4,0
201973,North,Organic,Mobile,22,11,10,41,1,1,2,24.54,54.31,0,4,0
201974,North,Organic,Web,43,42,6,30,0,0,1,124.82,77.73,0,4,1
201975,West,Organic,Mobile,55,9,6,25,0,0,2,67.93,150.6,0,5,0
201976,West,Organic,Mobile,32,19,12,33,0,1,0,79.12,0.0,0,3,1
201977,South,Paid Search,Web,55,31,5,21,0,1,3,100.86,285.19,1,4,0
201978,South,Partner,Mobile,42,4,7,28,1,0,2,88.02,175.97,0,2,0
201979,North,Social,Mobile,49,24,10,32,1,1,1,68.8,47.99,0,5,1
201980,West,Social,Web,62,58,11,35,1,1,2,92.47,212.43,0,4,0
201981,North,Social,Web,51,16,4,15,0,0,1,83.03,103.84,1,2,0
201982,West,Social,Web,43,50,6,22,0,1,1,119.85,127.68,0,5,1
201983,South,Social,Mobile,59,21,4,25,0,1,1,90.31,114.31,0,4,0
201984,West,Social,Store,42,20,5,16,0,1,1,74.28,88.16,0,4,1
201985,Budapest,Social,Web,43,42,2,6,0,0,3,97.54,315.88,0,4,0
201986,South,Referral,Mobile,41,8,11,36,1,0,3,51.58,159.28,0,4,1
201987,Budapest,Social,Mobile,36,11,12,48,1,0,2,59.0,70.18,1,4,0
201988,West,Referral,Mobile,38,16,12,58,0,0,1,69.8,76.92,0,4,1
201989,Budapest,Organic,Web,34,10,2,9,0,1,1,53.06,76.23,0,2,0
201990,South,Social,Mobile,36,14,9,30,1,1,3,51.42,112.67,0,4,0
201991,North,Referral,Mobile,60,2,10,52,0,0,2,43.07,86.74,0,5,0
201992,West,Organic,Mobile,51,31,8,24,1,0,4,93.62,397.2,0,5,0
201993,North,Social,Web,29,20,9,39,1,1,3,76.39,233.06,0,5,1
201994,West,Referral,Web,44,6,10,39,0,0,0,79.26,15.05,0,4,0
201995,North,Partner,Store,30,21,9,39,0,1,4,78.28,330.01,0,4,0
201996,East,Paid Search,Web,70,15,8,28,1,0,2,93.31,215.63,0,4,1
201997,West,Paid Search,Mobile,35,17,10,34,1,0,0,50.81,0.0,0,4,0
201998,West,Organic,Web,19,13,6,27,0,1,2,46.51,89.8,0,4,0
201999,Budapest,Organic,Mobile,26,21,13,62,1,1,1,49.61,72.63,0,3,0
202000,East,Organic,Web,35,15,5,25,0,0,2,85.5,128.77,1,4,1
202001,South,Organic,Mobile,54,33,4,17,1,0,1,54.54,13.28,0,4,0
202002,Budapest,Referral,Mobile,61,16,15,48,1,0,2,108.25,222.11,0,5,1
202003,East,Paid Search,Web,55,37,8,41,0,1,0,115.18,0.0,0,5,1
202004,Budapest,Partner,Mobile,51,72,4,16,0,0,5,119.58,702.06,0,5,1
202005,Budapest,Referral,Mobile,54,22,10,57,1,0,1,94.75,70.84,0,5,0
202006,East,Referral,Mobile,30,20,14,60,1,0,1,81.31,119.0,0,3,1
202007,Budapest,Partner,Store,50,7,5,17,1,1,0,39.8,58.3,0,4,0
202008,East,Social,Store,58,14,5,25,1,0,3,78.13,193.56,0,4,0
202009,Budapest,Organic,Mobile,49,33,9,36,1,0,1,110.19,125.98,0,4,0
202010,North,Social,Store,25,19,4,21,0,1,1,62.51,75.14,0,2,1
202011,Budapest,Paid Search,Web,59,12,7,30,0,1,1,53.8,45.68,0,3,0
202012,Budapest,Referral,Web,30,41,7,28,1,0,1,71.6,93.74,0,4,1
202013,Budapest,Partner,Store,32,23,4,20,0,1,2,48.83,158.37,1,3,1
202014,West,Social,Store,55,11,2,9,0,0,1,92.73,96.72,0,4,0
202015,East,Referral,Mobile,27,23,13,56,0,0,6,84.61,562.49,0,5,1
202016,Budapest,Paid Search,Mobile,38,18,12,38,0,1,1,39.12,50.56,0,4,1
202017,North,Partner,Mobile,42,14,8,29,1,0,1,64.18,41.48,0,3,1
202018,South,Paid Search,Web,29,11,7,24,0,1,0,57.3,0.0,0,3,1
202019,Budapest,Referral,Web,75,3,7,26,1,0,0,84.9,0.0,0,3,0
202020,Budapest,Paid Search,Web,46,33,11,21,1,0,0,84.17,18.22,0,4,0
202021,Budapest,Partner,Web,43,8,10,38,0,0,1,100.61,89.91,0,4,0
202022,Budapest,Partner,Web,36,19,7,23,0,0,2,34.64,97.73,0,3,0
202023,Budapest,Organic,Store,42,14,7,34,1,1,1,74.45,39.25,0,3,1
202024,East,Referral,Web,49,6,15,83,1,1,2,86.11,159.18,0,3,0
202025,West,Social,Web,36,15,5,22,0,1,1,56.68,101.29,0,3,0
202026,East,Partner,Mobile,65,6,7,33,0,1,1,76.37,55.47,0,3,1
202027,Budapest,Social,Mobile,29,13,9,36,0,1,2,53.78,64.29,0,3,1
202028,South,Organic,Store,43,42,7,39,0,1,3,65.11,214.65,0,4,0
202029,Budapest,Organic,Web,32,18,9,29,0,1,0,55.4,0.0,0,3,1
202030,North,Paid Search,Store,48,16,6,23,0,1,3,36.83,39.43,0,4,0
202031,Budapest,Organic,Web,49,18,10,37,0,0,4,98.8,428.82,0,5,0
202032,Budapest,Organic,Mobile,29,19,9,17,1,1,1,66.87,41.02,0,3,0
202033,East,Partner,Web,36,10,10,46,0,0,2,104.35,204.64,0,4,1
202034,West,Organic,Store,52,24,3,16,1,0,0,89.22,0.0,0,4,0
202035,Budapest,Organic,Web,49,46,7,23,0,1,1,83.14,118.85,0,4,1
202036,Budapest,Paid Search,Mobile,52,11,7,26,0,0,0,38.02,100.01,0,3,0
202037,North,Organic,Web,42,13,8,15,0,0,2,105.35,221.56,0,3,0
202038,West,Paid Search,Store,38,23,5,20,0,0,1,61.08,87.45,0,5,0
202039,East,Organic,Web,49,21,7,19,0,0,3,52.52,160.5,0,3,0
202040,West,Partner,Mobile,51,24,12,41,0,0,1,81.18,71.08,0,3,0
202041,West,Social,Web,39,12,16,54,1,0,0,52.42,71.04,0,3,0
202042,North,Paid Search,Mobile,42,36,10,50,0,0,0,89.93,0.0,0,3,0
202043,East,Organic,Web,48,30,6,33,1,0,1,114.53,98.76,0,4,0
202044,Budapest,Partner,Mobile,53,31,7,28,1,0,2,64.5,90.57,1,3,1
202045,East,Paid Search,Web,47,35,3,8,0,0,3,92.37,273.36,0,4,0
202046,South,Social,Web,32,24,6,26,0,0,6,72.77,370.32,0,4,1
202047,East,Organic,Mobile,22,21,8,36,1,0,1,57.68,93.7,0,4,0
202048,West,Referral,Web,46,12,7,25,0,0,2,104.76,202.66,0,4,1
202049,West,Referral,Web,39,45,7,39,1,0,3,93.95,265.66,0,5,0
202050,West,Social,Web,28,35,13,51,1,0,2,42.21,83.93,0,4,0
202051,South,Organic,Web,31,12,7,36,0,1,1,48.91,144.13,0,3,0
202052,East,Organic,Mobile,18,16,11,32,0,0,0,43.84,28.6,0,4,0
202053,Budapest,Organic,Mobile,53,14,10,26,1,0,0,84.13,13.98,0,3,0
202054,South,Social,Mobile,36,14,9,47,1,1,1,72.82,52.72,0,4,1
202055,West,Social,Store,24,57,11,50,0,0,2,93.52,237.4,0,3,1
202056,Budapest,Partner,Store,65,9,4,17,0,0,1,126.13,191.52,0,3,0
202057,East,Organic,Mobile,43,16,11,61,1,0,1,56.61,53.19,0,3,0
202058,South,Paid Search,Web,33,23,7,25,0,0,1,128.79,133.72,0,5,0
202059,South,Organic,Store,40,2,6,21,0,0,1,42.62,0.0,0,3,0
202060,North,Social,Store,24,9,7,24,0,0,0,33.59,17.73,0,3,1
202061,East,Social,Web,55,16,7,33,0,0,0,65.66,0.0,0,3,0
202062,West,Organic,Mobile,43,26,9,44,0,0,0,87.01,24.01,0,3,0
202063,South,Paid Search,Web,34,14,7,21,0,1,4,47.55,188.41,2,4,1
202064,North,Organic,Web,34,16,11,57,1,0,1,33.63,50.9,0,3,0
202065,East,Organic,Web,48,10,9,52,0,0,2,68.07,200.8,0,3,0
202066,Budapest,Referral,Web,34,22,8,29,1,0,2,78.96,190.49,0,4,1
202067,North,Organic,Web,18,10,5,16,0,0,1,46.87,0.0,0,3,0
202068,East,Partner,Mobile,38,21,10,39,1,1,2,61.64,95.93,0,3,0
202069,Budapest,Organic,Web,50,13,8,43,1,1,3,76.41,214.44,0,3,0
202070,North,Organic,Mobile,55,14,13,59,1,0,2,82.45,153.25,1,4,1
202071,Budapest,Paid Search,Web,40,9,9,34,0,0,0,79.08,77.37,0,3,0
202072,Budapest,Referral,Store,32,34,8,34,0,0,3,91.55,276.06,0,5,1
202073,East,Referral,Web,24,17,3,12,0,1,1,67.91,48.89,0,4,0
202074,South,Referral,Mobile,39,18,8,37,1,1,1,79.06,128.4,0,3,0
202075,West,Paid Search,Mobile,43,16,8,15,1,1,3,37.92,174.61,1,4,0
202076,West,Paid Search,Mobile,23,38,12,58,0,0,5,71.81,340.1,0,4,1
202077,Budapest,Organic,Mobile,18,23,9,35,0,1,2,64.57,126.44,0,4,0
202078,South,Paid Search,Web,31,6,5,16,0,0,0,62.85,0.0,0,4,1
202079,West,Paid Search,Mobile,30,15,10,35,0,0,1,69.43,107.69,0,4,0
202080,Budapest,Social,Mobile,53,14,12,48,1,0,3,88.24,283.45,0,4,1
202081,South,Paid Search,Mobile,39,8,5,22,0,0,2,50.17,109.61,0,4,0
202082,Budapest,Referral,Mobile,28,27,7,35,0,1,0,92.91,41.6,0,3,0
202083,South,Paid Search,Mobile,29,16,12,38,1,1,3,49.57,161.77,0,4,0
202084,South,Social,Web,33,20,3,2,0,1,1,55.69,49.67,0,4,0
202085,Budapest,Social,Web,34,28,12,41,1,1,5,64.98,309.29,1,4,0
202086,Budapest,Paid Search,Mobile,19,25,9,46,0,1,4,54.15,183.39,0,3,0
202087,East,Paid Search,Web,53,41,9,57,0,0,2,100.67,230.31,0,3,0
202088,East,Paid Search,Web,32,6,4,25,1,1,1,35.74,49.01,0,3,1
202089,West,Organic,Mobile,43,18,8,14,0,0,3,67.22,242.9,0,3,0
202090,Budapest,Paid Search,Store,28,32,10,28,0,0,1,51.14,91.2,0,2,1
202091,South,Organic,Web,51,31,4,25,0,0,4,77.53,331.78,0,5,1
202092,Budapest,Social,Mobile,40,1,4,8,0,1,1,62.271661918584954,253.81,0,4,0
202093,South,Social,Store,29,10,4,16,0,0,1,84.06,70.39,0,4,0
202094,Budapest,Organic,Mobile,25,28,7,32,0,0,2,87.2,228.59,0,4,1
202095,South,Referral,Mobile,58,33,7,28,1,0,1,99.55,26.37,0,4,1
202096,North,Paid Search,Mobile,47,21,13,43,0,0,0,76.15,37.02,0,4,1
202097,South,Organic,Mobile,48,6,8,21,1,0,0,82.79,0.0,0,2,0
202098,Budapest,Referral,Web,49,19,6,26,0,0,2,70.47,178.01,0,4,0
202099,East,Social,Web,65,9,11,31,1,0,3,87.4,294.61,0,3,1
202100,Budapest,Referral,Web,30,27,9,64,1,0,7,92.99,641.78,1,5,1
202101,West,Social,Mobile,30,12,11,36,0,1,1,47.23,42.02,0,3,0
202102,East,Paid Search,Web,47,14,6,15,1,0,1,82.26,115.48,0,2,0
202103,East,Social,Web,56,38,7,34,0,0,3,107.6,323.09,0,4,1
202104,South,Partner,Web,41,55,6,32,0,0,2,122.7,119.24,0,3,1
202105,Budapest,Paid Search,Web,42,36,1,10,1,0,1,86.14,118.58,0,4,0
202106,Budapest,Social,Web,43,19,11,30,0,1,1,73.3,91.56,0,4,0
202107,West,Social,Web,30,18,13,55,1,0,1,77.27,119.19,0,4,0
202108,North,Referral,Web,38,25,3,13,0,0,4,62.44,217.85,0,5,1
202109,West,Paid Search,Store,44,19,10,12,1,1,2,78.51,137.24,0,4,0
202110,South,Organic,Mobile,45,27,8,40,1,1,1,48.31,65.5,0,4,0
202111,West,Referral,Mobile,35,28,6,27,0,0,0,91.06,41.12,0,5,1
202112,North,Partner,Web,41,19,12,63,1,0,0,76.24,5.32,0,3,1
202113,West,Organic,Web,18,19,5,16,0,0,2,95.21,266.47,0,4,0
202114,Budapest,Paid Search,Mobile,44,16,4,15,1,0,1,85.15,93.68,0,4,0
202115,Budapest,Referral,Web,33,30,7,27,1,1,1,83.11,126.25,0,3,0
202116,Budapest,Partner,Mobile,30,47,8,26,0,0,4,114.82,471.45,0,4,1
202117,Budapest,Organic,Web,52,11,8,34,0,0,1,81.16,47.99,1,4,0
202118,West,Paid Search,Web,35,20,10,38,0,1,0,48.59,12.86,0,4,0
202119,West,Partner,Web,67,11,14,61,0,1,4,108.96,447.37,1,4,0
202120,North,Social,Store,46,18,8,40,1,0,0,115.8,0.0,0,3,0
202121,North,Social,Store,54,35,4,19,0,0,1,91.11,39.65,1,4,0
202122,Budapest,Partner,Store,24,14,2,5,0,0,1,49.95,62.53,0,3,0
202123,South,Referral,Store,52,18,4,6,0,0,0,65.39,0.0,0,3,1
202124,North,Organic,Web,50,14,5,27,0,0,1,83.02,0.0,0,4,0
202125,East,Social,Mobile,38,36,13,57,1,1,5,81.23,389.01,0,5,1
202126,East,Organic,Web,39,18,9,30,1,0,2,108.21,182.28,1,4,0
202127,East,Organic,Mobile,47,6,8,42,1,0,0,63.68,0.0,0,4,1
202128,South,Partner,Mobile,56,28,7,40,0,0,2,102.8,200.65,0,4,0
202129,West,Organic,Web,29,29,4,17,0,0,1,74.03,92.16,0,3,1
202130,East,Organic,Store,22,37,8,21,1,0,3,74.98,187.17,0,4,0
202131,East,Referral,Store,39,8,5,23,0,0,1,88.92,104.1,0,4,0
202132,Budapest,Organic,Mobile,29,10,11,59,1,0,3,61.63,137.34,0,3,1
202133,Budapest,Referral,Web,52,37,10,53,0,0,4,79.94,331.45,0,4,0
202134,West,Referral,Store,45,24,4,27,0,0,3,52.84,115.43,0,5,1
202135,East,Paid Search,Web,44,33,12,41,0,1,1,67.92,97.18,0,4,1
202136,West,Organic,Store,34,5,12,56,1,0,3,77.4,242.31,0,3,0
202137,East,Organic,Web,55,32,6,20,0,1,0,49.23,13.26,0,4,0
202138,West,Partner,Mobile,54,18,7,35,0,0,0,68.62,0.0,0,5,1
202139,South,Paid Search,Store,55,10,3,9,0,1,2,51.54,139.31,0,4,0
202140,Budapest,Organic,Web,50,20,9,37,0,0,2,75.61,130.82,0,4,0
202141,South,Organic,Web,33,8,7,30,0,0,2,52.06,122.6,0,4,1
202142,West,Referral,Web,25,19,5,15,1,0,2,32.85,82.8,0,3,0
202143,East,Paid Search,Mobile,41,28,12,59,0,0,4,66.8,233.1,0,5,1
202144,East,Paid Search,Web,47,5,9,55,1,1,2,77.14,112.91,1,3,0
202145,Budapest,Referral,Mobile,43,13,12,44,0,1,3,80.91,269.88,1,3,0
202146,East,Organic,Web,35,34,9,29,1,0,2,63.18,106.32,0,4,1
202147,Budapest,Paid Search,Web,28,10,11,66,0,0,1,74.37,62.06,0,4,1
202148,West,Organic,Web,52,23,12,58,1,1,2,96.5,195.98,0,4,1
202149,West,Referral,Store,34,8,4,9,0,0,0,73.1,0.0,0,4,0
202150,East,Referral,Web,38,10,3,13,0,1,0,67.18,0.0,0,4,1
202151,North,Paid Search,Web,18,17,11,55,0,1,1,78.52,20.64,0,4,1
202152,Budapest,Paid Search,Store,18,8,6,14,1,1,1,59.62,132.7,0,3,0
202153,Budapest,Paid Search,Store,36,22,3,12,0,0,4,66.98,213.48,0,3,0
202154,North,Paid Search,Mobile,39,47,11,37,0,0,1,116.66,142.11,0,5,1
202155,East,Referral,Mobile,49,31,9,18,0,1,3,90.8,276.43,0,4,1
202156,North,Social,Web,34,31,10,50,1,1,0,82.77,0.0,0,2,0
202157,Budapest,Organic,Store,39,28,3,16,1,0,0,86.65,0.0,0,4,0
202158,East,Social,Web,35,45,6,9,0,0,1,103.7,16.83,1,5,0
202159,Budapest,Organic,Store,23,34,10,14,1,0,3,62.31,207.12,0,4,0
202160,Budapest,Paid Search,Web,56,13,6,35,0,1,2,99.79,208.23,1,3,0
202161,South,Organic,Mobile,36,15,9,44,1,0,0,65.93,0.0,0,4,1
202162,Budapest,Social,Web,30,22,4,12,0,0,1,73.83,129.72,0,5,1
202163,Budapest,Organic,Mobile,42,22,7,25,0,0,2,80.2,174.35,1,4,1
202164,East,Social,Mobile,23,18,11,67,1,0,4,68.84,311.45,0,4,1
202165,East,Social,Web,34,9,8,31,0,0,1,51.25,57.6,0,3,1
202166,West,Referral,Web,44,6,5,25,0,1,1,59.92,86.45,0,3,0
202167,Budapest,Organic,Mobile,55,14,10,38,0,1,1,84.21,72.38,1,3,1
202168,Budapest,Paid Search,Web,66,8,9,37,0,0,1,69.46,59.2,1,3,0
202169,West,Organic,Store,33,12,6,29,1,1,1,59.45,91.36,0,4,1
202170,Budapest,Organic,Store,68,28,7,33,0,0,4,103.1,410.16,1,5,0
202171,Budapest,Organic,Store,22,8,13,60,1,1,1,47.63,53.14,1,3,1
202172,Budapest,Social,Store,46,45,7,28,0,1,3,72.92,217.94,0,5,1
202173,South,Social,Mobile,38,9,8,29,1,0,2,85.17,170.83,0,3,0
202174,West,Organic,Mobile,46,6,8,36,0,1,1,68.49,66.48,0,3,0
202175,Budapest,Organic,Store,71,27,3,4,0,0,2,105.81,204.53,0,3,0
202176,West,Organic,Web,46,25,5,21,1,0,1,89.16,104.92,0,3,0
202177,East,Paid Search,Mobile,53,20,4,13,0,1,2,71.03,211.03,0,3,0
202178,South,Referral,Mobile,32,18,10,35,1,1,3,54.03,139.61,0,4,1
202179,West,Referral,Web,50,15,5,17,1,1,2,59.34,134.34,0,4,0
202180,West,Paid Search,Web,46,20,9,33,0,0,2,49.81,68.06,0,4,1
202181,South,Referral,Web,41,15,4,20,0,0,0,93.54,0.0,0,4,1
202182,North,Paid Search,Web,56,9,10,47,0,1,1,85.34,76.84,0,3,1
202183,East,Partner,Store,28,5,5,19,0,0,1,88.61,105.71,0,4,0
202184,Budapest,Referral,Store,37,6,6,22,0,1,0,38.89,0.0,0,3,0
202185,Budapest,Paid Search,Web,39,19,5,21,0,0,2,94.5,188.33,0,3,0
202186,Budapest,Organic,Store,58,5,6,17,0,0,1,64.33,2.73,0,3,1
202187,South,Organic,Mobile,42,7,9,37,1,1,2,53.32,76.33,0,4,0
202188,Budapest,Organic,Web,44,34,3,18,0,0,0,81.31,22.28,0,4,0
202189,Budapest,Organic,Web,43,21,13,44,1,0,3,51.93,184.42,0,3,1
202190,East,Referral,Web,40,38,7,22,0,0,0,81.47,28.54,0,4,0
202191,Budapest,Partner,Mobile,45,6,9,34,1,0,1,35.17,19.5,0,4,0
202192,West,Paid Search,Mobile,48,35,14,63,1,0,1,72.23,87.46,0,4,0
202193,West,Organic,Mobile,43,28,6,24,0,0,0,71.54,0.0,0,4,1
202194,North,Social,Web,49,1,5,20,0,1,2,76.09,173.53,0,4,1
202195,South,Organic,Web,37,26,7,37,0,0,3,87.97,277.26,0,5,0
202196,South,Organic,Web,49,17,10,48,0,0,1,79.11,91.95,1,5,0
202197,South,Organic,Web,29,19,15,76,1,0,5,76.0,293.94,0,4,1
202198,West,Social,Web,47,30,7,35,0,0,2,54.06,118.09,0,5,1
202199,Budapest,Social,Web,52,11,7,42,1,0,0,84.05,0.0,0,3,0
202200,Budapest,Organic,Store,22,55,4,25,1,1,2,86.15,208.34,2,5,0
202201,East,Partner,Web,36,15,6,23,0,1,1,67.69,128.53,0,3,0
202202,South,Social,Web,27,29,14,43,0,0,4,30.06,129.35,0,5,1
202203,East,Social,Mobile,26,46,14,45,0,1,2,79.19,213.79,0,5,1
202204,Budapest,Referral,Web,32,30,6,11,0,1,3,62.98,144.12,1,4,0
202205,East,Partner,Web,37,22,5,9,0,0,1,88.31,98.54,0,3,0
202206,Budapest,Referral,Mobile,38,18,10,36,1,0,1,106.01,124.92,0,3,1
202207,Budapest,Organic,Web,55,21,12,59,0,1,0,89.12,0.0,0,4,0
202208,West,Referral,Web,42,18,9,34,0,0,0,111.49,0.0,0,3,0
202209,North,Social,Mobile,23,8,6,30,0,0,1,32.0,45.79,0,5,0
202210,West,Organic,Web,32,5,11,31,0,0,2,66.01,102.19,0,2,1
202211,East,Paid Search,Mobile,56,13,6,27,1,0,3,67.29,203.08,1,3,1
202212,East,Partner,Web,39,21,8,32,0,1,3,69.66,205.57,0,4,1
202213,Budapest,Referral,Mobile,52,41,7,36,0,0,0,82.45,18.23,0,4,1
202214,North,Paid Search,Store,59,6,3,4,0,1,2,81.12,186.94,0,3,0
202215,Budapest,Organic,Mobile,59,44,4,31,0,0,2,89.1,233.74,0,4,0
202216,North,Paid Search,Web,28,37,6,9,0,1,1,55.16,28.83,0,4,1
202217,West,Social,Web,47,15,7,46,1,0,2,59.3,117.47,0,2,0
202218,East,Partner,Mobile,47,6,6,36,1,0,1,81.8,141.2,0,2,0
202219,Budapest,Organic,Web,34,14,11,61,1,1,1,60.39,58.95,0,4,0
202220,East,Social,Web,48,6,8,32,1,0,1,81.69,107.79,0,5,1
202221,Budapest,Referral,Web,53,8,8,34,0,1,0,78.34,0.0,0,5,0
202222,Budapest,Paid Search,Web,37,42,5,25,1,0,1,93.91,42.52,1,4,0
202223,Budapest,Paid Search,Mobile,38,9,11,31,0,0,6,69.11,369.7,0,4,1
202224,South,Referral,Web,42,18,4,17,1,1,2,100.97,215.1,0,4,0
202225,Budapest,Organic,Mobile,30,41,10,69,1,0,4,91.97,383.39,0,5,0
202226,Budapest,Social,Web,40,39,9,54,1,0,2,92.68,148.71,0,4,1
202227,West,Organic,Store,31,13,6,34,1,0,3,74.3,193.72,0,4,0
202228,East,Paid Search,Store,56,10,4,17,1,0,0,80.29,20.02,0,2,1
202229,Budapest,Partner,Web,48,19,8,20,0,1,2,84.54,161.0,0,3,1
202230,Budapest,Partner,Store,18,47,7,23,0,0,3,83.13,172.18,0,4,0
202231,South,Organic,Mobile,44,23,5,20,1,0,2,75.47,96.85,0,4,1
202232,East,Organic,Web,69,16,11,36,1,0,3,78.58,251.35,0,2,1
202233,East,Paid Search,Store,43,6,7,32,0,1,1,95.71,97.91,0,4,0
202234,South,Paid Search,Web,36,19,3,9,0,1,2,19.09,28.44,0,3,0
202235,Budapest,Paid Search,Mobile,49,32,8,35,0,0,2,86.92,202.45,0,3,0
202236,East,Organic,Mobile,34,26,7,39,0,0,6,82.89,499.58,0,4,1
202237,Budapest,Partner,Mobile,61,39,12,39,0,1,3,95.2,238.44,0,5,1
202238,Budapest,Social,Web,50,9,5,24,0,0,1,62.46,66.87,0,4,1
202239,North,Paid Search,Web,44,19,11,22,0,0,1,81.05,112.17,0,4,1
202240,East,Organic,Web,67,39,8,34,1,0,3,117.84,299.63,0,3,0
202241,Budapest,Organic,Mobile,50,35,7,34,1,0,2,59.06,39.9,0,4,0
202242,East,Social,Store,58,25,5,14,1,0,2,87.94,153.94,0,4,0
202243,Budapest,Paid Search,Mobile,47,11,8,26,1,0,2,66.58,95.44,1,3,0
202244,West,Social,Store,28,18,5,14,1,0,1,31.26,76.76,0,3,0
202245,East,Partner,Web,20,40,6,25,0,0,2,40.35,167.35,1,4,0
202246,East,Social,Web,48,15,7,31,0,0,1,87.64,48.02,0,5,1
202247,Budapest,Organic,Store,34,16,5,19,1,0,0,103.88,11.82,0,3,0
202248,North,Paid Search,Mobile,28,11,3,11,0,1,1,48.67,18.38,0,4,0
202249,West,Referral,Web,38,26,6,23,1,1,0,76.37,0.0,0,3,0
202250,Budapest,Paid Search,Web,48,22,10,43,0,1,1,87.7,109.85,0,4,1
202251,Budapest,Partner,Mobile,45,10,10,42,0,0,1,92.43,74.87,0,4,1
202252,Budapest,Paid Search,Web,51,35,10,44,1,0,1,95.16,89.52,0,4,1
202253,Budapest,Partner,Mobile,19,28,12,41,0,0,1,44.74,13.35,0,4,1
202254,Budapest,Paid Search,Mobile,39,45,10,30,1,0,2,86.91,168.26,0,4,1
202255,Budapest,Paid Search,Web,52,27,7,34,0,1,3,84.48,182.05,0,4,0
202256,East,Referral,Web,36,18,11,44,1,0,2,38.89,108.3,1,2,0
202257,Budapest,Organic,Web,41,21,9,44,0,0,2,123.76,275.48,0,4,1
202258,East,Organic,Store,32,17,7,15,0,0,3,74.32,226.78,0,4,1
202259,East,Organic,Store,51,46,11,52,0,0,6,105.37,679.88,0,5,0
202260,Budapest,Social,Web,45,15,11,32,0,0,2,73.12,175.62,0,4,1
202261,Budapest,Social,Web,21,10,4,8,1,0,1,43.89,78.81,0,3,0
202262,West,Organic,Mobile,26,36,11,43,0,0,6,64.46,410.66,0,5,1
202263,Budapest,Organic,Web,43,20,6,29,1,0,1,79.68,77.25,0,4,0
202264,West,Partner,Web,40,15,4,4,0,1,1,72.84,106.17,0,3,0
202265,West,Referral,Web,51,24,9,21,0,0,2,89.27,119.61,0,4,0
202266,North,Referral,Mobile,44,10,16,20,1,1,2,71.09,190.33,0,5,1
202267,West,Organic,Web,44,11,9,34,1,1,1,42.23,49.76,0,5,1
202268,Budapest,Social,Web,48,12,6,16,0,0,2,74.82,164.22,0,3,0
202269,Budapest,Paid Search,Web,41,14,6,28,0,0,0,70.28,0.0,0,5,1
202270,North,Paid Search,Web,48,16,5,19,0,0,0,70.71,83.97,0,3,0
202271,Budapest,Paid Search,Store,34,6,7,33,1,0,1,79.63,86.7,0,3,1
202272,Budapest,Paid Search,Mobile,35,19,12,56,1,1,6,75.79,505.12,0,4,1
202273,Budapest,Social,Web,61,20,12,44,1,0,3,104.03,292.9,0,4,0
202274,Budapest,Partner,Web,53,17,6,20,1,1,3,85.37,327.63,0,4,1
202275,Budapest,Paid Search,Web,25,9,5,15,1,1,1,69.84,96.1,0,4,0
202276,East,Social,Mobile,44,12,7,39,0,0,1,71.96,62.1,0,4,0
202277,Budapest,Partner,Web,30,54,9,34,1,0,2,95.12,193.87,0,4,0
202278,Budapest,Paid Search,Mobile,32,7,7,26,1,0,2,37.15,40.6,0,3,0
202279,Budapest,Paid Search,Mobile,39,27,5,21,1,1,1,83.4,99.23,0,3,0
202280,South,Organic,Mobile,18,54,9,41,1,1,6,59.35,318.79,0,4,0
202281,North,Paid Search,Web,30,27,2,10,0,0,3,80.0,227.54,0,4,0
202282,West,Organic,Mobile,56,17,9,48,0,0,4,85.43,308.47,1,3,0
202283,East,Referral,Web,35,13,6,21,0,1,1,73.32,108.46,0,4,1
202284,Budapest,Organic,Store,32,20,5,12,0,1,2,73.09,142.23,0,3,0
202285,South,Organic,Mobile,35,10,7,35,0,0,1,53.34,16.73,1,4,0
202286,Budapest,Organic,Mobile,58,22,12,58,1,0,1,67.49,15.61,0,3,1
202287,North,Referral,Store,42,7,8,15,0,0,0,90.9,0.0,0,4,0
202288,East,Organic,Store,33,26,8,33,0,0,0,96.69,0.0,0,3,1
202289,West,Organic,Web,30,18,7,26,0,0,3,48.41,148.4,0,3,0
202290,Budapest,Organic,Store,51,24,6,22,1,1,2,80.68,165.98,0,3,1
202291,Budapest,Partner,Web,39,13,7,28,0,1,1,40.72,57.74,1,2,0
202292,Budapest,Paid Search,Web,50,16,4,14,0,0,1,79.26,80.47,0,4,0
202293,West,Organic,Web,57,15,3,15,1,1,3,54.34,201.72,0,5,0
202294,Budapest,Social,Web,36,19,8,31,1,0,2,84.8,146.46,0,2,1
202295,East,Referral,Store,35,10,5,18,0,0,0,98.81,13.14,0,2,0
202296,North,Referral,Store,51,22,6,19,0,0,3,63.3,188.7,0,5,1
202297,Budapest,Organic,Store,43,13,8,31,1,1,0,92.0,0.0,0,3,0
202298,East,Organic,Mobile,28,5,11,45,1,0,2,37.31,0.0,0,3,1
202299,East,Partner,Web,37,16,8,35,1,0,2,81.23,137.52,1,4,0
202300,South,Organic,Mobile,35,12,12,55,1,0,1,64.86,79.47,0,3,1
202301,Budapest,Organic,Web,18,25,5,26,1,1,0,91.29,0.0,0,4,0
202302,West,Social,Web,35,25,5,14,0,0,0,92.89,2.25,0,4,0
202303,South,Organic,Mobile,39,8,11,43,0,0,4,70.36,231.54,0,4,1
202304,South,Organic,Mobile,34,13,9,40,1,0,2,76.46,175.32,0,4,1
202305,North,Social,Mobile,37,22,6,19,1,1,3,54.69,187.08,0,4,0
202306,East,Paid Search,Store,38,26,13,52,1,1,3,116.1,291.96,1,5,1
202307,Budapest,Organic,Web,43,8,7,31,1,0,2,80.01,185.11,1,4,1
202308,South,Organic,Mobile,42,29,12,56,0,0,2,74.65,140.26,0,4,0
202309,Budapest,Paid Search,Web,42,20,5,16,0,0,0,84.26,20.5,0,4,0
202310,Budapest,Partner,Web,39,27,7,37,0,0,4,76.45,341.56,0,4,0
202311,East,Social,Mobile,41,21,6,12,0,0,0,61.44,0.0,0,4,0
202312,Budapest,Paid Search,Web,49,24,10,47,0,0,1,53.36,92.71,0,5,1
202313,East,Organic,Store,26,26,4,12,0,0,2,93.56,250.17,0,4,1
202314,Budapest,Social,Web,40,12,5,12,0,0,1,72.39,25.17,0,4,0
202315,East,Organic,Web,63,33,3,0,1,0,1,105.56,132.13,0,3,0
202316,East,Organic,Web,28,25,4,25,0,1,2,92.88,151.66,0,5,1
202317,Budapest,Social,Store,30,21,3,12,1,1,1,63.79,70.17,0,4,1
202318,North,Social,Web,34,19,10,40,0,1,2,97.04,186.94,1,5,0
202319,South,Social,Web,45,21,9,35,0,1,2,54.07,92.68,0,4,1
202320,West,Organic,Web,37,14,7,27,0,0,1,51.8,73.9,0,3,0
202321,Budapest,Organic,Web,30,26,11,36,0,1,2,56.45,76.38,1,4,1
202322,Budapest,Paid Search,Web,40,15,6,15,0,1,1,93.12,63.15,0,4,0
202323,North,Referral,Mobile,59,3,9,34,0,0,1,69.73,69.72,0,3,0
202324,North,Paid Search,Web,54,55,5,15,0,1,1,92.06,83.45,0,5,1
202325,South,Paid Search,Web,36,20,14,48,1,1,1,84.18,71.97,1,5,0
202326,West,Paid Search,Mobile,54,22,15,13,0,1,2,91.51,187.78,1,3,0
202327,South,Paid Search,Web,31,30,7,29,0,1,2,82.45,137.45,0,4,0
202328,North,Referral,Web,48,6,7,26,0,1,0,66.49,40.04,0,3,1
202329,Budapest,Social,Mobile,47,8,7,31,0,1,1,68.97,23.26,0,4,0
202330,Budapest,Organic,Mobile,26,39,13,59,0,0,2,104.96,222.09,0,4,1
202331,South,Paid Search,Web,43,11,7,29,1,0,1,69.86,83.48,0,3,0
202332,East,Paid Search,Store,50,29,4,18,0,1,0,92.56,0.0,0,4,0
202333,South,Organic,Store,53,5,9,33,0,1,2,84.12,173.61,0,3,1
202334,West,Organic,Web,47,28,3,15,0,0,1,82.08,119.05,0,4,0
202335,Budapest,Referral,Web,44,49,14,36,0,0,2,82.87,179.73,0,5,1
202336,East,Organic,Mobile,54,8,12,72,1,0,1,114.17,120.46,1,4,0
202337,Budapest,Organic,Web,36,42,8,33,1,0,4,81.12,306.34,1,5,1
202338,West,Referral,Mobile,52,22,8,30,0,1,2,72.81,104.68,0,5,1
202339,West,Social,Store,31,13,3,11,1,0,2,68.77,163.52,0,4,0
202340,Budapest,Paid Search,Mobile,52,61,7,24,1,0,2,79.01,271.86,0,5,1
202341,East,Social,Web,44,34,8,25,0,1,2,74.93,114.72,1,3,0
202342,East,Social,Web,49,3,5,14,0,1,0,67.62,0.0,0,2,0
202343,Budapest,Referral,Web,59,29,7,23,0,1,3,84.37,256.92,0,3,1
202344,East,Organic,Store,58,8,2,5,0,0,2,59.01,152.94,1,4,0
202345,West,Referral,Web,38,12,9,39,0,1,0,71.87,30.04,0,5,0
202346,Budapest,Organic,Web,53,9,8,31,1,0,1,78.6,70.55,0,3,1
202347,East,Organic,Mobile,48,10,5,23,0,0,0,69.26,39.41,0,3,0
202348,Budapest,Social,Mobile,50,16,9,44,1,1,4,83.55,270.21,0,4,1
202349,East,Organic,Store,44,12,3,19,0,0,1,72.76,134.1,0,4,0
202350,Budapest,Organic,Store,49,32,5,24,0,0,1,123.32,77.69,0,4,0
202351,Budapest,Partner,Web,53,15,7,19,0,1,2,80.82,189.41,0,4,0
202352,North,Social,Mobile,48,14,9,33,1,0,3,56.43,94.69,0,4,0
202353,East,Organic,Web,32,15,12,30,0,1,3,45.12,157.8,0,4,1
202354,West,Organic,Web,47,57,8,32,0,0,2,113.93,190.02,1,4,0
202355,Budapest,Referral,Web,33,31,7,37,1,0,0,108.31,0.0,0,3,0
202356,South,Referral,Mobile,25,12,5,27,1,1,1,81.62,69.46,1,3,1
202357,South,Organic,Mobile,44,23,9,47,0,1,4,84.27,355.02,0,4,1
202358,West,Organic,Web,42,72,9,23,0,1,2,82.17,179.46,0,5,1
202359,West,Organic,Store,41,11,2,11,0,0,1,68.61,51.63,0,3,0
202360,East,Partner,Store,46,27,6,25,0,0,2,94.21,232.09,1,4,0
202361,West,Organic,Web,48,34,10,48,0,0,3,104.19,373.81,0,4,1
202362,North,Social,Store,55,12,7,27,0,0,0,89.22,0.0,0,1,0
202363,Budapest,Referral,Store,41,10,7,33,0,0,1,74.34,93.44,0,3,0
202364,East,Partner,Web,39,72,8,31,1,0,1,95.89,57.6,0,5,0
202365,West,Paid Search,Web,36,10,7,29,1,0,3,83.11,269.93,0,3,0
202366,Budapest,Organic,Mobile,36,13,11,28,0,0,0,74.22,0.0,0,3,1
202367,South,Referral,Web,51,9,10,37,0,1,1,105.25,97.29,1,4,0
202368,North,Referral,Mobile,18,13,13,59,0,0,0,62.08,0.0,0,3,1
202369,North,Referral,Web,36,2,7,30,1,0,0,23.06,0.0,0,3,0
202370,South,Paid Search,Mobile,36,41,10,21,0,0,4,115.24,518.58,0,5,1
202371,South,Referral,Web,36,49,9,32,1,0,5,72.06,377.1,0,5,1
202372,East,Partner,Mobile,54,26,4,15,1,1,2,79.99,172.14,1,4,1
202373,East,Organic,Store,40,6,5,8,0,0,1,52.15,101.59,0,3,0
202374,East,Referral,Store,37,10,6,18,0,1,2,57.55,110.59,0,3,0
202375,Budapest,Organic,Web,48,51,1,4,0,0,4,49.98,161.27,0,4,0
202376,West,Social,Mobile,28,33,8,30,0,0,3,85.58,241.25,0,4,1
202377,Budapest,Referral,Mobile,28,16,13,44,0,0,1,59.87,18.99,0,4,0
202378,North,Paid Search,Mobile,43,20,15,51,1,1,1,94.59,78.54,0,5,1
202379,West,Referral,Mobile,35,33,12,69,1,0,2,86.12,151.13,0,4,1
202380,Budapest,Referral,Store,53,18,6,23,1,0,1,89.96,111.81,0,4,1
202381,Budapest,Paid Search,Mobile,60,12,8,34,0,0,0,90.04,83.74,0,3,0
202382,Budapest,Partner,Mobile,48,20,6,22,0,1,1,73.48,83.38,0,2,0
202383,South,Referral,Mobile,40,2,9,36,0,1,1,70.97,52.81,0,3,0
202384,South,Paid Search,Mobile,46,11,9,26,0,1,3,104.39,280.96,0,3,0
202385,North,Partner,Store,53,12,7,23,1,0,2,87.48,160.98,0,5,1
202386,West,Paid Search,Web,33,16,5,15,0,0,0,87.04,0.0,0,3,0
202387,Budapest,Organic,Mobile,53,7,12,30,1,0,2,64.51,138.95,0,4,0
202388,West,Social,Web,46,4,5,16,0,0,1,53.74,24.01,0,3,0
202389,East,Social,Store,46,4,6,21,0,0,0,75.83,56.84,0,4,1
202390,Budapest,Paid Search,Mobile,51,15,7,30,0,0,2,79.42,205.02,0,4,1
202391,Budapest,Organic,Mobile,23,31,12,58,0,0,2,82.91,202.31,0,4,0
202392,East,Paid Search,Web,37,29,5,26,0,1,2,67.67,140.86,0,4,1
202393,Budapest,Organic,Mobile,31,22,8,31,0,1,1,108.77,127.67,0,4,0
202394,Budapest,Organic,Web,37,48,5,34,1,0,1,66.76,26.17,0,5,0
202395,North,Organic,Mobile,50,32,8,37,1,1,2,94.18,184.0,0,4,0
202396,Budapest,Partner,Mobile,33,34,16,51,1,1,1,64.56,54.84,0,4,1
202397,East,Organic,Store,49,23,2,8,0,1,0,83.31,33.29,0,4,1
202398,East,Referral,Store,44,72,6,24,0,0,1,108.95,95.14,0,3,0
202399,North,Paid Search,Web,37,19,10,25,1,1,2,31.15,13.17,0,4,1
202400,East,Social,Web,65,48,1,0,0,0,1,111.25,82.76,0,4,0
202401,North,Referral,Web,60,42,8,32,0,1,1,86.64,111.6,0,4,1
202402,Budapest,Social,Mobile,45,28,11,51,0,1,1,84.13,115.89,0,4,0
202403,Budapest,Organic,Web,41,18,13,45,1,0,3,65.38,227.39,0,4,1
202404,Budapest,Social,Mobile,30,23,9,44,0,0,1,66.18,25.9,1,3,0
202405,West,Social,Store,55,11,6,23,0,0,2,113.22,211.36,0,3,0
202406,South,Referral,Store,46,15,7,30,0,1,1,86.61,88.62,1,2,0
202407,Budapest,Referral,Store,18,5,5,12,0,0,1,76.2,121.56,0,3,1
202408,East,Paid Search,Web,49,40,5,18,0,1,3,59.99,187.11,0,4,0
202409,North,Referral,Store,44,31,7,13,0,1,4,122.1,526.46,0,4,0
202410,Budapest,Paid Search,Web,54,14,6,23,0,0,0,78.79,7.37,0,3,1
202411,East,Partner,Mobile,39,13,9,40,0,0,2,63.88,131.23,0,3,1
202412,North,Social,Web,48,32,4,6,0,1,0,77.09,0.0,0,4,0
202413,South,Organic,Web,23,25,9,38,0,0,1,52.31,83.63,0,3,0
202414,West,Organic,Web,43,4,8,43,0,0,1,96.5,189.04,0,3,0
202415,East,Organic,Mobile,21,8,7,21,0,0,0,77.15,37.33,0,4,0
202416,South,Organic,Web,73,15,9,41,0,1,2,78.34,84.61,0,4,1
202417,Budapest,Paid Search,Web,47,23,9,36,0,1,0,92.83,31.86,0,4,0
202418,Budapest,Organic,Store,35,12,6,19,1,0,0,71.11,0.0,0,4,1
202419,East,Paid Search,Mobile,31,6,11,59,1,0,1,38.48,59.53,0,3,1
202420,Budapest,Organic,Mobile,48,18,9,33,0,1,1,77.24,71.94,0,4,1
202421,North,Paid Search,Web,54,17,5,21,1,1,1,57.83,37.23,1,4,0
202422,Budapest,Referral,Store,47,7,2,4,0,0,0,69.05,37.75,0,3,0
202423,West,Social,Web,48,17,13,53,1,1,1,77.03,46.2,0,3,0
202424,Budapest,Referral,Web,41,24,3,12,0,1,2,57.99,98.22,1,4,0
202425,Budapest,Paid Search,Store,46,17,5,22,0,1,3,56.97,203.91,0,3,0
202426,West,Partner,Mobile,40,13,14,41,0,1,2,58.02,72.52,0,5,0
202427,West,Paid Search,Web,56,28,7,27,1,0,4,90.55,332.02,0,4,0
202428,West,Paid Search,Web,33,33,5,22,1,1,2,101.87,223.51,0,4,0
202429,North,Referral,Mobile,20,26,9,38,1,1,4,88.96,340.24,0,4,1
202430,South,Referral,Web,45,12,11,56,0,0,0,84.73,44.52,0,2,1
202431,Budapest,Referral,Store,45,7,3,15,0,0,0,72.99,5.73,0,4,1
202432,Budapest,Referral,Store,26,24,9,34,0,0,4,62.98,221.21,1,3,1
202433,Budapest,Organic,Web,49,28,5,27,1,1,0,58.7,0.0,0,4,1
202434,West,Referral,Mobile,57,7,10,31,1,0,3,60.41,180.94,0,4,1
202435,North,Partner,Web,68,10,9,33,1,0,1,80.43,105.01,0,3,0
202436,Budapest,Referral,Web,46,4,8,31,1,0,0,87.76,0.0,0,2,0
202437,East,Social,Web,42,24,9,29,1,1,4,74.75,240.63,0,4,0
202438,South,Paid Search,Web,44,15,8,47,0,0,2,39.58,57.08,0,3,0
202439,South,Referral,Mobile,49,16,16,78,1,0,2,89.96,185.47,0,5,1
202440,Budapest,Social,Web,35,6,4,17,0,0,1,71.74,31.0,0,3,0
202441,West,Organic,Web,40,13,7,25,1,0,1,70.25,32.44,0,4,1
202442,West,Referral,Web,43,42,7,34,1,1,8,111.14,920.13,1,4,1
202443,South,Social,Web,56,35,8,37,1,1,1,123.99,132.12,0,3,1
202444,West,Social,Web,18,13,10,37,0,0,0,82.5,9.05,0,5,1
202445,Budapest,Organic,Store,45,19,9,36,1,1,1,66.4,34.9,1,5,1
202446,West,Organic,Mobile,48,8,6,17,0,0,2,90.22,137.79,0,4,1
202447,Budapest,Referral,Store,35,2,8,23,0,0,0,60.81,34.52,0,3,0
202448,East,Paid Search,Web,40,25,3,15,0,1,1,59.59,12.64,0,4,1
202449,South,Organic,Web,41,47,7,38,0,1,0,101.1,0.0,0,5,1
202450,North,Paid Search,Web,45,11,7,34,1,0,3,58.22,203.08,0,4,0
202451,East,Partner,Store,21,27,9,23,0,1,0,46.72,30.26,0,3,0
202452,South,Referral,Web,28,25,9,33,0,0,2,38.48,117.17,0,4,0
202453,Budapest,Referral,Mobile,32,23,12,53,1,0,3,69.08,204.27,0,4,1
202454,East,Paid Search,Mobile,56,15,9,34,1,0,0,96.34,0.0,0,3,1
202455,Budapest,Paid Search,Web,42,18,7,24,0,1,3,33.05,138.5,0,4,1
202456,East,Paid Search,Web,26,13,7,40,1,0,2,73.98,164.04,0,3,0
202457,Budapest,Organic,Web,46,25,7,31,1,0,4,83.54,345.02,1,4,0
202458,East,Social,Web,40,9,6,11,0,0,0,78.92,0.0,0,4,1
202459,Budapest,Partner,Mobile,58,16,6,31,0,1,0,103.63,0.0,0,4,1
202460,South,Referral,Web,42,29,4,13,0,0,1,80.12,109.03,0,4,1
202461,West,Paid Search,Mobile,35,44,5,18,1,1,3,77.79,214.76,0,3,0
202462,North,Organic,Web,44,22,9,50,0,1,2,58.03,57.89,0,4,1
202463,West,Partner,Web,44,42,8,30,0,0,0,131.93,0.0,0,3,1
202464,Budapest,Social,Mobile,35,11,4,14,0,0,0,61.26,0.0,0,3,0
202465,East,Organic,Web,51,21,10,51,1,1,1,76.14,34.16,0,4,0
202466,West,Organic,Mobile,54,19,9,45,1,0,2,84.02,262.62,0,4,0
202467,West,Paid Search,Store,18,30,7,35,0,1,4,62.83,235.29,0,3,0
202468,East,Referral,Web,58,13,10,40,1,0,3,77.76,268.12,0,4,1
202469,West,Organic,Web,36,58,6,18,0,0,0,91.38,1.65,0,4,0
202470,Budapest,Referral,Web,19,63,9,36,0,0,4,39.61,98.88,0,5,1
202471,North,Organic,Web,58,10,9,36,1,1,2,82.93,153.87,0,4,1
202472,Budapest,Organic,Web,57,30,10,57,0,1,1,62.8,54.88,0,3,0
202473,Budapest,Paid Search,Mobile,40,19,14,42,0,1,1,106.57,58.93,0,3,0
202474,East,Organic,Mobile,59,30,14,67,0,0,3,116.69,336.04,0,5,1
202475,East,Partner,Mobile,29,6,15,64,0,0,3,57.98,211.81,0,4,1
202476,Budapest,Paid Search,Mobile,38,9,13,32,0,0,5,84.7,469.09,0,4,1
202477,North,Organic,Mobile,65,16,14,53,1,0,0,67.14,31.7,0,4,1
202478,West,Referral,Mobile,56,26,13,28,1,1,4,114.33,486.63,0,5,0
202479,South,Paid Search,Web,18,21,15,76,1,0,4,83.34,357.88,0,4,1
202480,North,Organic,Web,33,23,6,22,0,0,0,88.56,25.71,0,3,0
202481,Budapest,Referral,Web,41,50,14,64,0,0,1,79.96,81.98,0,4,1
202482,Budapest,Paid Search,Mobile,46,15,9,32,0,1,0,67.85,1.57,0,3,1
202483,South,Referral,Store,45,5,3,10,0,0,1,81.82,180.07,0,5,1
202484,Budapest,Partner,Web,51,12,12,46,0,1,2,61.3,109.69,0,4,1
202485,East,Paid Search,Mobile,37,14,14,62,0,0,2,81.23,162.95,0,3,1
202486,North,Referral,Web,44,7,9,40,0,0,0,79.13,45.82,0,4,0
202487,Budapest,Paid Search,Web,30,56,5,25,1,1,1,40.02,118.6,0,4,1
202488,East,Organic,Store,25,72,8,24,1,0,3,103.61,334.93,0,5,0
202489,West,Social,Web,30,40,9,44,0,0,4,108.78,458.89,0,5,1
202490,East,Organic,Web,23,17,6,33,1,1,3,72.45,226.62,0,4,1
202491,Budapest,Organic,Store,51,43,4,23,0,0,3,112.08,362.59,0,4,0
202492,North,Organic,Store,41,31,10,48,1,0,2,48.12,89.49,0,4,0
202493,Budapest,Paid Search,Mobile,18,20,6,17,0,0,0,62.54,12.31,0,3,0
202494,West,Referral,Mobile,50,16,7,30,0,0,1,74.62,109.95,0,4,0
202495,North,Paid Search,Web,54,17,7,29,0,0,4,77.08,251.53,0,4,0
202496,Budapest,Paid Search,Mobile,36,35,4,15,1,1,2,69.5,127.88,0,4,0
202497,Budapest,Social,Mobile,41,8,16,56,1,0,3,76.39,200.74,0,5,1
202498,East,Social,Web,38,25,3,6,0,0,2,70.94,99.28,0,3,1
202499,West,Paid Search,Mobile,38,9,9,17,0,1,3,32.79,133.58,0,3,1
202500,Budapest,Referral,Web,24,49,5,26,1,0,2,88.6,112.64,0,5,0
202501,Budapest,Organic,Web,44,33,9,44,0,0,3,70.49,177.67,0,5,0
202502,Budapest,Referral,Mobile,27,23,8,31,0,0,1,73.23,25.89,0,3,0
202503,West,Paid Search,Web,29,15,7,40,1,0,4,66.03,257.2,1,4,0
202504,Budapest,Organic,Web,29,3,6,26,1,1,2,74.76,126.78,0,4,0
202505,South,Organic,Web,38,13,9,39,0,1,1,43.19,35.51,0,4,0
202506,Budapest,Organic,Web,33,33,6,22,1,1,3,85.56,254.5,0,5,1
202507,North,Social,Store,32,13,4,22,0,0,2,75.79,202.45,0,4,1
202508,Budapest,Referral,Web,38,61,6,24,1,0,2,83.67,151.89,0,3,0
202509,East,Partner,Web,33,11,7,19,0,0,0,76.09,0.0,0,5,0
202510,West,Organic,Web,18,28,7,29,0,0,0,86.52,60.2,0,4,0
202511,Budapest,Paid Search,Store,54,14,6,20,0,0,4,67.12,244.09,0,3,1
202512,Budapest,Organic,Mobile,30,48,5,25,1,0,1,95.49,6.45,0,5,0
202513,South,Organic,Web,45,11,2,6,0,0,1,33.2,20.32,0,3,0
202514,North,Organic,Web,41,14,10,39,0,0,3,86.58,301.54,0,4,0
202515,East,Paid Search,Store,44,11,7,17,1,0,0,67.54,28.86,0,3,0
202516,West,Social,Web,55,13,7,28,1,1,1,106.79,107.68,0,3,1
202517,North,Social,Web,24,20,7,28,0,0,1,100.21,129.27,0,3,1
202518,West,Referral,Store,48,29,6,16,0,0,4,82.99,343.55,1,5,0
202519,Budapest,Referral,Mobile,33,8,8,41,0,0,1,72.56,24.45,0,4,0
202520,Budapest,Social,Web,27,4,4,17,0,0,1,40.16,0.0,0,2,0
202521,East,Paid Search,Mobile,61,9,10,36,1,1,1,53.05,69.23,0,3,0
202522,North,Referral,Web,61,6,8,25,0,0,0,68.52,2.53,0,3,0
202523,West,Paid Search,Web,54,11,9,35,1,0,3,118.25,355.32,0,4,0
202524,Budapest,Organic,Mobile,34,21,7,26,0,0,0,76.36,0.0,0,3,1
202525,Budapest,Organic,Mobile,18,8,12,25,1,0,3,73.41,157.79,0,4,0
202526,West,Organic,Store,41,11,3,14,1,1,3,56.25,190.65,0,4,0
202527,North,Paid Search,Web,43,26,8,18,1,0,1,86.76,60.85,0,3,1
202528,South,Paid Search,Web,50,43,11,57,1,0,4,97.77,405.32,0,5,0
202529,West,Paid Search,Web,40,11,4,10,1,1,0,69.09,2.91,0,4,0
202530,East,Referral,Mobile,39,27,12,54,0,0,2,88.87,175.56,0,4,1
202531,South,Referral,Mobile,46,16,15,52,0,0,1,81.67,180.36,0,4,0
202532,Budapest,Referral,Store,49,17,6,29,1,0,1,111.25,117.45,0,4,0
202533,North,Referral,Web,44,5,8,28,1,1,0,117.87,53.37,0,2,0
202534,Budapest,Partner,Store,35,17,12,77,1,0,0,71.38,15.16,0,4,1
202535,East,Organic,Web,37,8,9,30,0,0,3,108.65,292.07,0,4,0
202536,West,Referral,Store,65,28,8,27,0,0,1,102.57,152.88,0,4,0
202537,Budapest,Referral,Store,33,19,7,26,0,0,1,79.78,93.63,0,4,1
202538,Budapest,Organic,Mobile,63,20,7,27,0,1,0,80.46,31.21,0,2,0
202539,Budapest,Referral,Store,56,25,7,29,1,1,1,73.71,0.0,0,4,0
202540,Budapest,Paid Search,Store,24,5,5,26,1,0,0,79.3,0.0,0,3,0
202541,East,Paid Search,Web,29,19,7,28,0,0,3,77.56,237.79,0,4,1
202542,West,Organic,Mobile,58,17,9,26,1,0,2,113.34,265.28,0,3,0
202543,West,Organic,Mobile,39,42,8,13,0,0,1,77.54,73.47,0,4,0
202544,North,Organic,Store,51,10,5,18,0,0,0,70.29,0.0,0,3,0
202545,East,Paid Search,Mobile,52,37,11,47,0,1,1,88.29,66.96,0,4,0
202546,East,Organic,Web,38,16,10,30,1,1,1,77.55,159.57,0,3,0
202547,West,Organic,Web,35,40,8,29,0,1,2,51.31,143.69,1,5,0
202548,Budapest,Paid Search,Web,44,34,5,13,0,1,3,76.9,234.75,0,5,0
202549,Budapest,Social,Web,20,28,5,21,0,0,4,65.29,206.84,1,3,1
202550,West,Partner,Mobile,41,18,8,37,0,1,4,75.57,276.9,0,4,0
202551,Budapest,Organic,Web,40,33,6,26,0,1,2,72.0,178.99,0,3,1
202552,East,Paid Search,Web,30,10,6,25,1,0,2,89.73,157.27,0,4,1
202553,Budapest,Organic,Store,38,16,3,16,0,0,0,65.66,0.0,0,3,0
202554,West,Paid Search,Web,31,13,12,38,1,0,2,82.79,186.74,1,4,1
202555,Budapest,Organic,Mobile,22,26,9,27,0,0,1,70.29,92.78,0,4,0
202556,South,Paid Search,Web,46,24,7,20,0,1,6,81.11,503.1,0,4,0
202557,Budapest,Paid Search,Mobile,28,13,9,37,1,0,1,64.05,32.54,0,4,0
202558,Budapest,Referral,Mobile,35,6,7,30,1,1,1,56.12,102.31,0,2,0
202559,Budapest,Referral,Mobile,29,18,8,58,1,1,1,31.93,0.0,0,4,1
202560,North,Referral,Web,46,43,5,15,0,0,2,60.89,183.69,0,5,1
202561,East,Paid Search,Web,43,16,12,35,1,1,1,67.81,66.7,1,4,0
202562,Budapest,Organic,Web,36,33,6,21,0,0,2,42.92,68.08,0,5,0
202563,South,Paid Search,Web,64,32,6,18,1,0,1,94.14,94.03,0,3,0
202564,Budapest,Social,Mobile,21,18,7,24,0,0,3,62.17,218.84,0,4,0
202565,South,Referral,Web,39,39,2,11,0,1,3,75.72,169.77,0,4,0
202566,East,Social,Web,36,29,5,23,0,0,1,81.38,103.46,0,4,0
202567,East,Paid Search,Web,41,26,11,39,1,0,1,73.78,139.42,0,3,1
202568,Budapest,Paid Search,Mobile,51,14,13,34,1,1,3,52.78,187.84,0,3,0
202569,South,Paid Search,Mobile,33,55,9,34,1,0,2,60.49,28.87,0,4,0
202570,East,Paid Search,Store,46,8,5,27,0,1,0,78.91,24.98,0,3,1
202571,East,Referral,Mobile,26,34,13,37,1,1,2,70.07,95.23,0,4,1
202572,Budapest,Partner,Store,42,42,6,23,0,1,1,73.83,90.01,0,4,0
202573,North,Organic,Mobile,50,40,8,43,0,1,4,66.05,288.9,0,4,0
202574,Budapest,Social,Store,40,9,6,16,1,0,1,81.71,79.72,0,3,0
202575,East,Paid Search,Mobile,48,29,13,53,0,0,0,106.23,0.0,0,4,0
202576,North,Referral,Mobile,36,42,11,34,1,0,3,93.64,281.46,0,4,1
202577,East,Organic,Web,32,17,6,30,0,1,1,41.76,55.42,0,4,1
202578,South,Social,Web,22,9,2,11,0,0,0,49.7,0.0,0,4,0
202579,Budapest,Social,Store,53,63,10,36,1,1,1,99.92,66.2,0,5,1
202580,Budapest,Referral,Web,54,59,4,14,0,1,5,58.86,361.79,0,4,0
202581,East,Organic,Mobile,46,55,9,36,1,0,3,101.31,321.62,0,5,1
202582,East,Paid Search,Store,36,42,4,19,0,0,3,87.91,258.68,0,3,1
202583,North,Paid Search,Web,28,15,9,34,0,0,3,86.01,217.16,0,3,0
202584,Budapest,Partner,Mobile,27,10,13,45,0,1,0,48.17,0.0,0,4,1
202585,West,Paid Search,Mobile,67,14,10,46,0,0,2,89.44,158.48,0,4,0
202586,East,Social,Web,35,37,12,26,0,0,3,102.43,297.16,0,4,1
202587,Budapest,Paid Search,Web,49,14,7,29,1,1,3,71.6,183.99,0,3,1
202588,South,Paid Search,Mobile,51,7,7,32,0,0,1,59.85,66.53,0,4,0
202589,Budapest,Organic,Mobile,64,7,9,41,0,0,1,85.79,120.43,0,4,0
202590,South,Partner,Mobile,44,19,9,45,0,0,0,80.76,0.0,0,3,0
202591,East,Social,Mobile,24,33,6,13,0,0,2,74.03,170.06,0,4,0
202592,Budapest,Referral,Mobile,28,2,11,62,1,0,0,50.87,0.0,0,4,1
202593,Budapest,Referral,Web,47,72,8,35,0,0,6,90.07,529.0,0,5,1
202594,Budapest,Referral,Mobile,22,17,7,39,1,1,3,39.37,155.12,0,5,1
202595,Budapest,Organic,Store,24,16,8,36,0,1,0,79.0,15.27,0,4,0
202596,West,Social,Web,34,21,10,41,0,0,2,71.94,133.04,0,4,0
202597,West,Partner,Web,45,14,3,19,1,1,1,51.21,64.55,0,3,0
202598,West,Partner,Mobile,43,10,9,34,0,0,1,76.11,38.27,0,4,0
202599,South,Paid Search,Web,35,19,3,13,1,0,0,98.65,25.56,0,3,0
202600,West,Paid Search,Mobile,47,7,7,28,1,0,0,75.71,0.0,0,4,0
202601,West,Social,Mobile,23,35,6,31,0,0,3,67.6,221.84,0,4,0
202602,Budapest,Organic,Web,51,46,7,12,0,0,2,105.01,206.13,0,4,0
202603,East,Organic,Web,27,11,8,40,0,0,1,78.76,40.69,0,4,0
202604,Budapest,Paid Search,Web,41,12,13,78,1,1,1,27.95,73.65,0,3,0
202605,West,Organic,Mobile,54,31,16,45,1,0,5,80.97,399.09,0,5,1
202606,South,Organic,Web,20,19,4,19,0,0,3,51.99,148.33,0,4,0
202607,Budapest,Paid Search,Mobile,45,20,6,26,0,1,1,74.85,73.89,0,3,1
202608,East,Referral,Mobile,32,15,9,44,1,0,5,93.0,438.29,0,4,1
202609,East,Organic,Mobile,44,30,10,41,0,1,1,87.53,117.71,0,5,1
202610,Budapest,Organic,Web,44,30,7,40,0,0,3,49.44,114.36,0,2,0
202611,North,Referral,Web,37,7,8,20,1,0,0,57.38,7.07,0,3,1
202612,West,Referral,Mobile,34,10,15,52,0,0,2,49.75,119.86,0,3,1
202613,Budapest,Organic,Web,31,34,9,46,1,0,1,107.24,120.77,0,3,1
202614,East,Organic,Web,23,23,2,9,1,0,2,77.76,201.25,0,4,0
202615,South,Social,Web,35,21,7,26,1,0,2,88.86,119.6,0,4,0
202616,South,Referral,Web,44,15,10,41,1,0,4,85.51,388.36,0,4,0
202617,West,Paid Search,Web,50,31,11,30,1,0,1,68.67,110.77,0,4,0
202618,Budapest,Social,Mobile,41,9,12,79,1,1,3,66.96,233.45,1,4,0
202619,East,Referral,Web,52,18,8,31,0,0,2,107.86,223.4,0,3,0
202620,East,Referral,Web,49,26,8,36,0,1,3,69.51,179.22,1,3,1
202621,Budapest,Referral,Store,36,24,3,8,0,0,1,86.17,135.37,0,4,1
202622,Budapest,Organic,Mobile,41,17,5,23,0,1,2,70.61,131.87,0,3,0
202623,West,Organic,Web,52,35,10,51,0,0,4,79.79,364.34,1,4,1
202624,Budapest,Paid Search,Mobile,40,68,10,51,1,0,1,114.11,106.79,0,5,1
202625,Budapest,Organic,Web,49,42,12,43,1,1,3,70.64,221.5,1,4,1
202626,East,Referral,Web,55,10,4,18,0,1,2,64.03,122.09,0,5,0
202627,Budapest,Paid Search,Web,36,41,10,49,1,0,1,93.42,109.92,0,4,1
202628,Budapest,Organic,Store,52,23,5,12,0,0,1,58.46,52.43,0,4,0
202629,Budapest,Referral,Mobile,36,46,14,75,1,0,2,75.48,131.45,0,4,1
202630,Budapest,Partner,Mobile,44,21,11,54,0,1,4,51.92,183.88,1,4,1
202631,North,Organic,Web,40,16,5,31,0,1,5,85.72,403.38,1,5,1
202632,Budapest,Organic,Store,31,22,2,10,0,1,1,45.63,79.59,1,5,0
202633,North,Referral,Mobile,47,20,5,18,0,0,3,87.64,213.6,0,5,1
202634,North,Referral,Mobile,28,17,13,51,1,0,0,68.45,49.63,0,3,1
202635,Budapest,Organic,Web,29,13,7,20,0,1,0,70.46,3.15,0,2,1
202636,South,Paid Search,Web,26,27,9,36,1,0,2,89.0,158.42,0,4,1
202637,South,Partner,Web,71,3,11,53,1,0,1,61.65,104.57,0,5,1
202638,South,Paid Search,Web,35,10,4,5,0,1,1,66.74,58.84,0,3,0
202639,Budapest,Organic,Web,33,13,6,28,0,1,1,64.32,145.31,0,4,0
202640,East,Organic,Web,46,28,3,9,0,0,1,90.29,100.37,0,4,0
202641,South,Paid Search,Web,22,46,4,22,0,1,2,44.54,93.07,0,4,0
202642,East,Partner,Web,31,19,6,24,0,0,0,74.6,0.0,0,4,0
202643,North,Paid Search,Mobile,57,22,10,33,1,0,2,92.5,224.65,0,3,1
202644,Budapest,Partner,Mobile,40,28,8,19,0,1,2,73.17,192.13,0,4,0
202645,Budapest,Social,Web,65,42,8,38,0,0,0,104.64,35.52,0,4,1
202646,West,Paid Search,Web,53,29,5,20,0,1,2,85.54,140.74,0,3,0
202647,East,Organic,Mobile,31,13,11,39,1,0,5,85.03,375.84,0,4,0
202648,Budapest,Organic,Mobile,42,16,10,35,1,0,4,89.11,350.77,0,4,1
202649,South,Organic,Mobile,29,14,8,11,0,0,0,57.46,0.0,0,4,1
202650,West,Paid Search,Mobile,66,11,11,47,0,1,4,65.45,209.64,2,4,1
202651,East,Organic,Mobile,25,11,6,21,1,1,3,81.86,182.78,0,4,0
202652,West,Organic,Mobile,45,6,11,30,1,0,2,68.94,186.01,1,3,0
202653,West,Referral,Web,57,27,8,27,0,1,1,71.27,36.6,0,3,0
202654,North,Paid Search,Web,49,50,5,31,0,1,4,86.33,403.27,0,5,0
202655,East,Social,Web,39,14,12,42,0,0,2,81.18,210.73,0,3,1
202656,West,Organic,Mobile,54,7,8,27,0,0,1,91.49,106.33,0,5,0
202657,Budapest,Paid Search,Web,20,13,6,33,0,0,1,57.2,133.66,0,3,0
202658,Budapest,Referral,Mobile,54,14,8,48,0,1,1,85.52,84.31,0,4,1
202659,West,Social,Web,29,8,10,32,0,0,0,88.78,0.0,0,3,0
202660,Budapest,Organic,Store,31,60,5,9,1,1,4,64.96,272.44,0,4,1
202661,East,Paid Search,Mobile,43,9,11,35,1,1,4,69.15,303.62,1,3,0
202662,Budapest,Paid Search,Web,37,18,8,40,0,0,3,69.92,233.75,0,4,1
202663,East,Partner,Mobile,48,16,11,39,0,0,1,89.47,103.22,0,3,0
202664,East,Referral,Web,35,12,10,44,1,1,1,43.05,6.85,0,3,1
202665,East,Referral,Web,32,29,10,25,0,1,3,56.73,157.06,0,4,0
202666,West,Social,Web,60,33,10,45,1,0,3,113.59,285.33,0,3,0
202667,East,Referral,Web,30,36,5,17,0,0,4,67.3,266.71,2,4,0
202668,West,Organic,Web,42,9,6,17,0,0,1,80.43,136.36,1,4,0
202669,South,Paid Search,Web,48,18,7,22,0,1,3,83.75,240.1,0,4,0
202670,Budapest,Organic,Store,38,7,8,31,0,0,0,86.13,6.0,0,2,0
202671,East,Partner,Mobile,41,32,8,37,0,0,1,71.49,48.89,0,4,1
202672,Budapest,Organic,Web,58,11,6,38,0,0,1,86.68,106.14,1,4,0
202673,West,Partner,Mobile,56,35,16,65,1,1,3,86.01,258.49,0,3,0
202674,East,Paid Search,Web,50,15,8,33,0,1,1,91.03,123.41,0,2,0
202675,West,Referral,Mobile,47,40,9,17,0,1,2,81.71,217.72,0,3,0
202676,Budapest,Organic,Mobile,36,16,10,42,1,0,3,91.54,265.39,0,4,1
202677,Budapest,Paid Search,Web,54,6,8,33,0,1,3,89.1,325.85,0,4,0
202678,Budapest,Partner,Mobile,43,11,10,40,0,0,1,74.44,80.88,0,3,0
202679,East,Paid Search,Web,37,17,7,22,0,1,0,71.94,36.93,0,4,0
202680,North,Referral,Mobile,58,7,9,43,0,0,2,62.42,103.54,0,4,1
202681,Budapest,Paid Search,Store,39,16,7,33,0,1,1,71.02,37.7,0,4,1
202682,West,Referral,Web,34,17,2,11,0,0,2,87.68,181.64,0,4,0
202683,Budapest,Organic,Mobile,41,28,11,48,0,1,2,68.59,152.63,0,3,0
202684,South,Referral,Web,40,41,13,40,1,1,1,73.38,68.74,0,5,1
202685,West,Referral,Web,37,11,10,14,0,0,1,84.76,89.57,0,4,1
202686,East,Social,Web,38,16,8,28,0,0,3,70.32,159.84,0,3,0
202687,Budapest,Organic,Mobile,36,23,10,46,1,1,4,74.38,315.07,0,3,0
202688,South,Organic,Web,33,23,8,27,0,1,4,64.92,292.55,0,4,1
202689,West,Social,Web,52,10,9,42,0,1,2,81.08,114.83,0,4,1
202690,West,Paid Search,Store,18,7,2,5,0,0,1,62.75,109.1,0,4,0
202691,North,Partner,Mobile,42,8,13,48,0,1,2,60.85,66.17,1,5,1
202692,North,Social,Web,29,13,7,42,0,1,2,76.57,171.83,0,3,0
202693,South,Organic,Store,19,18,10,20,0,0,2,48.02,41.7,0,4,1
202694,Budapest,Social,Store,48,24,5,22,1,1,0,98.13,21.83,0,3,0
202695,East,Partner,Mobile,50,23,7,21,0,0,2,93.83,133.46,0,4,0
202696,East,Paid Search,Mobile,24,4,12,52,1,1,0,71.43,0.0,0,4,0
202697,Budapest,Social,Store,35,16,4,18,0,0,0,61.93,3.63,0,4,1
202698,South,Paid Search,Web,28,9,10,63,0,1,1,54.54,60.76,0,4,0
202699,Budapest,Organic,Mobile,30,33,9,26,0,1,2,55.57,66.89,0,5,0
202700,North,Social,Web,51,4,4,6,1,0,1,74.17,106.03,0,4,0
202701,North,Partner,Web,38,16,10,34,0,1,2,65.58,110.2,0,4,1
202702,West,Social,Web,26,33,8,42,1,1,1,41.74,70.46,0,3,1
202703,South,Referral,Web,38,28,6,29,1,0,1,68.16,51.11,0,5,0
202704,East,Paid Search,Store,45,40,3,15,0,0,1,71.83,32.75,0,4,0
202705,East,Referral,Web,30,14,8,30,0,0,3,71.54,208.98,0,4,0
202706,North,Organic,Web,61,14,10,31,1,1,1,102.54,108.79,0,3,0
202707,West,Social,Mobile,28,21,9,48,0,1,0,68.11,0.0,0,4,1
202708,West,Paid Search,Web,40,39,7,29,1,0,5,73.34,355.11,1,3,0
202709,Budapest,Organic,Mobile,34,15,4,14,0,1,0,62.47,0.0,0,4,0
202710,South,Organic,Mobile,38,16,8,29,0,0,1,90.91,109.52,0,2,1
202711,West,Organic,Mobile,49,40,12,40,1,0,2,75.32,128.55,0,5,0
202712,North,Organic,Mobile,47,34,5,13,0,0,0,71.68,29.24,0,4,1
202713,Budapest,Referral,Web,48,4,8,28,0,0,1,85.47,96.14,0,2,0
202714,South,Organic,Store,18,16,9,27,0,1,0,47.51,31.03,0,5,0
202715,Budapest,Social,Mobile,45,18,6,20,0,1,0,106.95,44.84,0,3,0
202716,North,Paid Search,Web,37,16,7,17,0,0,2,92.33,205.75,0,3,0
202717,West,Social,Mobile,45,23,8,28,0,0,1,94.21,119.78,0,4,1
202718,East,Social,Mobile,39,8,9,34,0,0,0,55.21,0.34,0,4,1
202719,Budapest,Social,Web,47,1,4,19,1,0,1,69.37,97.86,0,3,0
202720,East,Referral,Mobile,44,15,16,50,1,0,0,70.3,13.77,0,4,1
202721,South,Social,Store,36,72,7,25,1,0,2,73.33,160.64,0,4,1
202722,South,Referral,Web,39,14,7,24,1,0,0,73.14,0.0,0,4,0
202723,East,Partner,Mobile,46,8,12,40,1,1,1,88.4,63.03,0,3,0
202724,North,Partner,Web,53,16,8,27,1,0,2,104.94,207.69,0,4,1
202725,Budapest,Organic,Web,33,16,8,31,0,1,1,54.68,85.83,0,3,1
202726,North,Social,Store,49,19,7,21,0,0,2,78.26,75.56,1,3,1
202727,North,Organic,Mobile,18,15,8,27,0,0,2,89.47,112.52,0,4,0
202728,East,Paid Search,Mobile,35,19,12,41,1,0,0,80.86,0.0,0,5,1
202729,Budapest,Paid Search,Web,34,41,6,13,0,0,2,84.22,188.92,0,5,1
202730,Budapest,Referral,Web,54,7,12,64,1,0,2,103.95,210.96,0,4,1
202731,Budapest,Referral,Mobile,58,20,11,43,1,0,2,96.49,184.23,0,4,0
202732,Budapest,Partner,Web,47,7,4,11,1,0,3,72.98,258.83,0,3,0
202733,Budapest,Organic,Web,41,8,8,34,1,0,1,84.72,53.65,0,4,0
202734,East,Organic,Mobile,52,13,11,48,0,1,3,60.89,180.98,0,4,1
202735,Budapest,Social,Web,52,22,8,28,0,1,3,70.59,137.96,0,3,1
202736,West,Paid Search,Web,59,31,11,38,1,1,1,110.92,72.73,0,4,1
202737,Budapest,Referral,Mobile,44,12,16,63,1,0,2,94.35,180.56,0,4,1
202738,Budapest,Social,Store,41,14,9,26,0,0,2,71.17,154.89,1,3,0
202739,West,Paid Search,Mobile,41,5,12,48,1,0,3,66.25,161.04,0,4,1
202740,Budapest,Social,Store,44,18,5,24,0,0,2,77.74,109.19,0,4,1
202741,East,Paid Search,Web,33,10,11,58,0,0,2,71.3,125.95,0,4,1
202742,West,Organic,Web,32,44,2,11,1,0,0,89.39,32.39,0,4,1
202743,Budapest,Paid Search,Web,29,18,8,42,1,0,2,36.45,57.39,0,4,0
202744,Budapest,Organic,Web,48,7,4,16,0,0,1,64.46,12.22,0,3,0
202745,South,Paid Search,Web,42,57,7,29,0,0,2,76.1,149.77,0,5,1
202746,West,Paid Search,Web,46,43,10,37,1,0,0,75.96,0.0,0,3,1
202747,West,Paid Search,Mobile,41,14,9,41,1,1,2,77.07,179.87,1,4,1
202748,East,Social,Web,33,15,7,25,0,1,3,63.67,190.59,0,4,1
202749,Budapest,Partner,Web,44,27,9,41,1,0,3,59.26,198.05,1,4,1
202750,West,Organic,Web,35,24,5,21,1,1,1,44.98,92.83,0,3,0
202751,Budapest,Organic,Web,36,10,14,56,1,0,0,48.23,0.0,0,5,1
202752,East,Organic,Mobile,29,11,10,26,0,0,2,62.38,105.29,0,4,0
202753,Budapest,Organic,Web,61,22,9,49,1,0,2,86.38,144.46,0,4,0
202754,East,Partner,Web,41,9,10,19,0,1,1,66.23,74.61,0,2,1
202755,South,Partner,Store,47,65,6,29,1,0,4,91.96,439.22,0,4,1
202756,North,Social,Mobile,64,22,12,39,0,1,4,83.1,330.93,1,4,0
202757,South,Partner,Mobile,49,41,4,12,0,0,2,168.95353610697464,440.89,0,5,0
202758,South,Referral,Web,48,14,8,21,0,0,1,87.21,52.3,0,4,1
202759,North,Organic,Web,25,2,14,56,1,0,2,91.36,184.35,0,4,0
202760,East,Organic,Mobile,38,2,10,34,0,1,1,55.0,43.03,0,4,0
202761,Budapest,Organic,Web,63,22,6,19,0,0,2,98.48,246.47,0,4,0
202762,North,Organic,Web,40,4,8,30,1,0,1,73.59,61.39,0,4,0
202763,West,Organic,Web,47,15,7,30,0,1,0,66.49,0.0,0,3,0
202764,Budapest,Referral,Store,20,53,5,19,0,0,1,80.64,113.73,0,4,1
202765,West,Social,Mobile,46,17,9,33,1,0,0,74.37,0.0,0,3,1
202766,East,Organic,Mobile,54,16,3,12,0,0,2,74.49,183.39,0,4,1
202767,West,Social,Mobile,27,12,8,37,0,0,0,77.64,13.59,0,2,0
202768,East,Paid Search,Web,30,13,4,13,0,0,0,58.17,7.04,0,3,0
202769,Budapest,Partner,Mobile,34,12,8,34,0,0,1,88.22,66.46,0,4,1
202770,West,Social,Mobile,18,26,4,16,0,0,1,47.58,83.29,0,4,0
202771,South,Paid Search,Store,18,17,2,10,0,0,1,57.05,95.07,0,5,1
202772,East,Partner,Mobile,18,12,6,29,0,1,1,64.21,72.06,0,3,0
202773,South,Paid Search,Mobile,33,18,7,35,0,0,1,111.19,105.5,0,4,0
202774,West,Social,Mobile,31,51,16,58,1,0,5,56.2,352.37,0,5,0
202775,East,Paid Search,Web,59,10,12,52,1,0,0,113.91,0.0,0,4,1
202776,South,Referral,Web,18,66,4,24,1,0,3,110.05,408.01,0,5,0
202777,Budapest,Referral,Web,51,31,7,36,0,1,2,58.53,143.88,0,4,1
202778,Budapest,Organic,Mobile,30,16,14,49,1,0,1,85.59,95.47,0,4,0
202779,North,Organic,Store,40,4,3,13,0,1,2,61.05,114.64,1,4,0
202780,Budapest,Organic,Store,63,14,3,18,1,1,1,107.85,74.03,0,3,0
202781,South,Organic,Mobile,38,25,10,41,0,1,1,84.25,61.86,0,4,1
202782,West,Organic,Store,31,14,4,11,0,0,0,67.28,62.28,0,3,0
202783,North,Referral,Web,47,10,6,31,0,0,2,97.67,227.61,0,4,0
202784,East,Organic,Web,54,32,11,35,0,0,1,120.7,61.04,0,4,0
202785,West,Paid Search,Store,57,15,3,14,1,1,2,83.5,134.83,0,4,1
202786,Budapest,Referral,Mobile,45,2,6,28,0,1,1,59.95,42.17,0,3,0
202787,Budapest,Referral,Web,26,7,5,23,1,0,3,47.5,189.17,0,4,0
202788,Budapest,Paid Search,Web,60,27,7,17,0,0,6,104.0,594.32,0,4,0
202789,South,Organic,Mobile,49,72,9,37,1,0,3,70.22,232.07,0,5,0
202790,South,Referral,Web,35,15,2,7,1,1,0,38.33,31.88,0,4,0
202791,Budapest,Organic,Web,49,28,5,16,1,0,3,96.84,331.67,0,4,0
202792,Budapest,Referral,Mobile,36,18,10,51,1,0,1,90.68,65.42,0,3,1
202793,Budapest,Referral,Mobile,37,13,6,30,0,0,5,116.38,463.38,0,4,0
202794,Budapest,Organic,Mobile,36,15,5,22,1,1,0,65.55,0.0,0,3,1
202795,Budapest,Referral,Web,42,23,6,32,0,0,2,50.32,113.48,0,4,0
202796,East,Paid Search,Web,48,4,3,13,1,1,2,87.85,133.86,0,3,0
202797,Budapest,Referral,Web,64,7,9,24,1,0,2,78.06,147.11,0,3,0
202798,West,Referral,Web,24,62,3,11,0,1,0,59.5,0.0,0,4,0
202799,Budapest,Organic,Store,46,43,10,19,1,0,6,104.03,592.94,0,4,1
202800,North,Organic,Web,23,8,9,40,0,1,1,56.1,36.35,0,3,0
202801,Budapest,Organic,Web,46,11,3,2,0,0,0,86.8,18.35,0,4,0
202802,North,Social,Web,33,6,6,7,1,1,0,80.18,89.92,0,3,0
202803,West,Paid Search,Web,35,18,11,47,1,0,1,85.46,95.84,0,4,1
202804,North,Social,Web,59,15,6,26,0,1,1,101.58,53.62,1,4,0
202805,Budapest,Referral,Mobile,18,4,7,18,1,0,1,47.14,61.14,0,4,0
202806,Budapest,Social,Web,60,5,7,30,1,0,1,100.51,110.73,1,4,0
202807,Budapest,Paid Search,Store,41,40,6,26,0,0,1,84.8,127.14,0,5,1
202808,North,Organic,Web,43,22,6,38,0,0,0,88.21,0.0,0,5,1
202809,Budapest,Paid Search,Mobile,54,6,10,40,1,1,3,64.66,189.84,0,4,0
202810,South,Paid Search,Store,54,2,5,19,0,0,1,95.32,140.3,0,3,0
202811,East,Organic,Mobile,37,21,9,44,1,0,2,100.95,125.2,0,3,1
202812,Budapest,Referral,Mobile,50,46,13,41,0,0,8,103.27,782.63,0,5,1
202813,East,Organic,Mobile,18,24,6,18,0,0,0,92.93,30.17,0,4,0
202814,Budapest,Paid Search,Mobile,65,31,16,23,1,0,4,95.34,385.22,0,5,0
202815,North,Organic,Web,30,5,3,15,1,0,1,37.17,14.24,0,3,0
202816,South,Referral,Web,46,13,4,13,1,1,2,53.24,145.4,1,3,0
202817,West,Paid Search,Web,43,10,8,34,1,0,2,50.33,121.88,0,3,0
202818,Budapest,Paid Search,Mobile,51,16,9,40,0,0,3,42.73,89.74,0,2,0
202819,North,Social,Mobile,32,36,11,64,1,1,8,95.83,698.72,0,5,0
202820,Budapest,Paid Search,Web,36,16,10,44,1,0,1,59.6,90.15,1,4,0
202821,Budapest,Organic,Web,34,12,10,39,1,0,1,43.85,93.0,0,4,0
202822,South,Partner,Web,41,53,6,30,0,0,1,59.5,23.06,0,4,0
202823,South,Referral,Store,51,22,3,12,0,0,0,104.07,0.0,0,4,0
202824,Budapest,Referral,Web,33,10,5,19,0,1,2,59.79,68.84,0,3,1
202825,South,Social,Mobile,52,45,10,35,1,0,4,110.48,477.19,0,4,0
202826,South,Paid Search,Store,47,6,6,18,1,0,1,76.09,89.91,0,4,0
202827,East,Social,Web,37,7,6,13,0,0,3,49.88,162.79,0,4,0
202828,East,Paid Search,Mobile,44,40,11,50,0,0,4,84.06,372.98,0,3,0
202829,East,Partner,Web,57,5,8,8,1,0,1,99.63,81.92,0,3,0
202830,East,Organic,Mobile,39,26,9,56,1,1,0,76.36,6.15,0,3,1
202831,East,Organic,Web,38,35,9,47,1,0,6,86.72,491.08,0,4,0
202832,Budapest,Partner,Mobile,42,21,12,52,1,0,1,77.11,64.86,0,4,1
202833,Budapest,Referral,Mobile,33,25,10,34,1,1,0,57.07,27.27,0,4,1
202834,Budapest,Social,Mobile,46,24,10,46,0,0,1,96.41,81.43,0,2,0
202835,South,Referral,Web,59,20,9,31,0,0,1,87.33,95.94,0,3,0
202836,West,Referral,Web,41,1,6,24,1,0,0,80.53,16.82,0,2,0
202837,Budapest,Paid Search,Mobile,38,12,13,32,1,0,1,50.65,0.0,0,4,1
202838,South,Social,Mobile,38,12,10,48,1,0,0,74.88,41.88,0,4,1
202839,East,Paid Search,Web,41,16,6,25,1,0,1,46.82,12.84,0,5,0
202840,West,Referral,Mobile,54,20,8,22,1,1,2,58.63,110.55,0,3,1
202841,Budapest,Organic,Store,39,51,5,17,1,0,2,100.46,258.61,0,4,0
202842,East,Organic,Web,40,26,12,17,1,0,1,66.37,10.61,0,5,1
202843,West,Paid Search,Mobile,43,22,10,18,0,0,6,51.33,312.33,0,4,0
202844,Budapest,Social,Web,38,17,8,27,0,1,3,61.43,122.78,1,5,1
202845,Budapest,Social,Mobile,34,17,8,37,0,1,2,81.06,187.02,0,3,0
202846,South,Social,Web,35,35,7,38,0,1,2,66.39,109.43,0,3,1
202847,Budapest,Social,Web,36,7,12,63,0,1,1,67.77,37.52,1,4,1
202848,Budapest,Referral,Web,52,16,6,29,0,0,2,89.24,198.57,0,4,0
202849,South,Social,Web,37,4,4,12,0,0,1,76.79,136.04,0,2,0
202850,West,Paid Search,Store,52,18,9,51,0,1,1,82.02,144.91,0,5,0
202851,West,Referral,Web,39,25,10,28,0,0,4,99.46,429.12,0,4,0
202852,Budapest,Organic,Mobile,43,72,17,50,1,1,2,135.24,290.33,1,5,1
202853,Budapest,Paid Search,Mobile,42,22,11,69,0,0,4,75.62,315.4,1,3,0
202854,Budapest,Organic,Mobile,54,55,19,108,1,1,8,87.97,687.68,0,5,1
202855,Budapest,Paid Search,Web,38,20,8,38,1,1,0,44.12,0.0,0,4,1
202856,Budapest,Referral,Web,40,17,5,23,1,0,3,80.68,233.94,0,3,0
202857,East,Organic,Mobile,59,9,8,27,1,1,1,81.47,67.34,0,4,1
202858,Budapest,Organic,Mobile,31,18,11,28,0,0,1,86.72,66.06,0,3,1
202859,North,Referral,Web,43,10,6,31,1,0,5,87.15,405.76,0,4,0
202860,East,Social,Store,52,10,3,10,0,0,0,97.65,0.0,0,3,0
202861,South,Organic,Store,47,8,5,27,0,0,1,89.43,76.4,0,4,0
202862,West,Referral,Web,47,29,7,22,1,1,2,77.47,100.43,0,4,0
202863,South,Organic,Web,43,16,5,17,0,1,0,109.93,0.0,0,3,0
202864,West,Referral,Mobile,46,6,9,35,0,1,3,44.68,93.32,0,3,0
202865,East,Organic,Mobile,40,21,7,21,0,1,1,107.76,86.58,0,5,0
202866,South,Paid Search,Web,22,21,5,14,0,1,0,18.26,49.07,0,4,1
202867,Budapest,Referral,Mobile,51,45,7,19,0,0,5,85.35,390.27,0,3,1
202868,North,Paid Search,Mobile,58,29,7,28,0,0,0,85.66,0.0,0,5,0
202869,Budapest,Organic,Web,28,15,10,43,1,0,1,77.07,10.38,0,5,0
202870,West,Social,Web,46,33,5,20,0,1,3,56.84,142.85,0,4,1
202871,Budapest,Referral,Mobile,56,15,6,23,0,0,2,61.56,154.84,0,3,1
202872,West,Partner,Web,36,4,8,46,1,0,4,77.31,284.65,0,3,0
202873,Budapest,Paid Search,Web,51,14,5,22,1,1,0,80.04,0.0,0,4,0
202874,South,Referral,Web,41,19,15,60,0,1,1,96.41,108.2,0,5,1
202875,Budapest,Partner,Mobile,38,38,10,26,0,0,2,94.22,163.34,0,4,1
202876,East,Organic,Web,47,8,6,26,0,0,1,76.52,54.94,0,4,0
202877,South,Organic,Web,45,48,8,39,0,0,2,95.58,162.27,0,4,0
202878,West,Paid Search,Mobile,26,36,11,51,1,0,3,76.97,217.04,0,4,0
202879,North,Organic,Web,28,35,6,38,0,1,1,87.78,155.95,1,4,0
202880,West,Paid Search,Web,47,20,4,24,0,1,3,71.02,236.18,0,4,0
202881,East,Paid Search,Mobile,28,21,12,52,0,0,0,67.14,10.54,0,5,1
202882,North,Organic,Web,47,12,3,15,0,0,0,46.45,20.8,0,3,0
202883,South,Organic,Mobile,45,35,6,26,1,0,0,99.71,9.28,0,4,0
202884,South,Organic,Store,44,20,7,24,1,1,1,82.3,35.85,0,4,0
202885,South,Social,Web,35,32,9,35,0,0,0,82.37,0.0,0,4,0
202886,West,Referral,Web,51,22,6,27,1,0,1,67.67,75.1,0,3,0
202887,East,Partner,Web,47,54,6,18,0,1,2,95.26,171.75,0,5,1
202888,East,Social,Store,18,26,7,29,1,1,0,102.48,0.0,0,4,0
202889,West,Paid Search,Web,30,15,10,40,1,0,2,55.15,117.33,0,4,0
202890,West,Referral,Mobile,26,39,11,48,1,1,0,68.52,0.0,0,4,1
202891,East,Social,Web,34,16,11,21,0,0,0,34.02,0.0,0,4,0
202892,North,Organic,Mobile,50,45,11,43,0,1,3,86.64,271.25,0,5,1
202893,Budapest,Referral,Web,34,36,14,47,1,0,1,77.36,82.25,0,3,0
202894,Budapest,Paid Search,Web,33,4,6,24,0,0,3,96.68,275.05,0,5,0
202895,East,Social,Web,26,16,9,36,0,1,2,87.43,150.73,1,5,0
202896,Budapest,Referral,Store,57,21,6,21,1,1,2,63.96,163.26,0,5,1
202897,West,Paid Search,Web,54,7,8,33,1,0,1,90.94,114.52,0,3,1
202898,Budapest,Organic,Mobile,62,31,8,42,0,0,1,68.04,33.87,0,3,1
202899,East,Paid Search,Mobile,22,16,11,38,1,0,2,65.5,121.71,1,4,0
202900,West,Organic,Store,34,65,4,9,0,1,2,112.93,190.27,1,5,1
202901,South,Organic,Web,37,19,4,11,0,1,0,41.44,69.83,0,4,1
202902,East,Organic,Store,45,5,7,34,1,1,2,45.18,67.99,0,3,0
202903,Budapest,Referral,Mobile,28,14,10,33,0,1,1,49.46,87.03,0,4,0
202904,West,Referral,Web,49,17,7,21,0,0,1,69.85,95.06,0,3,1
202905,Budapest,Paid Search,Web,29,24,6,32,0,0,0,71.82,0.0,0,4,0
202906,North,Paid Search,Mobile,43,17,12,58,1,0,2,65.29,161.06,0,4,0
202907,North,Organic,Web,35,12,8,31,0,0,1,81.07,40.87,0,4,0
202908,West,Referral,Web,54,20,6,14,0,1,1,92.68,45.27,0,4,1
202909,East,Partner,Web,42,12,5,19,0,0,2,59.14,91.7,0,5,0
202910,Budapest,Organic,Mobile,60,18,13,40,1,0,2,26.46,50.68,0,4,0
202911,Budapest,Organic,Web,61,13,12,36,1,1,5,57.58,335.01,1,4,0
202912,South,Organic,Mobile,46,14,10,31,0,1,3,63.58,240.94,0,3,1
202913,South,Paid Search,Web,37,17,5,17,0,0,3,83.16,263.03,0,4,1
202914,South,Social,Web,48,20,8,22,0,0,3,86.26,314.76,1,3,0
202915,Budapest,Organic,Mobile,33,28,7,17,1,0,1,70.81,78.43,0,3,0
202916,East,Organic,Mobile,60,44,16,80,1,0,1,101.68,134.64,0,3,0
202917,South,Referral,Web,42,14,8,19,0,1,0,49.56,59.97,0,3,0
202918,Budapest,Paid Search,Mobile,29,9,7,22,0,0,0,90.13,30.59,0,4,0
202919,Budapest,Social,Web,22,18,13,37,1,1,1,30.32,7.02,0,3,1
202920,Budapest,Paid Search,Web,31,37,7,22,0,0,2,68.5,102.53,0,4,0
202921,East,Organic,Web,42,42,3,6,0,0,0,89.58,0.0,0,4,1
202922,East,Paid Search,Web,34,7,6,26,0,1,1,70.98,71.61,0,4,0
202923,Budapest,Organic,Mobile,49,24,2,6,0,0,2,67.99,76.82,0,4,0
202924,Budapest,Partner,Mobile,33,25,16,84,1,1,3,82.66,261.87,1,3,1
202925,Budapest,Partner,Web,43,20,4,20,0,0,1,68.64,29.94,0,4,0
202926,Budapest,Organic,Store,55,25,7,38,0,1,1,75.68,138.09,0,4,0
202927,Budapest,Paid Search,Web,30,28,9,29,0,1,2,61.93,59.27,1,4,1
202928,North,Organic,Web,37,13,9,44,0,0,3,73.39,221.11,0,4,0
202929,West,Paid Search,Web,46,30,8,30,0,1,2,42.76,90.73,0,3,0
202930,West,Organic,Mobile,29,18,7,15,1,0,0,78.18,0.0,0,4,0
202931,West,Organic,Mobile,44,16,4,18,0,0,1,45.46,30.26,1,4,0
202932,West,Social,Mobile,52,9,14,68,0,0,0,61.98,35.64,0,3,1
202933,East,Social,Mobile,41,17,10,30,0,0,2,101.45,249.58,0,4,0
202934,Budapest,Social,Web,28,12,4,20,1,1,0,64.59,0.0,0,3,0
202935,Budapest,Partner,Mobile,39,31,12,52,0,0,3,72.79,179.64,0,4,0
202936,Budapest,Organic,Mobile,66,27,12,48,1,1,1,74.45,120.27,0,4,0
202937,Budapest,Organic,Mobile,24,20,6,8,0,1,0,91.26,46.5,0,4,1
202938,East,Referral,Web,39,10,6,20,1,0,5,80.22,428.0,0,4,0
202939,South,Paid Search,Web,43,7,6,36,0,0,0,79.69,48.91,0,3,1
202940,Budapest,Paid Search,Mobile,57,11,12,44,0,1,1,29.08,21.45,0,3,0
202941,Budapest,Partner,Store,42,11,7,35,0,0,0,91.84,0.0,0,4,0
202942,West,Organic,Web,39,34,8,26,0,0,3,66.84,223.91,0,5,1
202943,South,Referral,Mobile,53,47,7,22,1,0,4,93.53,398.96,0,3,0
202944,East,Referral,Mobile,31,29,11,32,1,1,4,81.95,300.69,0,5,1
202945,North,Social,Web,47,7,9,32,1,0,1,77.87,61.3,0,4,0
202946,Budapest,Social,Store,60,19,9,28,1,1,0,74.22,4.99,0,3,0
202947,Budapest,Referral,Web,41,17,6,25,1,1,0,79.41,34.31,0,4,1
202948,East,Social,Web,51,15,6,28,0,0,0,67.53,1.98,0,3,0
202949,East,Partner,Mobile,21,45,7,29,1,0,1,100.8,107.39,0,4,0
202950,North,Referral,Web,54,16,12,51,1,0,0,86.75,0.0,0,3,0
202951,West,Organic,Mobile,56,22,2,10,0,0,2,92.09,169.78,0,4,1
202952,West,Paid Search,Web,41,4,7,25,0,0,0,57.77,0.0,0,3,1
202953,Budapest,Partner,Store,51,20,6,25,0,0,4,89.33,419.9,1,4,0
202954,North,Social,Mobile,56,24,7,18,1,0,4,70.79,313.64,0,4,1
202955,Budapest,Organic,Mobile,41,13,8,28,0,0,0,84.62,97.49,0,4,0
202956,West,Paid Search,Web,39,22,6,26,0,0,0,72.48,46.99,0,4,0
202957,East,Paid Search,Mobile,43,27,10,28,0,1,1,64.84,53.13,0,4,1
202958,South,Social,Mobile,44,6,4,18,1,0,1,72.52,78.14,0,4,0
202959,East,Paid Search,Web,57,10,4,20,0,0,2,76.81,186.87,0,4,1
202960,Budapest,Organic,Web,55,50,5,23,0,1,2,74.02,125.28,0,5,0
202961,West,Organic,Mobile,35,39,15,58,0,1,5,60.82,346.45,0,4,1
202962,West,Paid Search,Store,56,26,11,40,0,1,6,75.34,416.28,0,5,1
202963,Budapest,Organic,Mobile,39,43,14,53,0,1,6,52.69,322.81,1,5,0
202964,North,Partner,Store,49,12,5,19,0,0,1,72.52,80.03,0,4,1
202965,Budapest,Organic,Mobile,51,24,8,12,0,1,0,93.53,33.73,0,4,1
202966,West,Social,Web,40,19,7,23,0,0,0,62.91,0.0,0,4,0
202967,Budapest,Referral,Web,43,26,8,34,0,1,1,69.25,21.88,0,4,0
202968,Budapest,Organic,Web,42,17,9,55,0,1,5,76.72,324.11,0,4,1
202969,East,Social,Web,49,16,10,48,0,1,0,45.5,0.0,0,4,0
202970,South,Social,Mobile,18,21,11,37,0,0,3,59.83,200.68,0,3,1
202971,Budapest,Referral,Mobile,60,11,7,35,0,0,1,83.08,57.14,0,3,0
202972,Budapest,Organic,Store,32,34,5,17,0,0,1,77.7,107.11,0,4,1
202973,South,Social,Web,37,9,8,39,1,0,2,75.07,111.1,0,3,1
202974,North,Social,Web,34,9,12,46,1,1,1,55.99,0.0,0,4,1
202975,East,Organic,Web,28,12,5,29,1,0,0,46.66,0.0,0,3,0
202976,South,Organic,Web,65,14,4,25,1,0,3,63.54,162.81,0,4,0
202977,North,Social,Web,50,11,8,34,1,1,3,73.49,218.0,0,4,1
202978,South,Paid Search,Web,26,15,7,20,0,1,4,77.84,315.92,0,4,0
202979,Budapest,Referral,Web,24,19,8,22,0,0,1,63.37,42.22,0,3,1
202980,Budapest,Organic,Web,39,19,7,31,0,0,1,77.34,93.89,1,4,0
202981,Budapest,Organic,Web,26,30,9,34,1,0,2,74.55,122.97,0,4,0
202982,East,Social,Web,45,49,5,21,0,1,1,56.22,100.59,0,5,0
202983,East,Social,Web,46,32,4,22,1,0,5,105.87,570.35,0,4,1
202984,West,Social,Mobile,47,8,8,31,1,1,1,83.44,113.98,0,5,1
202985,Budapest,Social,Mobile,62,20,8,42,0,1,0,80.38,0.0,0,3,0
202986,North,Organic,Web,49,9,7,23,1,0,0,80.51,54.49,0,2,0
202987,West,Paid Search,Web,65,55,8,33,0,1,4,72.25,325.38,0,5,0
202988,Budapest,Paid Search,Web,30,4,8,41,1,0,0,93.98,2.05,0,4,1
202989,Budapest,Paid Search,Web,28,23,6,16,0,1,2,50.18,118.71,0,4,0
202990,North,Organic,Mobile,22,33,17,80,1,0,0,68.86,64.79,0,3,1
202991,Budapest,Paid Search,Store,21,30,5,12,0,0,2,96.49,180.77,0,3,0
202992,Budapest,Organic,Web,52,15,5,12,0,1,2,55.42,84.73,0,3,1
202993,Budapest,Partner,Store,33,27,2,6,1,0,2,99.9,123.15,0,3,0
202994,Budapest,Organic,Mobile,46,34,9,50,0,0,6,77.51,434.86,0,4,1
202995,South,Paid Search,Store,42,22,2,6,0,1,2,24.75,87.87,0,3,0
202996,Budapest,Paid Search,Mobile,30,24,11,40,0,0,1,46.57,82.0,0,4,1
202997,South,Organic,Mobile,39,14,12,50,1,0,2,76.07,141.45,0,4,0
202998,South,Social,Web,37,30,8,30,0,0,0,102.42,9.07,0,4,1
202999,Budapest,Referral,Web,45,64,4,23,1,1,4,79.04,340.16,0,5,1
203000,North,Organic,Web,51,30,8,40,0,0,1,96.47,47.31,1,4,0
203001,Budapest,Referral,Web,57,11,5,12,0,0,1,81.43,44.26,1,3,0
203002,South,Partner,Mobile,36,17,8,20,1,0,3,74.94,251.14,0,4,0
203003,Budapest,Organic,Web,35,2,5,30,0,0,0,65.01,23.35,0,3,1
203004,South,Organic,Store,50,40,5,16,1,0,3,112.58,290.18,0,4,1
203005,South,Referral,Web,49,37,7,31,1,1,2,67.02,105.01,0,5,1
203006,South,Organic,Web,44,45,6,25,1,0,0,93.53,115.97,0,3,0
203007,South,Organic,Web,36,38,10,33,0,0,3,67.65,296.77,0,4,1
203008,North,Organic,Store,33,8,6,25,1,0,0,79.26,7.81,0,3,0
203009,South,Paid Search,Mobile,37,20,11,47,1,1,2,50.32,96.03,0,4,1
203010,East,Organic,Mobile,35,20,13,63,1,0,2,54.21,91.6,0,4,1
203011,East,Partner,Mobile,54,41,12,44,0,0,2,109.93,212.06,0,5,0
203012,West,Organic,Web,40,19,10,46,0,0,1,101.26,108.45,0,3,0
203013,Budapest,Partner,Mobile,59,34,5,23,0,0,1,96.15,123.48,0,4,1
203014,East,Partner,Web,49,21,8,33,0,1,1,61.8,59.85,0,3,0
203015,Budapest,Organic,Web,47,25,9,29,0,1,4,41.89,196.25,0,4,1
203016,North,Organic,Web,30,33,7,26,1,1,2,70.62,101.07,0,3,0
203017,Budapest,Referral,Store,53,16,9,30,0,0,0,62.24,0.0,0,3,1
203018,Budapest,Paid Search,Mobile,48,10,8,19,0,0,3,91.74,260.46,0,3,0
203019,West,Organic,Mobile,25,37,8,36,0,0,3,74.04,212.39,0,4,0
203020,Budapest,Paid Search,Mobile,32,35,6,24,0,0,2,90.31,219.6,0,4,0
203021,East,Organic,Web,59,18,7,25,0,0,2,78.42,144.54,0,4,0
203022,South,Referral,Store,22,28,8,36,0,0,2,66.64,169.07,0,4,0
203023,West,Organic,Web,41,25,4,22,0,0,1,48.69,11.97,0,3,0
203024,North,Referral,Web,34,30,10,39,0,0,5,94.27,402.5,0,3,0
203025,North,Paid Search,Store,48,7,4,12,1,0,2,54.62,87.68,0,3,0
203026,South,Referral,Web,49,21,9,38,0,0,6,124.67,785.52,2,4,0
203027,South,Referral,Mobile,38,54,3,9,0,0,4,104.63,457.98,0,4,1
203028,North,Organic,Mobile,43,15,9,66,1,1,0,71.59,0.0,0,4,1
203029,Budapest,Referral,Store,53,23,9,39,1,0,2,94.48,182.73,0,4,0
203030,West,Organic,Mobile,51,3,6,20,1,0,2,102.46,232.66,1,3,0
203031,South,Partner,Web,31,12,4,16,0,0,2,59.76,130.45,0,3,1
203032,West,Organic,Web,51,8,9,31,1,0,3,103.17,275.74,0,4,0
203033,West,Organic,Mobile,55,26,12,49,1,1,1,94.52,118.36,0,3,0
203034,West,Social,Web,42,29,6,21,0,0,2,50.51,108.19,0,4,1
203035,Budapest,Organic,Web,26,27,7,21,0,0,3,86.75,287.12,0,4,0
203036,West,Paid Search,Store,27,18,2,3,0,0,4,88.67,264.88,0,4,0
203037,Budapest,Organic,Mobile,35,21,11,47,1,0,4,44.41,152.85,0,4,1
203038,North,Partner,Web,52,9,7,28,0,1,3,80.43,261.29,1,4,0
203039,South,Social,Mobile,40,5,13,36,1,1,3,75.36,217.58,0,3,1
203040,Budapest,Social,Web,54,21,5,15,0,1,0,69.08,39.72,0,3,1
203041,Budapest,Organic,Mobile,36,17,6,14,0,0,0,80.05,26.89,0,5,1
203042,West,Paid Search,Web,47,29,5,17,0,0,0,92.97,13.52,0,3,0
203043,East,Paid Search,Mobile,33,28,5,16,1,0,3,50.37,120.98,1,4,0
203044,Budapest,Paid Search,Mobile,56,36,13,57,1,0,5,124.86,654.06,0,3,1
203045,East,Social,Web,52,15,10,47,0,1,2,88.56,122.5,0,4,0
203046,West,Paid Search,Mobile,44,7,10,40,1,0,1,105.23,71.9,1,2,0
203047,Budapest,Referral,Mobile,31,37,6,20,0,0,1,76.4,63.64,0,5,1
203048,South,Paid Search,Web,30,20,6,19,0,1,1,70.69,131.92,0,4,1
203049,Budapest,Organic,Mobile,39,21,7,19,0,0,1,82.91,59.51,0,3,1
203050,East,Partner,Web,44,23,6,15,0,1,4,89.34,296.92,1,4,1
203051,South,Paid Search,Mobile,44,17,8,31,0,1,1,77.7,155.92,0,5,1
203052,Budapest,Referral,Mobile,39,15,13,65,1,0,2,61.61,136.28,0,3,0
203053,South,Paid Search,Mobile,18,36,8,34,1,0,2,37.9,9.48,1,5,0
203054,West,Social,Web,31,34,6,35,0,0,4,83.79,351.32,0,4,0
203055,South,Paid Search,Web,42,67,8,28,0,0,5,88.78,432.7,0,5,1
203056,East,Organic,Web,43,19,8,25,1,0,1,98.79,70.32,0,3,0
203057,North,Partner,Web,35,46,6,22,0,0,2,67.27,143.92,0,5,1
203058,West,Referral,Web,45,42,8,26,0,1,3,89.67,280.38,0,5,1
203059,Budapest,Referral,Mobile,54,11,11,44,1,0,0,62.97,0.0,0,4,1
203060,East,Organic,Mobile,36,32,13,61,1,1,1,95.36,85.11,0,4,1
203061,West,Organic,Web,42,14,8,32,1,0,4,48.12,181.74,0,3,1
203062,East,Social,Web,32,36,7,35,0,0,2,76.69,206.94,0,4,1
203063,West,Social,Web,39,10,2,9,0,0,0,61.1,0.88,0,3,0
203064,East,Organic,Web,56,8,6,17,0,0,1,81.92,80.14,0,4,0
203065,Budapest,Paid Search,Web,41,17,9,33,1,1,2,76.32,168.81,0,4,0
203066,Budapest,Partner,Store,31,41,4,14,0,0,1,80.93,110.61,0,3,1
203067,West,Social,Mobile,65,4,12,77,1,0,3,98.57,343.8,0,4,1
203068,North,Social,Mobile,26,37,9,29,1,1,3,51.72,147.04,1,5,1
203069,Budapest,Referral,Mobile,38,8,7,27,0,1,0,59.09,57.05,0,4,0
203070,North,Referral,Web,39,11,4,20,0,0,0,57.25,0.0,0,3,0
203071,South,Paid Search,Mobile,62,27,11,52,0,0,0,98.25,0.0,0,4,1
203072,East,Paid Search,Mobile,53,7,9,22,1,1,2,44.36,152.02,0,2,0
203073,West,Social,Mobile,37,26,9,28,0,0,3,89.94,242.44,0,4,1
203074,South,Organic,Mobile,23,26,6,24,0,0,1,72.12,72.85,0,4,0
203075,East,Social,Web,28,27,5,16,1,0,3,43.36,164.97,0,5,0
203076,West,Organic,Store,31,8,5,25,0,1,0,55.29,0.0,0,4,1
203077,Budapest,Paid Search,Store,46,72,3,16,1,1,4,122.14,461.37,0,4,1
203078,South,Referral,Web,25,29,6,30,0,0,1,80.9,76.12,0,4,0
203079,Budapest,Paid Search,Web,71,12,5,24,1,1,0,68.44,31.96,0,3,0
203080,Budapest,Organic,Mobile,55,18,14,33,1,0,0,103.72,3.44,0,3,0
203081,North,Organic,Mobile,31,23,7,32,0,0,2,81.28,208.57,0,3,0
203082,East,Social,Web,58,26,6,29,1,1,4,79.7,339.93,0,3,0
203083,East,Paid Search,Web,50,9,10,45,1,0,1,15.0,78.5,0,3,0
203084,West,Social,Mobile,31,9,2,9,0,0,2,98.51,249.62,0,3,0
203085,East,Paid Search,Web,50,30,8,22,1,0,3,75.31,205.96,0,4,1
203086,North,Social,Mobile,53,13,7,20,1,0,3,68.07,240.74,0,5,0
203087,West,Referral,Mobile,50,7,14,49,1,1,4,61.69,248.3,0,3,1
203088,Budapest,Organic,Store,60,44,4,17,0,0,0,117.02,47.74,0,4,1
203089,Budapest,Partner,Web,44,16,8,28,0,0,1,66.93,63.34,0,4,1
203090,Budapest,Paid Search,Web,18,6,3,21,0,0,1,62.95,79.37,0,4,0
203091,Budapest,Paid Search,Store,51,7,8,22,0,1,3,65.45,144.0,0,3,0
203092,North,Paid Search,Store,49,17,5,20,0,1,0,72.96,9.97,0,4,1
203093,South,Organic,Mobile,35,50,12,45,1,0,6,80.8,481.17,0,5,1
203094,East,Organic,Web,58,11,6,13,0,0,0,119.15,0.0,0,4,1
203095,West,Social,Web,18,22,9,42,0,1,1,28.42,24.57,0,3,0
203096,West,Paid Search,Store,24,4,9,28,1,1,1,46.83,0.0,0,3,0
203097,North,Organic,Mobile,36,25,8,26,0,0,2,76.24,157.91,0,4,1
203098,Budapest,Referral,Mobile,39,12,10,45,1,0,0,88.24,44.34,0,3,0
203099,North,Social,Web,41,19,8,18,0,1,0,47.7,15.43,0,4,1
203100,West,Referral,Mobile,54,64,12,58,1,0,2,91.73,123.15,0,5,0
203101,West,Organic,Mobile,39,33,15,84,1,0,2,104.81,174.51,0,3,0
203102,South,Organic,Mobile,21,8,14,42,0,1,3,37.96,141.31,0,3,0
203103,West,Paid Search,Mobile,51,49,12,40,1,1,5,109.16,581.15,0,5,1
203104,West,Social,Store,43,27,6,23,1,1,2,82.53,123.31,1,4,0
203105,East,Social,Mobile,18,25,6,20,0,0,1,72.42,72.41,0,4,0
203106,Budapest,Referral,Web,30,13,11,46,0,0,2,66.48,105.12,0,4,0
203107,Budapest,Referral,Web,21,6,3,9,1,1,0,42.66,0.0,0,3,0
203108,South,Social,Mobile,36,22,9,30,0,0,2,50.17,111.68,0,4,0
203109,South,Paid Search,Mobile,41,50,11,56,0,0,1,102.55,122.43,0,4,1
203110,Budapest,Paid Search,Web,71,3,5,19,0,0,0,44.06,0.0,0,3,0
203111,North,Referral,Mobile,49,20,11,35,1,1,1,71.05,83.62,0,3,0
203112,Budapest,Paid Search,Mobile,33,25,6,20,0,0,1,56.42,22.99,0,4,1
203113,East,Referral,Web,38,11,11,48,0,1,0,30.99,24.04,0,3,0
203114,North,Referral,Web,34,10,11,37,0,0,3,80.15,225.08,0,3,0
203115,Budapest,Referral,Web,47,10,11,35,1,1,2,81.69,126.6,1,3,1
203116,East,Organic,Web,56,33,4,21,0,0,1,65.82,112.65,0,4,0
203117,South,Partner,Web,44,8,9,42,1,0,0,79.23,10.72,0,4,0
203118,Budapest,Social,Web,33,39,8,51,0,0,1,56.9,94.35,0,5,0
203119,South,Organic,Web,28,24,7,21,0,0,0,99.55,0.0,0,4,1
203120,Budapest,Organic,Web,51,32,10,32,0,0,1,86.0,152.01,0,5,1
203121,Budapest,Referral,Web,46,17,9,28,0,0,4,84.33,419.99,0,4,1
203122,West,Referral,Mobile,54,36,11,32,0,0,2,109.22,190.02,0,4,1
203123,East,Organic,Store,41,10,4,12,1,1,0,55.34,0.0,0,3,0
203124,Budapest,Referral,Store,37,17,5,20,0,0,1,88.99,105.96,0,4,0
203125,North,Referral,Store,43,38,3,19,0,0,1,91.55,90.55,1,4,0
203126,Budapest,Partner,Store,35,17,3,9,1,0,1,90.56,152.2,0,4,0
203127,South,Referral,Mobile,33,13,10,45,0,1,2,60.72,87.29,0,4,1
203128,East,Partner,Web,42,48,3,13,0,0,2,89.75,211.26,0,4,1
203129,West,Paid Search,Web,23,8,4,13,0,1,4,58.81,247.83,2,5,0
203130,East,Organic,Mobile,59,9,16,44,1,1,2,74.59,181.34,0,4,0
203131,West,Social,Web,52,4,8,25,0,0,1,83.74,29.45,0,3,0
203132,South,Paid Search,Web,36,12,7,18,0,1,1,90.69,105.1,1,2,0
203133,South,Organic,Mobile,54,9,8,22,1,1,1,116.16,87.23,0,5,1
203134,Budapest,Social,Mobile,38,29,9,35,0,0,3,72.66,168.41,0,4,1
203135,North,Paid Search,Web,49,7,9,21,0,1,1,57.79,114.44,0,4,0
203136,East,Partner,Mobile,54,18,15,41,0,1,0,54.75,49.39,0,4,0
203137,North,Organic,Mobile,29,8,8,19,0,0,0,57.13,0.0,0,3,0
203138,North,Referral,Mobile,36,19,8,36,1,0,2,61.44,153.1,0,4,0
203139,Budapest,Paid Search,Web,28,10,9,28,1,0,2,111.99,270.33,1,4,0
203140,South,Referral,Web,26,42,6,37,0,0,2,71.62,167.24,1,5,1
203141,South,Referral,Mobile,18,42,8,35,0,1,3,63.43,160.47,1,4,0
203142,East,Referral,Web,51,33,5,14,0,0,1,66.78,133.15,0,5,0
203143,Budapest,Partner,Web,45,26,4,21,0,1,3,76.04,230.61,0,5,1
203144,East,Organic,Web,36,8,7,37,0,0,0,60.9,11.0,0,4,0
203145,South,Social,Mobile,34,35,6,15,1,0,1,71.97,66.15,0,3,1
203146,South,Partner,Store,33,21,4,14,0,0,1,94.47,99.73,0,4,0
203147,East,Organic,Store,51,25,6,31,1,0,1,70.76,66.1,0,4,0
203148,East,Referral,Mobile,60,29,9,46,0,0,1,63.65,101.68,0,4,0
203149,Budapest,Referral,Web,32,5,6,26,1,1,0,56.26,28.9,0,2,0
203150,South,Referral,Web,50,5,6,29,0,1,2,71.96,145.16,1,3,0
203151,East,Social,Mobile,43,31,13,46,0,1,2,38.05,33.4,1,4,0
203152,South,Partner,Mobile,24,11,12,63,1,0,5,41.5,185.53,0,3,1
203153,South,Organic,Web,40,36,6,41,0,0,1,83.27,48.83,0,3,0
203154,North,Paid Search,Web,45,11,7,23,0,0,0,87.74,0.0,0,3,0
203155,East,Organic,Web,32,20,6,31,0,1,1,53.7,19.62,1,4,0
203156,Budapest,Organic,Web,50,53,5,21,0,0,2,113.0,244.54,0,4,1
203157,North,Partner,Web,40,3,8,47,0,0,1,82.69,12.98,0,4,0
203158,Budapest,Referral,Mobile,55,35,12,59,1,0,1,60.35,82.79,0,5,1
203159,South,Paid Search,Store,59,24,4,15,0,0,3,67.34,169.65,0,4,1
203160,East,Paid Search,Web,34,47,6,26,1,0,1,84.0,111.52,0,3,0
203161,West,Organic,Mobile,44,36,9,48,0,0,3,123.11,395.78,0,4,0
203162,East,Social,Store,38,7,8,34,0,0,1,132.47,90.66,0,4,0
203163,Budapest,Organic,Web,39,16,6,22,0,0,1,95.99,99.68,0,2,0
203164,Budapest,Social,Web,36,23,4,16,0,0,1,73.86,1.28,0,3,0
203165,East,Paid Search,Store,41,12,8,21,0,1,0,71.1,25.68,0,4,1
203166,Budapest,Social,Web,35,7,8,54,1,0,2,56.0,146.73,0,4,1
203167,Budapest,Partner,Store,40,16,4,18,1,0,0,99.85,0.0,0,4,0
203168,Budapest,Paid Search,Mobile,57,7,13,39,0,0,1,134.39,118.85,0,5,1
203169,South,Social,Web,51,10,7,35,1,0,2,71.74,161.36,0,3,1
203170,Budapest,Paid Search,Store,39,20,7,35,0,1,1,66.74,22.71,0,4,0
203171,North,Organic,Web,48,21,12,49,1,1,2,89.05,162.71,1,3,0
203172,North,Partner,Web,42,21,12,57,1,0,2,67.68,84.35,0,5,1
203173,Budapest,Social,Store,28,6,4,24,0,0,1,117.09,108.88,0,3,0
203174,West,Referral,Web,49,5,8,21,0,1,1,64.34,40.34,0,4,1
203175,East,Organic,Web,44,17,5,21,0,1,2,63.45,154.34,0,4,1
203176,Budapest,Social,Store,59,30,7,26,0,0,4,89.95,350.2,0,4,1
203177,North,Organic,Store,42,15,8,41,1,0,2,72.72,148.15,0,4,1
203178,Budapest,Partner,Mobile,45,70,12,58,0,0,3,117.93,359.75,0,5,0
203179,Budapest,Organic,Web,30,72,4,20,0,0,1,108.58,58.3,0,4,0
203180,West,Organic,Web,42,18,7,29,0,1,1,101.54,70.29,0,4,1
203181,South,Social,Mobile,35,30,9,45,0,0,3,73.24,247.04,0,4,1
203182,South,Social,Store,51,30,5,4,0,0,1,87.99,40.8,0,3,1
203183,East,Organic,Web,38,1,7,26,1,1,0,57.55,0.0,0,5,0
203184,West,Paid Search,Mobile,52,18,7,27,1,0,4,74.3,312.15,0,4,1
203185,North,Organic,Web,41,31,11,58,0,1,1,79.14,91.32,1,4,1
203186,East,Paid Search,Web,22,12,4,19,1,1,3,87.81,263.9,0,4,1
203187,Budapest,Referral,Web,33,47,8,43,0,1,5,63.35,253.76,0,4,0
203188,South,Social,Web,39,5,9,42,1,0,4,68.21,248.39,0,3,1
203189,North,Paid Search,Web,37,37,1,0,0,0,1,67.74,116.19,0,4,0
203190,Budapest,Referral,Web,48,13,5,20,1,1,4,46.67,203.83,0,4,0
203191,South,Organic,Store,34,16,8,42,1,0,1,89.35,117.18,0,3,0
203192,Budapest,Paid Search,Mobile,48,34,15,49,0,0,2,102.66,230.05,0,4,1
203193,West,Organic,Web,26,18,5,19,0,0,3,49.76,151.76,0,4,0
203194,East,Social,Mobile,23,23,6,27,0,1,5,80.11,411.51,1,4,0
203195,West,Organic,Mobile,57,21,8,15,1,1,2,83.74,135.33,0,4,1
203196,Budapest,Referral,Web,38,33,11,38,1,0,3,60.76,198.19,0,5,0
203197,Budapest,Paid Search,Web,38,29,7,32,0,0,2,63.68,91.45,1,4,1
203198,East,Social,Store,41,50,8,21,0,0,5,102.43,555.97,0,3,0
203199,East,Organic,Store,42,17,6,22,1,0,2,100.0,231.38,1,4,0
203200,Budapest,Paid Search,Store,33,21,6,26,0,0,1,63.41,52.63,0,2,0
203201,East,Paid Search,Web,39,26,3,13,0,1,4,104.54,420.98,1,4,1
203202,Budapest,Organic,Mobile,44,21,8,23,0,1,1,59.53,113.14,0,4,1
203203,West,Paid Search,Store,37,28,3,19,0,0,1,112.58,99.02,0,4,1
203204,South,Partner,Web,33,29,7,27,0,1,5,62.0,283.65,1,4,0
203205,West,Partner,Web,59,21,12,67,0,0,3,85.93,273.37,0,4,1
203206,West,Referral,Store,39,33,5,14,0,0,2,108.12,213.74,0,4,1
203207,South,Organic,Web,47,12,6,21,0,0,1,86.4,93.66,0,3,0
203208,Budapest,Social,Mobile,50,16,8,21,0,0,1,95.37,112.85,0,4,0
203209,West,Partner,Web,29,31,8,34,1,0,0,92.21,0.0,0,4,1
203210,West,Organic,Mobile,35,34,4,20,0,1,2,93.84,189.06,0,4,0
203211,West,Organic,Store,40,40,5,18,0,1,3,112.47,311.56,1,3,0
203212,South,Organic,Mobile,28,12,11,37,0,1,3,54.82,164.65,0,4,1
203213,South,Paid Search,Store,38,2,10,55,1,1,0,41.62,0.0,0,3,0
203214,East,Organic,Mobile,49,10,9,53,1,0,3,65.82,177.93,0,4,0
203215,Budapest,Social,Web,43,25,7,37,1,0,3,94.68,262.42,0,4,1
203216,Budapest,Organic,Web,27,16,6,18,1,1,1,40.2,38.48,0,3,1
203217,East,Partner,Web,55,11,4,16,0,1,2,58.49,83.61,0,4,0
203218,South,Partner,Web,52,17,5,23,0,1,0,49.48,27.92,0,3,0
203219,East,Organic,Web,49,24,5,20,0,1,1,87.2,89.1,0,4,0
203220,South,Partner,Store,46,34,6,25,1,1,1,92.43,97.61,0,3,0
203221,North,Organic,Mobile,37,8,7,21,1,1,5,73.37,386.12,0,4,0
203222,West,Organic,Mobile,49,19,6,15,0,1,5,68.66,350.87,0,4,0
203223,North,Social,Web,55,19,10,35,1,1,2,78.96,198.15,1,3,0
203224,Budapest,Partner,Web,18,25,8,33,1,1,3,91.62,243.2,0,3,1
203225,North,Social,Mobile,37,15,7,27,0,0,0,81.21,0.0,0,3,0
203226,Budapest,Referral,Web,41,16,7,27,1,0,1,74.67,117.61,0,4,0
203227,East,Social,Mobile,35,33,8,45,0,0,3,91.19,267.06,0,4,1
203228,South,Paid Search,Mobile,52,27,9,44,1,1,2,72.71,170.39,0,3,0
203229,Budapest,Organic,Mobile,40,18,12,51,1,0,1,85.73,108.57,0,4,1
203230,East,Organic,Web,42,9,11,30,0,0,4,77.68,265.3,0,4,0
203231,Budapest,Paid Search,Mobile,50,7,6,22,0,0,1,66.57,36.13,0,4,1
203232,Budapest,Partner,Web,55,18,4,9,0,0,0,97.64,12.35,0,4,0
203233,East,Referral,Web,31,27,2,4,1,0,1,70.94,97.37,0,3,0
203234,Budapest,Organic,Web,50,12,4,14,1,0,1,99.03,115.41,0,4,0
203235,Budapest,Social,Web,53,18,7,18,1,0,1,69.1,95.61,0,4,0
203236,South,Referral,Web,41,19,6,14,1,1,2,42.09,96.27,0,4,0
203237,Budapest,Organic,Mobile,43,30,11,52,1,0,2,96.8,146.77,0,4,1
203238,Budapest,Partner,Store,28,60,10,41,0,0,1,122.29,137.44,0,5,1
203239,South,Organic,Mobile,65,50,14,41,0,1,4,98.54,416.49,0,3,1
203240,Budapest,Organic,Web,42,14,5,19,0,0,2,76.05,96.14,1,3,0
203241,East,Paid Search,Store,47,58,8,26,0,0,3,116.02,362.52,0,5,1
203242,Budapest,Organic,Mobile,39,23,9,39,1,0,6,64.68,372.45,0,4,0
203243,East,Social,Web,43,6,9,33,0,1,2,29.69,24.94,0,3,0
203244,South,Organic,Store,40,14,6,23,0,1,0,52.22,0.0,0,3,0
203245,East,Social,Mobile,35,72,12,58,1,0,2,91.95,216.25,0,4,1
203246,South,Paid Search,Web,68,9,6,21,0,0,1,63.69,28.6,0,4,0
203247,Budapest,Organic,Mobile,26,5,7,19,0,0,2,64.23,112.88,0,3,0
203248,Budapest,Organic,Web,34,12,7,28,1,0,2,52.91,111.82,0,3,0
203249,North,Paid Search,Mobile,56,13,5,31,1,1,1,94.53,72.32,0,3,0
203250,South,Referral,Mobile,52,15,16,59,1,0,2,80.64,130.95,0,4,1
203251,East,Referral,Web,44,12,7,31,0,0,1,79.89,116.07,0,4,0
203252,South,Organic,Mobile,55,8,6,24,1,0,1,70.87,69.58,0,3,1
203253,Budapest,Referral,Web,51,43,4,17,0,0,2,123.58,203.03,0,5,0
203254,South,Partner,Web,40,20,6,27,1,1,3,82.98,220.76,2,4,0
203255,South,Referral,Mobile,45,28,12,56,0,0,0,70.66,39.75,0,5,1
203256,Budapest,Partner,Store,33,28,5,19,0,0,0,123.74,67.7,0,4,0
203257,West,Paid Search,Web,47,36,8,33,1,0,1,63.8,79.38,1,3,0
203258,Budapest,Referral,Web,47,13,11,31,1,0,2,56.97,87.49,1,4,0
203259,Budapest,Referral,Web,45,26,4,21,0,1,1,62.91,108.75,0,4,0
203260,West,Paid Search,Mobile,30,16,9,37,0,0,1,77.56,117.44,0,3,0
203261,Budapest,Social,Web,58,30,5,19,0,0,1,71.66,95.82,0,3,0
203262,West,Organic,Web,38,13,12,47,0,0,1,61.9,55.4,0,5,1
203263,West,Partner,Web,18,11,8,53,0,1,1,82.3,76.52,0,3,0
203264,South,Organic,Web,47,41,7,25,0,0,2,99.44,216.52,0,4,1
203265,North,Partner,Web,38,22,6,26,0,1,1,54.48,62.09,0,3,1
203266,Budapest,Social,Web,49,21,7,14,0,0,1,105.14,110.08,0,4,0
203267,South,Social,Store,48,6,10,48,0,1,1,87.67,62.77,0,3,1
203268,South,Partner,Web,42,5,7,26,0,0,1,93.46,72.98,0,2,0
203269,South,Referral,Store,42,15,9,35,0,0,2,78.99,165.94,1,4,1
203270,West,Partner,Store,48,18,5,24,1,0,1,99.17,103.45,0,3,0
203271,Budapest,Referral,Web,48,30,4,19,0,1,1,74.32,88.68,0,4,1
203272,West,Referral,Web,26,5,5,22,1,0,2,70.49,157.78,0,3,0
203273,Budapest,Partner,Mobile,50,11,9,42,1,1,2,75.6,138.97,0,4,0
203274,East,Partner,Web,54,41,9,32,0,1,1,100.89,94.14,0,4,0
203275,North,Organic,Store,35,38,8,19,0,0,2,34.66,77.34,0,4,0
203276,South,Paid Search,Web,32,13,9,7,1,0,3,77.68,238.68,0,3,0
203277,South,Social,Store,46,2,5,20,0,1,0,65.59,22.39,0,4,0
203278,North,Organic,Mobile,51,18,9,36,1,0,2,63.32,73.61,0,3,1
203279,Budapest,Partner,Mobile,46,13,11,57,0,0,4,28.15,81.1,0,4,1
203280,West,Organic,Web,40,20,9,35,1,1,2,28.86,111.07,0,3,1
203281,West,Social,Mobile,63,14,6,21,1,1,0,47.68,20.84,0,3,0
203282,North,Paid Search,Mobile,42,6,6,25,1,0,1,99.88,93.8,0,5,1
203283,South,Partner,Web,53,14,8,46,1,0,2,60.82,74.24,0,3,1
203284,North,Social,Web,41,25,4,18,0,0,0,77.05,0.0,0,4,0
203285,North,Paid Search,Web,27,31,9,32,0,1,1,67.92,95.12,0,4,0
203286,East,Social,Store,36,17,6,26,0,1,1,75.75,79.18,0,4,0
203287,West,Partner,Mobile,53,12,8,36,0,0,1,50.07,76.82,0,2,0
203288,Budapest,Organic,Web,44,26,8,44,0,0,4,93.84,336.24,0,4,0
203289,Budapest,Partner,Mobile,47,7,9,36,1,0,4,66.37,276.76,3,3,0
203290,South,Paid Search,Mobile,43,32,13,40,1,0,0,76.55,10.79,0,4,1
203291,Budapest,Referral,Web,40,29,7,37,1,0,3,81.47,271.09,0,4,0
203292,Budapest,Referral,Store,35,21,4,15,0,0,0,69.99,0.0,0,4,0
203293,South,Organic,Web,36,51,7,24,0,0,1,70.51,149.22,0,5,0
203294,Budapest,Organic,Mobile,58,29,14,44,1,0,4,81.68,339.5,0,4,0
203295,West,Organic,Web,39,36,4,25,0,1,1,55.16,41.11,0,4,1
203296,West,Social,Store,31,39,5,31,0,1,3,45.07,117.73,0,4,0
203297,Budapest,Organic,Mobile,31,47,5,10,0,0,1,90.38,60.53,0,5,0
203298,Budapest,Paid Search,Web,49,12,10,28,0,0,2,56.31,62.57,1,3,0
203299,West,Paid Search,Mobile,47,10,17,100,1,0,3,82.61,266.32,0,3,1
203300,East,Referral,Store,54,6,11,39,1,1,0,67.0,0.0,0,4,1
203301,Budapest,Partner,Mobile,45,11,12,10,1,0,3,35.94,81.11,1,5,0
203302,Budapest,Social,Web,41,3,11,40,0,0,1,72.82,82.13,0,3,0
203303,East,Social,Mobile,45,32,12,49,1,0,0,118.8,0.0,0,4,0
203304,Budapest,Organic,Mobile,32,20,11,51,0,1,1,51.61,18.82,0,4,1
203305,North,Organic,Mobile,58,16,8,11,1,0,3,73.23,246.03,0,4,0
203306,South,Organic,Store,49,11,4,5,0,0,1,49.55,78.94,0,3,0
203307,North,Referral,Web,40,51,9,41,0,0,0,113.25,0.0,0,5,1
203308,Budapest,Paid Search,Store,34,10,11,43,0,0,2,79.84,152.77,0,3,0
203309,South,Social,Mobile,32,21,15,68,0,0,1,70.83,159.39,0,5,1
203310,Budapest,Organic,Mobile,49,19,6,29,0,0,2,72.0,103.04,0,4,0
203311,South,Referral,Mobile,35,17,18,83,1,0,7,71.18,486.0,1,4,1
203312,East,Partner,Mobile,27,29,9,39,1,0,5,63.5,393.82,0,4,0
203313,West,Social,Store,48,11,5,27,1,0,1,69.54,31.43,0,4,0
203314,South,Paid Search,Store,67,23,3,12,0,0,7,69.66,544.17,0,5,1
203315,North,Paid Search,Web,62,21,9,33,0,0,4,94.19,380.53,0,5,0
203316,North,Paid Search,Store,42,3,4,16,0,0,1,85.43,114.07,0,3,0
203317,East,Paid Search,Mobile,35,6,8,20,1,1,1,65.67,114.48,0,4,0
203318,North,Paid Search,Web,50,24,5,32,0,0,2,63.36,122.62,0,4,1
203319,Budapest,Organic,Mobile,47,7,13,49,0,1,4,39.06,158.69,0,3,0
203320,West,Referral,Web,36,8,6,25,0,0,0,76.38,8.18,0,3,1
203321,East,Organic,Mobile,36,26,9,44,0,0,1,93.9,55.82,0,4,0
203322,South,Organic,Mobile,25,28,10,55,0,0,2,57.08,105.89,0,3,1
203323,South,Organic,Mobile,47,20,9,39,1,0,2,101.78,216.58,0,3,0
203324,East,Paid Search,Web,21,47,8,14,0,1,3,69.64,178.78,0,5,0
203325,Budapest,Referral,Web,38,17,3,10,1,0,0,89.56,0.0,0,5,0
203326,South,Organic,Mobile,23,17,9,34,1,0,2,103.09,141.16,0,3,1
203327,South,Organic,Web,44,17,4,21,0,0,3,90.78,274.97,0,4,1
203328,West,Organic,Web,46,17,6,17,0,1,2,64.82,125.54,0,3,0
203329,West,Paid Search,Web,32,30,4,11,0,0,1,93.15,78.92,0,3,0
203330,North,Paid Search,Store,50,24,8,35,1,0,1,67.47,114.1,0,4,0
203331,East,Partner,Web,36,24,11,29,0,0,2,88.64,224.75,0,4,1
203332,Budapest,Paid Search,Web,45,15,11,29,1,1,2,65.74,130.52,0,4,0
203333,East,Partner,Web,55,22,9,48,0,1,0,77.67,21.33,0,4,1
203334,Budapest,Partner,Web,30,14,8,36,1,0,0,78.55,0.0,0,2,0
203335,South,Social,Web,37,16,5,27,0,1,2,78.15,100.25,0,3,0
203336,East,Organic,Mobile,48,39,12,42,0,0,0,91.52,0.0,0,4,1
203337,Budapest,Partner,Mobile,31,2,7,16,0,1,0,65.27,49.45,0,3,0
203338,West,Organic,Store,26,27,5,14,0,0,0,86.78,22.15,0,4,0
203339,East,Social,Mobile,29,11,15,63,0,0,3,40.31,216.61,0,4,1
203340,West,Paid Search,Web,53,12,8,52,1,0,3,48.47,112.98,0,3,1
203341,Budapest,Paid Search,Web,24,1,2,7,0,1,0,60.32,19.69,0,4,0
203342,East,Organic,Web,48,18,3,13,1,0,0,88.43,0.0,0,3,0
203343,Budapest,Social,Web,49,31,7,25,1,0,3,79.05,237.71,1,4,0
203344,Budapest,Organic,Mobile,68,19,4,19,0,0,2,61.42,185.06,0,4,1
203345,West,Organic,Web,44,16,11,28,0,1,0,71.46,28.87,0,4,1
203346,North,Paid Search,Web,37,35,9,41,0,0,5,70.55,334.39,0,4,1
203347,Budapest,Social,Store,41,13,4,20,1,1,0,50.76,6.55,0,2,0
203348,Budapest,Partner,Web,21,25,8,21,1,0,1,80.85,121.71,0,3,0
203349,North,Partner,Mobile,48,24,4,11,0,1,2,77.06,162.04,0,5,0
203350,South,Organic,Mobile,25,22,7,23,0,0,2,82.34,127.91,1,4,0
203351,Budapest,Referral,Mobile,50,25,12,52,1,1,2,50.41,107.93,0,4,0
203352,South,Referral,Web,38,4,3,12,0,0,2,80.81,190.59,0,4,0
203353,Budapest,Organic,Web,45,11,4,14,0,0,2,88.93,217.96,0,4,1
203354,West,Social,Web,18,41,10,51,1,0,1,111.25,47.96,0,5,0
203355,Budapest,Organic,Web,45,20,7,31,0,0,3,107.45,336.42,0,4,0
203356,East,Organic,Web,35,18,10,46,1,0,0,82.33,19.61,0,4,0
203357,North,Paid Search,Web,43,19,5,20,1,0,2,108.21,260.46,0,5,0
203358,South,Social,Web,41,3,4,18,0,0,0,66.48,0.0,0,3,0
203359,North,Social,Web,39,42,3,7,0,1,0,63.92,14.56,0,4,0
203360,East,Referral,Store,39,7,6,26,0,0,1,83.5,18.73,0,3,1
203361,West,Organic,Web,34,48,6,32,0,0,2,70.4,191.39,0,4,0
203362,East,Partner,Mobile,44,12,15,70,1,0,1,71.5,88.89,0,4,1
203363,South,Social,Mobile,38,24,13,83,0,0,3,78.29,206.71,0,4,1
203364,Budapest,Organic,Mobile,57,10,11,34,1,1,0,73.96,49.28,0,5,0
203365,South,Referral,Web,48,7,1,6,1,0,1,90.55,83.92,0,4,0
203366,Budapest,Paid Search,Mobile,52,5,9,34,0,1,4,82.37,296.75,0,5,0
203367,Budapest,Organic,Mobile,47,17,15,73,0,1,1,59.79,56.84,0,3,0
203368,West,Organic,Web,55,29,8,38,1,1,2,83.09,179.58,0,4,0
203369,East,Partner,Store,55,50,7,19,1,0,4,95.34,394.55,0,5,0
203370,East,Social,Store,39,4,5,13,1,1,1,60.45,73.44,0,4,0
203371,Budapest,Organic,Mobile,41,11,9,34,1,0,1,67.27,10.27,0,4,0
203372,Budapest,Social,Mobile,38,11,11,38,1,0,2,91.8,209.65,0,4,0
203373,East,Referral,Store,64,35,1,4,0,1,2,84.22,137.81,1,5,1
203374,East,Organic,Web,34,17,5,20,1,1,1,51.84,37.95,0,3,1
203375,South,Referral,Store,36,4,10,11,0,1,0,82.6,8.28,0,4,1
203376,East,Partner,Store,30,26,8,33,0,1,3,81.74,176.69,0,4,0
203377,Budapest,Paid Search,Mobile,24,10,5,12,1,0,0,58.11,21.22,0,2,0
203378,Budapest,Partner,Mobile,34,14,11,41,1,0,2,78.96,158.85,0,4,0
203379,East,Social,Web,53,31,10,51,0,0,1,74.69,58.55,0,3,0
203380,South,Paid Search,Web,43,47,7,38,0,1,3,108.41,315.99,0,4,1
203381,East,Referral,Web,39,14,6,27,0,0,1,48.93,0.0,0,4,0
203382,West,Paid Search,Web,55,23,4,11,0,0,3,109.96,390.92,0,2,0
203383,South,Paid Search,Web,28,9,10,35,1,0,4,92.38,342.38,0,4,0
203384,South,Paid Search,Store,55,12,6,8,0,0,1,37.37,97.57,0,4,0
203385,North,Paid Search,Web,70,33,9,50,1,0,6,113.24,699.55,0,5,1
203386,North,Partner,Web,44,29,5,26,0,0,0,72.3,0.0,0,4,1
203387,Budapest,Organic,Web,31,22,4,21,0,0,1,67.78,28.46,0,3,1
203388,West,Organic,Mobile,42,12,8,44,0,0,1,82.27,125.6,0,3,1
203389,East,Social,Mobile,40,12,11,53,0,1,2,84.33,171.28,0,5,0
203390,Budapest,Partner,Mobile,34,12,11,48,1,0,1,52.0,0.0,0,3,0
203391,East,Paid Search,Mobile,27,7,9,33,1,1,1,66.46,14.23,0,3,0
203392,East,Organic,Web,53,23,10,30,0,1,1,77.58,90.14,0,4,1
203393,North,Social,Web,25,17,5,32,0,1,5,53.57,297.0,0,5,1
203394,South,Referral,Web,23,16,4,16,0,0,4,56.66,254.77,0,4,0
203395,West,Referral,Mobile,41,25,10,30,0,0,2,69.16,172.52,1,3,0
203396,Budapest,Referral,Mobile,52,23,9,47,0,0,1,111.27,124.5,1,3,0
203397,East,Referral,Web,44,27,3,9,1,1,1,47.97,0.0,0,4,0
203398,East,Organic,Mobile,37,26,8,29,0,0,1,81.12,42.36,0,5,1
203399,Budapest,Referral,Mobile,18,16,9,31,0,1,1,21.56,0.0,0,4,0
203400,East,Partner,Store,22,10,5,8,1,0,1,88.08,178.34,0,3,0
203401,Budapest,Paid Search,Store,49,20,6,15,0,1,1,81.28,129.35,0,4,0
203402,West,Partner,Web,33,7,2,12,0,1,0,35.88,0.0,0,3,0
203403,South,Social,Store,53,14,4,20,0,1,2,73.95,137.02,1,4,1
203404,Budapest,Organic,Mobile,37,6,10,45,0,1,0,49.57,0.0,0,3,1
203405,North,Organic,Web,37,5,5,22,0,1,1,40.43,3.44,0,3,0
203406,North,Social,Web,52,26,8,42,0,0,2,101.34,194.69,0,3,0
203407,North,Paid Search,Web,38,23,9,39,1,0,2,45.26,78.22,0,3,1
203408,South,Organic,Web,28,15,7,26,0,1,1,94.82,143.79,0,3,0
203409,West,Paid Search,Web,44,4,6,29,1,0,0,59.06,57.61,0,3,0
203410,West,Organic,Web,49,37,10,42,1,0,2,91.53,197.76,0,4,1
203411,West,Referral,Web,32,4,6,20,0,0,1,79.96,102.47,0,3,1
203412,South,Organic,Web,52,28,11,62,1,1,3,80.79,244.54,0,4,1
203413,North,Paid Search,Web,40,26,5,23,0,1,1,80.44,109.83,0,4,1
203414,South,Organic,Mobile,24,25,11,27,1,0,2,60.47,157.39,0,4,1
203415,South,Referral,Web,23,14,1,0,0,1,0,80.98,0.0,0,3,0
203416,East,Organic,Web,45,7,14,55,1,0,2,72.81,154.14,0,4,1
203417,West,Social,Mobile,34,8,4,10,0,1,0,49.92,21.5,0,5,0
203418,West,Referral,Mobile,38,6,5,16,0,0,0,74.4,36.65,0,3,1
203419,Budapest,Paid Search,Web,38,69,6,26,0,0,3,103.66,272.16,1,5,1
203420,Budapest,Partner,Web,29,8,10,45,0,0,0,74.15,7.86,0,4,0
203421,North,Organic,Store,26,22,3,11,0,1,1,78.43,33.34,0,5,1
203422,South,Referral,Mobile,36,23,8,41,0,0,4,85.11,301.68,0,5,0
203423,Budapest,Paid Search,Mobile,32,26,8,42,1,1,3,20.2,54.54,0,3,0
203424,Budapest,Referral,Web,31,10,7,29,0,1,3,41.84,164.16,0,4,0
203425,Budapest,Organic,Web,78,20,7,30,0,1,1,98.72,77.75,0,4,0
203426,South,Paid Search,Web,32,1,12,50,0,0,1,62.48,64.49,0,4,1
203427,East,Organic,Mobile,18,18,9,44,0,0,1,93.02,141.81,0,3,1
203428,West,Organic,Web,46,18,8,53,0,1,2,86.62,186.27,1,3,0
203429,South,Social,Store,44,33,5,29,0,0,3,73.58,215.21,0,4,0
203430,East,Paid Search,Mobile,56,23,5,36,0,0,2,78.61,119.46,0,4,0
203431,West,Referral,Web,59,7,4,17,0,1,0,56.2,0.0,0,4,0
203432,North,Partner,Web,40,6,10,43,1,1,0,52.19,12.35,0,4,0
203433,West,Organic,Mobile,38,7,6,34,0,1,3,86.58,204.11,0,3,1
203434,Budapest,Paid Search,Store,26,8,7,23,0,1,4,57.89,238.61,1,5,0
203435,East,Referral,Web,34,22,6,26,1,1,2,76.51,119.1,0,5,0
203436,South,Organic,Web,47,18,5,17,0,1,0,60.91,27.86,0,4,0
203437,East,Social,Web,26,15,6,28,0,1,2,21.72,30.31,0,5,0
203438,South,Paid Search,Mobile,30,32,18,80,1,1,4,66.47,268.76,0,5,1
203439,North,Paid Search,Web,46,11,4,19,0,0,2,77.55,127.68,0,4,0
203440,Budapest,Organic,Mobile,30,6,11,33,1,0,2,70.06,139.99,1,3,0
203441,Budapest,Organic,Web,40,18,9,27,1,0,3,78.8,236.32,0,4,0
203442,South,Paid Search,Mobile,46,26,18,88,0,0,2,72.85,185.33,0,4,1
203443,Budapest,Organic,Store,20,40,6,20,0,0,4,65.65,343.33,0,4,0
203444,East,Organic,Mobile,42,10,13,36,0,1,1,57.48,34.47,1,5,0
203445,Budapest,Referral,Mobile,37,13,6,39,0,0,1,80.45,52.84,0,4,0
203446,South,Partner,Mobile,57,16,11,50,1,0,1,87.62,43.4,0,4,0
203447,East,Organic,Store,48,17,6,33,1,0,2,85.53,210.55,1,4,0
203448,East,Paid Search,Mobile,37,11,11,65,0,1,0,62.66,0.0,0,3,0
203449,Budapest,Referral,Web,54,6,5,28,0,1,2,43.36,23.13,1,3,0
203450,North,Organic,Web,64,18,2,7,1,1,0,68.65,0.0,0,4,0
203451,East,Paid Search,Web,41,39,8,29,0,0,1,91.9,21.01,0,4,0
203452,Budapest,Partner,Mobile,34,9,7,34,1,1,2,53.28,127.81,1,3,0
203453,East,Paid Search,Web,32,15,6,16,0,1,0,22.97,0.0,0,4,0
203454,Budapest,Organic,Mobile,29,23,8,48,0,0,2,66.15,103.91,0,3,0
203455,South,Organic,Mobile,51,19,10,28,0,0,2,102.91,316.68,0,3,0
203456,West,Organic,Web,57,3,8,34,0,1,0,65.27,0.0,0,2,1
203457,East,Referral,Mobile,30,13,7,22,0,0,1,51.07,101.41,0,3,0
203458,South,Organic,Web,36,9,5,19,0,0,2,76.86,150.39,0,4,0
203459,Budapest,Organic,Store,56,4,7,32,0,0,0,79.87,0.0,0,4,1
203460,North,Referral,Web,57,4,4,17,0,1,2,51.19,192.96,0,4,0
203461,Budapest,Organic,Store,34,3,3,6,0,0,0,76.16,0.0,0,3,0
203462,East,Paid Search,Mobile,34,20,9,31,0,1,0,61.29,50.29,0,4,1
203463,West,Paid Search,Store,30,14,3,15,0,0,0,65.53,0.0,0,3,1
203464,North,Organic,Store,50,30,0,3,0,0,4,80.35,275.47,0,3,0
203465,Budapest,Organic,Mobile,34,72,11,48,1,0,5,96.31,468.44,0,5,1
203466,Budapest,Paid Search,Mobile,34,7,11,47,1,1,2,80.74,207.61,0,4,1
203467,East,Paid Search,Store,49,18,5,17,0,0,0,97.13,0.0,0,4,1
203468,Budapest,Organic,Mobile,44,7,7,40,1,0,4,69.8,290.83,0,3,0
203469,South,Referral,Store,26,24,6,32,0,0,2,84.65,168.68,0,5,1
203470,West,Organic,Web,41,36,7,32,0,0,1,53.48,80.72,0,4,1
203471,South,Paid Search,Web,70,33,8,34,0,1,3,79.35,285.76,0,5,1
203472,West,Social,Mobile,37,46,6,22,0,1,1,78.52,119.69,0,4,0
203473,East,Paid Search,Mobile,40,11,11,36,1,1,2,70.06,111.19,0,4,0
203474,West,Social,Web,51,16,2,11,0,0,1,78.51,112.26,0,4,0
203475,Budapest,Organic,Web,47,22,7,44,1,0,1,80.73,71.76,0,4,0
203476,East,Organic,Web,28,42,6,16,0,0,4,94.21,312.78,0,4,0
203477,North,Referral,Web,36,35,3,14,0,1,2,45.74,84.44,0,4,1
203478,West,Social,Store,47,26,4,8,0,0,1,86.37,65.2,0,4,0
203479,Budapest,Partner,Mobile,43,25,8,35,0,0,2,73.08,160.9,0,3,0
203480,Budapest,Organic,Store,32,12,2,11,1,0,2,56.65,88.58,0,4,0
203481,East,Partner,Mobile,50,6,10,42,1,0,0,74.05,0.0,0,3,1
203482,South,Organic,Web,49,22,6,26,0,0,2,54.15,87.37,0,4,0
203483,West,Partner,Web,62,20,17,69,1,0,3,67.86,244.41,0,3,1
203484,South,Paid Search,Mobile,40,16,10,37,1,0,0,57.88,38.88,0,3,1
203485,North,Social,Store,46,9,9,30,0,0,3,54.86,156.3,0,4,1
203486,North,Paid Search,Mobile,34,44,6,25,0,1,2,55.26,130.76,1,5,1
203487,East,Paid Search,Web,51,25,3,4,0,1,2,95.31,178.15,0,4,0
203488,East,Paid Search,Mobile,41,35,7,31,1,0,0,99.0,0.0,0,4,1
203489,East,Referral,Web,22,12,9,21,0,1,1,26.99,57.16,0,3,0
203490,West,Organic,Mobile,37,20,17,34,1,0,4,45.3,207.92,0,4,1
203491,Budapest,Referral,Store,42,16,7,34,1,1,1,55.97,67.19,0,3,0
203492,Budapest,Paid Search,Mobile,43,30,4,27,0,1,0,90.26,11.42,0,3,0
203493,East,Referral,Web,46,16,9,28,0,0,2,83.54,178.05,0,4,0
203494,West,Paid Search,Mobile,53,6,4,14,0,0,1,90.55,97.49,0,4,0
203495,South,Social,Mobile,24,27,6,24,0,0,2,61.14,132.92,0,4,0
203496,West,Paid Search,Mobile,46,11,10,31,1,0,3,101.58,257.61,0,3,0
203497,West,Paid Search,Web,38,31,11,39,0,1,2,87.61,187.21,0,5,0
203498,West,Social,Web,43,43,6,29,0,0,3,106.87,307.04,0,4,1
203499,Budapest,Paid Search,Web,48,32,11,33,0,1,1,81.2,121.65,0,4,0
203500,North,Social,Web,31,27,8,32,1,0,1,63.42,8.92,0,3,0
203501,Budapest,Social,Mobile,37,63,9,41,1,0,1,115.69,110.88,0,4,1
203502,West,Paid Search,Mobile,43,26,14,63,0,0,3,57.94,201.87,1,5,1
203503,South,Referral,Store,32,23,9,37,1,0,2,81.59,182.0,0,4,1
203504,Budapest,Paid Search,Web,45,29,3,12,0,0,1,71.01,48.73,0,4,0
203505,Budapest,Organic,Web,37,8,9,37,0,1,1,80.42,85.78,0,3,0
203506,North,Paid Search,Web,49,5,6,29,0,0,1,71.85,24.13,0,4,0
203507,Budapest,Organic,Web,41,53,6,15,0,0,3,113.92,359.59,0,4,0
203508,Budapest,Partner,Web,29,16,11,37,0,0,1,87.37,62.91,0,5,1
203509,East,Social,Web,41,32,9,22,1,1,1,64.88,62.65,0,4,0
203510,East,Paid Search,Mobile,31,39,4,10,0,0,2,76.59,177.72,0,4,0
203511,West,Organic,Web,45,5,7,34,1,0,1,78.88,82.21,0,2,0
203512,Budapest,Paid Search,Store,32,10,4,9,0,0,0,34.59,0.0,0,2,0
203513,East,Partner,Web,54,13,6,37,1,0,0,77.93,0.0,0,2,0
203514,South,Organic,Web,54,9,8,35,0,1,0,50.46,24.34,0,4,1
203515,Budapest,Social,Web,71,51,2,5,0,1,2,81.36,131.5,0,5,1
203516,South,Organic,Web,40,21,9,32,1,0,3,73.12,255.52,0,4,0
203517,East,Organic,Web,59,31,8,39,1,0,3,94.24,323.64,0,5,1
203518,Budapest,Referral,Web,47,35,5,14,1,0,1,75.16,110.63,0,4,0
203519,Budapest,Paid Search,Mobile,37,22,12,42,0,1,1,82.78,121.9,0,4,1
203520,West,Paid Search,Web,48,20,8,20,0,0,4,87.34,392.52,0,4,1
203521,Budapest,Referral,Web,38,13,8,16,0,0,3,41.71,33.63,0,4,0
203522,South,Partner,Web,35,16,13,48,1,1,1,67.05,81.0,0,3,0
203523,West,Paid Search,Web,49,33,6,38,0,0,2,88.32,150.81,0,4,0
203524,West,Paid Search,Web,40,37,4,19,0,1,0,86.28,0.0,0,4,1
203525,East,Referral,Mobile,43,27,7,31,0,0,1,87.93,35.87,1,4,1
203526,North,Paid Search,Store,52,34,8,20,0,0,4,95.06,361.45,0,4,0
203527,East,Paid Search,Web,43,23,6,12,0,0,3,96.19,266.65,0,4,0
203528,North,Paid Search,Web,58,26,8,35,1,0,1,84.83,69.43,0,5,0
203529,South,Organic,Web,46,20,4,17,0,0,1,89.08,70.02,0,3,0
203530,Budapest,Partner,Store,18,60,5,21,1,1,5,61.92,309.87,0,5,0
203531,Budapest,Social,Mobile,18,19,10,33,0,1,2,74.14,148.48,0,3,1
203532,West,Paid Search,Mobile,29,4,5,20,1,1,2,48.25,72.81,0,3,0
203533,Budapest,Organic,Web,21,11,11,59,0,1,2,36.24,77.52,0,4,1
203534,East,Organic,Mobile,34,19,6,19,1,1,3,50.2,183.87,0,4,0
203535,North,Referral,Store,21,43,6,23,1,1,2,54.03,187.75,0,4,1
203536,West,Referral,Store,18,35,10,35,1,1,3,34.5,69.91,0,4,1
203537,Budapest,Referral,Web,38,17,8,29,1,0,2,77.35,122.88,0,5,1
203538,Budapest,Paid Search,Mobile,50,14,3,11,0,1,4,76.88,310.83,0,4,0
203539,South,Organic,Web,48,21,3,15,0,0,0,98.3,6.95,0,5,0
203540,North,Paid Search,Store,41,27,4,22,0,1,5,59.07,300.53,0,5,0
203541,Budapest,Partner,Mobile,59,22,9,18,0,0,2,105.5,198.86,0,4,0
203542,South,Social,Store,36,11,2,13,1,1,1,55.88,72.93,0,3,0
203543,North,Organic,Web,57,59,6,14,1,0,1,44.4,81.01,0,5,1
203544,West,Referral,Mobile,54,9,13,62,1,0,1,104.36,92.92,0,3,0
203545,Budapest,Paid Search,Web,26,13,12,55,0,0,3,85.21,310.43,0,5,1
203546,Budapest,Paid Search,Web,52,19,6,25,0,1,0,78.14,6.04,0,4,0
203547,West,Partner,Web,50,21,4,13,1,1,0,59.29,0.0,0,4,1
203548,South,Paid Search,Web,40,44,8,28,1,0,1,91.9,39.06,1,5,1
203549,South,Organic,Mobile,44,19,10,45,0,0,1,117.67,156.58,0,4,1
203550,Budapest,Referral,Store,37,14,5,23,0,1,5,51.28,273.9,0,4,0
203551,North,Organic,Web,39,16,5,19,0,1,3,37.91,98.97,0,4,0
203552,Budapest,Referral,Store,44,21,8,35,1,0,3,83.42,161.55,0,4,1
203553,West,Partner,Web,30,26,8,23,0,1,3,58.8,184.13,1,4,1
203554,Budapest,Paid Search,Mobile,37,13,10,48,0,1,2,56.59,102.64,0,3,0
203555,Budapest,Paid Search,Mobile,43,53,11,46,0,0,4,100.97,365.46,1,4,1
203556,West,Paid Search,Store,30,24,5,18,0,1,2,76.31,125.63,0,4,0
203557,East,Partner,Web,24,4,11,23,1,0,5,47.25,300.48,0,3,0
203558,Budapest,Paid Search,Web,21,14,7,25,0,0,0,46.86,27.12,0,3,1
203559,South,Social,Mobile,33,14,13,53,1,0,2,69.28,112.89,0,3,1
203560,Budapest,Referral,Mobile,48,35,10,33,1,1,0,68.84,48.88,0,3,1
203561,Budapest,Paid Search,Web,30,24,5,11,0,0,3,80.57,315.92,1,4,0
203562,North,Paid Search,Web,27,5,8,25,1,1,1,91.39,20.93,0,3,0
203563,Budapest,Paid Search,Web,26,14,5,24,1,0,0,31.36,21.51,0,4,0
203564,Budapest,Referral,Store,40,20,5,11,0,0,2,91.46,213.16,0,3,0
203565,South,Referral,Mobile,47,12,8,22,1,1,0,77.82,21.09,0,4,1
203566,North,Social,Mobile,18,21,13,33,0,0,2,59.77,163.23,0,4,0
203567,North,Organic,Web,39,5,7,16,0,0,0,71.7,3.75,0,4,1
203568,East,Organic,Mobile,34,5,5,23,0,0,0,79.3,4.9,0,4,0
203569,Budapest,Organic,Web,44,20,8,30,0,0,0,89.54,0.0,0,5,1
203570,East,Organic,Web,41,11,5,18,1,1,0,90.58,9.16,0,4,0
203571,North,Paid Search,Web,55,3,7,42,1,0,0,49.94,8.22,0,2,0
203572,West,Paid Search,Mobile,35,47,10,41,0,0,1,109.14,108.58,0,5,1
203573,East,Organic,Web,32,4,10,49,1,0,2,71.22,100.96,0,3,0
203574,South,Organic,Store,50,11,2,8,0,0,4,74.42,309.18,1,5,0
203575,Budapest,Social,Web,36,13,5,13,0,0,1,92.39,43.43,0,2,0
203576,West,Paid Search,Mobile,44,9,5,20,0,1,0,74.98,0.0,0,3,0
203577,Budapest,Paid Search,Store,32,3,8,36,0,1,2,69.03,161.02,0,3,0
203578,East,Partner,Mobile,29,36,8,13,0,1,2,92.03,253.97,0,5,0
203579,North,Organic,Mobile,36,7,4,16,1,0,1,100.49,103.3,0,3,0
203580,East,Paid Search,Store,49,30,6,22,0,0,1,114.14,118.39,0,4,1
203581,West,Partner,Web,63,34,7,20,0,1,0,62.65,0.0,0,5,0
203582,Budapest,Referral,Store,39,7,7,31,0,1,0,45.93,27.09,0,4,0
203583,East,Paid Search,Web,22,12,6,16,0,0,0,83.09,33.37,0,4,0
203584,South,Referral,Web,65,40,4,19,0,1,2,90.27,225.37,1,3,0
203585,East,Social,Web,52,31,6,29,0,1,2,96.66,215.53,0,5,0
203586,West,Social,Store,62,15,8,22,1,0,0,79.38,0.0,0,3,0
203587,Budapest,Social,Web,41,56,4,21,0,0,2,89.38,129.03,0,4,0
203588,Budapest,Partner,Mobile,52,5,9,30,1,0,0,67.14,11.37,0,4,0
203589,East,Partner,Mobile,29,54,11,41,0,0,3,93.29,298.04,0,4,1
203590,Budapest,Social,Web,50,16,3,10,0,0,1,65.3,59.43,0,4,1
203591,West,Organic,Web,37,12,8,39,0,0,2,82.39,152.99,0,4,0
203592,East,Referral,Mobile,40,43,14,38,1,0,3,82.06,249.18,1,5,1
203593,West,Paid Search,Web,31,23,6,19,0,0,3,105.16,327.55,0,4,1
203594,South,Organic,Mobile,36,27,5,27,0,0,0,93.28,0.0,0,3,0
203595,North,Partner,Store,48,24,7,36,0,1,2,78.1,121.6,1,3,0
203596,North,Organic,Mobile,33,15,6,23,0,0,2,60.99,113.47,1,3,0
203597,Budapest,Paid Search,Web,28,47,4,14,0,1,1,69.76,49.74,0,4,1
203598,Budapest,Organic,Store,39,10,2,6,0,1,2,79.59,138.89,0,3,0
203599,North,Organic,Web,34,22,8,30,0,0,1,78.4,112.46,0,4,0
203600,South,Organic,Mobile,24,11,10,23,0,0,1,43.07,52.67,0,4,1
203601,Budapest,Partner,Web,58,49,14,58,1,0,1,116.94,51.36,0,5,1
203602,South,Referral,Store,33,12,5,11,0,0,0,75.88,55.34,0,2,0
203603,East,Organic,Web,25,44,8,25,0,0,2,67.83,119.49,0,4,1
203604,Budapest,Organic,Web,57,19,10,34,1,0,0,82.0,0.0,0,4,0
203605,East,Organic,Mobile,39,29,7,29,0,0,2,102.03,184.24,0,4,0
203606,North,Referral,Store,60,38,12,43,0,0,1,148.88,193.57,0,3,1
203607,Budapest,Organic,Mobile,32,9,14,56,1,0,6,27.46,199.53,0,4,0
203608,Budapest,Referral,Mobile,41,18,7,15,1,0,1,102.2,109.67,0,4,0
203609,North,Referral,Web,43,40,4,17,0,0,0,118.52,15.69,0,5,0
203610,Budapest,Partner,Web,51,10,6,23,1,0,0,88.12,0.0,0,4,0
203611,East,Organic,Store,52,10,4,18,0,0,2,59.01,78.96,0,3,0
203612,Budapest,Social,Store,33,15,7,44,0,1,1,61.8,25.15,0,3,0
203613,Budapest,Referral,Web,39,15,5,11,0,0,2,88.28,165.39,1,3,0
203614,North,Partner,Mobile,61,5,9,35,0,1,1,103.59,117.08,0,4,0
203615,East,Referral,Web,39,15,9,50,1,0,4,96.52,368.43,0,4,0
203616,North,Organic,Web,18,20,5,21,1,0,3,60.61,217.78,2,3,1
203617,East,Paid Search,Mobile,37,7,8,20,0,1,3,32.89,123.57,0,4,1
203618,South,Organic,Mobile,52,7,9,33,0,1,2,48.22,120.09,0,4,1
203619,West,Referral,Store,43,18,9,36,0,0,1,64.35,79.27,0,4,0
203620,West,Organic,Mobile,50,19,11,26,1,0,2,81.01,220.54,0,4,1
203621,North,Referral,Store,44,22,4,12,0,0,2,77.94,156.34,0,5,1
203622,North,Social,Store,33,72,6,30,1,0,1,100.55,153.78,0,5,1
203623,West,Social,Web,53,15,8,36,1,1,0,60.13,0.0,0,4,1
203624,Budapest,Social,Web,39,7,5,18,1,1,1,33.45,0.0,0,3,0
203625,Budapest,Social,Store,27,12,7,29,0,0,2,56.55,91.67,0,5,1
203626,North,Partner,Web,36,18,4,9,1,0,1,50.39,1.64,0,4,1
203627,East,Referral,Web,61,36,8,41,0,1,0,103.1,0.0,0,4,1
203628,East,Referral,Store,38,15,7,24,1,0,0,81.94,29.32,0,3,1
203629,North,Organic,Store,62,13,5,15,1,0,1,38.88,32.97,0,3,1
203630,Budapest,Referral,Mobile,32,5,8,27,1,1,1,55.82,0.0,0,4,1
203631,North,Paid Search,Mobile,43,5,8,24,0,0,1,95.99,149.6,0,4,0
203632,South,Social,Mobile,47,35,3,11,0,1,3,70.6,188.83,0,3,0
203633,Budapest,Social,Web,25,11,6,11,0,0,3,40.45,100.5,0,4,1
203634,East,Organic,Web,44,35,1,2,1,0,3,61.87,219.76,0,4,0
203635,South,Social,Mobile,40,60,12,61,0,0,3,54.36,181.06,1,4,1
203636,East,Organic,Web,61,3,7,31,1,0,0,92.17,0.0,0,3,1
203637,West,Paid Search,Mobile,49,5,9,41,1,0,2,97.98,198.92,0,4,0
203638,Budapest,Social,Web,52,41,12,32,0,1,4,87.92,364.32,0,4,1
203639,South,Paid Search,Mobile,37,23,12,54,1,0,2,46.75,115.63,0,3,0
203640,West,Referral,Mobile,56,12,4,12,0,0,3,77.27,265.06,0,4,0
203641,Budapest,Referral,Web,45,30,6,15,0,0,4,108.17,406.57,0,4,1
203642,North,Paid Search,Store,42,20,3,15,1,0,1,38.87,56.38,0,3,1
203643,Budapest,Social,Web,24,39,6,32,0,1,0,57.18,6.14,0,3,0
203644,West,Paid Search,Web,42,17,9,22,0,0,3,100.04,342.64,0,3,0
203645,Budapest,Referral,Web,50,27,7,24,0,0,1,73.25,26.06,0,5,0
203646,West,Paid Search,Web,47,17,7,24,0,1,1,101.43,83.71,0,4,0
203647,East,Paid Search,Web,35,26,9,45,0,0,2,83.44,171.27,0,4,0
203648,Budapest,Organic,Web,39,31,11,44,1,0,2,65.9,132.38,0,4,1
203649,South,Paid Search,Mobile,47,22,9,16,1,1,0,44.49,0.0,0,3,0
203650,West,Social,Mobile,38,36,10,46,0,1,2,56.33,85.06,1,4,1
203651,East,Referral,Store,44,7,3,14,0,1,1,45.87,82.89,0,3,0
203652,West,Partner,Store,42,13,5,13,0,1,0,82.77,0.0,0,4,1
203653,Budapest,Paid Search,Web,44,43,9,39,1,1,3,83.95,281.98,0,4,0
203654,East,Paid Search,Web,30,24,7,27,0,0,1,61.6,111.03,0,4,1
203655,East,Partner,Web,37,45,8,31,0,0,2,112.29,215.4,0,4,0
203656,North,Organic,Web,41,42,10,45,1,1,5,62.32,343.18,1,5,1
203657,East,Paid Search,Mobile,53,14,10,31,0,0,2,73.29,199.44,0,3,0
203658,Budapest,Social,Web,35,14,8,25,1,0,0,87.58,37.34,0,4,0
203659,Budapest,Referral,Web,43,28,12,54,0,1,2,110.83,193.08,0,4,1
203660,East,Referral,Web,33,19,7,35,1,1,0,62.26,0.0,0,3,1
203661,South,Referral,Mobile,67,21,10,39,0,0,3,75.37,244.06,0,4,0
203662,Budapest,Partner,Web,48,11,3,17,1,0,2,70.85,154.11,0,3,0
203663,East,Social,Mobile,55,16,7,10,0,0,0,81.54,0.0,0,2,0
203664,East,Organic,Mobile,55,11,9,32,0,0,0,90.93,0.0,0,4,0
203665,South,Referral,Store,20,11,8,27,0,0,2,45.53,42.57,0,3,1
203666,West,Paid Search,Web,43,39,10,38,0,1,2,92.29,223.19,0,5,0
203667,North,Referral,Web,45,8,6,19,0,0,1,101.77,141.45,0,3,0
203668,East,Organic,Web,36,6,2,9,1,0,1,91.75,128.79,0,4,0
203669,Budapest,Social,Store,47,26,8,20,0,1,2,74.56,169.88,1,4,0
203670,East,Referral,Web,38,33,7,41,1,0,2,45.54,54.6,0,4,0
203671,North,Paid Search,Web,44,21,4,15,0,1,1,64.45,51.23,0,5,0
203672,South,Social,Web,45,32,4,19,0,1,2,73.6,178.17,1,4,0
203673,South,Referral,Web,33,15,7,25,1,0,2,64.44,102.95,0,4,1
203674,Budapest,Partner,Mobile,39,36,12,32,0,0,5,84.56,381.32,0,4,0
203675,Budapest,Organic,Web,65,20,3,14,0,1,0,92.23,0.0,0,3,0
203676,Budapest,Organic,Web,35,26,10,65,0,0,1,51.33,83.34,0,4,0
203677,West,Organic,Web,37,49,6,35,1,0,2,76.47,154.88,0,3,1
203678,Budapest,Organic,Web,30,22,9,34,0,1,3,61.56,213.54,1,4,0
203679,South,Social,Mobile,41,31,8,30,1,1,3,115.63,343.96,0,5,0
203680,West,Partner,Web,43,11,8,30,0,0,2,52.75,123.57,1,4,1
203681,East,Referral,Mobile,56,12,5,22,1,0,1,57.07,81.68,0,3,0
203682,Budapest,Paid Search,Web,55,18,6,31,0,0,0,113.47,2.23,0,4,0
203683,South,Paid Search,Web,39,22,10,31,1,1,2,76.98,160.86,0,4,0
203684,East,Paid Search,Store,65,26,7,30,0,1,0,88.06,0.0,0,3,0
203685,South,Paid Search,Mobile,41,26,11,11,0,1,1,93.09,119.72,0,5,1
203686,South,Social,Web,47,25,12,62,1,1,0,44.21,0.0,0,3,1
203687,South,Referral,Web,46,11,6,19,0,0,2,63.98,107.04,0,3,0
203688,East,Social,Store,43,25,9,35,0,0,1,64.47,68.97,0,4,1
203689,Budapest,Social,Web,18,14,12,43,1,1,2,32.18,95.69,0,4,1
203690,South,Organic,Store,38,30,6,17,0,0,0,94.04,0.0,0,4,0
203691,East,Partner,Store,26,20,6,30,0,0,1,76.81,88.68,0,5,0
203692,East,Social,Mobile,29,30,7,40,1,0,3,85.8,276.99,0,4,1
203693,West,Social,Web,49,7,7,30,1,0,3,103.03,302.26,0,4,1
203694,South,Referral,Web,19,7,8,45,1,0,0,61.73,0.0,0,4,0
203695,South,Organic,Mobile,63,6,10,33,0,1,2,79.57,148.37,0,3,0
203696,Budapest,Organic,Store,40,14,11,29,0,0,1,87.24,87.07,0,4,0
203697,West,Social,Web,43,12,7,28,1,1,2,54.14,130.64,0,5,0
203698,West,Organic,Mobile,46,14,9,33,1,1,0,62.65,0.0,0,3,1
203699,South,Organic,Web,29,5,8,32,1,0,3,47.54,110.85,0,4,0
203700,Budapest,Paid Search,Store,46,11,7,35,0,0,1,88.78,62.05,1,4,0
203701,West,Referral,Web,40,36,7,31,0,0,4,95.69,413.41,0,5,1
203702,Budapest,Organic,Store,47,13,10,39,0,0,2,79.33,209.07,0,4,1
203703,West,Organic,Web,45,15,10,44,1,0,3,80.37,240.43,0,3,0
203704,North,Paid Search,Web,32,20,6,13,1,1,3,67.56,218.83,0,4,1
203705,East,Referral,Store,41,14,4,12,0,1,2,68.63,154.32,0,4,0
203706,West,Social,Store,56,17,8,35,0,1,1,68.42,70.12,0,4,0
203707,North,Organic,Store,33,13,7,26,0,0,0,53.78,0.0,0,3,1
203708,West,Paid Search,Mobile,32,35,11,47,1,0,1,58.85,124.22,0,3,0
203709,West,Organic,Web,44,7,11,51,1,0,1,55.71,54.55,0,2,0
203710,South,Partner,Mobile,32,15,12,55,1,1,1,42.08,54.42,0,4,1
203711,West,Referral,Store,36,21,7,27,1,0,1,85.25,154.89,0,3,0
203712,North,Organic,Mobile,31,24,12,32,0,1,3,85.3,305.8,1,5,1
203713,Budapest,Paid Search,Web,49,6,6,27,0,0,1,84.39,58.02,1,3,0
203714,West,Social,Store,40,6,2,5,0,0,1,74.16,42.65,0,2,1
203715,North,Social,Web,62,33,7,16,0,0,1,107.0,111.28,0,5,0
203716,North,Organic,Mobile,51,29,11,41,0,0,4,74.99,359.02,0,4,0
203717,West,Referral,Mobile,48,31,9,28,0,1,2,66.86,192.41,0,3,0
203718,East,Partner,Mobile,25,16,9,40,1,0,2,59.49,112.85,0,3,0
203719,East,Referral,Store,50,26,4,9,1,0,0,123.59,18.27,0,2,0
203720,West,Paid Search,Web,20,10,7,24,1,0,2,87.65,164.05,0,4,0
203721,West,Organic,Store,47,18,6,20,0,0,2,88.06,187.12,1,4,1
203722,South,Referral,Store,44,52,4,16,0,0,1,105.93,95.93,0,4,0
203723,Budapest,Paid Search,Mobile,24,8,8,32,1,0,1,44.28,65.87,0,3,1
203724,West,Paid Search,Web,50,6,6,21,0,0,2,94.28,171.4,0,3,0
203725,South,Partner,Store,66,5,4,14,0,1,0,89.73,10.92,0,3,0
203726,South,Social,Web,47,11,6,23,1,0,1,62.07,30.97,0,4,0
203727,West,Paid Search,Web,37,16,3,12,0,1,2,37.17,108.8,0,4,0
203728,South,Referral,Store,21,7,8,25,0,0,0,74.44,0.0,0,2,0
203729,North,Organic,Mobile,39,21,9,42,0,0,1,62.19,63.22,0,4,0
203730,North,Organic,Store,48,22,7,26,0,0,0,85.9,0.0,0,4,1
203731,North,Paid Search,Mobile,46,19,8,25,0,1,0,77.14,0.0,0,3,1
203732,Budapest,Paid Search,Store,44,12,8,25,0,1,1,57.63,97.68,0,3,0
203733,Budapest,Referral,Web,37,64,7,25,1,0,2,70.07,136.55,0,4,0
203734,Budapest,Paid Search,Mobile,33,10,7,30,0,1,2,29.16,0.0,0,4,0
203735,North,Referral,Mobile,22,18,12,36,1,0,3,70.62,220.7,0,3,0
203736,South,Organic,Web,47,40,9,38,0,1,3,60.16,176.91,0,5,0
203737,Budapest,Organic,Mobile,29,25,4,18,0,0,3,56.32,209.16,0,4,0
203738,North,Paid Search,Store,54,6,3,15,0,0,1,78.01,63.54,0,3,1
203739,North,Organic,Mobile,21,8,8,36,0,0,0,40.24,0.0,0,2,0
203740,East,Partner,Mobile,43,21,8,20,0,0,0,51.76,0.0,0,4,0
203741,Budapest,Organic,Mobile,49,14,10,29,1,0,2,107.36,215.57,0,3,1
203742,West,Social,Mobile,33,35,14,57,0,0,0,59.17,17.94,0,3,1
203743,North,Paid Search,Mobile,29,18,4,20,1,1,3,47.4,212.93,0,2,0
203744,North,Paid Search,Mobile,24,1,9,48,0,1,3,46.83,64.06,0,4,1
203745,Budapest,Organic,Mobile,47,15,12,47,0,0,0,74.4,0.0,0,3,1
203746,Budapest,Organic,Mobile,40,7,10,30,1,0,1,85.98,77.54,0,4,0
203747,East,Paid Search,Store,35,24,7,22,0,1,2,83.16,144.85,0,5,0
203748,East,Organic,Mobile,57,29,12,60,1,1,1,79.58,84.85,0,5,1
203749,Budapest,Social,Mobile,42,19,7,23,0,0,1,82.86,63.65,0,3,0
203750,West,Organic,Mobile,53,27,6,29,0,0,1,95.76,47.57,0,3,1
203751,West,Social,Mobile,50,5,3,18,0,1,0,64.51,39.4,0,4,0
203752,Budapest,Paid Search,Web,49,28,9,25,1,1,2,121.68,259.54,0,4,1
203753,Budapest,Organic,Mobile,54,20,4,20,1,1,2,84.24,155.83,0,3,0
203754,Budapest,Paid Search,Web,52,22,8,25,0,0,1,89.88,84.48,0,4,0
203755,Budapest,Paid Search,Mobile,43,42,7,28,1,1,2,107.6,250.53,0,4,1
203756,East,Referral,Mobile,27,44,12,52,1,1,4,89.03,326.43,0,3,1
203757,North,Paid Search,Mobile,41,48,7,47,1,1,5,77.17,362.12,0,5,1
203758,South,Social,Web,25,24,7,46,0,0,1,71.64,37.44,0,4,1
203759,East,Referral,Web,46,11,8,45,1,0,1,55.09,115.43,0,3,1
203760,South,Organic,Store,49,2,7,36,0,1,1,85.66,98.5,0,3,0
203761,Budapest,Paid Search,Mobile,50,24,11,58,1,1,2,62.45,114.12,0,4,1
203762,East,Partner,Mobile,32,52,10,36,1,1,2,59.44,138.38,0,4,1
203763,South,Paid Search,Web,31,27,6,8,1,0,3,73.58,225.96,0,4,1
203764,South,Paid Search,Web,41,25,4,11,0,0,0,55.0,0.0,0,3,0
203765,West,Referral,Web,39,3,2,2,1,0,1,77.43,96.97,0,3,0
203766,North,Organic,Mobile,41,38,7,21,1,1,1,61.1,71.81,0,5,1
203767,East,Partner,Web,54,27,8,30,0,0,1,99.58,97.14,0,3,0
203768,Budapest,Paid Search,Web,36,6,2,8,0,1,2,41.93,131.35,0,3,0
203769,Budapest,Organic,Mobile,46,7,8,19,0,1,2,51.68,61.71,0,5,1
203770,West,Paid Search,Web,38,46,8,28,0,0,2,71.07,153.59,0,4,0
203771,South,Organic,Web,45,23,7,28,1,0,2,90.39,195.41,0,4,0
203772,West,Referral,Web,46,2,2,3,0,0,1,74.39,102.43,0,5,0
203773,North,Referral,Web,24,20,8,27,0,1,3,62.43,154.61,2,5,0
203774,East,Organic,Store,46,14,2,6,0,0,0,112.57,8.83,0,3,0
203775,East,Referral,Web,37,31,3,11,0,1,3,57.11,131.68,0,3,0
203776,North,Social,Web,48,15,6,34,0,0,0,83.37,3.87,0,3,0
203777,Budapest,Paid Search,Web,36,34,5,29,0,0,4,56.87,284.88,0,4,0
203778,East,Social,Mobile,51,20,16,49,1,0,2,69.29,123.98,0,5,0
203779,South,Paid Search,Mobile,19,41,9,37,1,0,2,85.62,183.3,1,5,0
203780,West,Organic,Web,35,12,10,35,1,1,0,57.36,1.79,0,4,1
203781,North,Organic,Web,50,22,11,32,0,1,0,75.21,26.77,0,3,0
203782,South,Social,Mobile,40,64,7,20,1,1,1,103.08,141.0,0,5,1
203783,Budapest,Social,Mobile,24,43,9,60,0,0,5,85.21,427.58,1,5,1
203784,South,Organic,Mobile,60,4,8,42,1,1,3,59.77,203.16,0,4,0
203785,Budapest,Paid Search,Web,46,14,6,24,0,1,3,84.09,267.24,0,4,0
203786,North,Paid Search,Web,33,45,7,39,0,1,3,76.5,232.97,0,4,0
203787,Budapest,Social,Mobile,51,12,10,50,0,1,2,74.41,122.75,0,5,0
203788,South,Paid Search,Web,27,12,10,34,1,0,2,52.49,54.71,0,4,1
203789,Budapest,Referral,Web,30,14,9,45,0,1,1,52.89,109.09,0,4,0
203790,Budapest,Social,Store,27,14,4,16,0,1,2,83.17,129.15,0,5,0
203791,North,Social,Web,56,48,8,41,0,0,6,124.79,759.0,0,5,1
203792,North,Organic,Mobile,41,28,13,77,1,1,5,101.81,557.42,2,4,0
203793,South,Paid Search,Store,36,33,8,32,1,1,1,73.02,107.44,0,4,1
203794,West,Social,Web,55,23,9,32,1,0,3,102.62,311.67,0,4,0
203795,West,Paid Search,Mobile,19,21,7,16,1,1,4,44.05,160.59,0,3,0
203796,West,Social,Web,56,4,13,39,0,1,1,65.65,122.63,0,4,0
203797,West,Organic,Web,36,31,3,15,0,0,1,71.13,91.98,0,3,1
203798,West,Organic,Mobile,29,41,13,33,0,0,2,62.02,89.98,0,4,0
203799,East,Partner,Web,32,45,4,12,0,0,3,60.93,213.45,0,4,1
203800,Budapest,Organic,Mobile,48,19,8,36,1,0,2,90.65,196.41,0,3,1
203801,Budapest,Referral,Mobile,26,24,9,36,0,0,4,107.79,474.42,0,4,0
203802,Budapest,Social,Web,43,16,6,19,0,0,1,75.37,43.86,0,4,0
203803,West,Organic,Store,34,4,7,34,0,0,2,60.13,110.32,0,2,0
203804,West,Paid Search,Web,31,30,8,16,0,1,3,108.92,331.95,1,4,1
203805,East,Social,Store,53,6,5,14,0,0,1,53.54,71.97,0,3,0
203806,West,Partner,Mobile,48,13,10,41,1,1,1,65.9,31.63,0,5,0
203807,South,Organic,Store,57,11,9,33,0,1,0,90.76,0.0,0,5,1
203808,South,Organic,Store,29,21,5,16,1,1,5,42.45,231.33,0,4,0
203809,East,Organic,Store,26,8,5,12,0,0,1,99.47,89.03,0,3,0
203810,Budapest,Organic,Store,47,9,3,14,1,0,0,81.65,0.0,0,3,0
203811,Budapest,Paid Search,Store,18,17,7,27,1,1,2,76.56,97.72,0,3,1
203812,West,Paid Search,Web,48,15,8,37,0,1,1,58.05,61.82,0,3,0
203813,Budapest,Social,Web,34,68,10,38,0,0,3,104.12,309.74,0,4,1
203814,Budapest,Organic,Web,29,13,7,41,1,0,0,58.59,0.0,0,3,0
203815,Budapest,Social,Mobile,55,8,18,79,1,1,3,81.7,279.42,0,5,1
203816,East,Organic,Web,28,4,8,43,0,1,4,75.04,301.45,0,3,0
203817,West,Referral,Mobile,47,16,8,31,0,1,0,89.03,0.0,0,4,0
203818,West,Paid Search,Mobile,58,6,13,47,0,1,1,73.85,144.0,1,4,0
203819,Budapest,Partner,Mobile,28,50,7,24,0,0,2,104.4,190.6,0,5,0
203820,East,Paid Search,Store,48,6,3,10,1,1,1,58.42,100.72,0,2,0
203821,Budapest,Paid Search,Web,41,20,8,22,1,0,0,97.07,0.0,0,4,0
203822,West,Paid Search,Mobile,53,9,11,37,1,1,3,75.98,185.81,0,3,1
203823,Budapest,Referral,Web,26,31,14,31,1,0,1,93.1,10.59,0,4,1
203824,Budapest,Paid Search,Web,46,15,9,29,0,1,2,68.68,142.29,0,3,1
203825,Budapest,Paid Search,Web,44,14,12,51,1,1,2,77.04,186.93,0,4,1
203826,Budapest,Referral,Web,29,23,9,20,0,0,2,54.27,141.05,0,3,1
203827,East,Referral,Mobile,35,11,11,50,1,0,2,21.47,49.64,0,5,0
203828,Budapest,Social,Web,28,22,8,24,0,1,1,65.62,81.93,0,4,0
203829,West,Partner,Web,59,10,8,41,1,1,1,93.56,124.76,0,4,0
203830,West,Referral,Mobile,50,27,5,26,0,1,1,29.24,0.0,0,3,1
203831,East,Partner,Mobile,50,16,13,50,1,0,3,84.85,193.21,0,4,1
203832,Budapest,Organic,Web,46,16,5,17,1,0,2,44.41,77.89,0,3,0
203833,Budapest,Paid Search,Mobile,59,52,10,49,1,0,1,76.11,72.71,0,5,1
203834,South,Partner,Mobile,42,33,12,59,1,0,2,81.66,150.71,0,4,0
203835,North,Organic,Store,56,19,4,11,0,0,1,87.28,67.27,1,3,0
203836,West,Partner,Web,18,29,14,60,1,0,2,52.19,77.13,0,5,1
203837,Budapest,Referral,Mobile,65,18,11,37,1,0,2,129.74,252.75,1,3,1
203838,South,Referral,Mobile,36,11,13,60,0,0,1,55.11,115.61,0,4,1
203839,North,Social,Web,42,21,8,36,1,0,3,81.25,195.88,1,3,0
203840,West,Paid Search,Web,41,10,4,5,0,0,5,87.83,457.59,1,4,0
203841,Budapest,Paid Search,Store,32,16,4,18,1,1,1,37.83,0.0,0,4,1
203842,North,Partner,Mobile,43,37,7,34,0,1,1,58.65,21.62,0,3,0
203843,West,Referral,Mobile,32,1,7,31,0,0,2,51.12,110.27,0,4,0
203844,South,Organic,Mobile,55,11,8,38,1,1,0,83.44,46.19,0,3,1
203845,Budapest,Paid Search,Store,34,15,5,17,0,1,2,62.29,144.15,0,4,1
203846,West,Referral,Store,45,24,5,22,0,0,1,82.94,62.47,0,3,0
203847,North,Referral,Mobile,18,20,7,33,0,0,0,61.01,0.0,0,3,1
203848,East,Partner,Web,28,35,4,18,0,0,4,93.01,403.35,1,4,1
203849,East,Social,Mobile,49,8,11,50,0,0,0,48.96,0.0,0,4,0
203850,South,Paid Search,Mobile,44,28,7,25,0,1,6,52.51,333.43,1,4,0
203851,Budapest,Partner,Web,38,4,13,60,1,0,3,66.24,155.61,0,3,0
203852,West,Referral,Web,54,71,8,33,0,0,2,79.57,154.18,0,4,0
203853,South,Paid Search,Mobile,53,30,11,37,1,0,1,76.77,70.48,1,4,1
203854,South,Referral,Mobile,51,32,6,15,0,0,1,85.07,87.83,0,4,0
203855,South,Social,Store,18,26,4,15,1,0,1,40.31,19.52,0,4,1
203856,Budapest,Paid Search,Web,39,19,7,22,0,0,1,55.38,70.25,0,4,0
203857,South,Social,Mobile,24,19,12,39,1,0,0,67.41,57.79,0,3,0
203858,Budapest,Paid Search,Web,25,7,9,38,0,0,2,48.12,32.26,0,3,1
203859,East,Social,Web,35,12,5,14,0,0,0,41.96,59.74,0,4,0
203860,South,Referral,Web,31,10,6,31,0,0,2,45.17,87.19,1,5,1
203861,East,Partner,Store,41,34,4,17,0,0,4,80.62,332.74,0,4,1
203862,West,Organic,Web,30,50,9,41,1,0,1,97.39,117.21,0,4,1
203863,Budapest,Referral,Web,27,15,7,31,1,0,1,51.5,70.74,0,4,0
203864,Budapest,Paid Search,Web,42,21,5,12,0,0,0,111.27,0.0,0,3,0
203865,West,Referral,Store,28,25,3,10,0,0,0,94.23,0.0,0,4,1
203866,Budapest,Organic,Mobile,37,9,12,64,1,0,2,41.74,96.45,0,3,0
203867,Budapest,Organic,Web,46,14,7,27,0,0,1,35.02,16.13,0,2,0
203868,Budapest,Organic,Store,46,27,8,35,1,1,0,96.53,0.0,0,4,1
203869,North,Organic,Web,31,15,4,11,0,0,4,62.03,255.02,1,4,0
203870,West,Social,Web,40,10,4,12,1,0,0,80.6,0.0,0,3,1
203871,Budapest,Partner,Web,40,57,8,38,1,0,3,108.93,287.85,0,4,0
203872,South,Organic,Web,65,25,7,42,0,0,1,84.56,132.35,0,5,0
203873,North,Social,Store,24,14,6,35,1,0,0,104.62,12.74,0,4,0
203874,South,Referral,Web,36,8,5,17,1,0,0,53.05,0.0,0,4,1
203875,East,Referral,Mobile,50,18,7,32,0,1,1,68.77,54.91,0,4,0
203876,West,Organic,Web,45,9,4,17,0,0,1,65.3,79.96,0,3,0
203877,North,Paid Search,Web,40,15,9,45,1,0,1,56.95,70.16,0,4,0
203878,North,Social,Web,38,15,4,21,0,0,0,54.63,0.0,0,3,1
203879,West,Organic,Web,41,47,8,31,0,1,1,101.52,96.46,0,5,0
203880,East,Paid Search,Store,44,14,4,20,0,0,1,81.47,134.14,0,3,0
203881,Budapest,Referral,Store,39,13,6,20,0,1,2,67.65,128.66,0,4,0
203882,Budapest,Organic,Store,39,67,3,9,0,0,2,101.64,288.28,0,4,1
203883,Budapest,Social,Mobile,34,37,9,47,1,1,2,97.73,218.45,0,4,1
203884,Budapest,Organic,Web,36,19,9,9,0,0,4,74.97,281.25,1,3,1
203885,Budapest,Social,Mobile,58,20,6,27,0,0,2,84.23,196.88,1,4,0
203886,West,Referral,Web,46,23,8,27,0,1,0,73.32,39.17,0,4,1
203887,East,Organic,Store,39,24,6,23,0,1,0,68.08,39.46,0,4,0
203888,South,Organic,Web,26,19,4,22,0,0,2,60.24,189.14,0,4,0
203889,Budapest,Organic,Store,43,15,7,24,0,1,0,35.56,27.96,0,4,0
203890,West,Organic,Web,55,30,9,25,0,0,0,123.18,0.0,0,5,0
203891,East,Paid Search,Store,52,27,2,4,0,0,2,93.61,234.39,0,3,1
203892,South,Organic,Store,55,10,5,27,0,0,0,94.68,39.76,0,3,0
203893,South,Social,Web,44,35,5,24,0,0,2,76.1,162.32,0,5,0
203894,North,Referral,Store,18,24,10,43,1,1,4,45.35,193.07,1,5,1
203895,South,Referral,Web,41,23,4,21,0,1,0,37.29,71.58,0,5,1
203896,Budapest,Referral,Mobile,50,32,8,37,0,0,4,79.45,418.52,0,4,1
203897,West,Organic,Store,41,5,3,3,0,0,0,51.69,93.22,0,3,0
203898,West,Organic,Web,31,31,5,19,0,1,4,73.36,383.59,0,4,1
203899,East,Partner,Mobile,44,40,8,39,0,0,2,70.87,108.79,1,4,0
203900,Budapest,Organic,Web,37,20,9,28,1,0,3,76.59,180.66,0,4,0
203901,West,Referral,Mobile,42,19,17,83,0,0,3,84.57,275.76,0,4,1
203902,Budapest,Paid Search,Mobile,26,17,6,25,0,0,2,41.05,34.98,0,4,0
203903,West,Organic,Mobile,44,46,6,18,0,0,5,90.08,460.74,0,3,1
203904,South,Social,Web,33,18,8,41,0,0,2,84.23,206.81,0,5,0
203905,South,Referral,Web,59,9,5,16,1,0,1,117.97,142.86,0,4,0
203906,Budapest,Partner,Store,18,30,4,11,0,1,3,54.47,269.19,0,2,1
203907,West,Referral,Mobile,45,21,10,22,0,0,3,77.13,240.71,1,4,0
203908,North,Partner,Web,54,30,4,14,0,0,1,133.05,109.6,0,3,1
203909,Budapest,Social,Web,29,16,6,26,1,1,1,97.94,117.75,0,4,0
203910,East,Organic,Mobile,26,30,11,47,0,0,6,52.33,307.49,0,5,1
203911,West,Organic,Store,31,20,3,11,0,1,0,70.38,2.33,0,3,0
203912,South,Organic,Mobile,53,13,8,33,0,0,1,79.77,129.05,0,2,0
203913,East,Organic,Web,47,37,6,33,0,1,4,88.92,351.92,0,5,0
203914,East,Organic,Mobile,21,47,10,27,0,0,5,85.17,434.91,0,4,0
203915,Budapest,Organic,Store,29,17,4,10,1,0,0,54.35,0.0,0,4,0
203916,Budapest,Social,Mobile,33,5,6,26,1,0,0,94.43,0.0,0,3,0
203917,South,Referral,Web,50,30,3,17,0,0,2,73.28,157.64,0,3,1
203918,Budapest,Organic,Web,43,11,7,21,1,0,0,60.33,8.33,0,3,0
203919,Budapest,Partner,Web,53,39,11,49,0,0,5,74.36,337.52,0,5,1
203920,East,Paid Search,Mobile,28,30,15,71,0,1,4,65.83,236.52,0,3,1
203921,Budapest,Partner,Web,36,9,6,32,0,0,0,59.35,0.0,0,4,0
203922,East,Paid Search,Store,39,28,8,45,0,1,0,44.47,0.0,0,4,1
203923,Budapest,Organic,Web,32,31,9,40,1,1,2,54.95,59.06,0,5,1
203924,West,Partner,Mobile,48,21,5,13,1,1,1,82.43,76.24,0,4,0
203925,Budapest,Paid Search,Web,21,33,10,43,0,0,1,66.95,141.18,0,3,0
203926,Budapest,Organic,Mobile,43,33,14,76,0,0,3,70.23,224.15,0,4,1
203927,West,Social,Web,43,29,12,63,0,0,4,71.66,228.89,0,5,0
203928,Budapest,Paid Search,Mobile,40,38,7,20,0,1,4,69.6,315.35,0,4,1
203929,South,Organic,Web,53,35,10,18,1,0,2,64.63,107.19,0,4,0
203930,Budapest,Organic,Web,19,60,8,38,0,1,1,83.23,163.68,0,4,0
203931,East,Social,Store,47,4,10,32,1,0,1,41.88,0.0,0,3,1
203932,North,Organic,Web,46,14,5,17,1,0,0,75.58,47.49,0,4,0
203933,South,Paid Search,Web,42,21,8,30,1,1,1,60.11,59.46,0,3,1
203934,East,Organic,Store,46,29,8,37,1,0,2,78.9,157.54,0,4,1
203935,East,Paid Search,Store,38,14,4,13,0,0,2,83.73,178.03,0,4,0
203936,West,Social,Web,27,17,8,33,0,1,4,43.67,188.51,0,3,0
203937,East,Paid Search,Mobile,25,20,9,21,1,1,3,65.47,213.72,0,5,1
203938,Budapest,Paid Search,Mobile,41,23,12,48,0,1,0,72.25,76.23,0,3,1
203939,Budapest,Organic,Web,55,37,7,11,0,0,2,134.34,313.57,0,4,1
203940,South,Paid Search,Mobile,51,28,6,31,0,0,3,66.32,256.6,0,4,0
203941,Budapest,Partner,Web,33,22,7,27,1,1,1,78.98,37.16,0,3,0
203942,North,Paid Search,Store,29,13,9,39,0,0,1,72.78,29.16,0,4,0
203943,Budapest,Organic,Web,48,11,6,33,0,0,2,37.31,38.49,0,3,1
203944,Budapest,Paid Search,Mobile,33,9,10,43,1,0,1,41.01,18.06,0,3,0
203945,North,Paid Search,Web,36,25,8,28,0,0,1,84.98,48.83,0,3,0
203946,Budapest,Referral,Web,41,3,7,28,1,0,3,66.74,200.28,0,4,0
203947,Budapest,Partner,Store,41,7,5,19,0,0,0,66.75,14.75,0,3,0
203948,Budapest,Referral,Web,20,5,6,17,0,1,0,81.21,40.21,0,4,1
203949,North,Paid Search,Web,59,9,9,56,0,0,1,125.23,122.71,0,4,0
203950,West,Organic,Web,34,7,5,20,0,0,1,86.84,121.27,0,4,0
203951,Budapest,Partner,Web,51,16,9,36,1,1,1,73.18,60.95,0,3,0
203952,East,Organic,Web,33,34,5,22,0,0,1,78.31,93.78,0,3,1
203953,South,Organic,Web,45,14,7,29,1,0,0,50.56,0.0,0,2,0
203954,North,Paid Search,Mobile,29,18,10,40,1,1,4,44.84,185.67,1,4,0
203955,North,Paid Search,Store,56,23,5,7,0,1,0,93.18,19.55,0,3,0
203956,Budapest,Referral,Mobile,18,42,5,20,1,1,2,64.65,85.55,0,4,0
203957,Budapest,Paid Search,Web,30,15,5,20,0,1,1,74.59,41.49,0,3,0
203958,East,Organic,Store,38,28,6,35,0,0,1,110.73,81.15,0,3,0
203959,Budapest,Organic,Web,54,58,5,20,1,0,3,112.12,323.75,0,4,1
203960,Budapest,Social,Web,51,30,12,52,0,1,2,92.86,130.09,0,4,0
203961,West,Social,Mobile,35,72,6,20,0,1,0,121.26,71.35,0,4,0
203962,East,Referral,Store,51,27,9,57,1,0,1,80.08,73.92,0,4,0
203963,Budapest,Organic,Web,18,30,11,49,0,1,1,70.61,80.22,0,4,0
203964,Budapest,Paid Search,Mobile,57,22,4,17,0,1,1,63.68,68.29,0,3,0
203965,Budapest,Paid Search,Mobile,41,7,16,11,0,1,1,59.89,96.33,0,3,0
203966,Budapest,Partner,Mobile,56,8,6,22,0,0,0,98.45,0.0,0,4,1
203967,South,Paid Search,Web,18,49,4,16,1,0,3,45.87,154.3,0,4,0
203968,South,Paid Search,Mobile,49,31,15,62,1,0,5,103.71,564.63,0,4,1
203969,East,Social,Mobile,41,12,13,43,0,0,2,44.27,66.32,0,4,1
203970,East,Partner,Web,44,25,5,17,1,0,2,94.37,179.85,0,4,0
203971,Budapest,Social,Mobile,33,16,5,19,1,1,3,55.41,110.51,0,5,0
203972,Budapest,Social,Web,59,28,6,30,0,1,4,65.87,224.01,0,4,0
203973,West,Organic,Mobile,44,40,8,19,0,0,1,87.14,83.7,0,4,1
203974,South,Referral,Store,41,14,12,47,1,0,1,99.0,49.41,0,4,1
203975,West,Organic,Web,26,17,5,17,0,0,0,79.71,32.1,0,3,0
203976,North,Referral,Web,39,18,8,42,0,0,1,66.88,0.0,0,4,0
203977,Budapest,Referral,Store,41,34,6,17,1,0,2,82.5,150.72,0,4,0
203978,North,Paid Search,Web,41,6,14,55,1,0,3,58.96,173.51,0,4,1
203979,East,Partner,Mobile,39,18,13,55,0,0,0,66.43,0.0,0,4,1
203980,South,Referral,Mobile,52,18,10,36,0,0,3,61.56,166.09,1,4,1
203981,Budapest,Organic,Web,36,12,6,24,0,0,3,77.68,264.97,0,3,1
203982,North,Paid Search,Web,27,3,6,37,1,1,0,49.69,0.0,0,4,0
203983,East,Referral,Mobile,31,38,8,46,1,0,6,64.79,405.71,1,5,0
203984,North,Partner,Web,42,12,6,21,0,1,0,44.19,25.56,0,3,0
203985,North,Organic,Store,44,68,8,28,1,1,2,114.16,247.74,2,5,1
203986,Budapest,Organic,Web,51,19,6,13,0,0,1,101.57,105.36,0,4,0
203987,Budapest,Organic,Web,59,37,5,24,1,0,2,94.92,237.47,0,4,0
203988,Budapest,Referral,Mobile,19,33,11,76,0,1,2,66.59,93.23,0,4,1
203989,East,Referral,Web,30,7,3,10,0,0,1,41.69,66.31,0,2,0
203990,South,Social,Mobile,51,15,7,36,1,1,1,72.63,47.99,0,3,0
203991,East,Partner,Mobile,36,6,12,61,1,0,2,101.54,261.28,0,5,0
203992,South,Paid Search,Web,63,10,12,13,0,0,1,89.21,127.36,0,4,1
203993,West,Paid Search,Web,45,24,7,11,0,1,5,40.77,238.69,0,4,1
203994,West,Partner,Mobile,60,3,10,45,1,0,0,74.96,0.0,0,3,0
203995,Budapest,Social,Web,54,42,5,30,0,0,1,90.22,113.5,0,5,1
203996,South,Referral,Web,50,9,5,22,0,1,1,70.45,45.93,0,3,0
203997,South,Social,Mobile,43,71,8,37,0,1,1,71.22,80.24,0,5,0
203998,West,Paid Search,Web,23,23,8,13,1,0,3,36.14,88.76,0,3,0
203999,East,Social,Mobile,42,20,10,44,1,1,2,58.2,117.6,0,4,0
204000,Budapest,Organic,Store,46,11,10,31,0,1,2,54.29,61.88,1,3,0
204001,East,Paid Search,Mobile,20,35,9,42,0,1,3,63.61,171.68,0,5,1
204002,Budapest,Organic,Web,42,32,6,20,0,0,4,115.98,451.16,0,4,0
204003,East,Paid Search,Web,44,22,6,38,0,0,1,72.58,87.23,0,4,0
204004,Budapest,Partner,Web,35,14,4,15,0,1,1,64.38,44.37,0,4,1
204005,West,Social,Web,45,18,3,10,0,1,1,55.38,33.54,0,3,0
204006,South,Social,Mobile,33,13,10,43,1,1,0,73.07,12.58,0,3,1
204007,Budapest,Organic,Store,46,40,7,36,0,1,1,73.79,45.0,0,3,0
204008,East,Organic,Web,37,24,5,18,1,0,2,85.27,200.0,0,4,0
204009,East,Paid Search,Mobile,47,10,5,29,0,0,2,62.59,132.72,0,4,0
204010,East,Paid Search,Store,36,15,5,20,0,0,2,83.41,180.53,0,4,0
204011,East,Paid Search,Web,47,9,6,25,0,0,1,58.6,115.58,0,4,1
204012,Budapest,Referral,Mobile,39,6,12,65,1,1,2,86.14,141.33,0,4,1
204013,West,Paid Search,Web,38,8,4,12,0,1,3,61.03,214.23,0,3,0
204014,East,Paid Search,Web,53,26,6,16,0,0,0,94.82,51.23,0,4,0
204015,Budapest,Partner,Mobile,40,18,9,34,0,1,1,60.78,48.21,0,4,1
204016,East,Referral,Mobile,37,17,12,57,0,1,3,50.13,178.93,1,3,0
204017,South,Social,Mobile,55,28,13,24,0,0,1,78.05,109.35,0,4,1
204018,East,Social,Web,34,10,8,36,0,1,2,47.1,139.4,0,3,1
204019,West,Referral,Store,50,16,7,18,0,1,0,80.19,21.89,0,3,1
204020,Budapest,Social,Web,28,14,6,31,0,0,3,63.47,187.07,0,2,0
204021,South,Paid Search,Web,33,20,9,44,0,1,5,93.88,490.73,0,4,1
204022,West,Paid Search,Mobile,43,4,11,27,0,0,2,71.98,241.49,0,4,0
204023,West,Organic,Web,42,12,5,21,0,0,1,94.72,127.75,0,4,1
204024,East,Social,Store,47,22,6,27,0,0,0,85.61,0.0,0,4,0
204025,East,Social,Mobile,51,12,11,49,0,0,0,87.9,35.74,0,4,0
204026,North,Referral,Store,57,17,7,21,0,1,2,85.27,167.1,0,4,0
204027,Budapest,Organic,Web,53,35,5,22,1,0,4,67.82,313.48,0,4,0
204028,East,Partner,Web,42,38,7,31,0,1,2,111.64,200.55,0,3,0
204029,Budapest,Referral,Mobile,40,15,12,52,0,0,2,82.16,189.8,0,3,1
204030,North,Organic,Mobile,46,27,10,42,0,1,3,80.45,182.35,0,5,0
204031,East,Partner,Mobile,52,18,19,77,1,1,3,66.98,233.9,0,5,1
204032,East,Paid Search,Mobile,45,20,11,25,1,1,3,64.97,189.06,1,4,1
204033,Budapest,Referral,Web,38,22,11,57,1,0,0,96.55,0.0,0,4,0
204034,East,Organic,Web,18,32,8,38,1,0,2,74.02,116.68,0,5,0
204035,Budapest,Social,Web,42,30,4,24,0,0,1,86.73,133.17,0,5,1
204036,Budapest,Paid Search,Mobile,18,18,16,78,1,0,1,87.2,62.57,0,5,0
204037,South,Organic,Web,33,27,4,26,0,0,1,50.55,86.45,0,3,0
204038,East,Organic,Store,51,30,3,14,1,0,0,111.76,0.0,0,4,0
204039,East,Organic,Web,49,30,4,9,1,0,4,96.86,424.2,0,5,1
204040,South,Organic,Mobile,41,9,7,36,0,0,0,84.87,0.0,0,4,0
204041,South,Paid Search,Web,41,8,4,20,0,0,1,104.36,99.39,0,3,0
204042,Budapest,Social,Mobile,39,36,12,59,1,1,1,89.35,52.83,0,4,0
204043,Budapest,Social,Mobile,37,15,11,66,0,0,3,72.99,201.63,0,3,0
204044,Budapest,Paid Search,Mobile,47,71,6,19,0,0,3,95.8,251.95,1,4,1
204045,Budapest,Organic,Store,20,16,4,18,1,0,1,57.99,72.92,0,2,0
204046,East,Partner,Store,47,25,9,28,1,0,2,100.26,194.35,0,4,1
204047,South,Organic,Web,28,9,13,56,1,0,0,51.07,0.0,0,4,1
204048,East,Organic,Mobile,67,13,6,19,1,1,1,108.29,60.57,0,3,0
204049,West,Referral,Web,32,18,4,19,0,0,1,74.62,80.94,0,3,0
204050,East,Referral,Mobile,47,18,9,11,0,1,0,30.97,11.34,0,4,0
204051,South,Organic,Mobile,55,14,11,43,0,0,1,88.35,104.65,0,3,0
204052,Budapest,Paid Search,Web,47,13,7,18,0,1,0,88.91,10.56,0,3,0
204053,West,Referral,Mobile,55,10,3,16,0,0,2,118.0,186.6,1,3,0
204054,Budapest,Partner,Web,37,7,7,26,0,0,2,62.7,72.49,0,4,0
204055,Budapest,Paid Search,Mobile,36,17,11,51,1,1,3,61.49,237.03,0,4,0
204056,Budapest,Organic,Web,44,13,9,35,0,0,2,69.83,154.99,0,4,0
204057,West,Paid Search,Web,30,12,5,17,0,1,4,99.49,396.47,0,4,0
204058,East,Paid Search,Web,51,4,11,54,0,1,0,100.37,0.0,0,4,0
204059,West,Organic,Web,36,24,5,9,0,0,3,80.78,266.76,0,5,0
204060,West,Social,Store,53,14,6,14,0,1,0,77.26,0.0,0,4,1
204061,Budapest,Organic,Web,30,13,7,20,0,0,0,111.39,14.77,0,3,0
204062,East,Referral,Store,27,22,7,27,0,0,0,80.21,72.55,0,3,0
204063,East,Paid Search,Web,35,40,5,23,0,1,4,76.14,356.53,1,4,0
204064,East,Paid Search,Web,44,18,5,21,0,0,1,64.29,49.72,0,4,0
204065,South,Partner,Web,58,31,8,37,0,0,1,78.13,79.03,0,4,0
204066,West,Organic,Web,55,4,7,31,1,1,1,71.33,117.6,0,3,0
204067,West,Partner,Store,63,57,4,19,0,0,3,93.21,233.74,0,5,0
204068,Budapest,Social,Web,35,43,8,23,0,0,1,103.87,136.81,0,5,1
204069,West,Partner,Store,33,18,6,27,0,1,1,97.2,45.04,0,3,0
204070,Budapest,Referral,Store,38,33,9,43,0,0,1,76.0,72.55,0,3,0
204071,West,Organic,Web,44,27,5,12,1,0,0,112.15,9.69,0,4,1
204072,West,Referral,Mobile,50,8,6,29,0,0,0,60.91,0.0,0,5,0
204073,East,Paid Search,Mobile,48,33,11,35,0,1,2,35.62,63.77,0,3,1
204074,Budapest,Organic,Web,29,13,8,22,0,0,4,85.6,326.33,0,4,1
204075,West,Social,Store,29,8,3,9,0,0,0,68.43,0.0,0,3,0
204076,West,Organic,Store,38,3,4,20,0,0,0,75.61,49.48,0,4,1
204077,Budapest,Partner,Store,37,15,6,31,1,0,0,104.8,25.11,0,4,0
204078,West,Social,Web,55,5,9,39,1,1,1,76.07,64.74,0,3,1
204079,North,Referral,Web,39,28,7,27,0,0,4,107.46,456.74,0,3,1
204080,South,Paid Search,Mobile,33,15,6,32,0,1,1,81.36,58.02,0,4,0
204081,East,Paid Search,Web,49,72,10,26,0,1,3,71.53,215.73,1,4,1
204082,Budapest,Organic,Store,50,17,6,28,0,1,1,57.51,46.32,0,4,0
204083,East,Social,Web,33,30,7,22,0,0,0,63.11,0.0,0,4,1
204084,East,Partner,Web,38,22,4,17,0,0,1,72.15,95.93,0,4,0
204085,West,Paid Search,Mobile,45,31,7,16,1,0,0,100.5,0.0,0,4,0
204086,East,Referral,Web,47,38,4,22,0,0,3,91.25,252.7,0,5,1
204087,East,Paid Search,Mobile,42,13,12,61,1,1,3,44.54,127.34,0,4,1
204088,Budapest,Organic,Store,62,22,3,8,0,1,1,77.55,63.36,0,2,1
204089,Budapest,Paid Search,Web,37,5,5,34,1,1,1,35.46,63.34,0,3,1
204090,West,Paid Search,Mobile,33,38,8,38,0,1,4,100.29,389.97,1,4,0
204091,West,Organic,Web,34,18,10,48,0,0,3,80.19,249.63,0,3,1
204092,Budapest,Social,Mobile,48,15,8,55,0,1,3,80.01,222.52,0,4,0
204093,South,Organic,Web,45,44,6,10,1,1,0,60.64,26.07,0,5,0
204094,North,Organic,Store,36,29,5,12,1,0,0,45.41,2.55,0,4,0
204095,West,Referral,Web,39,16,9,43,1,1,2,61.12,119.17,0,5,0
204096,North,Referral,Web,31,29,5,20,0,0,3,69.38,235.5,0,4,0
204097,Budapest,Social,Web,23,3,3,22,0,0,2,59.6,73.68,1,5,1
204098,Budapest,Referral,Web,27,10,4,33,0,1,1,48.96,0.0,0,4,0
204099,West,Organic,Mobile,39,21,7,35,0,0,4,66.74,276.24,1,5,1
204100,Budapest,Paid Search,Mobile,49,10,7,12,0,0,2,74.58,162.3,1,3,0
204101,South,Social,Web,40,16,3,15,0,0,3,73.93,168.93,1,5,1
204102,Budapest,Organic,Web,25,8,5,25,0,1,1,15.0,59.39,0,4,0
204103,East,Paid Search,Mobile,44,29,12,49,1,1,2,68.08,149.88,0,5,1
204104,North,Paid Search,Mobile,30,17,8,34,0,0,1,53.31,56.18,0,3,0
204105,West,Organic,Web,29,7,11,33,0,0,3,51.56,178.3,0,4,1
204106,South,Organic,Web,22,23,7,38,1,0,1,73.98,64.75,0,4,1
204107,East,Referral,Web,42,20,4,23,0,1,4,88.37,329.41,1,5,0
204108,Budapest,Referral,Store,32,33,6,24,0,1,3,92.09,320.41,0,4,0
204109,Budapest,Partner,Mobile,25,15,6,28,0,1,2,97.07,209.89,0,3,1
204110,South,Referral,Mobile,38,40,15,59,1,0,1,57.7,115.68,0,4,0
204111,Budapest,Paid Search,Web,39,7,8,32,1,0,2,87.42,197.37,0,3,0
204112,South,Partner,Web,22,42,7,44,0,1,0,88.46,0.0,0,5,0
204113,East,Paid Search,Store,29,11,5,16,0,1,1,72.77,51.72,0,4,0
204114,South,Paid Search,Web,49,21,4,13,0,0,1,66.35,44.11,0,3,0
204115,Budapest,Referral,Store,37,9,3,12,0,0,0,97.89,0.0,0,3,0
204116,West,Paid Search,Web,55,9,12,64,0,0,0,70.68,0.0,0,3,0
204117,West,Referral,Mobile,40,13,14,45,1,0,2,97.71,169.03,0,4,1
204118,South,Referral,Mobile,36,14,5,23,0,0,2,79.62,121.86,0,4,0
204119,East,Organic,Mobile,47,16,6,18,0,1,2,77.91,138.12,0,4,0
204120,North,Organic,Web,52,18,8,41,0,0,1,77.14,83.07,0,3,0
204121,South,Organic,Mobile,18,28,11,19,1,0,0,55.59,0.0,0,5,1
204122,East,Social,Mobile,53,7,11,48,0,0,1,59.36,58.11,0,4,1
204123,Budapest,Organic,Mobile,67,16,9,39,0,1,3,103.58,321.1,0,4,1
204124,North,Referral,Store,48,6,7,32,0,0,2,73.22,139.24,0,4,0
204125,North,Organic,Web,49,4,7,32,0,0,3,78.62,259.13,0,4,0
204126,Budapest,Social,Mobile,45,26,17,60,0,1,4,62.4,248.51,0,5,0
204127,Budapest,Referral,Store,60,5,6,22,0,1,0,67.17,0.0,0,2,0
204128,West,Paid Search,Web,21,10,9,29,1,1,0,55.04,51.5,0,4,0
204129,North,Social,Mobile,56,8,8,24,0,0,0,93.28,26.04,0,4,0
204130,West,Referral,Web,49,27,5,12,0,0,1,113.24,120.15,0,3,0
204131,South,Organic,Mobile,28,29,7,38,1,1,3,62.23,194.87,0,5,0
204132,Budapest,Paid Search,Web,37,32,5,26,0,0,2,63.43,135.83,0,5,1
204133,South,Referral,Web,29,21,6,37,1,0,4,66.78,276.33,1,4,0
204134,West,Organic,Mobile,33,31,10,40,1,0,4,75.03,259.4,0,4,0
204135,East,Social,Web,47,32,7,29,0,0,3,101.59,307.11,1,3,0
204136,North,Paid Search,Web,47,10,6,21,0,1,2,38.63,72.42,0,3,0
204137,West,Social,Web,53,23,11,38,0,0,1,111.97,96.72,0,3,0
204138,West,Organic,Web,46,39,6,18,1,0,2,77.09,186.08,0,5,1
204139,North,Organic,Mobile,43,25,13,56,0,0,2,104.28,272.23,0,3,1
204140,East,Organic,Mobile,45,22,12,64,0,0,3,65.79,211.21,0,4,1
204141,Budapest,Organic,Store,18,42,8,29,1,0,3,100.26,353.59,1,3,1
204142,East,Social,Web,44,24,7,26,1,1,0,101.2,18.85,0,4,0
204143,Budapest,Social,Store,24,20,5,25,0,0,0,73.85,1.43,0,4,0
204144,North,Organic,Mobile,35,12,11,37,0,0,1,50.7,104.5,0,4,0
204145,East,Organic,Web,65,23,6,35,1,0,2,101.3,187.78,1,4,1
204146,South,Referral,Mobile,41,28,10,44,0,0,3,73.28,217.75,0,3,0
204147,North,Organic,Web,39,13,7,27,0,1,1,55.63,90.82,0,5,0
204148,East,Referral,Mobile,31,6,9,45,0,1,3,56.22,183.55,0,4,0
204149,North,Paid Search,Mobile,50,33,13,43,1,1,1,94.73,78.22,0,3,1
204150,South,Paid Search,Mobile,41,14,6,21,1,0,2,68.5,175.28,0,2,0
204151,Budapest,Social,Web,35,15,8,45,1,1,1,82.96,39.75,0,4,0
204152,Budapest,Paid Search,Store,22,17,4,2,0,0,1,60.22,39.94,0,3,0
204153,East,Organic,Web,31,27,8,23,1,1,2,46.6,78.93,0,4,0
204154,Budapest,Organic,Store,38,20,6,31,0,1,1,66.15,27.13,0,2,0
204155,Budapest,Paid Search,Mobile,44,20,9,35,1,0,0,74.68,10.44,0,3,1
204156,West,Partner,Mobile,47,8,4,11,0,0,0,48.81,126.54,0,4,1
204157,East,Paid Search,Web,51,8,7,33,0,0,2,74.78,46.5,0,3,0
204158,East,Organic,Web,35,20,10,31,0,0,2,83.36,150.58,0,3,1
204159,South,Organic,Web,46,37,13,61,0,1,1,95.45,78.42,0,4,1
204160,Budapest,Partner,Store,30,34,6,25,1,0,3,92.81,280.15,0,3,0
204161,Budapest,Social,Web,39,34,14,43,0,1,1,78.51,56.81,0,5,0
204162,East,Social,Web,43,37,4,16,0,1,1,70.7,34.62,0,4,0
204163,South,Referral,Store,35,15,4,14,0,0,1,67.52,72.95,0,3,0
204164,West,Paid Search,Web,18,14,10,38,1,0,0,48.07,10.76,0,3,1
204165,North,Paid Search,Web,26,24,6,33,1,0,1,93.47,116.96,0,4,1
204166,East,Social,Web,51,15,8,30,0,0,1,63.62,73.05,0,4,1
204167,East,Partner,Store,40,11,7,22,1,1,1,87.46,73.73,0,3,0
204168,East,Organic,Web,30,9,5,26,1,0,2,104.26,240.71,0,4,0
204169,North,Paid Search,Mobile,63,14,10,9,0,0,2,78.68,152.68,0,2,1
204170,Budapest,Partner,Store,28,53,3,13,0,0,1,82.77,113.6,0,5,0
204171,North,Social,Web,34,10,5,17,0,0,1,73.94,97.62,0,3,0
204172,West,Paid Search,Mobile,48,14,6,22,0,1,1,49.64,23.51,0,4,1
204173,North,Paid Search,Web,38,10,6,20,0,0,0,77.58,0.0,0,3,1
204174,West,Organic,Web,39,9,5,18,1,0,3,66.62,214.37,0,3,0
204175,East,Organic,Web,35,16,4,10,0,0,0,64.57,34.81,0,5,1
204176,South,Social,Web,45,14,7,12,0,0,2,55.54,40.96,0,5,1
204177,North,Referral,Web,59,14,9,38,0,1,4,83.94,446.18,0,4,0
204178,West,Organic,Store,30,12,3,4,0,0,1,76.11,35.21,0,3,1
204179,Budapest,Social,Mobile,35,26,10,44,1,1,2,71.64,172.23,1,5,1
204180,North,Paid Search,Web,47,29,4,18,0,1,0,92.9,0.0,0,3,0
204181,Budapest,Social,Web,45,49,7,23,0,0,0,103.07,0.0,0,5,1
204182,South,Organic,Mobile,37,27,12,28,0,0,2,75.58,129.16,1,3,1
204183,Budapest,Organic,Mobile,44,19,5,27,0,0,1,79.24,25.16,0,4,0
204184,South,Partner,Mobile,46,6,9,30,0,1,1,64.74,50.79,0,2,0
204185,East,Organic,Web,39,26,7,31,0,0,2,81.61,160.57,0,5,1
204186,Budapest,Organic,Store,23,37,3,16,0,1,1,53.3,86.72,0,4,0
204187,West,Organic,Web,50,23,4,16,0,1,1,92.2,161.88,0,4,0
204188,Budapest,Paid Search,Web,53,7,7,30,0,0,2,64.85,147.54,0,3,1
204189,Budapest,Paid Search,Mobile,39,4,10,31,0,0,1,48.82,87.91,0,3,0
204190,Budapest,Social,Mobile,47,7,5,20,0,0,2,34.4,75.22,0,3,0
204191,North,Social,Web,33,10,7,36,1,0,1,86.1,82.39,0,4,1
204192,North,Partner,Web,40,19,6,34,0,0,0,63.09,0.0,0,4,0
204193,Budapest,Paid Search,Store,43,24,7,38,0,1,0,42.18,0.0,0,5,1
204194,West,Referral,Store,21,15,8,12,0,1,1,72.72,84.42,0,5,1
204195,West,Referral,Mobile,27,32,7,27,0,0,4,71.04,247.75,1,4,1
204196,West,Referral,Web,44,1,9,36,0,0,1,36.56,25.15,0,3,0
204197,East,Referral,Mobile,48,7,10,36,0,0,0,66.91,0.0,0,4,0
204198,West,Organic,Store,58,28,7,10,0,0,1,85.09,68.8,0,4,1
204199,East,Paid Search,Mobile,44,32,5,15,0,0,2,101.51,172.97,0,4,0
204200,North,Referral,Mobile,44,12,11,3,0,0,2,52.63,89.1,0,4,0
204201,Budapest,Social,Store,48,31,8,24,1,0,5,81.67,395.48,0,4,0
204202,West,Social,Web,43,29,10,32,0,1,1,78.78,86.24,0,5,1
204203,West,Partner,Mobile,34,22,12,67,1,1,2,59.25,103.66,0,4,1
204204,East,Partner,Mobile,63,16,11,64,1,0,1,43.86,62.28,0,4,0
204205,Budapest,Social,Web,37,32,7,23,0,0,2,88.37,153.63,0,5,0
204206,East,Organic,Web,51,12,6,40,1,1,1,55.55,68.68,1,3,0
204207,South,Organic,Web,40,16,9,45,1,0,2,74.33,131.32,0,4,0
204208,East,Organic,Web,51,14,5,20,0,0,2,76.35,136.85,0,3,0
204209,Budapest,Referral,Web,36,17,5,15,0,0,0,100.32,14.3,0,3,0
204210,Budapest,Social,Mobile,29,38,13,57,1,0,1,105.78,118.9,0,4,1
204211,South,Referral,Mobile,31,29,12,60,0,0,1,49.11,78.09,0,5,0
204212,South,Paid Search,Mobile,32,22,6,13,1,1,2,71.09,150.13,1,3,0
204213,Budapest,Paid Search,Web,18,7,4,17,0,0,1,39.74,54.65,0,3,0
204214,Budapest,Paid Search,Web,46,9,8,32,1,0,1,82.47,108.19,0,4,1
204215,South,Social,Mobile,24,72,7,38,1,1,3,45.33,151.61,0,4,1
204216,Budapest,Social,Web,33,24,10,33,1,1,4,46.58,191.94,0,3,1
204217,Budapest,Referral,Mobile,38,30,5,29,0,1,1,72.62,68.64,0,4,1
204218,East,Organic,Store,57,14,4,17,1,0,0,97.59,0.0,0,4,0
204219,Budapest,Organic,Web,60,21,10,38,1,0,5,78.32,403.02,0,4,0
204220,Budapest,Organic,Mobile,19,9,5,25,0,0,2,53.57,113.36,0,3,1
204221,Budapest,Referral,Web,50,26,7,27,0,0,1,79.39,63.39,0,3,0
204222,Budapest,Referral,Web,49,44,11,39,1,1,0,66.31,0.0,0,4,0
204223,Budapest,Organic,Store,56,20,6,22,0,0,2,108.77,227.25,0,4,1
204224,North,Partner,Web,27,21,10,49,1,1,2,50.37,74.1,0,4,1
204225,Budapest,Organic,Mobile,49,23,12,64,1,0,1,74.64,92.61,0,3,0
204226,East,Referral,Web,47,11,5,17,0,0,0,125.01,0.0,0,4,0
204227,South,Referral,Mobile,48,11,9,30,0,0,2,101.69,248.03,0,4,1
204228,East,Social,Web,50,26,6,19,0,0,2,120.9,217.61,0,3,0
204229,Budapest,Referral,Web,46,28,8,22,0,0,3,80.14,232.41,1,3,1
204230,West,Social,Mobile,49,9,11,39,0,1,5,60.05,206.17,0,4,1
204231,South,Paid Search,Mobile,54,8,8,20,0,0,1,57.03,0.0,0,4,0
204232,South,Referral,Web,18,43,8,29,0,1,5,69.63,365.88,0,4,0
204233,Budapest,Referral,Mobile,24,22,7,22,0,1,2,66.86,67.46,0,5,1
204234,East,Partner,Mobile,35,16,13,56,0,1,2,70.7,168.38,0,4,0
204235,West,Referral,Web,47,28,5,8,0,1,4,121.43,449.01,1,4,0
204236,Budapest,Social,Mobile,44,41,10,35,0,0,4,68.45,210.07,0,4,1
204237,South,Referral,Web,33,11,4,15,0,1,2,33.91,111.08,0,3,1
204238,Budapest,Organic,Store,33,11,5,21,1,1,2,32.18,42.07,0,3,0
204239,North,Organic,Store,18,26,11,60,1,0,1,67.28,108.06,0,4,0
204240,West,Referral,Web,31,47,4,18,1,1,3,85.32,253.3,0,5,0
204241,East,Referral,Mobile,50,3,9,26,0,1,3,58.12,122.09,0,2,1
204242,Budapest,Paid Search,Mobile,42,61,9,33,0,0,5,115.31,627.4,0,5,1
204243,Budapest,Referral,Web,39,13,7,30,0,0,0,50.42,0.0,0,4,0
204244,East,Partner,Web,41,21,9,23,1,0,4,81.04,382.64,0,2,1
204245,South,Organic,Web,45,58,4,4,0,1,2,90.1,187.46,0,5,1
204246,Budapest,Organic,Web,40,9,6,24,0,0,1,81.18,39.82,0,3,0
204247,Budapest,Social,Mobile,31,7,12,50,1,0,3,44.72,122.99,1,4,1
204248,Budapest,Paid Search,Web,32,28,6,29,0,0,2,79.91,155.27,0,5,0
204249,West,Referral,Web,46,14,8,26,0,1,2,43.15,103.53,0,3,0
204250,Budapest,Referral,Web,36,52,9,31,1,0,2,70.69,120.38,0,5,1
204251,Budapest,Paid Search,Web,48,32,2,2,1,1,2,71.68,163.07,1,2,1
204252,North,Organic,Web,35,37,6,20,1,1,3,101.26,321.81,1,4,0
204253,East,Social,Mobile,36,36,11,39,1,1,8,88.92,686.47,0,4,1
204254,West,Organic,Web,50,28,6,22,0,1,3,90.83,314.49,0,4,1
204255,East,Organic,Web,33,6,8,37,0,0,1,47.04,18.02,0,5,1
204256,Budapest,Social,Web,37,25,6,27,1,0,4,109.96,408.26,0,4,0
204257,East,Paid Search,Web,45,7,7,32,0,1,1,90.27,109.27,0,3,0
204258,West,Organic,Mobile,18,40,11,44,0,0,2,44.77,63.68,0,4,1
204259,South,Referral,Mobile,34,29,11,19,0,1,4,56.87,198.19,0,4,1
204260,West,Partner,Mobile,42,30,5,18,0,0,1,79.42,80.02,0,5,0
204261,Budapest,Referral,Store,62,2,8,23,0,0,0,64.0,0.0,0,3,0
204262,West,Organic,Web,31,13,8,26,1,0,0,63.06,0.0,0,3,1
204263,South,Organic,Mobile,73,31,10,46,1,0,2,92.21,186.0,0,4,0
204264,West,Social,Mobile,43,12,12,20,1,1,1,82.79,37.87,0,4,0
204265,Budapest,Referral,Store,54,11,10,57,0,1,1,60.89,104.47,0,4,0
204266,East,Organic,Web,57,22,6,25,1,1,2,74.56,138.15,0,4,0
204267,East,Social,Mobile,55,11,7,30,0,0,0,83.06,26.44,0,3,1
204268,East,Paid Search,Store,40,33,1,12,0,0,2,63.16,122.94,0,4,1
204269,Budapest,Partner,Mobile,38,26,11,34,1,0,0,73.37,0.0,0,3,0
204270,Budapest,Organic,Mobile,30,18,13,45,1,0,2,68.07,123.61,0,3,1
204271,Budapest,Social,Web,31,17,8,26,0,0,2,53.65,79.87,0,3,0
204272,South,Organic,Mobile,45,52,10,45,0,0,1,57.99,58.06,0,4,1
204273,Budapest,Organic,Mobile,39,7,14,66,0,0,0,63.57,0.0,0,3,1
204274,South,Paid Search,Web,47,15,7,23,1,1,4,62.45,253.13,0,4,0
204275,South,Organic,Mobile,49,8,13,67,1,0,2,80.88,203.1,0,3,0
204276,East,Paid Search,Mobile,43,6,10,41,1,1,3,63.05,132.23,1,2,0
204277,Budapest,Organic,Mobile,45,15,10,58,1,0,2,63.88,86.12,0,3,0
204278,North,Paid Search,Web,38,28,4,19,0,1,4,47.3,142.72,0,4,1
204279,East,Organic,Web,62,21,6,24,1,1,0,67.62,0.0,0,4,0
204280,South,Referral,Store,29,14,8,39,0,0,2,100.22,121.43,0,4,1
204281,West,Organic,Store,34,18,7,22,0,1,2,54.82,72.08,0,4,0
204282,East,Referral,Mobile,49,26,9,30,0,0,2,123.78,260.72,0,3,1
204283,East,Referral,Web,36,50,6,28,0,0,6,96.37,631.73,0,4,0
204284,Budapest,Paid Search,Store,32,16,6,24,0,0,3,85.68,289.92,0,4,1
204285,East,Organic,Mobile,33,58,8,13,1,0,2,92.33,172.96,0,5,0
204286,East,Partner,Mobile,46,40,12,46,1,0,2,93.91,240.4,0,5,1
204287,Budapest,Paid Search,Mobile,34,6,5,18,1,1,2,33.29,83.49,0,4,1
204288,South,Referral,Web,37,51,5,11,0,0,3,98.17,271.03,0,5,0
204289,West,Referral,Mobile,18,37,9,35,1,0,1,73.28,133.14,0,3,0
204290,Budapest,Paid Search,Web,43,7,8,40,0,1,0,51.2,61.95,0,3,0
204291,West,Social,Web,39,42,9,33,1,0,5,120.11,583.53,1,5,1
204292,West,Social,Mobile,48,18,13,69,1,0,3,90.53,295.2,0,4,1
204293,Budapest,Partner,Web,25,24,10,31,1,1,4,101.6,420.54,0,4,0
204294,Budapest,Social,Web,47,27,5,22,1,1,1,66.34,76.52,0,4,0
204295,Budapest,Partner,Mobile,43,15,12,47,0,1,4,90.98,330.32,1,3,0
204296,North,Social,Web,35,18,6,21,0,0,3,84.26,232.24,0,4,0
204297,East,Partner,Web,37,12,6,15,0,1,0,48.4,0.0,0,4,0
204298,North,Organic,Mobile,52,11,4,13,0,0,0,60.39,15.58,0,3,0
204299,West,Referral,Web,58,31,7,29,0,1,5,95.58,469.41,2,4,0
204300,West,Organic,Web,32,23,13,35,1,0,1,69.69,40.1,0,4,1
204301,South,Referral,Web,40,10,8,26,0,0,2,41.92,11.6,0,4,0
204302,East,Paid Search,Web,50,14,5,17,0,0,1,96.95,87.97,0,3,1
204303,East,Referral,Web,34,10,5,23,0,1,0,123.3,15.47,0,3,0
204304,South,Partner,Store,42,28,4,19,1,1,0,78.75,0.0,0,4,0
204305,Budapest,Organic,Mobile,25,14,10,61,0,0,0,88.57,0.0,0,4,1
204306,North,Referral,Mobile,31,28,7,20,1,1,1,46.49,40.88,0,4,1
204307,Budapest,Social,Mobile,45,24,7,32,0,0,1,101.55,160.94,0,4,1
204308,West,Social,Store,41,13,4,20,0,1,2,60.88,221.15,0,4,0
204309,West,Paid Search,Web,29,18,8,27,0,1,1,46.92,95.31,0,4,0
204310,Budapest,Organic,Web,39,23,4,9,0,0,4,76.93,346.05,0,3,1
204311,Budapest,Paid Search,Mobile,34,51,11,49,0,1,1,84.98,83.84,0,5,1
204312,South,Paid Search,Web,24,6,11,63,0,0,2,21.86,44.39,0,3,0
204313,Budapest,Organic,Mobile,42,5,17,81,1,0,3,40.89,122.19,0,3,1
204314,North,Paid Search,Store,45,6,7,28,1,1,0,104.89,12.77,0,3,0
204315,Budapest,Referral,Web,48,34,7,31,0,0,1,104.03,77.03,0,3,0
204316,West,Organic,Web,31,47,3,13,1,1,0,65.12,0.0,0,4,0
204317,Budapest,Organic,Mobile,34,21,12,50,1,0,3,93.73,313.01,0,5,1
204318,Budapest,Organic,Web,34,54,7,32,0,1,0,93.8,0.0,0,4,1
204319,North,Organic,Web,41,42,8,25,0,0,3,97.19,246.23,0,5,0
204320,South,Organic,Mobile,34,4,5,20,0,0,1,52.31,46.81,0,4,0
204321,East,Paid Search,Web,57,24,11,33,0,0,3,83.51,281.19,0,4,1
204322,West,Social,Web,44,13,7,21,0,0,4,55.15,135.75,0,3,0
204323,Budapest,Paid Search,Web,55,13,9,38,0,0,1,74.45,74.32,0,3,0
204324,South,Paid Search,Web,48,22,8,44,0,0,1,70.04,94.47,0,2,1
204325,East,Paid Search,Web,26,21,6,32,1,1,1,15.0,34.51,0,3,1
204326,Budapest,Referral,Web,34,43,7,26,0,0,2,89.93,161.81,0,5,0
204327,West,Organic,Mobile,56,23,7,30,0,0,2,99.95,201.76,0,4,0
204328,North,Partner,Mobile,26,36,7,18,1,1,3,56.77,152.27,0,3,1
204329,South,Paid Search,Mobile,30,12,14,86,0,0,0,62.99,91.16,0,4,1
204330,South,Partner,Web,59,42,4,8,0,0,2,102.02,128.54,0,4,0
204331,Budapest,Paid Search,Web,32,9,6,20,1,1,2,56.63,109.72,0,4,0
204332,South,Organic,Mobile,43,21,11,30,0,1,1,78.49,125.19,0,3,0
204333,West,Paid Search,Store,41,34,4,23,0,0,0,110.55,39.18,0,4,0
204334,East,Organic,Web,65,5,7,31,1,1,1,74.89,55.73,1,3,1
204335,South,Organic,Store,32,18,7,31,0,1,4,66.52,265.54,1,3,0
204336,Budapest,Organic,Web,37,9,8,31,0,0,2,69.68,165.59,0,4,1
204337,North,Social,Web,63,23,7,33,1,1,2,65.18,148.83,0,3,0
204338,Budapest,Social,Mobile,48,20,16,77,1,0,5,56.3,253.93,0,4,0
204339,West,Partner,Web,39,4,9,47,1,0,1,63.29,33.22,0,3,0
204340,East,Social,Mobile,43,13,6,25,0,0,0,59.91,0.0,0,4,0
204341,East,Referral,Mobile,46,51,10,26,1,0,3,99.48,302.32,0,3,0
204342,North,Partner,Store,27,13,11,30,0,0,5,78.95,440.46,0,3,0
204343,Budapest,Paid Search,Web,38,33,7,25,1,1,0,91.33,0.0,0,3,0
204344,Budapest,Paid Search,Mobile,26,72,11,32,0,0,3,85.07,255.86,1,5,1
204345,Budapest,Organic,Web,38,5,5,17,0,1,0,72.77,0.0,0,3,0
204346,Budapest,Organic,Mobile,43,11,6,31,1,0,2,48.47,108.9,0,3,0
204347,Budapest,Organic,Web,49,33,7,12,1,1,4,94.17,334.98,2,3,1
204348,Budapest,Referral,Web,45,30,12,39,1,0,1,66.63,90.74,0,4,1
204349,North,Paid Search,Web,54,49,6,27,1,0,3,106.26,350.92,0,3,0
204350,East,Paid Search,Web,44,32,6,24,0,1,1,62.9,48.61,0,3,0
204351,West,Organic,Mobile,30,35,9,34,1,0,2,90.09,169.38,0,5,0
204352,West,Organic,Mobile,38,38,10,21,1,0,4,101.01,306.51,1,3,0
204353,West,Organic,Mobile,38,7,9,30,1,0,2,48.14,28.51,0,3,0
204354,Budapest,Paid Search,Store,65,29,3,12,0,0,2,116.12,225.07,0,5,0
204355,Budapest,Paid Search,Store,38,64,7,39,1,1,4,62.65,263.04,0,4,1
204356,West,Paid Search,Mobile,44,10,10,45,1,0,3,90.46,302.13,0,5,0
204357,Budapest,Paid Search,Store,50,18,5,19,1,0,1,74.0,83.62,0,3,1
204358,Budapest,Organic,Web,41,22,11,47,1,0,1,78.97,117.53,0,3,0
204359,Budapest,Paid Search,Mobile,45,32,12,49,1,1,3,52.77,99.5,0,4,0
204360,North,Paid Search,Web,39,16,7,34,0,0,0,96.39,0.0,0,5,1
204361,West,Organic,Web,22,5,4,17,1,0,0,51.42,0.0,0,2,1
204362,North,Referral,Web,35,24,5,25,0,1,2,87.01,148.96,0,4,0
204363,South,Partner,Store,37,16,6,20,0,0,3,71.73,194.34,0,4,0
204364,Budapest,Paid Search,Web,35,20,8,21,0,0,3,78.57,239.75,1,4,0
204365,East,Paid Search,Store,36,50,4,19,1,1,3,106.34,314.96,0,4,1
204366,West,Social,Web,21,50,4,20,0,1,1,66.36,71.99,0,4,0
204367,North,Organic,Store,65,27,5,18,1,0,3,116.56,312.04,1,3,0
204368,East,Organic,Web,35,21,6,22,0,0,0,68.27,40.93,0,4,1
204369,North,Social,Web,18,64,7,33,1,0,3,94.49,287.71,0,5,1
204370,East,Social,Web,22,12,3,9,0,0,1,57.4,82.28,0,4,0
204371,Budapest,Organic,Store,44,31,4,12,1,0,4,87.89,373.6,0,3,0
204372,Budapest,Social,Mobile,32,9,12,65,1,0,1,46.8,60.88,0,3,1
204373,South,Paid Search,Mobile,24,11,13,61,0,0,2,55.77,177.39,0,3,1
204374,East,Organic,Web,39,5,8,24,1,0,2,63.51,116.47,1,5,0
204375,East,Referral,Web,38,19,10,42,0,1,3,80.35,319.04,0,3,1
204376,North,Partner,Web,27,15,5,17,0,0,0,51.66,0.0,0,3,1
204377,South,Referral,Web,38,12,11,44,1,0,2,69.56,195.77,0,5,1
204378,North,Organic,Mobile,51,21,5,15,0,0,0,98.12,0.0,0,4,0
204379,Budapest,Referral,Mobile,18,9,7,22,0,1,2,49.69,138.56,0,4,0
204380,Budapest,Referral,Web,39,7,9,28,1,0,2,81.18,106.12,0,3,0
204381,Budapest,Organic,Mobile,32,34,9,28,1,0,2,121.12,221.75,0,4,0
204382,Budapest,Paid Search,Store,26,8,7,24,1,0,5,64.93,319.3,0,3,0
204383,East,Organic,Store,24,29,8,31,1,0,1,65.83,86.23,0,4,0
204384,West,Organic,Web,50,5,4,19,0,0,3,107.88,228.68,0,3,0
204385,East,Organic,Mobile,47,10,8,42,0,0,0,55.69,0.0,0,4,0
204386,Budapest,Organic,Web,44,38,9,61,0,0,6,95.44,586.11,0,5,0
204387,East,Referral,Mobile,40,17,15,47,0,0,3,105.23,269.09,0,4,0
204388,East,Paid Search,Web,43,27,8,38,0,0,1,93.95,43.37,0,5,0
204389,West,Referral,Web,31,26,7,19,1,1,1,56.46,87.82,0,4,1
204390,Budapest,Paid Search,Mobile,28,23,11,40,0,0,1,68.82,118.01,0,4,0
204391,West,Organic,Store,39,42,10,60,1,1,2,65.02,155.71,0,5,1
204392,West,Partner,Mobile,61,21,8,40,0,0,3,64.82,184.21,0,4,0
204393,North,Paid Search,Web,55,38,9,36,0,0,2,92.51,188.26,0,4,1
204394,West,Organic,Mobile,45,32,12,46,1,0,3,81.77,251.87,0,3,0
204395,Budapest,Referral,Web,42,43,3,21,0,0,6,126.16,699.97,0,5,1
204396,North,Organic,Web,34,27,10,32,0,0,3,69.64,190.33,0,5,0
204397,South,Organic,Mobile,18,17,9,38,1,0,1,62.16,40.94,0,4,1
204398,South,Organic,Mobile,53,25,12,27,1,1,2,98.8,232.5,0,4,1
204399,West,Organic,Web,43,55,12,42,0,0,1,101.58,122.16,0,4,1
204400,East,Referral,Web,35,23,6,25,0,1,7,72.56,497.1,0,4,0
204401,North,Referral,Mobile,41,13,10,48,1,1,0,59.69,9.88,0,5,0
204402,East,Organic,Mobile,31,18,7,22,0,1,1,49.93,0.0,0,4,0
204403,Budapest,Referral,Mobile,36,31,13,26,0,0,3,65.4,158.41,0,4,0
204404,East,Paid Search,Mobile,41,27,9,43,1,0,1,73.48,72.62,0,4,1
204405,East,Partner,Mobile,47,21,10,62,0,1,4,36.17,124.81,0,4,0
204406,Budapest,Paid Search,Mobile,27,19,10,55,1,0,2,57.15,159.3,0,3,0
204407,Budapest,Referral,Web,62,9,8,51,1,1,3,78.97,281.79,1,3,0
204408,East,Paid Search,Mobile,37,20,12,64,0,0,1,59.41,49.13,0,3,1
204409,North,Social,Web,42,12,13,47,1,1,0,85.17,30.29,0,4,1
204410,Budapest,Referral,Web,32,7,3,10,1,1,0,41.83,4.42,0,3,1
204411,East,Referral,Store,42,32,6,9,0,0,2,76.85,159.45,0,5,0
204412,West,Paid Search,Mobile,35,44,8,21,0,0,0,64.56,0.0,0,4,0
204413,Budapest,Social,Web,34,12,6,26,0,0,0,53.99,0.0,0,5,0
204414,East,Paid Search,Web,48,12,6,32,0,0,3,75.5,242.56,0,4,0
204415,South,Partner,Web,55,19,7,38,0,0,0,121.16,0.0,0,4,0
204416,East,Paid Search,Web,51,29,3,12,1,1,1,76.72,84.0,0,4,0
204417,East,Social,Web,42,8,7,34,1,0,0,72.7,0.0,0,4,1
204418,East,Paid Search,Web,27,4,2,8,0,1,0,48.88,28.61,0,2,0
204419,East,Social,Mobile,52,35,15,69,1,0,1,68.87,67.49,0,5,1
204420,Budapest,Referral,Web,46,15,16,81,0,0,1,80.92,73.76,0,5,1
204421,North,Organic,Store,19,13,4,20,0,1,0,50.87,0.0,0,4,0
204422,East,Partner,Web,42,39,7,37,1,0,1,92.75,99.04,1,4,1
204423,Budapest,Paid Search,Mobile,67,21,13,60,0,0,1,102.66,58.04,0,3,1
204424,East,Organic,Web,24,63,8,31,1,0,1,56.74,147.23,0,4,1
204425,West,Paid Search,Store,37,11,3,13,0,0,2,46.74,114.58,1,3,0
204426,South,Organic,Web,54,24,9,36,1,0,0,43.27,15.25,0,4,0
204427,North,Organic,Mobile,45,8,15,56,1,0,4,86.05,356.05,0,5,1
204428,East,Social,Store,41,15,3,11,1,0,0,79.33,26.0,0,4,0
204429,East,Organic,Mobile,35,22,11,44,0,1,1,83.19,78.84,0,3,0
204430,South,Social,Mobile,18,23,8,15,1,1,1,81.42,53.94,0,3,0
204431,North,Referral,Mobile,31,21,11,37,0,0,3,103.65,359.52,0,4,0
204432,East,Organic,Web,63,26,11,33,0,0,1,79.32,66.35,0,4,0
204433,North,Social,Web,51,33,7,18,0,0,2,79.99,152.6,0,4,1
204434,Budapest,Social,Mobile,42,26,5,20,1,0,2,81.03,147.81,0,4,1
204435,Budapest,Referral,Web,60,12,10,51,1,0,3,83.51,227.28,0,3,1
204436,North,Social,Web,28,15,6,38,1,0,0,32.78,58.07,0,3,1
204437,Budapest,Paid Search,Store,50,15,3,9,0,1,1,79.51,141.24,0,3,0
204438,North,Organic,Store,30,15,6,23,1,0,3,68.39,203.96,0,2,1
204439,Budapest,Referral,Web,30,18,6,22,0,0,1,85.43,123.2,0,5,0
204440,East,Organic,Store,30,2,4,21,0,0,1,33.5,22.54,0,2,0
204441,Budapest,Social,Web,36,9,8,35,0,0,2,78.2,119.61,0,4,1
204442,West,Organic,Mobile,35,19,14,63,1,1,2,78.04,218.71,1,4,0
204443,West,Referral,Web,28,32,8,31,1,1,0,41.46,0.0,0,3,0
204444,Budapest,Organic,Mobile,27,12,7,33,0,0,2,47.61,94.68,0,3,0
204445,South,Social,Web,52,17,4,17,0,1,0,67.93,0.0,0,5,0
204446,South,Referral,Store,38,10,8,26,1,0,2,95.97,171.29,0,5,0
204447,West,Social,Store,30,6,6,17,1,0,1,46.09,71.11,0,3,0
204448,South,Paid Search,Web,38,12,6,22,0,0,2,77.86,160.4,0,3,1
204449,West,Organic,Web,59,36,11,33,0,0,1,85.6,79.73,0,4,1
204450,West,Organic,Web,46,15,7,42,0,0,2,72.66,194.68,0,3,1
204451,South,Organic,Mobile,39,5,11,50,0,1,2,49.95,89.61,0,4,0
204452,Budapest,Social,Mobile,38,26,11,38,0,0,2,65.97,163.38,0,3,0
204453,Budapest,Organic,Mobile,19,17,6,20,0,0,3,15.0,81.99,0,3,0
204454,South,Paid Search,Web,36,4,6,20,1,1,0,99.21,0.0,0,4,0
204455,West,Referral,Mobile,47,12,10,23,0,1,1,90.71,162.29,0,4,0
204456,Budapest,Social,Mobile,22,37,10,41,0,0,3,82.1,277.45,0,5,0
204457,Budapest,Organic,Store,25,53,4,13,0,0,4,68.26,263.81,1,4,1
204458,West,Referral,Store,53,21,5,20,0,0,3,94.51,318.38,0,4,0
204459,East,Partner,Store,27,11,5,9,0,1,1,39.98,20.5,0,4,0
204460,Budapest,Organic,Mobile,23,25,12,43,1,0,3,39.46,115.41,0,4,0
204461,South,Partner,Mobile,39,10,9,46,0,0,2,93.64,193.27,0,4,1
204462,South,Paid Search,Web,54,60,9,44,0,0,3,128.41,405.43,0,4,1
204463,Budapest,Organic,Mobile,50,46,9,26,1,1,2,57.24,67.51,0,5,1
204464,Budapest,Referral,Web,32,27,5,5,0,0,1,44.41,52.74,0,4,0
204465,North,Organic,Mobile,46,8,11,59,0,1,0,98.74,0.0,0,4,1
204466,West,Partner,Web,39,8,3,20,0,1,2,45.05,135.89,0,4,0
204467,North,Paid Search,Web,52,20,13,60,1,0,3,64.37,205.32,0,4,1
204468,East,Social,Web,60,27,8,23,0,0,0,84.57,0.0,0,4,0
204469,Budapest,Referral,Store,39,11,3,12,0,0,2,62.75,28.8,0,4,0
204470,South,Social,Mobile,42,26,12,41,1,0,1,71.71,64.89,0,4,0
204471,Budapest,Social,Mobile,39,8,15,50,1,1,4,45.79,137.33,2,2,1
204472,Budapest,Paid Search,Mobile,57,33,7,29,0,0,2,102.59,208.32,0,4,0
204473,Budapest,Organic,Web,44,46,11,23,1,0,0,91.37,49.15,0,5,0
204474,West,Organic,Mobile,34,18,9,49,0,0,2,49.19,50.27,0,4,0
204475,South,Organic,Web,27,47,0,6,0,0,2,106.31,245.26,0,4,0
204476,Budapest,Paid Search,Mobile,38,40,10,36,0,1,1,66.48,35.55,0,5,0
204477,Budapest,Social,Store,51,18,4,13,0,0,1,93.24,62.19,0,3,1
204478,West,Organic,Web,24,42,7,23,0,0,3,60.99,207.82,1,4,0
204479,Budapest,Referral,Mobile,37,5,6,32,1,0,1,62.01,40.11,0,4,1
204480,Budapest,Organic,Web,37,21,9,53,1,0,4,71.64,351.59,0,3,0
204481,Budapest,Partner,Web,47,63,6,18,0,0,3,120.22,346.42,0,5,0
204482,West,Paid Search,Mobile,19,34,7,27,0,0,3,99.62,324.7,0,3,1
204483,East,Paid Search,Web,42,56,9,31,0,0,4,56.58,211.27,0,5,0
204484,East,Paid Search,Mobile,31,60,4,11,0,1,3,74.39,224.38,0,5,0
204485,East,Referral,Web,33,47,9,44,0,0,3,74.79,257.91,0,5,1
204486,North,Organic,Mobile,41,41,8,32,1,0,3,74.62,247.49,0,4,1
204487,West,Referral,Web,36,18,5,17,0,0,1,65.55,20.37,0,4,0
204488,West,Organic,Web,19,40,7,27,0,1,3,43.35,159.14,0,4,0
204489,West,Partner,Mobile,18,8,9,40,0,0,0,28.02,0.0,0,3,1
204490,West,Organic,Store,70,38,6,28,0,0,2,79.68,169.63,0,5,0
204491,South,Organic,Store,45,33,6,31,1,0,2,89.41,195.04,0,5,1
204492,Budapest,Organic,Web,54,12,8,33,1,0,1,56.29,85.92,0,5,0
204493,South,Partner,Web,29,15,7,28,0,1,2,65.51,130.44,0,3,1
204494,North,Social,Web,36,23,3,7,1,1,2,54.82,37.46,0,4,0
204495,West,Partner,Web,34,13,4,18,0,1,1,62.07,54.5,0,4,1
204496,East,Organic,Mobile,31,21,9,52,1,0,2,34.81,48.07,0,4,0
204497,South,Paid Search,Store,42,25,2,8,1,1,2,77.29,164.5,0,4,0
204498,Budapest,Referral,Store,35,43,4,10,0,0,2,101.87,235.59,0,3,0
204499,South,Organic,Web,43,17,11,46,0,0,0,83.71,34.67,0,3,0
204500,West,Organic,Mobile,41,4,7,35,0,0,0,81.37,57.87,0,2,0
204501,Budapest,Organic,Mobile,57,21,15,31,1,0,3,72.35,204.78,0,3,1
204502,Budapest,Social,Web,43,17,8,32,1,0,1,80.3,88.37,0,4,0
204503,East,Paid Search,Web,47,21,9,42,0,0,6,88.14,531.22,1,4,1
204504,East,Organic,Mobile,29,27,11,37,0,1,3,73.4,202.23,0,3,0
204505,Budapest,Referral,Web,38,16,6,19,0,0,5,62.06,309.38,0,3,0
204506,South,Organic,Store,47,3,5,21,0,0,0,41.54,0.0,0,4,1
204507,East,Social,Web,28,42,4,21,0,1,3,80.12,234.45,0,5,0
204508,West,Organic,Mobile,50,60,8,40,1,0,5,98.67,480.52,0,4,0
204509,South,Referral,Web,32,23,8,33,1,0,3,72.06,214.28,0,3,0
204510,Budapest,Organic,Mobile,43,19,9,37,1,0,0,90.51,8.94,0,4,1
204511,North,Paid Search,Web,44,11,5,23,0,1,1,69.95,103.95,0,3,0
204512,North,Social,Store,37,15,7,25,0,0,2,40.21,13.32,1,4,1
204513,South,Paid Search,Web,44,18,13,60,1,0,0,64.04,0.0,0,3,0
204514,East,Partner,Store,36,17,3,11,1,0,0,44.91,0.0,0,3,1
204515,Budapest,Social,Web,31,44,4,21,0,1,1,77.62,113.49,1,4,0
204516,Budapest,Paid Search,Web,27,9,5,22,0,0,0,73.62,0.0,0,4,0
204517,South,Social,Mobile,46,34,12,30,0,0,2,70.09,150.82,0,4,0
204518,East,Organic,Mobile,44,21,17,83,1,0,2,71.41,151.24,0,4,0
204519,Budapest,Paid Search,Web,49,1,11,57,1,1,0,56.32,0.0,0,4,0
204520,West,Organic,Mobile,47,21,16,76,1,1,3,49.72,118.56,0,4,1
204521,Budapest,Social,Mobile,34,18,9,33,0,0,1,61.16,68.04,1,2,0
204522,South,Paid Search,Mobile,28,16,7,17,1,1,0,59.78,11.6,0,4,0
204523,East,Organic,Mobile,39,16,11,46,1,0,2,82.3,179.28,1,4,1
204524,Budapest,Paid Search,Store,18,25,10,47,0,0,3,60.29,164.96,0,5,0
204525,East,Referral,Web,45,44,9,50,1,0,1,116.76,123.94,0,4,1
204526,Budapest,Social,Mobile,40,14,12,70,0,0,0,79.96,0.2,0,4,0
204527,West,Social,Mobile,49,4,7,38,0,0,1,91.87,86.61,0,4,0
204528,Budapest,Organic,Store,58,7,8,15,1,0,0,94.51,0.0,0,4,0
204529,East,Organic,Mobile,30,15,7,26,0,0,2,66.3,186.9,0,4,0
204530,East,Social,Web,54,32,5,24,0,0,2,90.92,208.07,0,4,1
204531,East,Social,Web,24,15,8,22,1,1,3,57.19,121.65,0,2,1
204532,South,Organic,Mobile,18,28,11,48,1,1,2,47.68,155.81,0,5,1
204533,West,Referral,Mobile,35,12,13,49,0,0,4,89.76,360.91,0,4,0
204534,East,Social,Web,24,16,5,15,0,0,1,62.61,0.0,0,4,1
204535,Budapest,Social,Web,58,3,6,24,1,1,0,71.03,0.0,0,4,0
204536,South,Paid Search,Web,43,11,4,12,1,0,0,37.48,0.0,0,3,1
204537,North,Paid Search,Store,28,24,6,19,1,0,2,86.0,172.66,0,4,0
204538,East,Social,Mobile,55,6,12,77,1,0,0,52.63,0.0,0,3,1
204539,Budapest,Organic,Store,34,10,5,13,1,0,4,112.03,456.86,0,4,0
204540,East,Paid Search,Web,39,9,9,42,1,0,2,15.0,0.0,0,5,1
204541,East,Paid Search,Web,43,6,14,65,1,0,1,45.61,19.66,1,4,1
204542,West,Organic,Mobile,39,26,6,24,0,1,2,66.88,157.64,0,4,0
204543,South,Organic,Web,32,8,11,51,0,0,1,89.63,28.98,0,4,0
204544,West,Social,Web,47,8,7,27,1,0,2,81.32,160.02,0,3,0
204545,East,Paid Search,Store,26,42,8,37,0,1,7,78.69,552.54,0,4,0
204546,East,Referral,Store,27,17,8,38,0,0,5,82.59,423.86,0,3,1
204547,West,Partner,Mobile,43,17,6,36,0,0,2,83.19,182.58,0,3,1
204548,North,Referral,Mobile,44,12,6,21,1,0,3,74.57,200.82,0,4,0
204549,Budapest,Organic,Store,43,26,5,16,1,0,0,74.51,0.0,0,3,0
204550,Budapest,Organic,Mobile,22,22,4,25,0,1,1,36.37,6.48,0,3,1
204551,South,Paid Search,Store,48,33,6,18,0,0,0,94.34,29.72,0,4,1
204552,West,Referral,Store,43,64,7,21,1,0,1,79.96,126.67,0,4,0
204553,West,Referral,Web,18,25,6,30,0,1,1,68.41,21.44,0,4,1
204554,East,Partner,Web,42,8,6,12,0,0,4,47.9,172.32,0,3,0
204555,East,Organic,Web,31,48,6,31,1,0,2,78.1,190.8,0,4,1
204556,West,Partner,Mobile,28,15,14,67,0,0,3,38.59,168.38,1,4,0
204557,East,Social,Web,40,9,9,42,0,0,1,83.25,109.61,0,4,0
204558,Budapest,Paid Search,Web,51,9,10,55,0,1,1,78.8,66.54,0,3,1
204559,Budapest,Organic,Mobile,36,31,9,25,0,0,2,64.02,182.24,0,2,0
204560,East,Organic,Web,54,10,7,28,0,0,1,89.03,158.69,0,4,0
204561,Budapest,Referral,Mobile,49,12,13,67,1,0,3,76.13,267.88,0,5,1
204562,South,Social,Mobile,38,47,6,34,0,0,1,112.54,79.84,0,5,0
204563,Budapest,Paid Search,Web,35,20,12,52,1,1,1,101.63,87.58,0,4,1
204564,Budapest,Partner,Mobile,31,11,10,46,0,1,1,30.9,14.18,0,4,1
204565,West,Social,Web,47,19,4,23,0,1,2,60.43,124.68,1,3,0
204566,Budapest,Social,Store,46,32,4,13,1,0,1,99.68,121.93,0,5,0
204567,Budapest,Organic,Mobile,48,34,7,30,1,0,0,73.81,2.06,0,4,1
204568,Budapest,Paid Search,Store,43,12,1,3,1,1,2,75.45,168.96,0,4,0
204569,North,Organic,Store,35,23,6,26,0,0,0,111.0,16.47,0,4,1
204570,West,Paid Search,Web,18,14,8,36,1,1,1,54.92,91.08,0,4,0
204571,South,Organic,Mobile,27,26,13,42,1,0,3,77.6,234.88,0,4,1
204572,South,Paid Search,Web,39,8,5,24,0,0,1,69.88,88.1,0,5,0
204573,Budapest,Organic,Mobile,51,24,13,65,1,1,1,74.24,107.77,0,5,0
204574,West,Partner,Web,47,13,12,53,0,0,1,108.81,59.23,0,4,0
204575,Budapest,Organic,Web,39,68,11,30,1,1,2,77.05,141.13,0,5,0
204576,North,Paid Search,Mobile,35,72,16,75,0,1,6,90.43,564.36,0,4,1
204577,West,Partner,Mobile,36,13,6,27,0,1,1,57.33,0.0,0,3,1
204578,South,Paid Search,Web,28,11,7,28,1,1,3,74.23,199.08,0,4,0
204579,Budapest,Organic,Mobile,44,9,7,31,0,0,1,68.7,98.23,0,3,0
204580,West,Organic,Mobile,58,30,12,28,1,0,2,68.67,144.52,0,4,0
204581,South,Organic,Web,41,25,12,49,1,0,1,110.5,119.03,0,4,1
204582,East,Social,Web,34,6,5,21,1,0,2,38.75,25.97,0,4,1
204583,North,Paid Search,Store,40,10,4,20,1,1,2,55.66,89.08,0,4,0
204584,South,Organic,Store,46,25,8,44,0,0,1,104.26,105.45,0,4,0
204585,West,Organic,Web,56,38,6,16,0,1,3,72.92,269.11,1,4,0
204586,South,Paid Search,Web,18,30,7,28,1,0,3,90.47,300.81,0,5,0
204587,West,Organic,Web,39,13,9,53,1,0,3,55.51,173.54,0,4,0
204588,West,Social,Web,43,47,5,18,0,1,1,66.82,57.16,0,4,0
204589,East,Organic,Web,61,11,4,9,1,0,1,84.68,142.16,0,3,0
204590,Budapest,Social,Mobile,50,39,7,41,1,0,2,89.85,189.22,0,4,0
204591,Budapest,Partner,Web,43,20,6,26,0,0,1,85.89,22.38,0,4,0
204592,Budapest,Paid Search,Store,19,48,4,10,1,0,2,102.45,224.5,0,5,0
204593,East,Organic,Web,29,31,8,39,1,0,2,71.59,60.59,0,4,1
204594,Budapest,Organic,Mobile,67,47,9,48,0,0,0,104.74,0.0,0,5,1
204595,East,Organic,Web,41,13,11,80,0,0,2,39.23,58.22,0,5,1
204596,North,Referral,Web,38,14,12,54,0,1,4,49.2,217.75,0,4,0
204597,Budapest,Organic,Mobile,58,16,11,26,0,0,3,99.72,328.49,0,4,1
204598,North,Organic,Store,53,4,4,14,1,0,0,78.82,13.34,0,3,0
204599,East,Partner,Web,27,31,4,9,0,1,0,43.2,10.71,0,3,1
204600,East,Social,Mobile,26,22,6,21,0,0,0,65.08,0.0,0,4,1
204601,Budapest,Referral,Mobile,51,9,9,23,1,1,1,83.92,67.45,0,3,0
204602,Budapest,Referral,Mobile,47,22,13,86,0,0,0,110.95,0.0,0,4,0
204603,Budapest,Referral,Web,30,12,5,15,0,1,0,68.95,44.43,0,3,0
204604,South,Organic,Web,22,22,10,53,0,0,0,80.1,17.82,0,4,0
204605,South,Partner,Web,27,35,4,12,0,0,2,44.17,74.58,0,4,0
204606,Budapest,Organic,Web,45,10,9,36,1,1,0,70.22,13.04,0,3,0
204607,West,Paid Search,Web,51,32,7,24,0,1,2,77.07,166.25,0,5,0
204608,South,Paid Search,Web,32,14,4,29,0,0,0,62.14,0.0,0,3,0
204609,Budapest,Partner,Mobile,39,14,8,36,0,0,1,76.58,52.67,0,4,0
204610,South,Social,Mobile,41,20,7,35,1,1,2,98.31,244.78,0,2,1
204611,Budapest,Organic,Web,49,21,4,20,1,0,1,113.85,134.69,0,4,0
204612,Budapest,Social,Store,64,25,8,32,1,0,4,99.39,348.34,0,4,0
204613,Budapest,Social,Mobile,42,11,7,31,1,1,2,77.5,189.85,0,3,0
204614,West,Paid Search,Mobile,45,9,11,51,0,0,1,65.56,153.45,0,4,0
204615,South,Organic,Mobile,32,20,8,26,1,1,2,52.68,128.4,1,5,1
204616,North,Organic,Web,49,4,6,27,0,0,2,72.11,205.84,0,4,1
204617,North,Organic,Web,62,8,7,26,0,0,0,91.87,30.92,0,3,0
204618,South,Paid Search,Web,43,61,5,27,1,0,4,84.22,331.07,0,4,0
204619,West,Social,Mobile,50,13,12,47,1,0,3,65.96,246.3,1,5,1
204620,Budapest,Referral,Mobile,50,3,8,33,1,0,0,113.66,20.51,0,2,0
204621,South,Organic,Web,23,40,10,25,0,0,1,62.54,85.89,0,5,1
204622,East,Organic,Store,43,28,8,37,0,0,2,56.41,75.39,0,4,1
204623,North,Paid Search,Web,36,13,4,8,0,0,1,62.02,34.8,0,4,0
204624,Budapest,Partner,Web,39,26,6,22,1,0,3,77.33,265.1,0,3,0
204625,Budapest,Organic,Web,23,12,8,30,0,0,0,72.57,9.76,0,4,0
204626,East,Paid Search,Web,34,20,5,18,0,1,1,54.62,97.72,0,4,1
204627,South,Partner,Mobile,44,56,15,49,1,0,6,51.98,313.03,0,5,0
204628,Budapest,Referral,Mobile,36,9,15,70,0,0,3,110.47,378.23,0,4,1
204629,East,Referral,Web,36,20,5,26,0,0,1,73.3,128.87,0,4,0
204630,West,Paid Search,Store,39,26,5,32,0,0,1,88.72,142.86,0,5,0
204631,Budapest,Organic,Mobile,49,7,9,30,1,0,0,100.69,1.32,0,2,0
204632,Budapest,Paid Search,Mobile,29,17,9,42,0,0,2,71.29,146.68,0,4,1
204633,East,Paid Search,Mobile,24,18,11,39,0,0,2,101.76,224.87,0,4,0
204634,Budapest,Partner,Store,40,20,10,38,1,1,3,59.81,175.34,1,3,0
204635,West,Organic,Web,38,17,5,32,0,1,1,49.23,86.1,0,4,1
204636,West,Paid Search,Mobile,31,27,16,49,1,0,4,93.56,442.5,0,4,1
204637,West,Organic,Mobile,22,19,9,23,0,0,1,91.83,75.49,0,4,1
204638,Budapest,Organic,Web,31,7,4,17,0,1,0,48.94,23.97,0,4,1
204639,South,Organic,Mobile,32,8,14,42,1,0,3,45.5,99.14,1,4,0
204640,East,Paid Search,Mobile,39,21,12,39,1,1,4,97.87,441.19,0,5,0
204641,South,Paid Search,Web,49,12,7,31,0,0,2,92.92,160.44,0,4,1
204642,East,Paid Search,Web,49,41,8,22,0,0,1,112.55,132.63,0,4,0
204643,East,Paid Search,Web,28,9,6,22,1,0,0,62.32,0.0,0,4,1
204644,Budapest,Partner,Mobile,45,13,15,56,1,0,0,69.81,0.0,0,4,1
204645,Budapest,Referral,Store,44,34,4,12,0,1,0,57.59,0.0,0,3,0
204646,North,Organic,Store,49,36,7,19,0,0,1,84.1,31.52,0,3,1
204647,East,Partner,Store,30,24,2,5,0,0,3,83.66,248.25,0,4,0
204648,South,Social,Web,42,51,7,22,0,0,2,82.09,188.07,0,4,1
204649,South,Social,Web,37,15,13,46,0,1,3,43.02,148.44,0,3,0
204650,Budapest,Organic,Web,35,14,6,22,0,0,1,71.42,64.05,0,4,0
204651,Budapest,Referral,Store,27,28,7,34,0,0,3,53.82,54.13,0,3,1
204652,Budapest,Referral,Web,41,24,3,19,1,1,2,73.76,129.44,0,5,0
204653,Budapest,Paid Search,Web,46,6,5,17,1,0,1,75.47,100.86,0,4,0
204654,South,Paid Search,Store,46,24,7,30,0,0,3,105.96,373.81,0,3,0
204655,East,Referral,Web,35,29,5,32,1,1,3,70.35,209.36,0,4,0
204656,Budapest,Partner,Web,37,18,7,31,0,0,2,53.58,79.1,0,2,0
204657,North,Partner,Web,33,22,10,22,1,1,2,21.16,62.22,0,4,0
204658,North,Organic,Web,54,38,5,34,0,0,0,93.6,0.0,0,4,0
204659,Budapest,Partner,Mobile,45,7,8,36,0,1,1,39.68,35.27,0,4,1
204660,Budapest,Organic,Web,42,18,19,66,1,0,3,33.5,96.3,0,5,1
204661,North,Referral,Mobile,48,19,11,55,0,1,2,58.2,81.59,0,3,0
204662,West,Organic,Store,51,23,6,20,1,0,3,73.21,159.89,0,4,1
204663,Budapest,Referral,Web,46,9,3,16,0,0,0,61.92,10.14,0,4,0
204664,North,Organic,Web,46,17,7,39,0,0,2,66.77,72.76,0,4,0
204665,Budapest,Partner,Mobile,45,23,4,20,0,1,3,73.69,209.18,1,5,1
204666,North,Social,Mobile,42,3,4,17,0,1,1,72.07,21.84,0,2,0
204667,East,Paid Search,Web,36,36,4,22,1,0,3,80.11,256.59,0,5,0
204668,North,Social,Web,61,8,5,15,1,1,1,51.05,0.0,1,3,0
204669,West,Referral,Mobile,32,14,6,32,1,1,0,71.97,0.0,0,4,1
204670,South,Organic,Web,27,16,3,8,0,1,1,64.11,29.98,0,3,0
204671,West,Organic,Mobile,37,20,9,34,1,0,0,72.15,0.0,0,3,1
204672,Budapest,Social,Web,49,18,5,19,1,1,0,71.31,9.41,0,3,0
204673,Budapest,Organic,Web,28,18,11,39,1,1,0,32.92,0.0,0,3,0
204674,South,Paid Search,Web,45,33,8,20,1,0,3,62.69,231.41,0,4,0
204675,South,Organic,Web,38,23,6,21,0,0,2,74.24,175.14,0,5,0
204676,West,Paid Search,Store,51,4,2,4,1,0,0,79.17,0.0,0,3,0
204677,Budapest,Organic,Web,31,33,2,8,0,1,3,85.92,283.0,0,4,0
204678,West,Social,Mobile,52,43,11,59,1,1,2,66.09,178.52,1,5,0
204679,South,Organic,Store,50,7,3,12,0,1,0,29.7,0.0,0,4,0
204680,Budapest,Referral,Web,20,13,4,8,0,1,1,58.86,11.62,0,3,0
204681,Budapest,Organic,Mobile,41,49,9,54,1,1,2,56.86,155.62,1,3,0
204682,Budapest,Paid Search,Store,55,1,4,16,0,1,1,49.53,55.67,0,3,0
204683,Budapest,Social,Web,30,10,3,19,0,0,0,48.52,26.03,0,3,0
204684,Budapest,Organic,Web,61,3,7,18,1,0,1,84.58,135.0,0,3,0
204685,East,Paid Search,Store,48,12,5,12,0,0,2,111.21,145.55,0,3,0
204686,South,Paid Search,Mobile,52,5,15,69,1,0,0,63.37,0.0,0,4,0
204687,North,Partner,Web,18,20,6,23,0,1,2,58.12,170.6,0,3,1
204688,South,Paid Search,Web,46,21,6,18,0,1,2,76.37,156.53,0,3,0
204689,East,Social,Mobile,32,72,8,36,0,1,1,62.82,35.87,0,5,1
204690,West,Organic,Web,56,15,9,34,1,1,3,67.66,231.96,0,4,0
204691,West,Paid Search,Web,55,5,5,18,0,0,1,56.5,43.71,1,3,0
204692,North,Organic,Web,29,10,11,32,0,1,1,61.25,91.64,0,4,1
204693,North,Social,Web,31,55,2,4,1,0,0,73.91,0.0,0,5,1
204694,West,Partner,Store,63,36,5,19,0,0,0,133.15,0.0,0,4,1
204695,West,Partner,Mobile,36,25,8,7,0,0,3,93.66,274.94,0,3,0
204696,West,Partner,Mobile,51,25,15,63,1,0,2,99.4,234.77,0,5,1
204697,Budapest,Organic,Store,18,19,5,32,0,1,1,43.96,1.04,1,3,1
204698,East,Organic,Web,51,11,6,29,1,0,3,84.7,188.17,0,4,1
204699,North,Organic,Web,40,20,10,47,0,0,2,74.98,140.25,0,4,0
204700,Budapest,Social,Store,43,40,11,50,0,1,1,87.91,106.83,0,3,0
204701,East,Organic,Web,52,13,8,42,1,1,2,73.93,126.39,0,4,0
204702,Budapest,Paid Search,Web,33,30,1,4,0,0,1,80.13,123.92,0,4,0
204703,West,Social,Store,42,31,9,41,1,0,8,95.13,732.17,0,3,1
204704,North,Partner,Store,35,20,8,35,1,1,0,67.38,96.64,0,5,0
204705,South,Organic,Web,48,30,9,23,1,0,4,78.16,301.33,0,5,1
204706,Budapest,Referral,Mobile,29,3,9,44,1,0,5,53.99,261.88,0,4,1
204707,Budapest,Referral,Store,27,21,4,12,0,0,2,76.04,207.7,0,5,1
204708,Budapest,Social,Store,46,15,7,35,1,0,1,79.62,45.54,0,4,0
204709,East,Paid Search,Mobile,46,18,10,39,0,0,2,63.48,177.57,0,4,0
204710,East,Social,Store,25,28,9,34,0,0,0,88.64,0.0,0,4,0
204711,North,Organic,Mobile,48,24,7,27,1,0,3,100.87,312.15,0,4,0
204712,West,Social,Mobile,27,14,10,53,1,0,0,77.99,63.59,0,4,1
204713,South,Social,Store,35,31,12,23,1,1,1,73.55,51.63,1,5,1
204714,East,Partner,Web,48,3,7,32,0,1,1,60.13,68.23,0,4,1
204715,Budapest,Social,Web,33,30,14,59,1,0,4,49.77,207.09,0,5,1
204716,West,Referral,Web,31,15,6,20,1,1,0,81.91,0.0,0,4,0
204717,West,Organic,Web,42,16,5,17,1,0,0,52.34,2.53,0,3,0
204718,North,Referral,Web,60,14,10,42,0,0,1,104.43,175.75,0,3,1
204719,East,Referral,Web,40,14,11,46,0,0,4,44.85,148.43,0,3,0
204720,Budapest,Social,Web,33,10,4,12,0,1,0,42.12,0.0,0,3,0
204721,Budapest,Organic,Mobile,45,17,10,53,0,0,4,49.08,276.51,0,4,0
204722,North,Social,Web,43,42,8,27,0,1,3,96.44,316.85,1,4,0
204723,North,Paid Search,Store,36,10,4,19,0,1,0,75.37,0.0,0,3,1
204724,East,Referral,Web,59,6,11,27,1,0,0,102.25,24.07,0,4,1
204725,South,Social,Mobile,48,36,8,37,1,1,0,75.43,0.0,0,4,1
204726,Budapest,Referral,Mobile,44,47,11,42,1,0,1,47.23,32.15,0,5,1
204727,East,Organic,Mobile,41,8,14,72,0,0,0,36.22,0.0,0,3,1
204728,North,Referral,Web,35,8,3,11,1,0,2,61.12,130.45,0,4,0
204729,East,Referral,Mobile,26,16,4,22,0,0,1,90.72,27.47,0,3,1
204730,West,Referral,Web,37,22,4,11,0,0,6,74.34,424.53,0,4,0
204731,South,Organic,Web,49,17,5,14,1,0,1,77.99,24.18,0,4,1
204732,West,Paid Search,Web,30,11,13,62,1,1,1,16.51,16.76,0,5,1
204733,South,Partner,Mobile,57,13,13,72,1,0,1,86.54,146.59,0,3,0
204734,South,Organic,Store,50,4,5,25,1,0,1,39.31,21.83,0,4,0
204735,South,Referral,Mobile,23,13,11,61,1,0,1,61.59,100.23,0,3,0
204736,East,Social,Mobile,43,31,7,21,1,1,5,58.53,326.62,1,3,0
204737,East,Organic,Web,25,14,6,22,1,0,1,41.75,0.0,0,4,0
204738,East,Organic,Mobile,44,33,16,57,1,0,4,96.15,413.69,0,3,0
204739,North,Paid Search,Store,29,6,1,3,1,1,1,81.74,81.28,0,4,0
204740,West,Paid Search,Mobile,54,26,11,42,0,0,1,127.28,92.06,0,4,1
204741,East,Paid Search,Mobile,43,6,6,29,1,0,2,63.15,61.92,0,3,0
204742,South,Partner,Mobile,48,37,9,40,0,0,1,72.77,60.2,0,4,1
204743,North,Social,Web,53,8,7,31,0,0,1,68.5,69.96,0,4,0
204744,Budapest,Social,Web,31,17,7,29,0,0,1,61.35,29.59,1,3,0
204745,East,Paid Search,Mobile,37,15,20,98,0,1,2,68.86,97.67,0,4,0
204746,North,Organic,Web,40,22,4,18,0,0,2,41.51,109.42,0,4,0
204747,South,Paid Search,Web,41,34,3,7,1,1,1,71.27,99.87,0,3,0
204748,West,Organic,Web,39,72,7,39,1,1,2,63.11,146.17,1,5,0
204749,East,Organic,Web,28,67,3,11,0,0,3,86.39,273.14,0,5,0
204750,Budapest,Referral,Store,33,21,7,22,0,1,0,76.81,12.9,0,4,1
204751,West,Organic,Mobile,57,25,10,43,1,1,4,79.81,362.47,0,4,0
204752,Budapest,Paid Search,Mobile,55,55,12,38,0,0,5,89.15,419.77,0,5,0
204753,East,Organic,Mobile,38,16,13,25,0,0,1,67.27,32.72,1,3,0
204754,Budapest,Social,Mobile,49,15,16,56,0,0,3,82.58,215.18,1,5,0
204755,West,Referral,Mobile,52,7,6,27,1,0,0,59.43,21.2,0,3,0
204756,East,Referral,Web,48,50,8,23,0,0,1,96.74,92.69,0,4,0
204757,North,Organic,Mobile,46,35,19,57,0,0,4,76.25,318.49,0,4,0
204758,Budapest,Referral,Web,48,23,5,10,1,0,2,99.9,156.74,0,4,0
204759,Budapest,Social,Mobile,28,15,13,73,1,1,0,57.58,0.0,0,4,0
204760,Budapest,Referral,Web,27,34,7,25,0,0,0,49.14,32.0,0,4,0
204761,Budapest,Organic,Mobile,42,23,14,52,1,0,2,73.16,137.8,0,5,1
204762,Budapest,Organic,Store,49,27,2,13,0,1,3,84.15,284.54,0,5,0
204763,Budapest,Organic,Store,65,10,8,36,1,1,2,115.09,305.72,0,3,0
204764,Budapest,Paid Search,Web,58,16,4,27,0,0,0,108.04,0.0,0,4,0
204765,Budapest,Social,Mobile,50,37,9,28,0,1,4,67.95,268.98,0,3,0
204766,Budapest,Referral,Web,49,69,11,47,0,0,4,90.27,347.87,0,5,1
204767,South,Paid Search,Mobile,60,16,9,41,0,1,1,61.13,7.45,0,3,0
204768,East,Paid Search,Web,38,37,4,3,0,1,0,57.53,0.0,0,3,0
204769,Budapest,Referral,Store,52,10,3,7,0,0,0,73.43,0.0,0,4,0
204770,North,Social,Mobile,50,5,10,50,1,0,2,92.86,149.74,0,4,0
204771,West,Paid Search,Web,46,10,10,35,0,1,3,74.29,246.39,0,4,1
204772,Budapest,Organic,Web,35,7,8,22,0,1,2,15.0,28.62,1,3,0
204773,East,Paid Search,Web,47,35,7,26,1,1,0,51.93,0.0,0,3,0
204774,Budapest,Paid Search,Web,46,15,9,41,0,1,0,139.12,0.0,0,4,1
204775,North,Organic,Web,40,3,10,16,0,0,0,56.51,0.0,0,4,1
204776,North,Social,Store,28,62,3,10,0,0,1,73.01,90.73,0,5,1
204777,North,Social,Store,57,49,4,21,1,0,1,77.26,50.98,0,5,1
204778,South,Social,Web,58,11,4,5,0,0,0,103.48,43.02,0,3,0
204779,Budapest,Paid Search,Web,31,13,12,45,0,1,3,52.84,176.2,0,4,0
204780,Budapest,Paid Search,Mobile,54,15,9,46,0,1,2,51.03,74.57,1,4,0
204781,Budapest,Paid Search,Web,57,39,5,28,0,1,1,74.96,88.3,0,4,0
204782,Budapest,Organic,Web,51,45,12,69,0,1,2,101.3,196.52,0,4,0
204783,North,Organic,Mobile,21,14,9,37,1,1,1,30.44,3.58,0,4,0
204784,South,Organic,Web,33,25,12,61,0,0,1,91.06,147.02,0,3,1
204785,East,Organic,Web,52,43,5,18,0,0,1,80.33,107.05,0,5,0
204786,Budapest,Partner,Web,54,9,4,13,0,1,3,85.96,279.43,0,4,0
204787,Budapest,Organic,Web,35,29,11,43,1,1,2,59.63,140.02,0,4,0
204788,East,Referral,Web,43,20,10,31,0,1,1,61.96,35.11,0,4,0
204789,Budapest,Paid Search,Store,53,27,2,5,1,0,2,91.12,215.25,0,4,0
204790,Budapest,Organic,Web,44,23,5,17,0,0,1,93.41,110.51,0,4,0
204791,West,Paid Search,Store,54,22,6,34,1,0,4,79.23,334.52,0,5,0
204792,West,Paid Search,Web,58,30,9,40,1,0,0,77.59,57.18,0,4,0
204793,Budapest,Organic,Web,45,29,13,53,1,1,1,84.82,115.98,0,4,1
204794,North,Paid Search,Mobile,42,30,7,26,0,0,4,89.29,344.4,0,3,0
204795,Budapest,Organic,Web,40,32,10,35,1,0,5,74.99,388.44,2,5,0
204796,East,Organic,Mobile,31,40,9,36,0,0,4,76.02,317.94,0,4,0
204797,West,Social,Store,40,4,6,14,0,0,0,95.19,8.59,0,5,0
204798,East,Organic,Mobile,39,51,12,51,0,0,2,67.26,131.78,0,4,1
204799,West,Paid Search,Web,51,33,4,10,0,0,1,90.28,87.81,0,3,0
204800,Budapest,Organic,Mobile,48,5,9,14,0,1,1,70.21,71.6,0,3,1
204801,Budapest,Paid Search,Store,42,38,8,32,0,0,2,101.09,199.44,0,5,1
204802,South,Paid Search,Web,51,3,7,27,0,0,0,61.75,10.94,0,2,0
204803,West,Paid Search,Store,31,21,5,17,0,0,1,68.76,120.53,0,3,1
204804,North,Organic,Mobile,36,33,7,14,0,1,4,77.12,310.73,0,3,0
204805,West,Referral,Store,18,22,3,13,0,0,2,78.02,157.69,0,4,0
204806,East,Referral,Web,18,8,10,41,0,1,1,20.62,12.12,0,4,1
204807,North,Organic,Web,31,12,8,31,0,1,1,54.63,59.26,0,3,0
204808,Budapest,Organic,Store,52,6,4,5,0,0,3,64.01,228.01,0,3,1
204809,West,Paid Search,Store,42,27,6,17,0,0,1,100.54,157.27,0,4,0
204810,South,Organic,Web,49,17,8,20,0,1,1,70.29,48.01,0,4,0
204811,Budapest,Organic,Mobile,60,16,5,27,0,1,3,48.99,207.98,0,4,0
204812,South,Paid Search,Store,44,13,9,36,1,0,1,60.64,87.66,0,4,1
204813,North,Social,Web,36,34,3,11,0,0,1,69.12,32.9,0,4,0
204814,West,Partner,Web,34,11,4,11,0,0,2,33.23,103.91,0,5,0
204815,South,Paid Search,Store,29,19,5,17,0,0,1,82.21,67.97,0,3,0
204816,West,Paid Search,Web,65,8,6,19,1,0,4,100.35,381.92,0,4,1
204817,North,Paid Search,Web,43,18,8,30,0,0,1,56.29,55.22,0,3,0
204818,East,Organic,Web,18,25,5,14,0,1,3,73.72,261.16,0,5,0
204819,West,Paid Search,Mobile,37,22,10,36,0,0,3,104.84,357.22,0,4,1
204820,South,Referral,Web,48,26,5,27,0,0,3,96.24,291.66,1,3,1
204821,Budapest,Social,Mobile,45,55,12,47,0,0,2,62.66,128.41,1,5,1
204822,Budapest,Referral,Store,40,59,6,21,1,0,4,132.02,502.88,0,5,1
204823,West,Organic,Mobile,21,10,9,42,1,0,0,43.36,47.45,0,3,1
204824,South,Partner,Mobile,37,23,14,51,1,0,4,94.78,413.56,0,3,1
204825,West,Referral,Mobile,38,39,12,39,1,0,3,94.54,341.24,0,4,0
204826,Budapest,Referral,Store,42,15,4,28,0,0,0,62.72,0.0,0,2,1
204827,North,Partner,Web,55,38,5,9,0,0,3,85.89,239.01,0,4,0
204828,Budapest,Paid Search,Store,54,4,2,5,0,1,2,53.81,50.84,1,4,0
204829,East,Organic,Web,45,50,6,25,1,0,4,67.47,264.2,1,4,1
204830,East,Organic,Web,18,34,6,12,0,0,0,39.9,0.0,0,3,0
204831,South,Partner,Web,45,13,5,18,0,1,3,60.03,187.22,1,3,0
204832,South,Social,Store,43,20,4,23,0,0,0,66.12,0.45,0,3,0
204833,Budapest,Referral,Web,25,28,7,25,0,0,1,59.47,78.86,0,5,0
204834,East,Paid Search,Web,46,32,6,26,0,0,1,112.43,146.25,0,4,1
204835,West,Organic,Web,44,7,6,17,0,0,0,50.81,0.0,0,4,0
204836,North,Paid Search,Mobile,41,53,8,39,1,1,3,92.93,340.14,0,4,0
204837,West,Social,Mobile,58,3,7,33,0,0,1,74.65,70.84,0,3,1
204838,Budapest,Referral,Web,36,34,7,24,1,0,1,79.4,80.41,0,4,0
204839,East,Paid Search,Mobile,46,21,9,33,1,1,4,73.5,263.17,0,5,0
204840,West,Social,Mobile,48,17,5,25,1,0,1,89.25,37.41,0,3,0
204841,Budapest,Organic,Mobile,54,28,18,65,1,1,2,75.78,179.77,0,3,1
204842,West,Social,Web,36,19,3,10,1,0,0,91.31,26.24,0,4,0
204843,Budapest,Paid Search,Web,56,16,5,22,0,0,3,84.4,263.66,1,4,0
204844,South,Partner,Mobile,51,9,8,42,1,0,1,88.21,141.97,0,4,0
204845,Budapest,Paid Search,Store,41,40,5,20,0,0,3,100.04,278.51,0,5,0
204846,South,Organic,Mobile,36,12,9,32,1,0,1,89.8,76.98,0,4,0
204847,West,Organic,Mobile,56,8,9,38,1,0,1,95.0,76.05,0,4,1
204848,Budapest,Paid Search,Web,61,22,8,32,0,0,2,78.18,131.49,0,3,0
204849,Budapest,Organic,Mobile,36,28,8,36,1,0,0,66.38,0.71,0,4,1
204850,North,Paid Search,Mobile,32,8,10,52,0,0,0,54.74,0.0,0,3,0
204851,South,Paid Search,Web,24,25,10,47,0,1,3,88.93,235.39,1,3,0
204852,East,Organic,Store,42,17,8,36,0,0,3,69.61,147.69,0,4,1
204853,North,Paid Search,Mobile,39,5,7,45,0,0,0,49.31,0.0,0,2,0
204854,East,Paid Search,Mobile,39,8,15,25,1,1,2,70.21,156.87,0,4,1
204855,Budapest,Partner,Web,50,6,8,30,1,0,2,89.47,157.32,0,3,0
204856,Budapest,Organic,Store,48,13,7,24,0,1,0,119.14,0.0,0,3,1
204857,West,Social,Store,35,18,5,20,1,0,1,61.22,45.34,0,4,0
204858,Budapest,Organic,Mobile,36,16,5,35,0,0,2,79.56,162.37,0,4,0
204859,Budapest,Partner,Web,42,43,7,27,0,0,2,82.46,122.55,0,3,1
204860,West,Referral,Mobile,35,14,8,35,1,0,2,64.79,75.39,0,4,0
204861,West,Referral,Mobile,37,10,13,67,1,0,2,63.8,115.75,0,4,1
204862,Budapest,Paid Search,Store,29,15,6,25,1,0,3,79.47,257.69,0,4,1
204863,Budapest,Social,Store,46,11,11,37,0,0,3,97.93,309.92,0,4,1
204864,East,Partner,Web,52,15,4,25,0,0,0,92.77,0.0,0,4,0
204865,West,Paid Search,Web,38,25,3,12,0,0,2,87.75,175.79,0,5,0
204866,South,Paid Search,Mobile,38,19,14,61,1,0,5,74.73,339.29,1,4,1
204867,South,Social,Mobile,42,4,8,32,0,1,3,64.15,232.0,0,3,0
204868,North,Partner,Web,27,29,9,41,0,1,2,48.71,119.16,0,4,0
204869,West,Paid Search,Mobile,27,23,12,50,0,0,6,45.12,256.15,0,3,1
204870,East,Partner,Web,41,6,11,49,0,0,4,50.98,247.39,0,3,1
204871,West,Organic,Web,57,17,10,51,0,0,4,75.84,266.55,0,4,0
204872,South,Organic,Web,59,12,6,18,1,0,1,65.44,11.9,0,3,0
204873,Budapest,Referral,Web,55,5,4,9,0,0,0,71.69,0.0,0,3,0
204874,East,Social,Web,48,8,3,8,0,0,1,88.39,97.88,0,2,0
204875,Budapest,Organic,Mobile,29,17,9,35,1,0,3,86.1,258.05,0,4,0
204876,East,Organic,Mobile,44,21,7,30,1,0,1,63.02,38.92,0,4,1
204877,Budapest,Paid Search,Web,46,26,5,25,0,0,3,106.26,332.17,0,4,0
204878,East,Paid Search,Web,52,21,8,31,0,1,2,73.45,159.0,0,2,0
204879,North,Paid Search,Web,32,5,6,16,0,1,1,49.72,15.54,0,4,1
204880,Budapest,Partner,Web,18,18,7,31,0,0,1,56.3,28.99,0,3,0
204881,East,Social,Mobile,35,23,8,23,0,0,2,57.21,103.79,0,4,1
204882,East,Social,Store,44,9,5,20,1,0,1,64.57,0.0,0,4,0
204883,Budapest,Paid Search,Web,51,5,9,28,0,0,1,94.81,105.03,0,4,1
204884,East,Referral,Web,54,25,6,27,0,0,1,92.35,142.49,0,3,0
204885,West,Paid Search,Web,32,25,2,8,0,1,3,42.48,145.99,0,4,1
204886,Budapest,Organic,Web,44,25,5,18,0,1,1,48.26,43.42,0,3,0
204887,West,Paid Search,Web,38,27,6,24,1,0,3,105.8,311.95,0,5,0
204888,West,Social,Web,27,9,7,32,0,1,3,68.68,263.19,0,3,0
204889,South,Paid Search,Mobile,42,16,8,30,1,1,2,73.68,147.12,0,4,1
204890,East,Organic,Web,27,19,10,45,1,0,1,59.21,88.35,0,3,1
204891,South,Referral,Web,37,23,3,14,0,0,2,69.25,166.91,0,5,0
204892,West,Paid Search,Web,41,26,12,26,0,0,1,73.73,69.59,0,4,1
204893,Budapest,Organic,Mobile,18,16,11,47,1,0,2,70.6,138.99,0,3,0
204894,Budapest,Organic,Mobile,46,22,12,9,0,0,0,60.82,0.0,0,4,1
204895,South,Organic,Mobile,40,2,12,47,1,1,1,75.37,88.11,0,4,0
204896,East,Organic,Mobile,26,9,6,25,1,0,1,72.27,28.64,0,3,0
204897,East,Organic,Mobile,50,15,17,54,0,0,2,95.41,135.95,0,4,0
204898,East,Paid Search,Web,45,34,6,18,1,0,1,72.68,51.61,0,5,0
204899,East,Social,Web,29,19,9,40,0,1,2,48.08,51.41,0,3,0
204900,West,Organic,Store,30,33,6,20,0,0,2,68.93,156.77,0,3,1
204901,Budapest,Organic,Mobile,33,34,6,14,1,0,3,88.22,212.91,0,5,1
204902,South,Social,Web,38,7,3,5,0,0,0,54.19,0.0,0,4,0
204903,West,Paid Search,Store,58,24,9,38,0,0,1,56.27,50.65,0,3,0
204904,North,Paid Search,Web,56,10,3,6,0,0,2,90.68,217.04,0,3,0
204905,Budapest,Organic,Mobile,49,32,10,50,0,0,3,47.24,99.73,0,4,1
204906,South,Social,Web,55,22,7,42,1,0,2,87.4,179.28,0,4,0
204907,Budapest,Organic,Mobile,46,15,8,21,0,1,1,65.01,101.42,0,2,1
204908,East,Social,Mobile,44,5,6,28,1,0,0,107.34,49.06,0,3,0
204909,South,Social,Mobile,40,35,9,37,1,1,0,77.83,0.0,0,4,1
204910,East,Referral,Store,46,3,6,16,0,0,0,47.52,16.74,0,5,0
204911,South,Organic,Mobile,37,28,7,32,0,0,1,111.52,91.9,0,5,1
204912,East,Paid Search,Store,45,14,6,29,0,1,2,78.71,143.51,0,3,0
204913,West,Organic,Mobile,38,35,6,15,0,1,1,62.33,58.06,0,4,0
204914,North,Paid Search,Web,46,15,9,37,0,1,1,62.53,0.0,0,2,0
204915,Budapest,Paid Search,Store,25,34,5,31,0,1,1,45.38,18.97,0,5,1
204916,East,Paid Search,Web,47,50,4,16,0,1,0,111.31,0.0,0,5,0
204917,North,Partner,Web,37,7,3,9,0,0,1,66.01,89.51,0,3,1
204918,West,Referral,Web,40,24,11,45,0,0,2,71.06,146.25,0,3,0
204919,Budapest,Partner,Web,43,15,8,52,0,0,2,100.81,208.01,0,4,1
204920,South,Organic,Web,29,72,6,32,1,0,4,89.44,373.24,1,5,1
204921,North,Paid Search,Web,55,17,7,24,0,0,3,82.0,231.68,0,2,0
204922,West,Paid Search,Web,52,8,7,46,0,0,0,102.63,0.0,0,3,0
204923,North,Referral,Web,35,19,8,25,0,0,1,81.72,22.7,0,4,1
204924,Budapest,Organic,Store,47,13,9,42,1,1,1,79.3,107.25,0,4,1
204925,East,Referral,Web,46,45,5,28,1,0,2,69.93,103.38,0,4,1
204926,South,Partner,Mobile,36,25,11,62,1,0,1,75.39,95.24,0,5,0
204927,East,Referral,Store,50,31,7,38,0,1,4,77.26,244.23,0,5,0
204928,East,Social,Web,26,17,4,6,1,1,1,68.18,76.22,0,3,0
204929,Budapest,Referral,Web,34,12,6,15,0,1,0,30.37,0.0,0,3,0
204930,South,Organic,Mobile,47,9,9,33,0,0,1,66.57,45.48,0,4,1
204931,Budapest,Paid Search,Web,62,13,9,32,0,0,1,110.96,144.45,0,4,0
204932,Budapest,Organic,Store,61,10,8,48,1,0,0,64.0,0.0,0,3,0
204933,Budapest,Social,Web,48,9,6,28,0,0,2,63.96,157.81,0,3,0
204934,East,Organic,Web,65,31,6,34,0,0,5,113.14,560.12,0,5,1
204935,West,Organic,Mobile,43,12,9,32,0,0,3,95.84,243.83,0,4,1
204936,West,Organic,Mobile,50,15,11,44,0,1,1,69.62,30.41,0,4,1
204937,East,Paid Search,Web,53,5,4,21,0,0,1,63.89,99.09,0,4,0
204938,West,Referral,Web,42,18,10,26,1,1,4,81.17,319.21,1,5,1
204939,Budapest,Social,Mobile,26,18,6,22,0,0,3,82.89,217.38,0,4,0
204940,South,Social,Web,44,29,7,16,0,1,0,51.44,20.15,0,4,0
204941,Budapest,Organic,Web,33,8,3,16,0,0,0,51.57,29.24,0,4,0
204942,Budapest,Organic,Web,53,4,6,28,0,1,0,74.59,45.6,0,4,0
204943,Budapest,Referral,Web,40,28,12,39,0,0,5,85.08,449.97,0,4,1
204944,West,Paid Search,Web,43,22,5,25,1,0,2,34.9,51.46,1,4,0
204945,West,Organic,Web,42,22,7,33,0,0,0,64.12,2.11,0,4,0
204946,East,Social,Web,40,21,8,29,1,1,1,68.3,62.3,0,4,1
204947,South,Paid Search,Web,48,13,9,29,0,1,1,87.6,72.71,0,3,0
204948,South,Referral,Web,34,10,5,21,0,0,2,40.58,25.24,0,3,0
204949,South,Referral,Mobile,41,44,7,24,1,0,1,69.76,78.41,0,4,1
204950,Budapest,Organic,Web,55,18,9,46,1,0,4,73.37,336.89,0,3,1
204951,North,Paid Search,Mobile,21,16,12,38,1,1,2,56.1,56.95,0,4,1
204952,East,Paid Search,Web,59,17,7,16,0,1,2,62.71,137.02,0,3,1
204953,Budapest,Organic,Mobile,34,25,9,28,0,1,1,37.17,47.5,0,5,0
204954,North,Organic,Web,19,26,10,17,0,0,2,93.07,179.01,1,5,1
204955,South,Paid Search,Mobile,36,15,15,46,1,1,2,30.8,61.95,0,4,1
204956,Budapest,Paid Search,Mobile,43,12,6,26,1,1,2,75.46,189.85,0,4,1
204957,West,Organic,Web,32,17,11,48,1,0,1,88.81,78.24,0,3,0
204958,North,Paid Search,Store,51,17,5,28,0,0,1,35.03,13.34,0,3,0
204959,Budapest,Paid Search,Store,45,45,9,34,0,0,4,106.59,512.36,1,4,0
204960,West,Organic,Web,45,3,5,33,0,1,0,87.75,0.0,0,4,0
204961,East,Organic,Mobile,42,50,13,48,1,1,3,95.39,261.01,0,5,0
204962,Budapest,Partner,Web,45,4,8,49,0,0,1,55.7,74.07,0,4,1
204963,Budapest,Paid Search,Web,41,18,6,24,0,1,1,78.07,10.37,0,2,0
204964,East,Paid Search,Mobile,37,6,12,57,1,0,2,90.8,195.42,1,4,1
204965,Budapest,Organic,Mobile,35,5,10,38,1,0,1,50.67,81.7,0,3,0
204966,East,Paid Search,Mobile,37,21,6,28,0,1,0,69.29,24.69,0,3,0
204967,South,Organic,Web,47,30,6,23,0,0,2,82.64,175.15,0,4,1
204968,East,Social,Mobile,48,8,10,32,1,1,2,67.4,96.17,1,3,0
204969,South,Organic,Web,48,24,7,46,0,0,2,74.64,178.73,0,4,0
204970,Budapest,Organic,Web,60,22,3,10,1,0,0,106.54,55.4,0,3,0
204971,East,Referral,Mobile,42,13,10,25,1,0,4,101.03,365.85,0,5,0
204972,East,Paid Search,Web,60,14,4,15,0,0,1,70.05,8.37,0,5,0
204973,East,Organic,Web,40,72,8,25,0,0,6,121.36,727.45,0,3,1
204974,West,Paid Search,Web,40,23,3,9,0,0,1,74.31,33.41,0,3,0
204975,North,Organic,Store,52,37,7,33,0,0,1,86.99,55.83,0,5,0
204976,Budapest,Organic,Mobile,49,21,10,21,1,0,2,79.25,158.25,0,3,1
204977,West,Partner,Store,39,23,5,14,0,1,2,65.26,135.32,0,4,0
204978,East,Organic,Mobile,51,12,17,63,1,1,2,89.38,183.72,1,4,0
204979,South,Referral,Store,59,16,3,5,0,0,0,74.24,5.05,0,4,0
204980,West,Referral,Web,52,21,9,32,1,0,3,82.78,234.74,1,3,0
204981,West,Paid Search,Mobile,31,10,13,71,0,0,3,31.45,151.14,0,4,1
204982,East,Partner,Mobile,43,22,12,41,1,0,0,72.91,16.21,0,3,0
204983,South,Referral,Mobile,61,38,12,46,0,0,1,93.22,103.71,0,5,0
204984,North,Social,Store,36,28,6,26,0,0,3,92.63,309.5,1,4,0
204985,West,Organic,Web,47,39,6,30,0,0,5,98.33,448.07,1,5,0
204986,Budapest,Social,Mobile,35,37,13,54,1,0,2,79.66,188.88,0,5,0
204987,South,Referral,Web,60,24,12,30,0,0,0,101.86,3.63,0,4,1
204988,East,Social,Store,24,23,10,56,0,0,0,72.92,0.0,0,4,0
204989,North,Organic,Mobile,29,15,10,51,1,0,3,65.58,144.62,1,5,0
204990,Budapest,Paid Search,Mobile,29,14,7,35,1,1,2,42.63,102.44,0,3,0
204991,South,Paid Search,Web,34,29,5,23,0,1,5,91.6,415.36,0,3,0
204992,West,Social,Mobile,58,16,12,70,1,1,3,77.23,174.84,0,4,0
204993,East,Partner,Store,42,25,4,14,0,0,0,71.11,0.0,0,3,0
204994,South,Paid Search,Mobile,30,17,16,72,1,1,1,70.06,151.87,0,5,1
204995,Budapest,Referral,Store,54,6,4,24,0,0,1,134.84,158.58,0,5,0
204996,South,Referral,Web,44,27,10,47,0,0,2,86.98,148.45,0,5,0
204997,South,Referral,Web,33,31,8,30,0,0,1,63.51,95.56,0,4,0
204998,West,Paid Search,Web,37,9,5,18,1,1,1,76.12,90.11,0,5,0
204999,East,Social,Store,32,31,6,36,0,0,2,78.44,69.4,0,5,0
205000,North,Paid Search,Web,55,34,7,15,0,0,2,97.77,203.93,0,3,1
205001,East,Organic,Mobile,29,19,7,18,0,0,2,60.08,87.81,0,4,0
205002,East,Partner,Mobile,48,20,4,14,1,1,2,58.29,154.56,0,5,0
205003,South,Paid Search,Web,55,15,3,16,0,1,0,83.87,0.0,0,3,0
205004,East,Social,Web,42,15,5,17,0,1,2,43.22,54.72,0,4,1
205005,South,Organic,Web,62,17,8,47,0,1,1,108.66,61.61,0,3,0
205006,North,Partner,Mobile,40,4,8,33,1,1,0,41.15,0.0,0,4,0
205007,East,Social,Web,55,27,7,20,1,1,3,117.2,381.76,0,3,0
205008,Budapest,Partner,Web,28,24,8,45,1,0,2,81.83,208.92,0,3,1
205009,North,Organic,Web,33,66,10,33,0,1,2,100.2,237.69,0,4,0
205010,Budapest,Social,Mobile,44,4,5,20,0,0,0,69.85,0.0,0,4,1
205011,South,Paid Search,Store,54,20,5,21,0,1,1,92.48,87.04,1,4,1
205012,Budapest,Organic,Mobile,37,11,12,55,0,0,3,50.56,148.48,0,5,0
205013,West,Referral,Mobile,34,37,10,41,0,0,2,69.18,179.9,0,4,1
205014,South,Organic,Web,33,6,5,26,0,0,0,71.38,56.69,0,4,0
205015,West,Paid Search,Mobile,34,28,6,17,0,0,1,54.38,120.43,0,4,1
205016,North,Organic,Web,42,40,9,25,0,1,3,77.17,325.87,0,4,1
205017,Budapest,Referral,Mobile,41,20,9,42,0,0,5,70.94,377.07,1,5,1
205018,East,Social,Web,57,12,12,76,1,1,3,64.83,165.76,0,4,1
205019,North,Referral,Web,45,17,6,39,0,1,1,103.45,129.91,0,3,1
205020,Budapest,Organic,Mobile,37,23,8,36,1,0,2,51.92,124.94,0,4,1
205021,South,Paid Search,Mobile,60,37,5,29,0,0,1,74.93,95.61,0,4,0
205022,East,Paid Search,Web,37,23,5,26,0,0,1,27.63,0.0,1,3,0
205023,West,Organic,Store,38,18,5,24,1,0,1,54.22,47.01,0,3,1
205024,South,Organic,Mobile,34,30,11,45,1,0,3,63.38,212.96,1,4,1
205025,West,Paid Search,Store,50,4,6,32,0,0,3,78.29,241.75,0,3,0
205026,East,Referral,Mobile,36,17,8,17,0,0,0,87.9,0.0,0,4,0
205027,South,Referral,Web,32,41,8,43,0,0,2,89.66,163.13,0,4,1
205028,East,Referral,Web,34,56,8,33,1,0,2,108.85,255.72,1,5,0
205029,East,Organic,Web,46,21,2,11,0,1,1,92.52,99.08,1,4,0
205030,Budapest,Social,Web,35,44,6,26,0,0,3,79.02,252.0,0,3,0
205031,East,Paid Search,Mobile,22,3,13,65,1,0,3,60.5,164.74,1,5,0
205032,East,Referral,Web,54,21,8,35,0,0,1,100.23,123.69,0,3,1
205033,South,Social,Web,46,25,5,20,1,0,1,63.9,45.97,0,5,0
205034,Budapest,Referral,Web,21,29,9,48,1,0,3,58.64900656337744,411.55,0,4,1
205035,Budapest,Organic,Web,32,7,4,24,0,0,1,54.65,43.32,0,4,0
205036,Budapest,Organic,Mobile,59,13,9,39,0,0,1,94.28,121.38,0,4,0
205037,West,Referral,Mobile,39,18,7,42,0,0,0,82.6,43.12,0,3,0
205038,East,Paid Search,Mobile,46,13,7,17,0,0,2,79.8,96.07,0,3,1
205039,North,Organic,Web,50,3,6,24,0,0,1,76.61,66.24,0,4,1
205040,South,Social,Store,37,5,6,19,0,0,1,53.84,42.03,0,4,0
205041,Budapest,Referral,Web,30,66,5,26,0,0,4,91.74,290.73,0,5,0
205042,Budapest,Paid Search,Store,46,23,8,38,0,0,3,71.59,216.03,0,3,0
205043,Budapest,Organic,Web,32,21,11,47,1,0,0,76.45,0.0,0,3,1
205044,North,Partner,Store,34,23,7,11,0,0,0,89.71,0.0,0,4,0
205045,Budapest,Organic,Mobile,36,20,11,58,1,0,1,67.6,92.6,0,4,1
205046,East,Organic,Mobile,59,13,8,27,1,0,0,102.48,14.82,0,4,1
205047,South,Paid Search,Mobile,24,8,12,42,1,0,3,86.22,255.51,1,4,1
205048,South,Organic,Web,29,5,6,31,0,0,1,72.39,96.52,0,4,0
205049,Budapest,Organic,Mobile,29,33,6,22,0,1,2,65.06,184.58,0,4,1
205050,North,Paid Search,Web,44,11,8,36,1,0,1,64.34,19.1,0,4,0
205051,South,Referral,Mobile,40,2,6,34,0,1,0,60.11,0.0,0,4,1
205052,Budapest,Partner,Web,45,46,6,17,0,0,2,88.79,160.83,0,4,1
205053,East,Paid Search,Web,32,21,2,15,0,1,1,53.02,80.94,0,3,0
205054,Budapest,Organic,Store,21,30,3,17,0,0,1,86.46,49.51,0,4,0
205055,Budapest,Paid Search,Web,51,44,10,31,0,1,2,104.37,245.46,0,4,0
205056,Budapest,Paid Search,Mobile,46,13,12,62,1,0,2,89.09,186.27,0,4,0
205057,East,Organic,Mobile,40,18,8,34,1,0,2,54.22,90.83,0,4,1
205058,South,Organic,Web,48,39,4,19,1,0,2,88.32,187.3,0,4,0
205059,Budapest,Paid Search,Web,50,3,5,21,0,0,1,90.51,102.38,0,4,0
205060,East,Social,Store,32,51,6,21,0,0,1,55.37,59.24,0,4,1
205061,Budapest,Social,Web,39,28,4,18,1,0,1,103.78,80.73,0,4,0
205062,North,Paid Search,Web,41,28,9,39,1,1,2,75.35,157.18,0,5,0
205063,Budapest,Referral,Mobile,49,57,9,36,1,0,1,91.86,99.49,1,4,1
205064,South,Referral,Web,38,15,2,3,0,0,1,43.83,69.31,0,4,0
205065,Budapest,Organic,Mobile,32,10,9,49,1,0,1,81.15,53.19,0,3,1
205066,East,Referral,Store,51,7,8,20,1,1,0,60.05,0.0,0,5,1
205067,Budapest,Paid Search,Store,62,12,6,19,1,1,0,79.27,10.27,0,3,0
205068,South,Organic,Store,52,51,12,60,0,0,0,102.14,0.0,0,4,1
205069,Budapest,Organic,Mobile,33,24,10,34,1,1,1,81.2,73.78,0,5,0
205070,East,Referral,Store,61,14,0,7,0,0,1,74.05,125.56,0,4,0
205071,East,Paid Search,Mobile,32,16,9,41,1,1,1,86.12,118.39,1,4,1
205072,Budapest,Paid Search,Mobile,60,30,13,52,1,1,1,70.08,0.0,0,5,0
205073,West,Paid Search,Web,55,21,4,16,1,1,1,41.76,56.47,0,4,0
205074,East,Referral,Web,36,11,12,54,0,1,1,50.47,52.93,0,4,0
205075,Budapest,Partner,Web,52,20,11,52,0,1,1,74.27,69.13,0,4,1
205076,South,Paid Search,Mobile,49,29,11,57,0,0,3,90.69,277.93,1,3,0
205077,Budapest,Referral,Web,48,7,6,29,0,1,0,74.9,0.0,0,3,1
205078,South,Social,Store,33,15,6,27,0,1,2,38.86,150.89,0,4,0
205079,South,Social,Web,31,13,5,16,0,0,1,44.21,59.51,0,3,0
205080,South,Referral,Store,45,9,6,36,0,1,1,23.74,27.25,0,4,0
205081,Budapest,Partner,Mobile,42,30,11,33,0,0,1,56.98,49.05,0,5,0
205082,South,Referral,Web,61,11,8,35,1,0,0,118.72,0.0,0,3,0
205083,South,Referral,Mobile,30,9,7,39,0,0,1,82.2,85.98,0,4,1
205084,South,Paid Search,Store,41,22,6,25,0,0,2,52.22,101.96,0,3,1
205085,Budapest,Referral,Web,36,62,10,26,1,0,0,108.16,28.6,0,4,0
205086,West,Paid Search,Mobile,36,23,9,30,0,1,3,69.9,185.29,0,3,0
205087,East,Organic,Web,36,4,12,53,1,1,0,53.66,26.1,0,3,0
205088,South,Paid Search,Mobile,29,18,12,49,0,0,2,62.6,125.56,0,5,1
205089,West,Social,Mobile,35,29,9,46,0,0,2,93.54,215.72,0,4,1
205090,Budapest,Paid Search,Web,41,23,9,21,1,0,1,76.89,100.52,0,2,0
205091,East,Paid Search,Mobile,37,22,10,56,0,0,0,71.48,18.27,0,4,0
205092,East,Paid Search,Web,39,33,7,34,1,0,3,83.44,248.18,0,4,1
205093,South,Paid Search,Web,18,12,10,35,1,0,2,47.14,54.34,0,3,1
205094,Budapest,Social,Web,28,25,6,18,0,0,2,91.93,139.76,0,4,0
205095,North,Organic,Mobile,41,22,8,24,0,0,2,58.33,69.91,0,3,0
205096,North,Referral,Mobile,40,26,12,72,1,0,2,101.86,186.34,0,5,1
205097,East,Paid Search,Web,57,20,9,36,0,0,0,87.43,0.0,0,4,1
205098,East,Partner,Web,28,13,5,20,0,1,1,62.53,86.49,1,3,0
205099,Budapest,Organic,Store,40,20,6,34,1,0,1,86.83,81.33,1,4,0
205100,Budapest,Paid Search,Web,39,22,6,24,0,0,0,88.08,3.83,0,5,0
205101,South,Paid Search,Store,24,22,7,37,1,1,2,64.47,147.85,0,4,1
205102,East,Paid Search,Web,49,21,11,34,0,1,2,65.57,143.12,0,3,0
205103,Budapest,Referral,Web,67,10,14,85,0,1,1,94.39,48.28,0,4,0
205104,West,Organic,Mobile,51,29,11,54,1,1,2,68.22,174.47,0,5,0
205105,Budapest,Organic,Web,38,9,7,29,0,0,2,70.16,125.22,0,3,0
205106,Budapest,Referral,Store,55,21,4,12,0,1,3,80.33,311.26,0,4,1
205107,East,Referral,Store,47,46,7,23,0,1,5,67.79,371.75,1,5,0
205108,North,Organic,Mobile,48,25,11,34,1,1,1,74.77,109.06,0,4,1
205109,East,Social,Web,35,20,5,19,0,0,2,53.15,88.11,0,4,0
205110,Budapest,Social,Mobile,42,21,12,40,0,0,3,70.66,222.06,0,4,1
205111,North,Paid Search,Mobile,51,25,10,28,0,0,0,92.56,0.0,0,3,0
205112,Budapest,Paid Search,Mobile,37,18,6,35,0,0,2,134.6537405459812,256.83,0,3,0
205113,South,Paid Search,Web,61,46,7,25,0,1,3,86.26,258.88,1,4,1
205114,East,Partner,Web,22,33,5,20,0,0,3,59.37,206.8,0,3,0
205115,Budapest,Partner,Web,38,31,9,29,0,1,2,107.5,235.37,0,4,1
205116,South,Partner,Store,35,24,3,13,0,0,1,60.17,3.0,0,3,1
205117,Budapest,Organic,Mobile,42,17,9,39,0,0,0,85.72,0.0,0,3,0
205118,Budapest,Organic,Web,41,32,10,59,1,0,1,67.0,66.63,0,4,1
205119,Budapest,Partner,Store,43,29,5,13,1,0,0,111.15,0.0,0,4,0
205120,Budapest,Partner,Mobile,56,5,8,28,0,0,2,87.76,223.23,0,4,0
205121,Budapest,Referral,Mobile,42,72,6,30,0,0,1,106.17,44.22,0,5,1
205122,North,Social,Mobile,41,8,12,32,0,0,1,76.45,87.9,0,4,0
205123,West,Social,Web,36,10,11,50,0,0,1,99.25,107.86,0,3,0
205124,West,Organic,Mobile,19,12,5,20,0,1,1,33.42,27.06,0,2,1
205125,North,Social,Web,45,2,6,23,0,0,0,53.93,0.0,0,3,0
205126,West,Organic,Web,31,3,7,24,1,1,0,34.68,0.0,0,4,0
205127,South,Paid Search,Store,54,22,9,28,0,1,1,83.17,37.31,0,4,0
205128,South,Partner,Store,47,27,7,32,0,0,1,110.49,75.15,0,4,1
205129,South,Paid Search,Web,55,8,2,11,1,0,1,73.27,97.18,0,3,0
205130,East,Partner,Web,48,4,10,38,1,0,1,58.24,140.97,0,3,0
205131,Budapest,Organic,Web,32,48,7,40,0,1,2,80.12,167.0,0,5,0
205132,Budapest,Organic,Web,37,4,5,35,0,0,0,92.13,54.29,0,4,0
205133,South,Referral,Store,28,11,4,13,1,1,0,68.17,44.31,0,4,0
205134,North,Social,Store,18,20,9,45,0,0,1,116.64,126.04,0,3,0
205135,Budapest,Paid Search,Web,49,16,12,39,0,0,1,74.03,107.06,0,4,1
205136,East,Social,Mobile,32,43,9,40,0,1,3,50.44,114.91,1,5,1
205137,North,Organic,Web,18,27,13,41,0,0,4,58.61,184.93,0,4,1
205138,South,Paid Search,Mobile,45,60,15,39,0,0,2,92.42,182.61,0,5,1
205139,South,Partner,Web,38,14,12,31,0,0,4,99.76,434.57,0,3,0
205140,West,Social,Web,40,22,14,63,1,0,4,75.89,316.18,0,5,0
205141,Budapest,Paid Search,Web,44,22,8,34,0,1,5,57.56,286.91,2,4,0
205142,North,Paid Search,Mobile,31,5,10,44,1,0,2,94.61,168.83,0,4,1
205143,West,Social,Mobile,40,56,6,29,1,0,2,88.1,170.05,0,5,0
205144,East,Referral,Store,27,8,4,16,0,0,1,66.2,62.71,0,3,0
205145,East,Partner,Web,28,11,6,27,1,0,3,43.01,93.96,0,3,0
205146,East,Organic,Store,41,16,7,28,0,0,3,97.39,328.08,0,3,0
205147,Budapest,Paid Search,Web,52,14,9,34,0,1,1,97.35,132.1,0,3,1
205148,North,Referral,Web,44,16,7,33,1,0,4,77.06,309.55,0,4,1
205149,South,Social,Mobile,73,16,9,32,0,0,3,130.79,410.83,1,4,1
205150,East,Organic,Web,36,64,0,0,1,0,1,74.97,19.33,0,5,0
205151,South,Organic,Web,44,21,15,44,1,0,3,35.51,124.46,0,4,1
205152,Budapest,Organic,Web,42,10,12,14,1,0,0,45.08,53.55,0,4,1
205153,West,Organic,Web,40,38,8,34,0,1,6,79.13,445.03,0,4,1
205154,Budapest,Organic,Web,28,34,11,40,0,0,4,80.06,330.93,0,5,0
205155,South,Referral,Web,36,5,3,15,0,0,0,54.51,44.44,0,3,0
205156,South,Social,Web,38,14,8,36,0,0,4,61.7,270.51,0,4,0
205157,East,Organic,Web,59,14,9,34,0,1,2,90.06,144.26,0,3,0
205158,West,Referral,Web,39,23,8,23,0,0,1,96.59,94.57,0,3,0
205159,East,Organic,Mobile,51,72,8,32,1,0,2,88.94,150.17,0,4,1
205160,Budapest,Referral,Web,55,36,9,29,0,0,3,63.38,166.85,0,4,1
205161,South,Paid Search,Mobile,32,17,6,24,0,1,2,48.13,52.3,0,5,0
205162,Budapest,Social,Store,51,40,5,22,0,0,4,83.65,338.93,0,4,0
205163,East,Referral,Web,40,4,5,23,0,1,1,70.6,134.57,0,4,0
205164,Budapest,Social,Mobile,41,15,4,19,0,0,2,56.28,183.93,1,5,0
205165,Budapest,Social,Mobile,47,35,14,65,1,1,4,61.62,299.07,1,4,0
205166,East,Referral,Mobile,29,23,15,55,0,1,2,92.53,156.86,0,4,0
205167,South,Organic,Mobile,52,30,4,21,0,1,3,66.34,135.44,1,4,0
205168,South,Partner,Store,27,19,4,18,1,1,1,74.38,69.08,0,3,0
205169,North,Organic,Mobile,37,11,11,38,0,0,1,88.58,84.05,0,4,0
205170,East,Referral,Web,43,13,4,21,0,0,3,56.26,201.81,0,3,1
205171,Budapest,Referral,Web,34,20,10,31,0,0,3,80.89,283.65,0,3,1
205172,Budapest,Paid Search,Mobile,61,17,6,27,1,0,3,67.63,212.79,0,4,0
205173,West,Social,Web,27,17,5,15,1,0,3,63.56,220.11,0,4,0
205174,Budapest,Organic,Mobile,31,24,9,45,0,0,6,94.77,551.48,0,4,0
205175,West,Paid Search,Mobile,56,17,12,54,0,1,2,77.37,95.26,0,5,0
205176,East,Paid Search,Mobile,34,14,11,44,1,0,3,92.53,255.49,1,4,0
205177,East,Organic,Web,32,6,4,12,0,0,0,62.67,0.0,0,3,1
205178,South,Organic,Mobile,46,6,10,35,1,1,0,68.82,0.0,0,3,0
205179,Budapest,Social,Mobile,35,50,18,77,0,0,3,78.03,175.39,0,4,1
205180,East,Organic,Web,51,10,14,73,1,0,0,68.66,28.35,0,3,0
205181,North,Paid Search,Store,33,13,1,5,0,0,0,69.63,0.0,0,3,0
205182,East,Referral,Web,33,60,9,37,0,1,1,92.39,115.6,0,5,1
205183,South,Social,Web,52,36,9,27,0,1,4,76.18,344.67,1,5,0
205184,Budapest,Partner,Mobile,54,51,13,77,1,0,2,109.38,196.13,0,4,0
205185,Budapest,Social,Web,42,17,3,18,1,0,0,93.04,0.0,0,4,0
205186,Budapest,Social,Mobile,44,21,9,16,0,0,1,86.59,61.25,0,3,0
205187,South,Social,Store,38,14,3,8,1,0,0,113.54,0.0,0,3,0
205188,South,Organic,Web,32,38,6,15,0,0,2,83.64,176.97,0,4,0
205189,East,Paid Search,Web,34,18,3,13,0,1,1,33.62,13.93,0,4,0
205190,West,Social,Mobile,51,2,7,26,0,0,1,59.16,27.88,0,3,1
205191,East,Organic,Web,34,18,7,36,0,1,1,37.38,31.27,0,4,1
205192,Budapest,Paid Search,Mobile,34,30,12,56,1,1,3,30.02,122.14,0,5,0
205193,South,Organic,Mobile,63,11,7,26,0,1,1,70.08,63.09,0,4,0
205194,West,Social,Web,30,29,7,26,0,0,1,36.86,7.78,0,3,0
205195,South,Partner,Web,36,22,8,21,1,0,1,76.14,86.11,0,3,1
205196,South,Paid Search,Web,55,19,7,28,1,0,4,79.3,279.15,0,4,0
205197,Budapest,Partner,Web,49,30,11,23,1,0,2,90.77,182.1,0,4,0
205198,West,Referral,Store,38,42,10,30,1,0,2,105.21,204.26,0,4,1
205199,Budapest,Organic,Web,47,32,4,11,1,1,5,96.92,543.18,1,4,1
205200,North,Paid Search,Web,29,13,5,23,0,0,2,46.47,100.09,0,4,0
205201,West,Organic,Web,54,16,4,12,1,0,1,87.39,71.83,0,3,0
205202,West,Partner,Store,43,10,2,10,0,0,0,116.78,0.0,0,2,1
205203,Budapest,Paid Search,Mobile,32,32,6,17,0,1,2,98.39,220.66,0,4,0
205204,Budapest,Social,Store,35,19,5,16,1,0,2,83.11,162.71,0,4,0
205205,East,Paid Search,Store,40,15,3,11,1,0,0,83.45,0.0,0,4,1
205206,Budapest,Paid Search,Mobile,24,15,5,15,1,0,2,82.97,95.08,0,3,0
205207,North,Paid Search,Mobile,55,30,8,39,0,1,1,63.06,116.28,0,4,1
205208,South,Organic,Web,46,37,5,23,0,0,0,62.86,28.1,0,4,1
205209,South,Organic,Mobile,33,27,11,22,1,0,3,51.61,162.57,0,4,1
205210,Budapest,Paid Search,Web,44,13,7,31,0,0,1,79.4,85.33,0,5,0
205211,South,Social,Web,47,13,9,23,1,0,3,105.51,320.41,0,4,1
205212,East,Referral,Store,38,21,3,16,0,0,1,93.48,84.61,0,4,0
205213,Budapest,Paid Search,Web,61,5,10,32,1,0,0,38.11,22.51,0,3,1
205214,North,Paid Search,Mobile,47,29,11,35,1,1,5,82.98,401.85,0,4,0
205215,Budapest,Paid Search,Web,58,5,10,50,0,0,0,93.79,30.02,0,4,0
205216,Budapest,Referral,Mobile,43,33,14,60,0,1,2,76.35,242.6,0,4,1
205217,South,Social,Mobile,50,44,14,47,1,0,2,124.94,312.25,0,2,1
205218,Budapest,Social,Store,36,13,7,34,0,0,0,76.91,0.0,0,3,0
205219,East,Partner,Store,36,36,5,19,1,0,0,118.02,0.0,0,4,0
205220,East,Referral,Mobile,26,15,14,67,1,1,1,62.3,44.58,0,4,0
205221,Budapest,Organic,Mobile,49,20,7,26,0,0,2,75.93,165.03,0,2,0
205222,Budapest,Paid Search,Web,43,22,6,28,0,1,3,64.54,198.23,0,4,1
205223,North,Organic,Store,53,26,8,18,0,0,1,105.66,129.98,0,4,0
205224,West,Paid Search,Mobile,21,14,10,45,0,1,2,45.58,109.63,0,3,0
205225,Budapest,Partner,Web,29,55,5,17,0,1,4,59.42,228.62,1,4,0
205226,East,Referral,Store,53,15,4,22,0,0,1,88.03,76.23,0,3,0
205227,East,Paid Search,Mobile,24,11,8,11,0,0,2,87.9,127.53,0,4,0
205228,Budapest,Paid Search,Web,46,11,9,44,1,1,1,87.21,94.26,0,3,0
205229,East,Referral,Web,54,12,4,17,0,1,3,60.97,180.87,0,4,0
205230,South,Referral,Web,48,13,6,26,0,1,3,63.75,195.0,0,4,1
205231,South,Social,Web,26,9,7,29,0,0,3,75.3,248.22,0,3,0
205232,Budapest,Referral,Web,66,14,9,27,0,0,3,99.71,324.98,0,4,1
205233,West,Organic,Web,41,21,6,23,1,1,1,71.21,17.75,0,4,0
205234,East,Referral,Mobile,38,21,13,46,1,0,1,27.79,1.57,0,3,0
205235,Budapest,Paid Search,Web,40,23,7,31,0,0,4,69.37,261.36,0,5,1
205236,Budapest,Organic,Store,40,10,2,7,0,0,3,73.68,204.64,1,3,0
205237,North,Social,Web,41,13,9,37,0,1,2,67.31,151.16,0,4,1
205238,West,Social,Store,47,40,6,21,0,1,0,87.33,0.0,0,4,1
205239,East,Paid Search,Mobile,41,7,6,24,1,0,4,69.87,295.73,0,4,0
205240,Budapest,Social,Mobile,21,13,10,50,0,0,1,47.86,50.17,0,3,0
205241,West,Organic,Store,46,6,2,4,0,0,0,67.69,19.62,0,3,0
205242,West,Paid Search,Web,49,6,7,26,0,0,2,67.01,116.51,0,3,0
205243,Budapest,Social,Mobile,35,16,9,28,0,0,0,98.27,0.0,0,4,1
205244,Budapest,Partner,Mobile,29,4,10,28,1,1,0,36.24,44.1,0,4,1
205245,Budapest,Referral,Web,55,14,5,19,0,0,0,101.91,41.35,0,4,1
205246,South,Referral,Web,49,30,5,10,0,0,2,74.71,110.66,0,4,1
205247,Budapest,Social,Mobile,46,15,6,21,0,0,3,121.16,367.72,0,4,0
205248,Budapest,Paid Search,Web,59,39,6,12,1,1,1,60.75,54.69,0,4,0
205249,West,Social,Web,46,43,8,32,1,1,0,62.08,37.14,0,3,0
205250,East,Partner,Web,29,15,6,14,0,0,3,120.27,330.26,0,3,0
205251,Budapest,Organic,Mobile,19,9,11,45,1,0,1,59.79,76.89,0,3,0
205252,Budapest,Social,Store,59,33,7,37,1,1,3,70.87,226.42,1,4,0
205253,Budapest,Social,Web,20,29,0,0,1,0,3,37.97,116.0,0,4,0
205254,West,Partner,Mobile,26,31,2,7,0,1,3,63.74,199.56,0,4,0
205255,West,Partner,Mobile,59,7,7,30,1,0,2,83.17,135.59,0,5,0
205256,Budapest,Paid Search,Mobile,46,16,12,39,0,0,3,109.61,299.57,0,4,1
205257,Budapest,Social,Web,49,20,5,8,0,1,0,84.14,33.3,0,4,0
205258,South,Paid Search,Web,38,50,10,29,1,0,2,93.17,153.44,0,5,0
205259,Budapest,Referral,Store,57,10,4,26,0,0,0,89.75,0.0,0,4,0
205260,West,Partner,Web,64,9,8,25,1,0,3,103.33,300.69,0,3,0
205261,South,Organic,Web,32,28,4,17,0,0,4,58.41,262.3,1,4,1
205262,West,Partner,Mobile,43,44,11,62,1,0,0,113.35,0.0,0,5,0
205263,Budapest,Organic,Store,26,12,4,11,1,0,0,78.45,50.68,0,3,0
205264,Budapest,Social,Mobile,40,20,11,51,1,1,0,86.72,24.98,0,4,0
205265,West,Organic,Mobile,44,55,9,34,1,0,7,104.55,723.89,0,5,1
205266,South,Organic,Web,29,10,11,26,0,0,1,52.22,44.36,0,4,1
205267,North,Social,Web,47,8,4,23,0,0,0,62.63,0.0,0,3,0
205268,West,Organic,Web,41,36,5,25,0,1,1,70.34,98.27,0,4,1
205269,East,Organic,Store,42,22,2,7,0,1,3,73.57,268.29,1,4,1
205270,East,Organic,Mobile,34,13,8,22,1,0,2,96.7,205.43,0,4,0
205271,Budapest,Paid Search,Web,39,9,9,32,0,1,1,63.08,8.82,0,3,1
205272,South,Paid Search,Mobile,44,30,11,52,0,1,6,80.52,523.35,0,4,1
205273,North,Referral,Store,29,34,7,23,1,1,0,62.25,7.19,0,3,1
205274,North,Organic,Web,48,39,8,16,0,0,2,67.02,157.94,0,3,1
205275,South,Organic,Web,48,6,9,39,1,1,1,55.18,143.84,1,3,0
205276,East,Referral,Web,53,11,6,15,0,0,5,67.78,297.78,0,4,0
205277,Budapest,Paid Search,Web,39,15,5,19,0,0,2,79.28,106.72,0,5,0
205278,Budapest,Social,Store,48,24,6,24,1,0,1,72.34,97.92,0,4,0
205279,Budapest,Organic,Web,34,27,9,35,0,0,2,35.41,119.53,0,4,1
205280,North,Paid Search,Store,37,20,2,12,0,1,1,86.67,77.74,0,5,0
205281,West,Partner,Store,44,49,4,14,0,0,1,99.42,82.4,0,3,1
205282,South,Referral,Web,38,20,6,31,0,1,1,76.39,54.53,0,4,0
205283,South,Referral,Web,51,16,8,24,0,0,1,99.04,61.03,0,4,1
205284,South,Organic,Web,20,24,6,5,0,0,1,56.44,78.17,0,4,0
205285,East,Organic,Mobile,41,11,8,35,1,0,4,62.48,296.92,2,4,0
205286,Budapest,Paid Search,Mobile,52,41,13,56,1,1,6,66.86,359.14,0,4,0
205287,Budapest,Social,Store,37,31,8,40,0,0,2,84.52,189.27,0,5,0
205288,East,Paid Search,Mobile,42,8,14,52,1,1,0,95.89,0.0,0,4,1
205289,Budapest,Partner,Store,20,16,8,32,0,1,0,57.07,30.99,0,4,0
205290,Budapest,Social,Web,48,38,9,38,0,1,3,70.12,268.86,1,3,0
205291,East,Organic,Store,46,26,3,11,1,1,4,94.73,393.88,1,3,0
205292,West,Referral,Store,29,72,7,28,0,1,4,101.82,384.57,0,4,1
205293,East,Referral,Store,36,30,4,12,0,0,0,111.34,4.84,0,4,0
205294,West,Referral,Mobile,41,12,11,43,1,0,1,53.18,53.02,0,5,0
205295,South,Organic,Web,24,25,8,29,1,0,0,118.45,0.0,0,2,0
205296,Budapest,Organic,Web,29,16,5,18,0,0,3,34.79,97.24,0,4,0
205297,Budapest,Organic,Web,32,14,9,32,0,0,1,59.8,9.27,0,2,0
205298,West,Organic,Store,50,27,4,19,0,1,2,121.52,247.11,1,4,0
205299,West,Organic,Web,25,20,6,18,0,0,3,68.38,263.69,1,2,0
205300,West,Referral,Mobile,49,20,13,44,0,1,4,63.12,287.2,0,5,0
205301,South,Paid Search,Store,45,9,11,42,0,1,2,105.1,151.67,0,3,0
205302,South,Organic,Mobile,47,11,13,34,0,0,1,62.14,17.04,0,3,0
205303,South,Paid Search,Web,44,32,6,38,0,1,2,86.29,160.76,0,4,1
205304,West,Referral,Mobile,48,21,7,35,0,0,2,56.51,148.16,0,5,0
205305,Budapest,Partner,Mobile,42,19,10,21,0,1,0,79.53,0.0,0,4,0
205306,South,Paid Search,Store,51,34,8,37,1,0,2,81.7,163.91,0,4,1
205307,East,Organic,Mobile,27,9,8,39,1,0,0,82.47,30.41,0,5,1
205308,West,Referral,Web,64,8,4,11,0,0,1,62.1,75.88,0,5,1
205309,South,Partner,Mobile,22,14,17,78,1,0,3,68.58,241.73,0,5,1
205310,Budapest,Paid Search,Store,32,30,5,22,0,1,3,52.86,203.89,0,3,0
205311,North,Organic,Mobile,61,24,9,25,0,1,5,71.87,379.93,1,4,1
205312,East,Social,Web,63,4,7,27,1,1,2,66.29,91.6,1,5,1
205313,East,Partner,Web,45,22,7,35,0,1,2,80.47,88.34,0,4,0
205314,Budapest,Referral,Web,43,56,9,42,1,0,2,113.51,300.91,0,5,1
205315,East,Paid Search,Web,40,29,6,14,0,0,4,123.0,470.92,0,5,0
205316,Budapest,Social,Store,45,56,6,10,1,0,3,113.28,362.12,0,3,1
205317,West,Organic,Mobile,35,33,10,38,0,0,1,77.27,135.4,0,5,1
205318,East,Organic,Mobile,29,28,10,40,0,1,0,60.5,0.0,0,4,1
205319,East,Referral,Web,25,7,8,24,0,1,1,43.49,38.49,0,4,0
205320,South,Partner,Web,40,5,7,32,0,0,3,61.57,164.56,0,4,1
205321,East,Paid Search,Mobile,49,23,14,52,0,0,2,72.87,82.34,1,4,0
205322,South,Social,Store,59,44,5,21,0,0,4,97.4,398.07,0,5,0
205323,East,Social,Mobile,63,26,15,52,1,0,0,82.38,0.0,0,5,1
205324,West,Paid Search,Web,57,24,7,37,0,0,1,97.07,181.65,0,4,0
205325,Budapest,Social,Web,51,22,6,32,1,1,1,70.21,67.34,0,4,0
205326,Budapest,Organic,Web,18,12,4,21,0,1,0,59.57,20.64,0,3,0
205327,South,Paid Search,Mobile,43,53,14,53,0,0,4,96.62,415.99,1,4,1
205328,West,Referral,Mobile,51,24,15,65,1,1,0,83.83,33.65,0,3,0
205329,Budapest,Paid Search,Web,38,25,5,19,0,0,0,95.92,19.14,0,3,0
205330,West,Organic,Web,49,17,5,34,0,0,2,131.35,287.32,0,3,0
205331,Budapest,Social,Web,42,15,8,33,1,0,1,34.18,48.29,0,5,0
205332,South,Social,Mobile,32,26,9,25,1,1,1,37.25,34.76,1,3,0
205333,Budapest,Paid Search,Store,45,25,8,35,0,1,1,64.97,82.12,0,3,1
205334,East,Organic,Web,44,34,9,17,1,0,4,112.32,505.24,0,4,0
205335,West,Organic,Web,26,15,10,35,0,0,1,49.03823744245837,546.68,0,3,1
205336,Budapest,Paid Search,Mobile,35,34,13,59,0,1,2,72.13,141.96,0,5,0
205337,Budapest,Paid Search,Web,42,38,5,17,1,0,3,73.08,227.31,0,4,0
205338,South,Referral,Mobile,60,18,13,51,0,0,0,78.47,0.0,0,4,1
205339,East,Partner,Store,30,12,2,14,0,0,1,82.87,93.71,0,3,0
205340,West,Referral,Web,44,45,7,26,1,0,4,88.55,296.01,0,5,1
205341,Budapest,Organic,Web,45,22,9,47,0,0,1,80.85,159.76,0,4,0
205342,South,Paid Search,Web,42,12,6,24,0,0,0,61.88,0.0,0,4,0
205343,South,Organic,Mobile,44,36,13,37,1,0,7,96.92,669.9,0,5,0
205344,Budapest,Referral,Store,33,18,6,28,0,0,2,57.61,156.53,1,3,0
205345,South,Organic,Web,32,15,12,40,1,0,1,74.05,106.29,0,5,0
205346,Budapest,Paid Search,Store,54,33,2,3,0,1,1,87.4,111.67,0,4,0
205347,West,Paid Search,Mobile,48,33,13,65,0,1,3,61.98,197.28,0,4,1
205348,Budapest,Social,Mobile,55,21,9,33,0,0,3,93.61,268.58,0,4,0
205349,Budapest,Partner,Web,31,24,10,31,0,1,3,50.05,190.12,1,4,0
205350,East,Paid Search,Mobile,53,59,5,22,1,0,0,112.23,0.0,0,5,1
205351,Budapest,Organic,Web,47,38,5,16,0,0,3,88.06,252.8,0,5,1
205352,Budapest,Paid Search,Mobile,41,19,10,47,0,0,2,87.45,172.62,0,5,1
205353,Budapest,Organic,Mobile,28,14,14,62,1,1,2,83.64,162.63,0,4,1
205354,West,Referral,Store,41,34,5,23,0,1,2,89.3,185.21,0,4,0
205355,Budapest,Social,Web,53,6,9,47,0,1,0,78.22,45.21,0,3,0
205356,East,Organic,Store,52,6,4,17,0,0,1,75.82,68.33,0,3,0
205357,West,Organic,Web,62,22,6,28,0,0,0,87.89,21.97,0,3,1
205358,Budapest,Partner,Store,53,23,9,28,0,0,2,67.71,79.23,0,4,0
205359,South,Referral,Web,54,8,14,53,1,0,1,78.81,65.82,0,4,0
205360,Budapest,Organic,Mobile,53,22,9,30,1,0,2,65.97,184.02,0,4,0
205361,Budapest,Social,Store,44,9,3,17,1,0,1,82.49,138.91,0,4,0
205362,Budapest,Referral,Web,40,10,8,27,0,0,1,98.19,127.15,0,3,1
205363,West,Paid Search,Web,43,20,6,25,0,0,2,47.9,94.43,0,3,0
205364,West,Organic,Mobile,60,40,10,36,1,0,4,113.21,448.72,0,4,0
205365,Budapest,Organic,Mobile,50,29,11,48,0,0,3,72.88,231.97,0,3,0
205366,East,Organic,Web,53,36,6,22,1,0,1,79.57,106.51,0,4,1
205367,East,Paid Search,Store,40,11,8,41,1,1,2,62.98,135.76,0,4,0
205368,East,Paid Search,Mobile,47,8,9,32,1,1,0,80.29,10.84,0,3,1
205369,Budapest,Referral,Store,34,9,5,13,0,0,1,73.95,0.0,0,4,0
205370,West,Social,Web,30,12,6,18,1,0,0,76.18,48.28,0,4,1
205371,North,Organic,Web,41,23,8,22,0,1,0,42.45,0.0,0,4,1
205372,Budapest,Social,Web,42,24,10,45,1,0,1,105.05,71.99,0,4,1
205373,East,Referral,Web,32,17,7,34,0,1,2,59.14,115.31,0,4,1
205374,South,Paid Search,Web,51,20,6,27,1,0,4,64.6,259.51,0,3,0
205375,North,Organic,Mobile,41,15,14,55,1,0,3,65.96,138.92,0,5,1
205376,North,Organic,Web,36,29,3,18,0,0,2,74.03,146.93,1,4,0
205377,Budapest,Referral,Web,45,14,10,31,0,1,0,65.05,0.0,0,2,1
205378,West,Referral,Web,32,12,7,25,1,0,3,64.57,152.69,1,4,0
205379,West,Social,Web,47,38,4,11,1,0,0,124.13,5.17,0,3,0
205380,East,Organic,Web,25,19,8,33,0,0,2,69.01,189.64,0,4,1
205381,East,Paid Search,Mobile,43,28,8,34,1,0,1,78.17,81.78,0,4,1
205382,East,Paid Search,Web,34,20,6,18,0,0,0,97.59,0.0,0,2,0
205383,East,Social,Store,43,11,6,21,0,1,1,66.66,26.53,0,4,0
205384,South,Paid Search,Store,29,32,5,15,1,0,0,66.33,0.0,0,3,0
205385,West,Paid Search,Web,40,20,4,22,1,0,1,115.93,81.44,0,3,0
205386,East,Partner,Web,30,7,4,20,0,0,0,49.12,22.46,0,3,0
205387,Budapest,Referral,Web,34,17,10,39,0,0,2,69.61,100.68,0,3,1
205388,South,Paid Search,Web,31,45,6,27,0,1,1,67.22,56.3,1,4,0
205389,South,Partner,Web,52,5,5,16,0,1,2,37.86,117.95,0,3,0
205390,West,Paid Search,Mobile,39,19,10,33,0,1,2,75.89,150.74,0,4,1
205391,West,Paid Search,Web,39,23,4,16,0,1,1,62.33,0.0,0,4,1
205392,East,Paid Search,Web,55,19,4,16,0,0,2,84.83,174.81,1,4,0
205393,East,Referral,Web,43,51,9,28,1,0,4,77.15,315.07,0,5,0
205394,South,Social,Web,23,17,5,26,1,0,0,53.47,35.92,0,4,0
205395,Budapest,Organic,Store,37,20,7,31,0,1,0,41.25,0.0,0,4,0
205396,West,Organic,Mobile,42,30,10,21,1,0,1,59.94,25.24,0,4,0
205397,South,Organic,Store,57,18,5,7,0,0,1,45.64,69.14,0,4,0
205398,Budapest,Organic,Store,32,13,8,41,0,0,3,52.6,172.78,0,4,1
205399,North,Referral,Web,57,17,6,28,0,1,1,99.49,94.88,1,4,0
205400,North,Referral,Mobile,48,23,6,39,1,0,0,65.63,46.82,0,4,0
205401,South,Referral,Mobile,47,13,10,45,1,1,1,69.57,27.04,0,3,0
205402,South,Organic,Mobile,32,9,13,53,0,0,0,24.76,0.0,0,3,1
205403,West,Paid Search,Mobile,51,8,9,37,0,0,0,87.85,39.52,0,4,0
205404,South,Social,Web,43,16,5,19,0,1,2,47.31,107.97,0,4,1
205405,South,Organic,Web,39,11,7,39,0,0,4,88.38,426.28,0,4,1
205406,East,Paid Search,Web,23,19,9,35,1,0,1,60.49,65.02,0,3,1
205407,North,Organic,Web,66,26,5,28,0,1,0,98.07,38.89,0,4,0
205408,West,Social,Web,62,4,7,34,1,1,1,63.99,36.72,1,4,0
205409,East,Partner,Mobile,45,22,9,37,1,0,4,60.44,251.16,0,5,1
205410,North,Organic,Mobile,47,17,6,24,0,0,0,90.14,22.91,0,4,0
205411,West,Paid Search,Mobile,70,31,10,43,1,0,3,97.14,259.86,0,5,0
205412,East,Partner,Web,36,23,6,21,0,1,1,87.49,104.63,0,3,0
205413,South,Paid Search,Store,46,15,6,20,0,0,0,73.05,30.84,0,4,0
205414,East,Organic,Mobile,36,46,7,30,1,1,1,72.79,63.44,0,3,0
205415,East,Social,Mobile,26,23,11,59,1,0,2,91.35,136.56,1,4,1
205416,South,Paid Search,Store,29,10,5,24,0,1,0,50.87,13.02,0,4,0
205417,West,Referral,Store,32,7,4,11,0,0,1,69.44,33.22,0,3,0
205418,West,Partner,Web,45,50,5,29,0,0,2,99.36,205.16,0,4,0
205419,Budapest,Paid Search,Web,26,20,13,48,1,1,4,67.84,300.35,1,4,1
205420,North,Paid Search,Mobile,27,14,11,52,1,0,2,62.71,147.8,0,4,1
205421,Budapest,Organic,Web,39,27,9,50,0,0,3,89.35,290.53,1,4,1
205422,Budapest,Partner,Store,38,16,3,10,0,1,2,85.26,216.46,0,4,0
205423,South,Social,Web,57,16,6,25,1,1,2,69.38,155.83,0,4,1
205424,Budapest,Referral,Web,50,28,5,17,0,1,1,75.36,75.81,0,4,0
205425,West,Partner,Web,59,7,8,42,1,0,2,78.04,150.68,0,4,0
205426,East,Referral,Web,50,8,12,64,1,0,0,67.03,0.0,0,3,1
205427,Budapest,Referral,Web,45,8,3,17,0,0,1,63.54,77.87,0,3,0
205428,East,Paid Search,Mobile,37,37,11,36,0,0,3,38.71,109.67,0,4,1
205429,South,Paid Search,Store,39,19,11,42,1,1,3,87.93,255.95,0,3,1
205430,East,Paid Search,Mobile,37,11,14,53,1,0,0,69.18,0.0,0,3,1
205431,East,Paid Search,Mobile,68,9,11,39,0,1,1,67.71,114.25,1,3,0
205432,Budapest,Paid Search,Web,47,22,6,27,1,0,0,95.41,52.43,0,5,0
205433,North,Organic,Mobile,57,20,14,51,1,0,2,93.5,136.66,0,5,1
205434,South,Paid Search,Mobile,44,15,12,31,1,0,4,86.75,334.34,0,4,1
205435,West,Paid Search,Web,49,34,6,32,0,0,3,84.99,298.35,0,4,0
205436,West,Paid Search,Store,36,12,3,14,0,1,0,75.52,36.36,0,4,0
205437,North,Referral,Web,32,6,3,10,0,0,0,61.05,32.7,0,3,0
205438,Budapest,Referral,Web,42,45,10,35,0,1,4,102.91,398.27,0,4,0
205439,South,Referral,Web,32,26,1,0,0,0,1,60.35,73.28,1,4,1
205440,East,Organic,Mobile,38,12,7,44,0,0,2,54.73,98.94,0,4,1
205441,South,Organic,Web,34,9,6,15,0,0,0,84.25,0.0,0,4,0
205442,North,Social,Store,26,4,5,23,1,1,2,36.6,95.25,0,4,1
205443,North,Referral,Store,45,9,8,31,1,1,5,67.28,334.56,1,4,0
205444,North,Paid Search,Web,52,31,5,9,0,0,0,75.29,7.97,0,4,1
205445,Budapest,Referral,Web,36,14,7,37,0,0,1,75.44,75.88,0,2,0
205446,North,Organic,Mobile,34,16,8,20,0,1,0,75.35,0.0,0,3,0
205447,East,Social,Mobile,42,25,12,48,0,0,2,107.32,193.64,1,4,1
205448,South,Paid Search,Store,48,15,7,33,0,1,2,86.26,206.66,0,4,0
205449,South,Referral,Web,49,2,7,16,0,0,1,71.97,129.22,0,4,1
205450,East,Partner,Web,33,7,4,17,0,1,1,48.2,47.44,0,3,0
205451,East,Paid Search,Web,37,68,3,6,0,0,3,70.16,199.48,0,5,0
205452,Budapest,Paid Search,Web,39,23,11,53,0,0,2,74.19,172.66,0,4,1
205453,Budapest,Organic,Web,18,39,9,25,0,0,3,44.86,121.99,0,4,1
205454,North,Organic,Mobile,38,13,12,34,0,0,4,92.11,392.07,0,4,0
205455,South,Partner,Store,49,25,2,13,0,1,0,88.97,19.08,0,3,0
205456,West,Social,Mobile,29,27,8,44,0,0,1,58.44,80.21,0,5,0
205457,Budapest,Organic,Web,48,8,7,33,0,0,2,73.99,175.9,0,3,0
205458,West,Social,Web,33,16,11,24,1,1,2,46.83,130.29,1,3,0
205459,Budapest,Organic,Web,60,16,5,24,0,0,0,88.89,7.36,0,3,0
205460,East,Organic,Web,18,19,13,55,0,0,1,89.76,135.88,0,3,1
205461,South,Partner,Web,35,22,4,12,1,0,1,106.06,105.74,0,4,1
205462,North,Organic,Mobile,40,18,7,14,0,0,0,59.31,79.32,0,4,0
205463,Budapest,Paid Search,Store,51,25,5,23,1,0,1,93.27,71.28,0,4,0
205464,East,Social,Store,18,7,3,17,0,1,0,55.28,11.81,0,4,0
205465,Budapest,Organic,Web,35,49,5,19,1,1,0,88.4,0.0,0,4,0
205466,Budapest,Paid Search,Web,30,12,4,15,1,1,1,56.86,61.53,0,5,0
205467,Budapest,Organic,Web,38,8,8,52,0,0,1,52.54,84.02,0,3,0
205468,East,Partner,Mobile,45,54,9,23,0,0,2,114.21,253.66,0,5,1
205469,Budapest,Paid Search,Mobile,50,5,11,58,1,1,2,46.22,69.73,1,3,0
205470,West,Paid Search,Mobile,34,23,8,30,0,0,1,67.45,36.97,0,3,1
205471,East,Social,Web,54,3,9,42,1,1,0,58.08,9.91,0,3,0
205472,South,Referral,Mobile,38,15,8,41,0,0,0,71.21,59.74,0,4,1
205473,South,Organic,Mobile,49,22,19,45,1,0,4,94.02,446.07,0,4,1
205474,North,Organic,Store,37,6,4,16,1,1,2,82.44,186.87,0,4,0
205475,West,Referral,Web,58,20,10,44,1,0,2,55.88,144.31,0,3,0
205476,West,Referral,Mobile,18,6,11,42,1,1,1,41.42,29.78,0,4,0
205477,West,Referral,Mobile,21,19,12,60,0,0,4,69.23,202.1,0,4,1
205478,East,Referral,Mobile,42,3,10,34,0,1,2,83.23,226.43,0,3,0
205479,Budapest,Partner,Store,41,4,4,15,0,0,2,86.52,175.06,0,4,0
205480,Budapest,Organic,Mobile,32,9,9,29,0,0,1,69.45,105.47,0,4,0
205481,Budapest,Referral,Mobile,45,17,14,62,1,0,1,99.93,88.93,0,4,1
205482,West,Paid Search,Web,42,25,10,41,1,0,1,116.68,119.88,0,5,0
205483,West,Organic,Web,47,1,8,16,0,1,2,86.7,186.79,1,3,0
205484,West,Referral,Web,39,4,10,37,0,1,0,56.6,0.0,0,4,1
205485,Budapest,Referral,Web,46,10,4,23,0,1,1,54.0,13.58,0,4,0
205486,Budapest,Referral,Web,37,10,7,27,1,0,0,79.43,22.37,0,4,0
205487,West,Paid Search,Store,28,30,3,15,0,0,3,77.12,221.86,0,5,0
205488,West,Paid Search,Web,44,28,9,31,1,1,2,46.33,127.19,0,4,0
205489,East,Organic,Mobile,33,22,11,65,1,0,0,80.59,0.0,0,3,1
205490,East,Partner,Mobile,44,6,9,41,0,0,2,77.4,192.79,0,3,0
205491,West,Paid Search,Web,24,23,6,27,0,0,0,47.09,0.0,0,3,1
205492,East,Organic,Web,28,17,6,24,0,0,4,81.1,341.68,1,4,0
205493,Budapest,Social,Web,48,32,8,35,1,0,3,110.62,385.51,0,4,1
205494,Budapest,Organic,Web,52,38,6,24,0,0,5,126.57,593.12,0,4,1
205495,Budapest,Referral,Mobile,47,37,8,41,1,0,4,105.7,432.95,0,5,0
205496,West,Paid Search,Web,36,5,9,41,1,0,2,59.47,86.86,0,4,1
205497,North,Organic,Mobile,21,19,9,27,0,1,2,56.65,126.85,0,3,0
205498,South,Paid Search,Store,56,11,8,23,0,0,2,92.49,186.88,0,3,0
205499,East,Partner,Mobile,41,33,10,40,1,0,2,102.3,221.43,0,4,0
205500,South,Paid Search,Mobile,29,3,8,42,1,1,0,43.42,0.0,0,3,0
205501,East,Paid Search,Store,46,6,5,19,0,0,0,67.98,10.4,0,4,1
205502,North,Paid Search,Web,46,2,6,18,0,0,3,76.02,245.34,0,3,1
205503,South,Paid Search,Web,23,21,7,19,1,0,1,70.69,77.68,0,4,1
205504,East,Organic,Web,35,11,5,21,0,0,2,49.98,129.07,0,3,0
205505,Budapest,Referral,Mobile,41,28,9,38,1,0,4,47.22,223.32,0,5,0
205506,East,Social,Web,31,5,12,40,1,1,1,66.92,30.35,0,3,0
205507,West,Paid Search,Web,54,34,8,39,0,0,2,89.28,185.38,0,5,0
205508,East,Paid Search,Web,32,35,4,16,1,0,0,89.67,0.0,0,4,1
205509,North,Organic,Mobile,34,24,4,5,0,1,1,68.38,35.68,0,5,0
205510,West,Referral,Web,33,34,6,22,0,1,3,64.12,181.63,0,3,1
205511,West,Referral,Web,46,18,11,60,1,1,0,88.46,0.0,0,4,0
205512,South,Organic,Mobile,30,17,13,33,1,0,1,94.68,57.9,0,4,0
205513,South,Organic,Web,56,48,10,35,0,0,1,85.86,107.36,0,4,0
205514,South,Referral,Mobile,56,29,11,45,1,0,1,126.29,131.18,0,4,0
205515,Budapest,Referral,Web,37,8,6,32,1,0,4,80.52,272.93,1,4,0
205516,West,Organic,Mobile,42,15,7,44,1,1,2,25.57,57.14,0,4,0
205517,Budapest,Partner,Web,60,3,7,33,0,1,2,87.53,147.5,0,3,0
205518,West,Social,Web,24,30,8,16,0,0,6,69.18,462.82,0,4,0
205519,Budapest,Social,Mobile,59,14,8,31,0,1,0,123.21,0.0,0,4,0
205520,West,Social,Web,46,29,10,31,0,1,1,51.97,89.35,1,5,1
205521,East,Partner,Web,39,57,6,18,1,0,3,92.19,298.13,0,4,1
205522,West,Referral,Mobile,21,22,7,23,0,0,1,72.88,81.46,0,5,0
205523,East,Referral,Web,52,30,8,31,0,0,0,73.04,0.0,0,4,0
205524,West,Partner,Web,33,22,10,39,0,0,0,77.04,0.0,0,4,0
205525,West,Social,Store,46,28,5,28,1,0,1,73.62,16.97,0,4,1
205526,Budapest,Organic,Web,60,29,7,27,0,1,1,104.4,149.62,0,4,0
205527,West,Referral,Web,50,18,4,15,0,1,3,102.52,330.81,0,5,0
205528,East,Social,Web,50,28,11,35,1,0,1,106.27,101.38,0,4,0
205529,North,Social,Web,41,17,4,15,0,0,2,51.22,130.24,1,5,0
205530,Budapest,Referral,Mobile,41,19,20,111,0,0,0,62.79,1.83,0,3,1
205531,East,Partner,Mobile,53,3,14,68,1,0,5,62.53,338.34,1,4,0
205532,East,Organic,Web,45,18,9,26,0,1,5,76.07,278.71,0,4,0
205533,Budapest,Paid Search,Store,51,23,10,31,1,0,2,101.13,168.15,0,4,1
205534,North,Organic,Mobile,58,5,15,51,0,0,2,86.62,161.77,0,5,1
205535,West,Organic,Web,46,21,14,67,1,1,4,62.85,283.7,0,2,0
205536,Budapest,Referral,Mobile,45,2,8,38,0,0,0,78.51,0.0,0,4,0
205537,Budapest,Paid Search,Mobile,48,19,5,12,0,0,1,83.19,54.85,0,4,0
205538,West,Partner,Store,58,5,6,23,0,0,2,93.61,192.69,1,4,0
205539,East,Organic,Mobile,41,4,10,40,1,0,0,59.5,29.18,0,3,0
205540,South,Organic,Mobile,29,17,5,26,0,0,0,88.76,12.83,0,4,0
205541,East,Social,Mobile,58,6,10,44,0,1,2,95.7,156.49,1,3,0
205542,West,Referral,Web,64,61,7,29,1,0,2,143.82,292.78,1,5,0
205543,East,Organic,Web,44,11,4,18,0,0,0,83.94,26.92,0,4,0
205544,East,Organic,Web,34,26,10,51,0,1,3,66.24,194.72,1,4,1
205545,South,Organic,Mobile,40,7,10,39,1,0,2,40.31,109.55,0,3,0
205546,East,Organic,Mobile,47,62,14,61,1,0,1,110.34,104.79,0,4,0
205547,West,Referral,Web,44,34,5,12,0,0,2,91.5,219.0,1,4,1
205548,North,Referral,Mobile,32,17,9,32,1,1,1,33.54,32.7,0,3,1
205549,North,Organic,Mobile,49,8,13,88,1,0,3,71.57,251.26,0,3,0
205550,Budapest,Paid Search,Web,37,35,15,46,0,0,4,82.97,323.47,0,5,1
205551,East,Organic,Web,27,27,10,47,1,1,2,70.16,151.1,0,4,0
205552,East,Paid Search,Web,39,26,9,54,1,1,3,68.06,241.92,0,5,1
205553,North,Paid Search,Store,20,11,5,9,0,0,1,69.98,98.69,0,3,0
205554,Budapest,Organic,Web,53,47,7,34,1,0,3,74.97,216.81,0,4,0
205555,West,Organic,Store,41,20,7,27,1,0,0,113.54957540031138,84.15,0,4,0
205556,West,Social,Store,49,14,11,42,0,0,2,93.62,232.12,0,5,1
205557,Budapest,Organic,Web,49,6,4,35,0,0,1,40.26,0.0,0,4,0
205558,West,Partner,Mobile,57,22,11,43,0,0,2,103.59,237.4,0,5,1
205559,West,Partner,Store,37,38,7,39,1,0,3,70.69,221.15,1,4,1
205560,East,Paid Search,Web,43,14,10,28,0,0,1,88.06,110.02,0,4,0
205561,Budapest,Referral,Mobile,43,16,11,35,1,1,1,51.23,55.83,0,5,0
205562,East,Referral,Mobile,34,19,4,10,0,0,4,93.27,321.1,0,3,0
205563,Budapest,Paid Search,Web,42,13,8,23,1,1,0,53.81,0.0,0,4,1
205564,Budapest,Organic,Mobile,41,45,9,36,0,0,6,63.28,383.02,1,4,1
205565,South,Referral,Web,22,6,7,29,0,0,1,64.1,43.88,0,4,0
205566,South,Paid Search,Web,50,15,5,27,0,1,1,91.34,97.8,0,4,1
205567,South,Partner,Web,46,13,3,15,0,0,3,89.75,264.52,0,4,0
205568,Budapest,Organic,Web,52,7,9,39,1,0,2,47.24,101.71,0,4,1
205569,East,Referral,Web,32,28,5,10,0,1,1,33.58,0.0,0,4,1
205570,Budapest,Organic,Web,48,21,9,30,1,0,1,111.42,58.45,0,4,0
205571,Budapest,Organic,Web,43,8,6,22,0,0,1,72.15,48.05,0,4,1
205572,Budapest,Organic,Web,49,9,9,28,1,0,4,80.3,341.57,0,5,0
205573,East,Paid Search,Web,32,1,5,26,0,0,0,58.74,0.0,0,4,0
205574,Budapest,Partner,Mobile,47,13,14,39,1,1,4,28.22,201.41,1,3,1
205575,North,Paid Search,Store,37,17,5,31,1,0,0,45.67,9.69,0,3,1
205576,Budapest,Organic,Mobile,18,9,4,12,0,0,1,66.98,41.34,0,3,0
205577,South,Social,Store,36,14,12,47,0,1,2,88.46,180.53,0,4,0
205578,East,Paid Search,Web,22,17,13,70,1,0,2,63.25,164.44,0,4,0
205579,East,Paid Search,Web,35,60,12,45,0,0,2,85.13,128.2,0,4,1
205580,East,Organic,Web,46,22,4,15,0,0,1,110.5,116.15,0,3,1
205581,South,Paid Search,Web,40,45,5,16,0,0,5,87.22,475.14,0,4,0
205582,North,Paid Search,Web,43,17,4,14,1,1,3,15.0,58.68,0,3,0
205583,West,Social,Store,47,6,10,36,1,0,1,71.74,74.35,0,4,0
205584,North,Organic,Web,23,18,4,12,0,1,1,55.42,63.01,0,3,0
205585,Budapest,Organic,Mobile,50,34,5,18,1,0,1,94.51,72.81,0,5,1
205586,South,Organic,Web,47,35,6,28,1,1,1,79.15,17.44,0,4,1
205587,Budapest,Organic,Store,37,8,5,35,0,1,2,63.84,175.66,0,3,0
205588,Budapest,Referral,Web,47,5,5,20,0,0,1,56.36,70.13,0,3,0
205589,South,Referral,Store,49,18,4,23,0,0,1,71.69,49.45,0,4,1
205590,Budapest,Organic,Mobile,40,32,7,40,0,0,2,86.74,180.36,0,4,0
205591,West,Paid Search,Web,47,19,10,45,1,1,2,56.84,143.39,0,3,0
205592,East,Paid Search,Store,43,11,4,11,1,1,1,87.56,79.5,0,4,0
205593,North,Referral,Web,52,13,5,21,0,0,2,57.91,159.02,0,3,0
205594,East,Partner,Store,39,7,8,30,0,0,0,94.66,60.4,0,3,1
205595,Budapest,Paid Search,Web,32,10,10,26,1,0,1,87.65,106.5,0,4,0
205596,West,Paid Search,Store,31,26,6,28,0,0,0,53.62,96.66,0,3,0
205597,East,Partner,Store,24,6,7,36,1,1,1,53.64,43.37,0,4,0
205598,West,Organic,Web,25,12,8,35,1,1,1,32.26,39.67,0,3,0
205599,Budapest,Organic,Web,70,33,13,67,1,0,3,83.58,233.51,0,4,1
205600,North,Referral,Web,49,14,12,50,1,0,3,90.63,339.35,0,4,0
205601,West,Organic,Web,38,23,6,32,1,0,1,70.55,77.96,0,2,0
205602,East,Referral,Mobile,38,2,13,39,1,0,6,51.6,335.56,0,4,0
205603,North,Paid Search,Store,50,7,4,23,1,1,0,74.77,0.0,0,3,0
205604,South,Social,Web,47,33,5,22,0,1,1,76.4,139.97,0,4,0
205605,Budapest,Paid Search,Store,43,15,6,28,1,1,4,84.51,323.95,1,3,0
205606,Budapest,Social,Store,53,31,9,44,0,0,2,101.6,182.1,0,4,0
205607,South,Paid Search,Store,29,19,9,37,0,0,1,85.51,48.63,0,4,0
205608,Budapest,Referral,Web,33,19,3,11,0,0,2,47.1,123.13,0,3,0
205609,East,Referral,Web,56,19,7,22,0,1,4,103.08,374.44,0,3,1
205610,Budapest,Social,Store,68,32,4,20,0,0,0,106.1,18.35,0,5,1
205611,West,Referral,Web,44,24,9,32,1,0,3,74.61,251.55,1,4,0
205612,North,Partner,Store,47,19,10,44,1,0,3,109.19,293.04,0,4,0
205613,South,Paid Search,Web,33,17,6,24,1,0,0,89.77,0.0,0,3,0
205614,East,Referral,Web,43,10,9,32,0,0,1,87.91,92.68,1,3,1
205615,West,Social,Mobile,60,8,6,21,0,0,4,85.12,339.56,1,3,1
205616,South,Social,Web,56,22,6,25,1,0,3,110.27,289.93,0,3,0
205617,South,Organic,Web,46,21,3,18,0,0,0,112.57,15.39,0,2,0
205618,West,Paid Search,Web,54,15,8,38,1,1,0,58.11,32.99,0,3,1
205619,Budapest,Social,Web,48,17,6,20,1,1,1,65.51,40.89,0,4,1
205620,East,Referral,Web,20,13,6,14,0,1,2,57.97,125.11,0,3,0
205621,East,Paid Search,Web,56,18,5,32,1,1,1,86.7,24.02,0,5,1
205622,East,Referral,Web,45,18,10,37,0,0,6,75.36,420.99,1,3,0
205623,South,Referral,Web,34,15,6,16,0,1,1,68.97,46.94,0,4,1
205624,West,Partner,Web,49,12,6,26,0,1,1,69.93,98.05,0,4,0
205625,South,Organic,Mobile,30,26,9,45,1,0,1,82.37,102.49,0,4,1
205626,Budapest,Organic,Mobile,44,16,7,31,0,1,0,74.39,0.0,0,3,0
205627,South,Social,Web,43,18,14,52,1,0,5,59.21,286.69,0,3,1
205628,North,Referral,Web,46,9,8,41,0,0,2,73.99,94.05,0,3,1
205629,North,Social,Web,36,24,11,42,0,0,5,39.51,193.82,0,3,0
205630,Budapest,Social,Web,29,5,7,21,0,0,1,63.89,89.81,0,4,0
205631,South,Partner,Mobile,32,28,7,37,0,0,0,61.27,15.3,0,3,1
205632,Budapest,Organic,Mobile,45,27,13,64,1,0,1,92.58,76.05,0,3,0
205633,Budapest,Social,Web,33,4,6,23,0,0,0,73.43,0.0,0,4,0
205634,Budapest,Referral,Web,44,23,7,29,0,1,1,46.99,72.69,0,4,1
205635,South,Partner,Mobile,60,40,12,50,1,1,3,91.25,311.59,2,3,0
205636,East,Referral,Web,24,54,15,53,1,0,1,65.86,46.82,0,5,1
205637,South,Paid Search,Store,41,10,7,25,0,1,1,23.85,43.68,0,4,0
205638,East,Referral,Web,43,17,3,12,0,0,0,74.49,0.0,0,4,0
205639,North,Social,Store,41,34,5,18,1,1,4,42.39,176.38,0,5,0
205640,Budapest,Social,Web,38,5,3,11,1,0,1,76.72,66.36,0,4,1
205641,Budapest,Referral,Mobile,48,20,13,38,1,1,0,57.9,23.15,0,4,1
205642,Budapest,Referral,Web,24,20,11,34,0,0,4,66.64,207.05,0,5,0
205643,Budapest,Paid Search,Mobile,40,21,5,21,1,1,2,93.08,184.5,0,3,0
205644,East,Organic,Web,47,17,11,21,0,1,2,62.72,132.78,0,3,1
205645,North,Partner,Store,43,50,7,30,0,1,4,88.29,351.41,0,4,0
205646,East,Partner,Mobile,41,14,10,48,0,1,1,43.91,0.0,0,3,0
205647,West,Referral,Web,50,6,9,40,0,1,0,54.5,34.67,0,3,0
205648,South,Social,Web,39,18,8,26,1,1,4,52.36,240.24,0,4,1
205649,East,Social,Web,40,23,7,28,1,0,1,98.6,76.44,0,5,0
205650,East,Referral,Mobile,56,14,10,55,0,0,3,105.29,347.11,0,4,0
205651,Budapest,Paid Search,Mobile,47,24,7,24,1,0,2,88.51,167.49,0,2,0
205652,East,Paid Search,Mobile,47,17,8,22,1,1,2,54.21,115.59,2,4,0
205653,Budapest,Partner,Web,32,32,6,23,1,1,3,85.48,238.36,1,4,1
205654,Budapest,Organic,Web,45,15,6,35,0,0,1,46.95,127.05,0,3,0
205655,North,Organic,Mobile,24,25,10,52,0,0,2,50.47,37.13,0,5,0
205656,South,Organic,Mobile,42,72,18,65,1,1,1,106.77,74.51,0,5,1
205657,Budapest,Organic,Web,24,21,9,40,0,0,4,71.23,265.15,0,3,0
205658,Budapest,Organic,Mobile,18,3,9,28,0,0,3,41.78,80.3,0,4,0
205659,East,Paid Search,Web,38,16,7,25,0,1,0,64.92,12.69,0,4,1
205660,North,Paid Search,Mobile,45,23,11,66,0,1,1,83.03,201.14,0,5,0
205661,Budapest,Partner,Mobile,43,19,9,31,0,0,1,55.42,105.36,0,3,1
205662,Budapest,Paid Search,Web,51,19,6,29,1,1,2,76.55,212.24,0,3,0
205663,Budapest,Referral,Web,47,18,10,44,1,0,4,38.69,120.21,1,4,0
205664,Budapest,Organic,Mobile,62,10,9,32,1,0,2,120.41,248.57,0,4,0
205665,Budapest,Social,Web,20,31,4,16,0,0,4,81.47,322.57,0,5,1
205666,Budapest,Organic,Mobile,39,9,12,50,1,0,2,72.16,139.52,0,4,0
205667,Budapest,Paid Search,Web,32,11,8,21,1,1,1,56.53,49.62,0,5,0
205668,East,Social,Store,41,17,5,17,0,0,1,128.69531451838455,405.41,0,3,0
205669,West,Paid Search,Mobile,34,30,13,59,1,1,4,58.56,183.83,0,3,0
205670,Budapest,Paid Search,Web,31,15,2,8,1,1,0,68.28,0.0,0,3,0
205671,East,Referral,Web,28,6,7,32,1,0,2,54.82,104.34,0,3,0
205672,North,Paid Search,Store,35,22,5,19,0,0,0,90.83,0.0,0,4,0
205673,South,Social,Store,24,13,4,13,1,0,2,69.61,133.57,0,4,0
205674,Budapest,Partner,Web,46,21,7,23,0,0,0,103.31,0.0,0,4,0
205675,Budapest,Paid Search,Web,43,21,10,31,0,1,1,68.89,76.25,0,4,1
205676,Budapest,Social,Web,45,25,8,24,0,0,1,108.68,124.76,0,3,0
205677,North,Organic,Web,26,8,4,18,1,0,0,66.39,34.22,0,4,0
205678,Budapest,Organic,Store,26,56,3,11,0,0,0,109.16,50.04,0,5,0
205679,West,Paid Search,Web,38,12,10,43,0,1,1,43.95,39.84,0,3,0
205680,North,Paid Search,Web,56,29,11,25,1,0,2,103.5,206.12,0,4,0
205681,East,Referral,Mobile,43,23,9,29,0,0,2,97.05,181.86,0,3,1
205682,Budapest,Social,Web,50,3,6,40,0,0,2,66.0,145.16,0,3,0
205683,East,Paid Search,Mobile,53,32,7,36,0,0,2,75.64,190.42,0,5,1
205684,Budapest,Organic,Web,40,12,5,15,0,0,0,70.29,15.72,0,4,0
205685,South,Social,Web,21,7,12,52,0,0,3,58.83,144.87,0,4,0
205686,Budapest,Organic,Mobile,38,2,9,42,0,1,1,74.2,132.38,0,5,1
205687,Budapest,Social,Web,23,24,6,32,0,1,2,61.59,140.03,0,4,1
205688,South,Paid Search,Mobile,33,10,9,33,0,0,0,38.68,15.44,0,3,1
205689,North,Social,Store,19,18,5,21,0,0,3,75.92,178.63,0,4,0
205690,West,Partner,Web,53,25,4,18,1,1,1,85.04,26.7,0,4,1
205691,Budapest,Organic,Web,60,25,8,24,0,0,2,97.61,234.0,0,3,0
205692,Budapest,Partner,Mobile,51,19,8,29,0,0,0,87.99,38.07,0,3,1
205693,North,Organic,Mobile,45,5,7,25,1,0,0,56.63,0.0,0,4,0
205694,South,Referral,Mobile,40,27,9,46,0,0,3,101.53,283.57,0,5,0
205695,Budapest,Paid Search,Mobile,35,15,7,21,0,1,3,93.47,269.62,0,3,0
205696,East,Organic,Store,40,58,6,31,0,0,2,111.72,217.74,0,5,0
205697,South,Organic,Web,53,16,8,45,0,0,1,71.79,95.16,0,3,0
205698,North,Social,Mobile,56,22,9,39,1,1,0,54.42,18.37,0,3,0
205699,West,Organic,Web,47,11,9,36,1,1,1,76.06,81.62,0,5,0
205700,North,Referral,Web,28,22,8,36,0,0,1,36.73,109.03,0,4,0
205701,South,Partner,Web,51,16,4,17,0,1,2,76.81,128.79,0,3,0
205702,North,Paid Search,Mobile,49,17,11,28,1,1,2,89.72,210.61,0,3,1
205703,Budapest,Social,Mobile,45,14,13,64,1,1,2,74.31,164.83,0,3,1
205704,West,Paid Search,Web,38,17,9,38,1,0,1,88.94,69.49,0,4,0
205705,South,Partner,Store,55,3,6,24,0,0,1,77.29,72.58,0,4,1
205706,South,Referral,Mobile,33,21,8,30,1,0,1,84.33,40.87,0,3,0
205707,South,Paid Search,Store,51,12,6,30,0,1,1,63.98,31.89,1,4,1
205708,Budapest,Organic,Mobile,38,39,11,52,1,0,3,79.79,304.05,0,4,0
205709,Budapest,Paid Search,Web,54,27,5,9,1,0,1,77.28,101.88,0,4,0
205710,West,Organic,Mobile,32,15,13,28,1,0,3,64.7,229.11,0,4,1
205711,North,Organic,Web,50,45,6,26,1,1,1,94.43,27.67,0,3,0
205712,East,Paid Search,Mobile,55,4,4,13,0,0,3,96.57,295.02,0,3,0
205713,South,Social,Web,35,7,10,50,0,0,2,34.91,53.69,1,3,0
205714,East,Paid Search,Web,18,39,7,25,1,0,3,102.17,278.81,0,4,0
205715,East,Partner,Store,33,8,3,8,1,1,1,21.05,33.18,0,2,0
205716,Budapest,Organic,Web,49,15,11,40,0,0,3,69.15,155.65,1,3,1
205717,Budapest,Organic,Mobile,37,18,9,46,0,0,2,56.38,109.53,0,3,1
205718,East,Organic,Web,29,18,10,53,1,0,2,73.14,164.7,0,5,0
205719,East,Social,Mobile,42,14,6,27,1,0,1,51.62,34.85,0,3,0
205720,West,Referral,Mobile,59,31,8,21,0,0,2,88.31,148.25,1,4,1
205721,Budapest,Partner,Web,42,13,3,14,1,1,0,65.75,20.17,0,2,0
205722,East,Social,Web,37,4,5,16,0,0,0,55.36,0.0,0,2,0
205723,Budapest,Organic,Web,32,5,6,31,1,0,2,100.8,182.3,0,4,0
205724,Budapest,Organic,Web,46,21,7,17,0,0,3,95.92,291.03,0,3,0
205725,East,Social,Web,48,7,7,22,0,1,0,74.05,5.4,0,2,0
205726,North,Organic,Mobile,39,18,10,34,0,1,0,44.71,8.46,0,5,1
205727,North,Referral,Store,54,28,7,29,0,0,1,78.38,90.26,0,4,0
205728,West,Paid Search,Web,59,13,8,23,0,0,3,93.45,310.26,0,2,0
205729,West,Paid Search,Mobile,37,5,5,16,1,0,3,76.37,285.22,0,3,0
205730,South,Referral,Store,51,11,5,27,1,1,1,94.75,136.19,0,4,0
205731,West,Partner,Mobile,37,18,6,15,1,0,0,57.34,0.0,0,5,1
205732,Budapest,Social,Web,29,38,13,74,0,0,2,76.17,89.64,0,5,1
205733,Budapest,Paid Search,Mobile,22,33,8,34,0,0,2,64.81,148.72,1,5,1
205734,East,Organic,Mobile,60,4,9,33,0,0,0,86.55,43.66,0,2,0
205735,West,Partner,Mobile,42,30,7,27,1,0,1,49.98,1.53,0,4,0
205736,North,Organic,Web,31,17,5,12,0,0,3,64.97,213.51,0,3,0
205737,East,Paid Search,Mobile,37,24,7,25,0,0,1,85.23,103.28,1,4,1
205738,South,Social,Mobile,50,31,13,57,1,0,3,69.89,199.04,0,4,0
205739,West,Organic,Web,42,18,5,25,1,0,3,95.19,311.62,0,4,0
205740,Budapest,Paid Search,Web,42,26,10,37,0,0,2,88.73,203.71,0,4,1
205741,Budapest,Referral,Mobile,32,9,8,41,1,0,3,72.32,251.62,0,4,1
205742,Budapest,Organic,Mobile,44,33,11,35,0,0,2,129.07,265.25,0,4,1
205743,West,Organic,Mobile,51,32,7,27,0,1,2,50.97,99.66,0,4,1
205744,Budapest,Organic,Store,42,7,4,16,0,1,1,78.38,37.04,0,3,1
205745,South,Social,Mobile,33,7,8,29,1,0,2,77.35,179.81,0,3,0
205746,East,Organic,Web,47,32,7,32,0,1,1,70.1,124.97,0,3,1
205747,Budapest,Organic,Mobile,33,18,9,34,1,1,0,84.39,0.0,0,4,0
205748,Budapest,Partner,Mobile,34,10,13,61,1,0,4,76.04,326.76,0,3,1
205749,South,Organic,Mobile,46,7,9,29,1,0,2,48.22,76.29,1,4,0
205750,Budapest,Organic,Web,48,34,7,26,0,0,4,105.11,378.47,0,5,0
205751,West,Referral,Store,43,8,6,28,0,0,0,87.63,0.0,0,4,0
205752,South,Paid Search,Mobile,33,14,11,51,1,0,1,39.57,93.5,0,5,0
205753,Budapest,Paid Search,Mobile,48,10,4,22,1,1,1,94.72,122.77,0,2,0
205754,West,Social,Store,33,24,2,7,0,0,2,84.11,173.47,0,5,1
205755,Budapest,Organic,Web,20,9,8,20,0,0,1,44.99,80.78,0,4,0
205756,East,Organic,Web,37,16,4,17,1,0,2,99.94,170.75,1,4,0
205757,South,Partner,Web,33,10,6,15,1,0,2,75.09,83.78,0,4,0
205758,Budapest,Referral,Mobile,41,43,11,49,1,1,2,80.59,199.26,0,4,0
205759,Budapest,Referral,Web,39,6,9,20,0,0,4,73.42,303.09,0,4,1
205760,South,Organic,Web,43,14,11,45,1,0,1,81.62,23.74,0,3,0
205761,Budapest,Organic,Web,43,48,8,39,1,1,2,98.08,205.23,1,5,0
205762,Budapest,Referral,Mobile,50,15,9,33,1,0,2,96.3,183.19,0,3,0
205763,Budapest,Referral,Web,46,37,12,43,0,0,2,89.62,174.17,0,3,1
205764,Budapest,Paid Search,Web,61,17,6,20,1,0,3,86.88,280.34,0,4,1
205765,East,Partner,Web,35,17,3,21,1,1,2,74.92,188.16,0,3,0
205766,North,Paid Search,Mobile,37,33,10,46,1,0,6,90.62,539.12,0,3,1
205767,North,Organic,Web,47,23,9,46,0,1,4,59.27,266.0,1,4,1
205768,South,Organic,Web,34,21,10,45,0,0,1,85.72,78.63,0,4,0
205769,East,Paid Search,Mobile,34,8,8,44,1,0,0,53.48,0.0,0,2,1
205770,Budapest,Paid Search,Web,31,17,5,19,0,1,2,49.89,45.04,1,3,0
205771,South,Social,Mobile,20,14,8,38,1,0,3,63.38,267.32,0,3,1
205772,Budapest,Social,Store,30,49,9,41,0,0,2,67.44,173.38,0,5,0
205773,East,Partner,Web,36,34,6,29,0,1,1,74.47,99.66,0,5,0
205774,South,Organic,Mobile,26,45,15,76,0,0,2,94.48,273.63,0,4,0
205775,West,Social,Mobile,31,30,11,48,1,0,2,80.29,195.49,0,3,1
205776,East,Paid Search,Mobile,47,19,14,57,1,1,1,104.77,67.68,0,2,0
205777,West,Paid Search,Mobile,44,27,15,76,0,0,0,134.79,65.52,0,5,1
205778,North,Social,Web,27,3,13,46,1,0,1,71.73,140.61,0,3,0
205779,East,Partner,Mobile,45,22,16,65,1,0,3,77.63,224.45,0,3,0
205780,South,Paid Search,Store,34,20,6,20,1,0,5,68.62,329.23,0,5,0
205781,South,Paid Search,Mobile,44,21,12,41,0,0,2,109.87,272.66,0,3,1
205782,West,Social,Store,41,22,6,32,1,0,2,88.06,202.21,0,4,0
205783,South,Social,Web,23,47,9,52,1,0,5,95.02,433.13,0,4,0
205784,Budapest,Organic,Mobile,31,27,15,76,0,1,0,52.47,70.68,0,4,1
205785,East,Paid Search,Web,44,22,8,16,0,1,3,77.44,239.22,0,4,0
205786,Budapest,Organic,Web,60,28,7,27,1,1,2,90.86,214.5,0,3,0
205787,West,Social,Web,40,25,4,14,0,1,1,88.03,142.81,0,4,0
205788,South,Organic,Web,55,35,7,27,0,0,3,68.08,203.91,0,5,1
205789,North,Organic,Web,45,13,8,33,1,1,2,58.62,60.78,1,3,0
205790,Budapest,Social,Web,33,29,6,18,0,1,4,88.08,409.97,0,3,0
205791,Budapest,Paid Search,Web,54,24,9,33,0,0,1,91.12,80.33,0,3,0
205792,Budapest,Paid Search,Store,30,7,6,34,0,1,1,27.56,104.49,0,3,0
205793,North,Paid Search,Mobile,26,18,12,49,0,1,5,43.33,206.57,1,3,1
205794,West,Referral,Mobile,31,6,16,83,1,0,1,74.92,19.63,0,3,1
205795,Budapest,Organic,Web,30,29,9,40,0,0,3,109.58,347.56,0,4,0
205796,Budapest,Paid Search,Web,27,10,4,21,0,1,3,62.52,170.17,0,4,0
205797,Budapest,Referral,Web,47,52,7,34,1,0,3,73.42,231.02,0,5,0
205798,Budapest,Paid Search,Store,36,15,2,10,1,0,2,82.23,235.41,0,3,0
205799,Budapest,Organic,Web,34,28,4,17,0,0,1,60.33,28.73,0,4,0
205800,Budapest,Referral,Mobile,33,11,13,60,0,0,1,95.4,81.78,0,4,0
205801,West,Social,Web,49,46,8,32,0,1,1,86.98,63.45,0,5,0
205802,South,Paid Search,Web,29,27,6,25,1,0,4,77.33,357.46,0,4,1
205803,South,Organic,Web,37,3,11,60,1,0,3,86.62,293.7,0,3,1
205804,Budapest,Referral,Mobile,51,21,9,39,0,0,6,57.0,304.48,0,4,0
205805,East,Partner,Mobile,45,11,11,45,1,1,3,23.38,24.33,0,4,0
205806,West,Social,Web,46,5,9,27,0,1,2,48.59,13.5,0,4,1
205807,West,Paid Search,Web,35,52,4,13,0,1,3,83.05,180.05,0,4,0
205808,South,Organic,Web,49,3,9,43,1,0,3,72.59,241.28,0,3,0
205809,East,Organic,Mobile,37,9,9,27,0,0,2,66.91,161.5,1,3,1
205810,Budapest,Organic,Web,41,26,6,20,0,0,2,69.09,129.8,0,2,0
205811,South,Paid Search,Web,22,36,9,40,0,0,5,85.18,441.97,0,4,1
205812,West,Organic,Mobile,44,13,7,12,0,0,3,78.75,219.37,0,3,1
205813,Budapest,Partner,Mobile,34,8,7,27,0,1,1,64.47,5.94,1,4,0
205814,East,Social,Mobile,29,16,12,45,1,0,2,76.94,151.83,0,5,1
205815,West,Paid Search,Web,29,18,6,5,1,1,0,54.49,51.59,0,4,1
205816,Budapest,Organic,Web,35,3,14,58,0,1,1,90.22,61.9,0,4,0
205817,Budapest,Organic,Web,47,11,11,34,1,0,0,77.12,16.15,0,3,0
205818,West,Paid Search,Web,47,8,9,55,1,0,3,80.62,242.24,1,3,0
205819,Budapest,Partner,Web,55,38,6,38,0,0,1,95.68,110.24,0,5,0
205820,West,Organic,Web,26,40,5,25,1,1,3,71.26,179.28,0,5,0
205821,South,Paid Search,Web,60,40,4,10,0,0,1,97.19,108.71,0,3,0
205822,West,Social,Web,40,38,8,32,1,1,3,84.82,227.49,0,5,0
205823,Budapest,Paid Search,Store,29,20,2,8,0,0,1,75.98,70.95,0,3,0
205824,West,Organic,Mobile,52,23,9,39,1,1,3,70.81,223.12,2,4,0
205825,South,Referral,Mobile,41,14,13,70,1,1,1,65.22,55.26,0,4,0
205826,North,Referral,Store,29,19,5,17,0,1,0,43.25,59.33,0,4,0
205827,East,Referral,Web,58,11,9,39,1,0,2,68.72,163.02,0,4,0
205828,Budapest,Partner,Web,69,23,10,40,1,0,2,75.49,126.13,0,3,0
205829,South,Organic,Web,24,40,7,43,0,1,4,75.33,299.27,1,4,1
205830,West,Partner,Mobile,50,40,5,31,1,1,0,56.07,44.77,0,4,0
205831,South,Partner,Mobile,43,22,8,33,0,0,1,116.59,102.32,0,4,0
205832,South,Organic,Web,36,49,7,13,0,0,3,99.84,317.21,0,4,0
205833,South,Organic,Web,58,32,3,13,0,1,2,53.55,167.76,0,4,0
205834,Budapest,Organic,Mobile,40,12,13,51,0,0,2,93.77,183.0,1,4,0
205835,West,Social,Mobile,46,26,8,43,1,1,0,112.66,0.0,0,4,0
205836,East,Paid Search,Web,39,53,1,1,0,0,2,84.7,126.55,0,5,1
205837,Budapest,Partner,Web,50,23,7,23,1,0,1,93.6,101.49,0,4,0
205838,West,Paid Search,Mobile,52,23,9,23,0,0,3,59.57,110.02,1,4,1
205839,East,Organic,Web,19,7,6,27,0,0,0,43.32,0.0,0,3,1
205840,Budapest,Partner,Store,46,23,2,11,0,1,3,81.52,236.06,0,3,1
205841,North,Referral,Store,38,5,7,32,1,0,0,107.54,49.03,0,3,1
205842,Budapest,Paid Search,Mobile,42,3,7,42,0,0,0,74.28,0.0,0,4,0
205843,South,Paid Search,Store,42,3,6,20,0,0,0,66.79,0.0,0,3,1
205844,Budapest,Organic,Web,41,15,10,29,0,0,5,89.89,478.11,1,4,0
205845,North,Referral,Mobile,42,13,12,27,1,0,2,87.92,147.59,0,4,0
205846,West,Paid Search,Mobile,26,15,11,41,1,0,4,79.12,348.52,0,3,1
205847,West,Paid Search,Store,45,7,8,35,0,1,3,79.53,241.41,0,3,1
205848,East,Organic,Web,18,24,5,27,1,0,3,30.3,123.7,0,4,0
205849,Budapest,Paid Search,Store,38,52,5,17,0,0,0,100.68,19.31,0,4,0
205850,Budapest,Organic,Store,25,39,6,14,0,1,2,71.77,236.18,0,3,0
205851,South,Social,Web,39,34,8,36,0,1,3,55.23,178.29,1,5,1
205852,West,Organic,Web,44,14,7,42,1,0,0,68.56,41.23,0,4,1
205853,East,Organic,Web,18,25,11,31,1,0,2,44.71,55.62,0,4,0
205854,Budapest,Paid Search,Store,28,28,1,1,0,1,0,86.47,0.0,0,3,1
205855,East,Partner,Web,28,39,11,51,0,0,7,64.63,435.23,0,4,1
205856,Budapest,Referral,Mobile,30,8,10,43,1,0,0,55.22,0.0,0,2,0
205857,East,Paid Search,Store,37,6,6,28,0,1,1,84.64,103.99,0,4,1
205858,East,Paid Search,Mobile,40,6,11,23,1,1,4,81.26,355.86,0,3,0
205859,South,Paid Search,Store,51,12,8,37,1,1,0,91.21,0.0,0,3,0
205860,Budapest,Social,Web,42,26,7,20,1,0,1,102.18,9.07,0,5,1
205861,East,Referral,Mobile,28,8,9,37,1,0,0,48.77,0.0,0,5,1
205862,North,Organic,Web,35,29,7,24,1,0,3,67.69,207.35,0,4,0
205863,Budapest,Paid Search,Store,51,11,6,35,0,0,0,48.65,2.45,0,4,1
205864,Budapest,Referral,Web,38,3,4,14,1,0,0,65.45,0.0,0,4,0
205865,Budapest,Referral,Web,48,17,6,23,1,0,2,80.81,209.46,0,5,1
205866,East,Social,Web,47,6,8,25,1,0,0,52.19,35.07,0,4,1
205867,East,Paid Search,Mobile,38,26,11,49,1,0,4,79.95,323.08,0,4,1
205868,Budapest,Organic,Store,59,12,2,5,0,1,1,36.13,26.38,0,3,0
205869,Budapest,Social,Mobile,18,49,10,44,1,1,8,99.78,879.77,1,4,0
205870,South,Organic,Mobile,47,20,13,49,1,1,0,52.78,4.6,0,4,0
205871,Budapest,Referral,Web,65,13,8,40,0,0,3,71.49,245.47,1,2,0
205872,North,Social,Web,46,6,7,29,1,0,3,61.81,155.69,0,3,0
205873,Budapest,Organic,Mobile,18,8,15,49,0,1,0,24.41,0.0,0,3,0
205874,Budapest,Organic,Web,37,26,7,18,0,0,2,55.93,97.74,0,4,1
205875,South,Social,Web,56,36,9,29,0,1,0,92.12,0.0,0,5,1
205876,West,Social,Web,57,17,7,27,0,0,1,80.68,75.84,0,4,0
205877,Budapest,Organic,Mobile,53,54,11,44,0,0,2,101.28,186.73,0,5,1
205878,Budapest,Paid Search,Web,39,5,11,33,1,1,2,78.52,151.68,0,3,0
205879,East,Paid Search,Web,40,22,1,0,1,1,1,60.84,33.4,1,4,0
205880,Budapest,Organic,Web,49,11,8,25,1,1,0,59.57,0.0,0,4,1
205881,Budapest,Social,Web,47,21,6,22,0,0,0,99.53,5.64,0,4,0
205882,North,Organic,Web,36,19,5,24,1,0,0,76.38,0.0,0,3,0
205883,Budapest,Organic,Mobile,55,26,13,58,1,0,3,94.14,284.76,1,4,1
205884,Budapest,Partner,Store,59,9,7,26,0,1,0,99.39,0.0,0,3,1
205885,Budapest,Organic,Mobile,37,46,9,25,1,0,1,60.35,54.17,0,5,0
205886,Budapest,Organic,Web,30,19,7,33,0,0,2,84.52,143.93,0,4,0
205887,North,Organic,Web,32,25,12,49,1,1,1,56.94,87.1,0,4,0
205888,Budapest,Organic,Mobile,40,16,8,34,1,0,3,105.55,295.2,0,4,1
205889,West,Paid Search,Store,29,6,4,19,0,0,0,46.79,28.89,0,3,0
205890,North,Organic,Web,36,6,6,14,0,0,1,74.42,52.95,0,4,0
205891,East,Social,Mobile,57,21,8,33,0,0,1,104.84,116.99,0,3,0
205892,East,Organic,Web,49,15,6,19,0,0,1,60.6,77.69,0,3,0
205893,Budapest,Organic,Web,40,9,8,22,0,0,3,86.3,207.94,0,3,1
205894,East,Organic,Store,29,20,5,20,0,0,3,62.78,267.15,0,5,0
205895,South,Social,Store,41,14,4,20,0,1,2,52.86,157.81,0,3,1
205896,East,Paid Search,Web,61,15,9,40,1,1,2,75.0,141.37,1,3,0
205897,East,Social,Web,50,13,12,46,0,0,1,112.17,90.49,0,4,0
205898,Budapest,Paid Search,Mobile,58,6,9,35,1,1,3,54.45,48.46,0,3,0
205899,Budapest,Referral,Web,21,12,3,13,1,1,1,70.38,22.92,0,3,0
205900,North,Partner,Store,47,38,6,26,0,1,4,68.88,272.73,0,3,0
205901,North,Paid Search,Mobile,46,28,7,32,0,0,4,80.16,384.76,0,3,0
205902,Budapest,Referral,Store,46,32,6,17,1,1,1,74.77,103.47,0,3,1
205903,East,Paid Search,Store,30,14,5,22,0,0,1,59.9,82.95,0,3,0
205904,East,Paid Search,Web,32,30,12,22,0,1,2,52.6,129.23,0,4,0
205905,North,Organic,Mobile,29,26,7,23,1,1,1,72.05,59.96,0,4,1
205906,South,Organic,Web,55,13,10,58,0,1,2,60.9,101.17,0,4,0
205907,West,Organic,Web,48,2,15,73,1,0,1,45.57,22.57,0,5,1
205908,Budapest,Paid Search,Mobile,57,18,11,31,1,0,1,91.74,64.17,0,3,0
205909,East,Partner,Web,50,10,3,14,0,1,3,62.37,211.15,0,4,0
205910,East,Social,Mobile,39,19,8,29,0,0,0,45.29,2.36,0,4,0
205911,Budapest,Organic,Web,39,44,8,29,0,0,2,82.8,196.68,0,4,0
205912,East,Referral,Web,48,15,2,4,0,1,1,86.15,91.04,0,4,0
205913,East,Partner,Web,40,11,8,28,0,1,3,27.53,75.12,0,3,0
205914,Budapest,Referral,Store,48,1,6,17,1,1,2,74.45,227.07,0,4,0
205915,North,Partner,Mobile,44,21,10,28,1,0,1,80.19,100.65,0,3,0
205916,South,Partner,Web,44,23,7,22,0,0,2,91.95,208.37,1,4,1
205917,North,Paid Search,Web,40,32,4,13,0,1,0,92.48,17.58,0,3,0
205918,Budapest,Referral,Store,47,24,10,48,0,0,1,128.4,145.23,0,4,1
205919,East,Social,Store,45,13,6,23,0,1,2,54.12,74.87,0,4,1
205920,Budapest,Paid Search,Mobile,36,51,17,84,1,1,4,69.45,252.74,0,4,1
205921,Budapest,Partner,Web,35,20,10,50,1,1,1,50.81,44.89,0,4,0
205922,South,Paid Search,Store,42,12,2,9,0,0,2,97.24,209.38,0,4,0
205923,North,Referral,Mobile,63,34,15,52,0,1,4,101.38,471.12,1,4,0
205924,West,Referral,Store,44,10,7,21,0,0,1,67.08,133.99,0,3,1
205925,North,Organic,Mobile,41,72,9,33,0,1,3,102.65,341.93,0,4,1
205926,South,Referral,Web,50,22,6,29,0,1,2,72.34,122.41,1,4,1
205927,West,Organic,Mobile,44,36,13,44,1,0,2,93.35,174.17,0,4,1
205928,Budapest,Referral,Mobile,37,41,10,44,1,1,3,57.13,208.63,0,4,1
205929,South,Paid Search,Web,45,15,10,42,1,0,1,69.03,42.73,0,3,0
205930,West,Paid Search,Store,40,24,2,2,1,0,0,77.25,0.0,0,4,0
205931,Budapest,Organic,Web,32,22,4,9,0,1,2,81.37,107.67,0,4,0
205932,South,Partner,Web,43,19,5,26,0,1,1,17.33,58.54,0,4,0
205933,East,Organic,Mobile,26,27,12,37,1,1,0,51.32,38.19,0,3,1
205934,East,Referral,Web,24,8,7,28,0,0,2,70.28,158.53,0,4,0
205935,Budapest,Organic,Web,20,17,8,28,1,0,1,51.02,41.32,0,4,1
205936,South,Referral,Mobile,48,14,4,14,0,1,0,52.25,24.78,0,3,0
205937,North,Organic,Mobile,38,16,8,48,1,0,5,71.81,291.13,0,5,1
205938,West,Organic,Web,33,14,11,58,0,0,4,91.66,342.71,0,4,1
205939,Budapest,Social,Web,40,28,9,34,0,0,3,71.22,171.83,0,4,1
205940,North,Referral,Mobile,45,19,10,51,1,0,2,35.38,14.56,0,5,0
205941,East,Paid Search,Web,50,59,3,12,0,0,3,77.11,223.0,0,4,0
205942,South,Referral,Web,44,17,5,21,1,0,3,61.1,243.03,0,4,0
205943,Budapest,Social,Mobile,33,7,12,42,1,1,2,34.57,75.43,0,4,0
205944,West,Referral,Web,66,16,6,19,0,1,2,63.22,151.26,0,5,0
205945,East,Paid Search,Mobile,33,43,7,28,1,1,4,100.3,395.8,1,4,0
205946,Budapest,Paid Search,Web,33,39,7,18,0,1,3,106.08,372.03,0,5,1
205947,East,Social,Web,38,25,8,27,1,1,1,155.15352023813614,281.19,0,4,1
205948,North,Organic,Web,53,13,6,17,0,0,3,47.07,74.5,0,3,0
205949,South,Paid Search,Mobile,49,4,9,40,0,1,0,36.91,25.37,0,3,1
205950,East,Paid Search,Mobile,54,34,9,42,0,0,2,77.52,200.79,0,4,1
205951,South,Paid Search,Mobile,54,14,6,32,0,0,2,56.12,90.5,0,3,0
205952,South,Referral,Web,36,16,8,29,0,0,3,68.31,203.03,0,4,0
205953,West,Referral,Web,27,25,1,2,0,1,2,68.69,121.11,0,4,0
205954,Budapest,Referral,Web,45,28,6,14,0,1,1,54.47,27.55,0,4,0
205955,Budapest,Social,Web,33,33,3,17,0,0,3,91.62,269.51,0,5,1
205956,East,Organic,Web,53,33,4,11,0,1,0,88.86,0.0,0,4,0
205957,Budapest,Organic,Mobile,45,30,8,15,0,1,3,86.66,311.22,0,4,0
205958,South,Paid Search,Web,36,17,13,38,1,1,1,49.07,57.67,0,4,1
205959,South,Social,Store,59,26,2,0,0,0,2,116.84,267.04,0,3,0
205960,South,Partner,Store,44,26,4,16,0,0,0,82.09,0.0,0,4,1
205961,South,Organic,Web,45,12,7,34,0,1,0,38.81,0.0,0,4,1
205962,South,Partner,Mobile,21,26,19,98,1,0,2,84.67,177.94,0,4,0
205963,West,Organic,Web,40,15,4,11,1,0,0,39.17,0.0,0,3,0
205964,East,Referral,Mobile,41,34,7,30,0,0,1,49.6,49.39,0,3,0
205965,Budapest,Organic,Web,38,19,10,51,0,0,1,135.04,135.61,0,4,0
205966,Budapest,Paid Search,Mobile,51,37,6,22,0,1,0,94.87,16.63,0,4,1
205967,West,Paid Search,Mobile,51,25,6,23,0,0,1,64.71,87.87,0,4,0
205968,West,Social,Web,47,7,10,58,0,0,1,87.36,78.58,0,4,0
205969,South,Social,Web,29,14,5,25,0,0,3,58.27,188.67,0,4,0
205970,West,Referral,Mobile,19,4,5,22,1,0,0,40.16,0.0,0,3,0
205971,Budapest,Referral,Web,35,7,9,45,0,1,2,92.45,168.8,0,4,0
205972,Budapest,Paid Search,Mobile,27,38,11,49,1,0,3,83.25,255.85,0,3,1
205973,South,Paid Search,Web,55,72,9,25,1,0,3,95.69,300.02,0,5,0
205974,South,Referral,Web,46,6,6,28,1,1,0,86.23,0.0,0,3,1
205975,East,Social,Mobile,34,42,12,53,1,1,4,86.95,403.42,0,4,0
205976,East,Organic,Web,20,23,8,26,0,0,1,76.83,114.92,0,3,0
205977,Budapest,Organic,Web,41,28,4,20,0,0,2,101.69,183.45,0,5,1
205978,Budapest,Referral,Web,55,6,7,38,0,0,2,71.33,166.97,0,4,0
205979,West,Organic,Mobile,31,9,6,26,1,0,2,72.1,212.75,0,3,1
205980,South,Organic,Mobile,49,12,16,61,1,0,8,101.7,803.78,1,4,0
205981,West,Paid Search,Mobile,49,33,7,26,0,0,0,73.27,0.0,0,4,0
205982,East,Social,Web,39,12,10,45,0,0,2,110.49,190.25,0,4,0
205983,North,Organic,Web,66,6,7,19,0,0,2,81.4,209.82,0,4,0
205984,Budapest,Paid Search,Web,33,13,11,28,1,0,1,66.62,83.07,0,3,0
205985,West,Partner,Web,44,18,4,16,0,0,1,63.27,32.96,0,3,0
205986,South,Organic,Mobile,24,16,8,26,0,0,1,39.32,38.19,0,3,0
205987,West,Partner,Mobile,52,7,11,32,0,1,0,93.06,10.69,0,3,1
205988,West,Organic,Web,39,47,5,22,0,0,2,74.78,277.85,0,3,0
205989,Budapest,Social,Web,33,10,10,53,1,0,0,89.08,44.41,0,3,0
205990,Budapest,Paid Search,Store,37,40,5,21,0,1,1,67.52,82.65,0,4,0
205991,Budapest,Paid Search,Store,52,15,12,17,1,0,1,66.41,41.11,0,4,1
205992,West,Organic,Web,49,26,3,6,0,0,1,73.92,107.51,0,3,1
205993,East,Referral,Mobile,41,25,10,29,1,0,2,70.89,129.97,0,4,1
205994,East,Partner,Web,57,13,7,31,0,1,2,83.77,267.57,0,4,0
205995,East,Organic,Web,48,54,9,42,1,0,6,109.58,644.11,1,5,0
205996,North,Partner,Store,35,36,5,28,0,0,1,81.24,90.25,0,5,1
205997,South,Partner,Web,45,2,2,8,0,0,1,73.88,34.34,0,2,0
205998,Budapest,Paid Search,Mobile,55,9,12,48,1,1,0,56.48,0.0,0,4,1
205999,Budapest,Referral,Web,47,21,6,34,0,0,3,90.9,228.94,0,3,0
206000,East,Paid Search,Mobile,58,34,12,46,0,1,3,51.12,144.37,0,4,0
206001,North,Paid Search,Web,48,1,5,23,1,0,2,33.32,77.16,0,4,1
206002,North,Paid Search,Mobile,39,8,7,24,0,1,0,73.36,0.0,0,4,1
206003,South,Paid Search,Store,58,36,7,34,0,1,0,111.27,4.2,0,4,0
206004,West,Referral,Store,43,15,5,21,0,0,1,58.86,13.56,0,5,0
206005,East,Paid Search,Web,55,46,5,22,1,1,5,79.0,387.1,0,3,1
206006,South,Paid Search,Mobile,30,42,11,48,1,1,3,98.56,297.18,1,5,0
206007,North,Social,Web,44,29,5,21,0,1,1,60.64,69.75,0,4,0
206008,Budapest,Organic,Mobile,52,28,9,54,1,0,1,73.82,128.39,0,4,0
206009,West,Paid Search,Mobile,34,17,7,40,0,1,3,64.49,275.14,1,4,0
206010,Budapest,Social,Store,45,14,7,27,1,0,2,84.34,133.4,1,5,0
206011,North,Partner,Store,41,12,0,0,1,1,0,64.64,0.0,0,4,0
206012,West,Organic,Mobile,37,6,11,37,0,1,0,67.92,18.08,0,2,1
206013,Budapest,Organic,Mobile,32,11,11,35,0,0,3,73.6,199.94,1,3,1
206014,West,Referral,Store,46,13,9,38,0,0,3,67.98,287.04,0,3,0
206015,Budapest,Paid Search,Web,33,9,8,18,0,1,3,77.83,211.27,1,4,0
206016,East,Social,Mobile,43,27,4,16,0,0,1,83.22,142.71,0,4,0
206017,East,Organic,Web,59,28,11,43,0,0,1,64.58,44.46,0,3,0
206018,South,Organic,Mobile,33,32,11,49,1,0,4,56.1,246.68,1,5,1
206019,North,Partner,Store,55,3,7,36,1,0,1,96.5,116.29,0,4,0
206020,North,Referral,Web,63,8,7,35,0,0,1,83.3,83.46,0,4,0
206021,East,Partner,Web,45,15,8,30,1,1,0,72.84,48.71,0,4,0
206022,Budapest,Referral,Mobile,34,5,11,44,1,0,2,83.0,141.8,0,4,0
206023,Budapest,Organic,Web,29,13,7,22,0,0,1,64.05,24.8,0,3,1
206024,East,Organic,Mobile,53,10,7,25,0,1,2,73.4,134.53,1,4,1
206025,East,Social,Web,27,23,8,30,1,0,2,47.49,74.95,0,4,0
206026,South,Organic,Web,29,16,4,23,0,1,1,87.25,64.41,0,4,0
206027,Budapest,Organic,Mobile,40,22,6,28,1,0,1,70.39,43.92,0,4,1
206028,South,Social,Web,43,33,7,31,0,1,0,92.1,0.0,0,3,0
206029,East,Social,Store,49,12,3,14,1,0,2,94.24,182.81,0,4,0
206030,West,Partner,Mobile,41,32,15,107,1,0,4,71.63,361.98,1,3,0
206031,Budapest,Referral,Mobile,39,11,12,53,1,0,1,47.87,98.54,0,4,0
206032,East,Referral,Store,48,15,6,12,0,0,2,67.58,121.96,0,4,0
206033,North,Paid Search,Mobile,44,16,6,30,1,0,0,72.35,0.0,0,4,1
206034,North,Paid Search,Web,32,45,5,18,0,0,2,80.76,133.93,0,5,1
206035,East,Paid Search,Web,49,31,8,33,1,1,0,82.95,0.0,0,2,1
206036,West,Organic,Web,34,30,11,56,0,0,1,34.06,78.95,0,3,0
206037,South,Paid Search,Mobile,33,7,13,73,1,0,2,47.03,101.76,0,5,1
206038,West,Organic,Web,44,26,8,25,0,0,4,100.51,306.7,0,5,1
206039,East,Social,Web,25,26,11,53,0,0,0,64.1,34.53,0,3,0
206040,West,Organic,Mobile,30,27,8,31,1,0,1,47.17,0.0,0,4,0
206041,East,Organic,Mobile,35,10,9,36,1,0,0,49.92,0.0,0,3,0
206042,East,Paid Search,Mobile,40,21,7,24,0,0,2,101.76,261.61,0,3,0
206043,Budapest,Paid Search,Web,38,33,4,12,0,1,3,77.66,223.33,0,5,0
206044,East,Referral,Mobile,54,30,7,30,1,1,1,83.21,50.42,0,4,0
206045,Budapest,Partner,Web,45,25,15,71,0,0,3,75.24,264.26,0,4,0
206046,Budapest,Organic,Mobile,53,33,8,28,0,0,3,87.15,308.68,0,4,0
206047,Budapest,Organic,Store,29,35,7,23,0,0,1,104.77,54.19,0,4,0
206048,Budapest,Organic,Mobile,39,11,9,44,0,1,0,60.41,11.93,0,3,0
206049,North,Paid Search,Mobile,56,17,15,50,1,0,1,52.75,68.44,0,5,1
206050,West,Paid Search,Web,27,20,6,35,0,0,3,107.57,327.88,0,3,0
206051,West,Paid Search,Store,21,16,3,11,1,0,2,61.05,154.92,0,5,0
206052,North,Organic,Web,50,13,7,15,0,1,1,77.81,128.46,1,2,0
206053,Budapest,Organic,Mobile,25,36,12,77,1,0,1,67.83,41.26,0,5,1
206054,West,Paid Search,Web,26,12,2,3,0,1,0,50.62,0.0,0,4,1
206055,Budapest,Referral,Store,48,28,6,24,0,1,2,127.45,266.42,0,4,0
206056,Budapest,Organic,Mobile,18,13,4,30,1,0,1,38.51,20.29,0,4,0
206057,South,Organic,Mobile,37,15,16,81,0,0,1,78.58,44.88,0,3,1
206058,East,Social,Mobile,42,26,9,38,1,0,2,80.74,115.74,0,4,0
206059,South,Referral,Web,60,11,4,13,1,0,0,111.82,43.89,0,3,0
206060,North,Partner,Store,36,48,10,56,1,0,3,86.49,266.34,0,3,1
206061,Budapest,Paid Search,Store,36,19,5,18,0,0,2,71.22,163.1,1,4,0
206062,East,Social,Web,38,28,10,29,1,0,3,61.47,165.88,0,4,0
206063,Budapest,Partner,Web,57,30,11,40,0,1,3,54.42,184.66,0,4,1
206064,West,Social,Mobile,42,6,5,12,0,1,2,80.59,156.06,1,3,1
206065,South,Referral,Mobile,36,37,6,17,0,0,4,54.78,230.99,0,4,1
206066,South,Paid Search,Mobile,43,4,5,26,0,1,2,56.81,129.33,1,3,0
206067,East,Paid Search,Mobile,31,12,11,45,0,0,1,77.58,107.97,0,5,1
206068,West,Paid Search,Web,63,13,5,16,0,1,0,94.72,0.0,0,4,0
206069,West,Organic,Web,49,18,9,28,0,0,2,44.9,82.99,0,4,0
206070,East,Organic,Web,59,40,9,40,1,0,4,91.8,321.34,0,4,0
206071,East,Organic,Web,35,6,4,8,1,1,2,37.56,105.77,1,3,0
206072,West,Organic,Web,68,14,8,30,0,1,1,60.15,17.88,0,3,0
206073,South,Referral,Web,43,11,2,0,0,0,2,72.52,155.89,0,3,0
206074,East,Paid Search,Web,39,36,10,34,1,1,2,47.94,151.16,0,4,1
206075,Budapest,Referral,Store,60,18,2,9,0,0,3,99.28,288.22,0,3,0
206076,East,Organic,Web,35,7,7,29,0,1,1,65.62,53.55,0,3,0
206077,West,Social,Store,21,18,7,40,0,0,0,67.74,0.0,0,3,0
206078,West,Paid Search,Web,30,31,12,49,1,0,4,61.64,241.55,0,5,1
206079,East,Referral,Mobile,56,26,11,48,1,0,1,89.42,72.77,1,4,0
206080,East,Organic,Store,40,28,7,45,1,0,2,99.03,205.63,2,4,0
206081,Budapest,Paid Search,Store,50,29,5,16,0,0,0,94.8,25.23,0,4,0
206082,East,Paid Search,Mobile,44,3,6,16,0,0,2,64.3,113.85,0,4,0
206083,East,Paid Search,Web,33,9,6,22,0,0,0,76.51,4.01,0,4,0
206084,Budapest,Referral,Mobile,26,57,12,56,1,0,4,94.98,385.34,0,4,1
206085,Budapest,Partner,Web,36,13,9,33,1,0,2,79.73,86.08,0,3,1
206086,Budapest,Referral,Mobile,46,21,8,18,1,1,2,40.35,72.68,0,4,0
206087,Budapest,Organic,Store,39,52,6,21,0,1,6,106.64,617.02,0,5,1
206088,West,Organic,Mobile,74,12,10,27,0,1,0,85.03,53.44,0,3,0
206089,Budapest,Partner,Web,37,25,2,7,0,1,2,82.62,143.14,0,4,1
206090,South,Social,Mobile,35,51,6,15,0,0,0,80.72,0.0,0,4,0
206091,South,Social,Store,55,25,5,23,0,1,1,72.07,38.41,0,4,0
206092,Budapest,Social,Mobile,43,7,9,26,0,1,3,42.09,114.42,0,4,0
206093,East,Partner,Web,51,18,5,26,1,0,3,70.53,278.69,0,4,0
206094,Budapest,Organic,Web,40,22,8,29,0,1,1,77.13,29.08,0,4,0
206095,South,Paid Search,Web,50,16,6,28,1,1,5,85.57,412.11,0,4,0
206096,East,Social,Mobile,37,9,8,42,1,1,2,35.41,17.19,0,5,1
206097,Budapest,Organic,Mobile,36,1,6,19,0,0,0,90.89,24.32,0,3,0
206098,South,Referral,Web,46,7,6,33,0,0,0,58.41,0.0,0,4,0
206099,Budapest,Organic,Mobile,61,13,10,36,0,0,0,75.99,0.0,0,3,0
206100,East,Referral,Web,44,10,3,11,0,0,0,75.37,21.81,0,4,0
206101,West,Social,Store,36,24,6,17,0,0,2,70.67,153.27,0,4,0
206102,Budapest,Referral,Mobile,37,32,9,43,0,0,2,65.4,103.56,0,4,1
206103,West,Social,Store,37,20,6,25,1,0,1,77.77,114.53,0,4,0
206104,South,Partner,Store,39,10,4,18,0,0,1,60.94,12.03,0,1,0
206105,South,Paid Search,Store,61,35,12,41,0,0,3,105.75,283.17,0,4,0
206106,Budapest,Partner,Web,47,49,6,28,0,0,5,99.37,485.01,1,5,1
206107,South,Organic,Mobile,18,16,6,25,0,0,1,69.98,116.25,0,4,1
206108,North,Social,Mobile,39,20,11,51,0,1,4,94.71,397.16,0,5,1
206109,East,Social,Mobile,41,6,15,59,1,1,2,68.53,112.35,0,4,0
206110,North,Referral,Web,38,7,8,38,0,0,2,113.06,178.66,0,4,0
206111,Budapest,Organic,Web,34,13,5,22,0,0,1,47.71,67.04,0,4,0
206112,Budapest,Partner,Web,46,38,8,42,0,0,2,96.72,234.57,0,4,1
206113,South,Social,Store,55,10,10,55,0,0,2,83.67,202.54,0,3,0
206114,Budapest,Paid Search,Store,33,20,6,29,0,1,1,78.64,18.73,0,3,0
206115,North,Partner,Mobile,22,7,12,66,0,0,3,43.67,135.69,0,5,1
206116,North,Referral,Mobile,31,8,6,26,1,0,0,42.12,0.0,0,3,1
206117,East,Organic,Store,35,17,6,24,0,0,0,96.09,0.0,0,3,0
206118,East,Partner,Mobile,29,13,12,51,1,0,1,89.16,87.79,0,4,1
206119,Budapest,Paid Search,Mobile,37,6,7,33,0,0,0,69.85,0.07,0,3,1
206120,West,Social,Web,66,14,7,37,1,0,2,75.65,115.06,1,3,0
206121,Budapest,Organic,Mobile,45,13,8,42,0,0,1,86.64,72.68,0,4,0
206122,West,Paid Search,Store,34,4,6,20,0,0,0,42.44,0.0,0,3,0
206123,West,Paid Search,Web,26,14,10,44,1,0,0,51.76,0.0,0,4,0
206124,North,Social,Mobile,34,11,13,47,0,1,3,57.33,202.39,0,3,0
206125,Budapest,Partner,Mobile,44,31,7,27,0,1,2,76.99,177.1,0,3,0
206126,East,Partner,Web,18,14,7,31,0,1,1,39.8,4.43,0,3,1
206127,West,Social,Web,54,36,4,16,0,1,2,75.87,220.33,0,3,0
206128,East,Organic,Web,51,15,9,27,0,0,3,86.79,223.37,0,3,1
206129,Budapest,Paid Search,Store,64,27,4,16,0,1,1,94.27,80.42,0,3,1
206130,Budapest,Referral,Store,57,17,8,39,0,0,3,91.02,305.65,0,4,1
206131,East,Social,Mobile,41,35,14,71,0,0,1,79.1,101.31,0,4,1
206132,East,Organic,Mobile,49,25,8,31,0,0,2,68.74,84.82,0,4,0
206133,West,Paid Search,Web,33,46,10,27,1,0,7,110.43,718.25,0,5,1
206134,South,Partner,Web,43,45,5,22,0,0,4,77.26,266.79,0,4,0
206135,North,Social,Web,55,11,9,29,1,1,4,58.62,205.86,0,5,0
206136,North,Partner,Store,34,23,4,15,0,1,1,89.23,47.65,0,5,0
206137,Budapest,Organic,Mobile,37,28,10,50,1,1,1,62.33,0.0,0,5,0
206138,South,Referral,Mobile,25,3,10,40,0,0,3,26.61,62.75,0,3,0
206139,Budapest,Social,Web,41,33,7,38,0,0,3,72.41,219.3,0,3,1
206140,Budapest,Organic,Web,69,19,2,11,0,0,2,92.67,216.02,0,2,0
206141,West,Partner,Store,50,9,7,46,0,0,3,44.97,131.56,1,3,0
206142,West,Organic,Store,28,10,8,46,1,0,0,63.28,53.34,0,4,1
206143,East,Partner,Mobile,29,16,9,31,1,0,2,45.11,133.44,0,4,1
206144,North,Paid Search,Mobile,43,10,4,17,0,0,1,62.05,62.85,0,3,0
206145,East,Organic,Web,31,38,5,24,0,1,0,84.64,0.0,0,4,0
206146,North,Organic,Web,46,2,9,20,1,0,1,36.36,55.56,0,4,0
206147,Budapest,Organic,Web,53,5,4,19,0,0,1,59.55,48.0,0,3,0
206148,East,Paid Search,Store,33,72,5,24,0,0,4,104.31,430.58,0,5,0
206149,North,Paid Search,Mobile,24,15,7,32,0,1,3,46.93,174.93,1,4,1
206150,East,Referral,Mobile,51,10,11,34,0,0,0,89.03,20.26,0,4,0
206151,North,Organic,Web,35,17,5,24,0,0,0,54.69,0.0,0,3,0
206152,Budapest,Social,Mobile,30,11,12,33,1,1,2,86.0,147.03,0,4,0
206153,North,Paid Search,Web,53,21,6,12,0,0,1,67.59,32.1,0,4,0
206154,Budapest,Organic,Store,64,10,5,14,1,0,2,84.27,159.49,0,4,0
206155,West,Social,Web,39,9,4,2,0,1,1,66.27,99.33,0,4,0
206156,Budapest,Social,Store,44,7,3,18,0,1,1,38.17,46.71,0,4,0
206157,South,Paid Search,Web,36,17,11,38,1,0,3,53.7,153.77,0,4,1
206158,Budapest,Paid Search,Mobile,47,14,2,9,1,1,0,86.62,30.39,0,4,0
206159,East,Referral,Web,39,10,2,12,1,0,1,47.61,79.63,0,2,0
206160,North,Organic,Mobile,47,10,10,44,0,0,2,52.71,108.43,0,4,1
206161,Budapest,Paid Search,Mobile,55,6,7,25,1,1,0,83.36,0.0,0,4,1
206162,North,Paid Search,Store,43,62,5,13,0,1,2,123.8,224.77,0,4,0
206163,South,Partner,Mobile,48,4,11,39,1,0,2,75.95,207.37,0,3,0
206164,West,Paid Search,Web,44,21,10,41,0,1,1,77.79,141.88,0,3,0
206165,Budapest,Social,Store,31,45,7,27,0,0,1,126.75,55.83,0,3,0
206166,West,Referral,Web,60,7,4,23,1,0,0,89.74,15.29,0,4,0
206167,Budapest,Organic,Web,36,16,5,15,0,1,1,78.01,141.6,0,4,0
206168,Budapest,Paid Search,Web,66,10,6,31,0,0,0,62.7,0.0,0,2,0
206169,South,Organic,Mobile,31,37,10,61,1,0,2,80.93,76.37,0,4,1
206170,East,Referral,Web,30,11,9,34,0,0,1,62.33,45.99,0,3,0
206171,South,Social,Web,44,19,7,14,0,0,3,88.1,292.3,1,4,0
206172,Budapest,Organic,Web,52,26,11,57,1,1,4,73.58,264.76,1,4,0
206173,North,Organic,Store,42,12,10,35,1,1,0,67.81,0.0,0,3,0
206174,Budapest,Referral,Store,18,25,3,16,1,0,2,42.0,88.17,0,4,0
206175,South,Paid Search,Mobile,22,16,11,49,1,1,2,71.12,74.79,0,5,0
206176,Budapest,Social,Web,72,19,9,38,1,1,1,43.99,104.97,0,3,0
206177,Budapest,Organic,Store,47,25,6,25,0,1,0,50.83,67.77,0,3,0
206178,North,Social,Mobile,47,11,11,56,0,0,1,36.1,16.59,0,4,0
206179,East,Paid Search,Store,31,36,8,36,0,0,1,83.58,0.0,0,5,0
206180,Budapest,Social,Web,41,2,11,56,1,1,4,66.53,256.16,0,4,0
206181,Budapest,Organic,Store,63,9,8,46,0,0,1,102.27,79.39,0,3,0
206182,East,Paid Search,Mobile,28,11,9,21,1,0,3,44.61,131.34,1,4,1
206183,North,Referral,Web,36,11,8,15,0,0,0,85.03,0.0,0,4,0
206184,West,Social,Store,33,7,5,15,1,0,1,75.63,66.23,0,3,0
206185,West,Paid Search,Mobile,38,22,15,49,0,1,3,83.06,235.55,0,4,0
206186,East,Partner,Web,32,21,12,63,0,0,0,66.85,0.0,0,3,0
206187,East,Paid Search,Web,42,18,10,35,0,0,2,96.44,139.32,0,4,1
206188,West,Paid Search,Mobile,30,14,12,40,1,0,2,65.0,92.26,0,3,0
206189,North,Paid Search,Mobile,27,15,8,26,0,1,0,68.23,0.0,0,3,0
206190,South,Organic,Store,58,8,5,23,1,0,2,61.77,101.74,1,3,0
206191,South,Partner,Store,52,4,4,17,0,1,0,102.55,0.0,0,3,0
206192,East,Organic,Store,53,15,8,41,0,0,1,112.78,82.71,0,3,1
206193,Budapest,Organic,Web,35,61,8,41,0,0,3,64.66,153.66,0,5,1
206194,South,Paid Search,Web,53,17,11,48,0,1,1,99.87,159.73,0,4,0
206195,Budapest,Social,Mobile,41,13,14,53,0,0,2,68.2,111.23,0,4,0
206196,East,Organic,Mobile,18,12,10,31,1,0,1,29.28,32.78,0,3,0
206197,North,Social,Web,48,39,3,12,0,0,2,84.83,175.19,0,5,1
206198,West,Partner,Web,54,17,9,46,0,0,0,62.6,25.43,0,2,1
206199,East,Organic,Store,35,16,5,22,1,1,4,71.17,299.48,1,4,1
206200,North,Paid Search,Web,40,17,5,18,0,1,0,97.06,48.5,0,3,0
206201,Budapest,Referral,Mobile,29,11,8,29,1,1,0,46.81,0.0,0,4,1
206202,South,Organic,Web,59,55,7,22,0,1,2,83.53,114.19,0,4,1
206203,North,Organic,Web,24,21,8,26,0,0,3,107.47,288.18,0,3,0
206204,North,Organic,Mobile,18,72,17,54,1,1,7,105.59,703.17,0,5,1
206205,Budapest,Organic,Mobile,30,38,17,54,0,0,4,62.3,261.64,1,5,0
206206,Budapest,Partner,Mobile,34,30,8,42,1,0,1,66.11,42.56,0,5,1
206207,Budapest,Organic,Store,31,15,7,35,0,0,1,102.6,78.17,0,3,0
206208,West,Paid Search,Store,33,18,6,11,0,1,1,68.83,47.34,0,5,0
206209,Budapest,Organic,Web,39,13,5,8,1,0,0,55.37,45.31,0,3,1
206210,Budapest,Paid Search,Web,46,36,7,22,1,0,1,82.8,137.04,1,4,1
206211,South,Organic,Web,41,20,9,37,0,0,3,71.92,212.12,1,4,1
206212,Budapest,Partner,Mobile,60,6,6,23,1,0,2,99.07,220.85,0,3,0
206213,East,Social,Mobile,41,15,13,57,1,0,2,97.71,171.16,0,4,0
206214,North,Organic,Store,32,12,6,21,0,0,0,55.18,0.0,0,3,1
206215,South,Organic,Web,66,15,6,16,0,1,1,57.74,62.82,0,4,0
206216,North,Paid Search,Store,46,10,6,20,0,1,2,87.34,194.9,0,5,0
206217,West,Social,Web,29,60,8,23,0,1,0,89.86,62.44,0,5,0
206218,Budapest,Organic,Web,28,22,7,21,1,1,2,62.23,101.45,0,4,1
206219,North,Organic,Mobile,44,5,7,19,0,0,0,48.02,0.0,0,4,0
206220,East,Social,Store,66,13,6,31,0,0,0,107.76,34.44,0,3,1
206221,West,Partner,Web,37,5,5,19,0,1,2,58.21,99.49,0,3,0
206222,Budapest,Paid Search,Web,43,38,7,25,1,0,3,62.97,182.05,0,4,0
206223,North,Organic,Web,33,17,9,36,0,0,2,59.66,120.8,0,4,0
206224,West,Organic,Mobile,32,22,6,29,0,0,3,67.26,186.96,0,3,0
206225,Budapest,Organic,Web,31,59,3,14,0,0,5,81.95,396.65,0,3,0
206226,West,Paid Search,Web,40,22,9,21,0,1,0,52.55,5.27,0,3,0
206227,Budapest,Paid Search,Store,33,17,2,10,0,1,0,49.77,72.0,0,5,0
206228,East,Paid Search,Web,51,10,2,12,0,1,1,78.84,36.17,0,3,0
206229,West,Referral,Mobile,54,22,9,23,0,0,5,77.6,411.44,0,4,0
206230,Budapest,Referral,Mobile,27,13,5,12,0,0,0,64.48,0.0,0,3,0
206231,West,Referral,Web,23,58,7,11,0,0,2,98.24,219.91,0,4,0
206232,Budapest,Organic,Mobile,52,12,13,57,0,0,1,84.7,52.15,1,3,0
206233,South,Social,Web,50,28,7,31,0,0,1,83.35,56.38,1,4,0
206234,Budapest,Organic,Mobile,43,20,10,39,0,0,1,71.4,114.52,0,4,0
206235,East,Social,Web,32,23,7,22,0,0,0,65.17,0.0,0,3,0
206236,North,Partner,Web,55,24,7,25,1,0,2,74.46,109.36,0,4,1
206237,Budapest,Paid Search,Mobile,37,16,8,30,0,1,1,72.4,86.32,0,5,0
206238,Budapest,Social,Mobile,46,9,5,19,0,1,1,83.31,97.33,0,2,0
206239,East,Social,Store,58,12,7,17,1,1,0,78.59,1.92,0,4,0
206240,Budapest,Referral,Mobile,28,3,11,36,1,1,2,56.37,87.98,1,4,0
206241,South,Partner,Web,54,37,9,37,1,0,6,77.85,510.85,0,3,0
206242,West,Organic,Mobile,52,12,12,41,0,0,2,102.14,183.29,0,5,1
206243,East,Partner,Web,47,10,8,39,1,0,1,65.55,56.75,0,4,1
206244,East,Paid Search,Mobile,39,38,6,19,0,0,1,97.34,143.78,0,4,1
206245,Budapest,Organic,Store,59,25,11,40,0,0,2,104.29,177.49,0,3,1
206246,South,Social,Mobile,52,20,7,35,1,0,3,58.58,167.78,1,3,0
206247,Budapest,Referral,Web,56,13,8,18,0,1,1,70.34,72.47,0,3,0
206248,West,Referral,Mobile,52,12,11,46,0,1,3,82.95,210.96,1,3,0
206249,Budapest,Organic,Web,34,39,3,12,1,0,2,83.32,219.6,0,4,0
206250,Budapest,Referral,Web,18,26,9,35,1,1,1,64.48,46.94,0,4,0
206251,Budapest,Organic,Web,29,16,7,28,1,0,2,57.33,76.89,0,4,1
206252,South,Paid Search,Store,37,14,7,50,0,1,1,68.44,84.19,0,3,0
206253,South,Partner,Store,30,29,8,19,0,0,0,77.26,13.39,0,4,1
206254,Budapest,Referral,Mobile,26,19,15,52,1,0,3,76.15,211.72,0,3,1
206255,West,Organic,Web,29,38,8,30,1,1,1,45.39,28.65,0,3,1
206256,North,Referral,Web,47,41,8,29,0,1,5,68.04,319.68,1,5,1
206257,Budapest,Paid Search,Web,38,26,6,38,0,1,3,71.36,164.18,0,4,1
206258,East,Organic,Mobile,48,17,9,22,0,0,1,83.12,71.15,0,4,0
206259,South,Social,Mobile,36,6,13,57,1,0,1,63.59,59.06,0,3,0
206260,North,Partner,Web,54,13,14,71,0,0,1,66.5,91.6,0,3,1
206261,South,Social,Mobile,45,17,11,47,1,0,1,38.57,2.49,0,4,1
206262,West,Organic,Mobile,56,32,8,45,1,0,2,77.13,169.57,0,5,1
206263,Budapest,Organic,Web,27,2,7,25,0,0,2,76.18,150.93,0,2,1
206264,Budapest,Referral,Store,41,15,9,36,1,0,3,62.19,64.81,0,4,1
206265,East,Organic,Store,64,4,5,8,1,0,1,70.03,50.6,0,3,0
206266,East,Organic,Mobile,47,9,13,60,1,0,1,72.46,113.2,0,3,0
206267,Budapest,Paid Search,Mobile,41,5,12,49,1,0,1,101.77,73.61,0,3,1
206268,Budapest,Paid Search,Mobile,52,12,14,87,1,1,3,99.47,366.87,0,5,1
206269,Budapest,Social,Web,52,18,4,18,0,0,0,91.55,50.37,0,3,0
206270,South,Social,Mobile,33,62,12,47,1,1,3,50.67,154.93,0,4,1
206271,South,Paid Search,Web,44,48,6,18,0,1,4,86.75,329.56,0,5,1
206272,East,Organic,Mobile,47,19,10,38,0,0,2,68.97,164.29,0,4,1
206273,East,Organic,Mobile,47,15,12,47,0,0,1,70.27,11.11,0,4,0
206274,East,Paid Search,Web,48,6,6,21,1,0,1,160.51101497751225,304.51,0,4,0
206275,North,Social,Mobile,29,10,14,46,0,0,1,47.35,64.34,0,4,1
206276,South,Organic,Store,33,21,8,37,1,0,1,87.21,147.6,0,3,1
206277,West,Paid Search,Store,46,12,2,7,1,1,1,46.74,6.35,0,4,0
206278,Budapest,Organic,Store,24,9,7,34,0,0,2,55.44,122.21,0,4,0
206279,Budapest,Organic,Mobile,27,15,1,3,0,0,1,74.21,73.28,0,3,0
206280,East,Referral,Web,35,39,9,44,0,1,3,57.71,181.74,0,3,0
206281,East,Social,Web,42,44,5,22,0,0,3,114.43,330.26,0,3,0
206282,East,Referral,Web,37,14,11,44,1,0,3,73.21,259.03,0,4,1
206283,Budapest,Paid Search,Web,57,28,13,69,0,1,1,41.34,38.89,0,4,0
206284,Budapest,Organic,Web,63,29,7,21,0,0,2,56.72,129.11,0,4,0
206285,West,Social,Web,33,15,4,22,0,0,0,63.88,36.54,0,5,0
206286,East,Organic,Store,46,12,3,5,0,0,1,66.71,32.75,0,2,0
206287,South,Paid Search,Web,26,9,8,32,0,0,0,55.77,0.0,0,3,1
206288,East,Referral,Web,47,34,6,32,0,0,0,102.16,0.0,0,4,0
206289,Budapest,Organic,Web,29,11,6,28,0,0,1,77.45,80.33,0,4,0
206290,East,Paid Search,Web,41,4,4,21,0,1,0,42.24,0.0,0,4,0
206291,Budapest,Organic,Mobile,53,9,11,49,0,0,0,56.99,42.27,0,3,0
206292,West,Referral,Web,39,4,6,29,0,0,0,86.79,90.77,0,4,0
206293,East,Organic,Store,40,19,6,35,1,0,3,102.91,301.74,0,4,0
206294,West,Organic,Web,40,26,8,39,0,0,3,67.71,274.01,0,4,0
206295,Budapest,Social,Mobile,35,11,13,53,0,0,2,66.95,199.12,0,4,1
206296,Budapest,Referral,Web,50,16,6,27,1,0,3,65.59,154.56,0,4,1
206297,South,Referral,Web,40,12,1,10,0,0,1,110.15,196.48,0,3,0
206298,Budapest,Organic,Mobile,36,18,10,26,1,0,1,100.72,154.21,0,3,1
206299,Budapest,Partner,Web,38,20,1,8,0,0,1,107.32,130.02,0,3,0
206300,East,Organic,Mobile,49,6,10,33,0,0,3,52.3,236.34,2,4,0
206301,East,Organic,Web,19,12,4,25,0,1,1,25.43,43.56,0,3,0
206302,Budapest,Organic,Web,48,24,11,58,1,0,3,74.64,200.41,0,4,1
206303,East,Paid Search,Store,18,18,9,51,1,1,5,50.96,228.52,0,5,1
206304,Budapest,Social,Mobile,44,1,13,50,0,1,1,60.26,95.21,1,4,1
206305,Budapest,Paid Search,Mobile,27,32,12,35,0,0,5,66.75,349.69,0,5,1
206306,West,Partner,Web,40,21,4,6,0,0,2,69.77,167.21,0,3,0
206307,West,Paid Search,Mobile,39,5,12,56,1,0,3,48.66,218.92,0,4,0
206308,East,Paid Search,Store,47,45,10,29,0,0,2,117.81,231.05,1,4,1
206309,South,Organic,Mobile,45,13,9,34,0,0,3,62.63,141.11,0,4,0
206310,South,Social,Store,50,48,6,28,0,1,3,80.17,167.68,0,5,1
206311,West,Paid Search,Web,22,17,9,52,0,0,2,64.87,140.41,0,4,1
206312,South,Social,Mobile,27,41,7,28,0,1,2,85.23,136.78,0,4,0
206313,East,Referral,Web,59,15,11,39,0,1,3,58.95,229.94,0,4,1
206314,South,Paid Search,Web,44,30,7,27,0,1,1,88.6,98.62,0,5,1
206315,Budapest,Partner,Store,50,5,6,23,0,0,1,112.42,60.89,0,3,0
206316,Budapest,Social,Store,50,14,5,27,1,0,1,121.5,136.54,0,3,1
206317,South,Organic,Web,53,55,7,26,0,0,1,107.02,112.07,0,4,1
206318,East,Organic,Web,38,4,7,27,0,0,1,54.94,141.5,0,4,1
206319,East,Organic,Store,38,11,8,31,0,1,3,52.17,172.4,1,4,0
206320,West,Social,Mobile,33,14,11,65,1,1,2,81.76,175.98,0,4,0
206321,East,Paid Search,Mobile,54,25,12,54,0,1,1,95.59,52.52,0,3,0
206322,Budapest,Social,Mobile,51,16,12,68,1,1,0,60.01,13.33,0,4,1
206323,West,Social,Store,52,7,7,25,0,0,4,103.53,383.9,0,4,1
206324,Budapest,Referral,Mobile,44,13,8,40,1,0,3,78.46,201.25,0,3,0
206325,North,Paid Search,Mobile,32,15,8,30,1,1,1,44.87,65.89,0,5,1
206326,North,Paid Search,Mobile,51,46,17,96,0,0,1,73.08,71.27,0,4,1
206327,East,Referral,Mobile,40,37,10,37,0,1,3,60.92,211.01,1,5,0
206328,West,Organic,Web,34,24,11,48,1,0,1,77.82,32.94,0,3,0
206329,Budapest,Referral,Store,28,20,10,37,1,0,4,61.55,204.93,0,4,0
206330,South,Paid Search,Mobile,34,11,11,46,0,0,1,34.67,74.19,0,3,0
206331,Budapest,Organic,Web,47,10,6,30,0,0,0,56.93,22.42,0,2,0
206332,East,Organic,Mobile,28,13,17,65,0,0,3,53.49,189.67,0,4,1
206333,South,Partner,Mobile,48,21,8,31,1,1,1,129.24,112.11,0,3,1
206334,East,Partner,Mobile,28,35,9,30,0,0,5,80.08,400.95,0,5,1
206335,East,Social,Store,35,32,2,11,1,0,5,76.84,382.62,0,4,0
206336,Budapest,Paid Search,Web,43,18,7,31,1,1,1,86.17,145.06,0,3,0
206337,East,Organic,Mobile,55,33,9,30,0,0,5,118.53,569.55,0,3,0
206338,Budapest,Paid Search,Web,53,29,11,31,0,1,0,93.35,11.27,0,2,0
206339,East,Partner,Web,38,22,6,15,0,0,3,71.44,197.01,0,4,0
206340,Budapest,Organic,Mobile,43,46,7,33,0,0,5,91.83,501.89,0,5,1
206341,East,Social,Web,40,50,7,24,1,0,4,60.7,239.97,1,3,0
206342,West,Referral,Mobile,30,26,9,18,0,0,1,64.13,40.64,0,3,1
206343,South,Organic,Mobile,56,50,6,33,1,1,2,109.96,252.64,0,5,0
206344,Budapest,Organic,Web,38,21,11,57,0,1,3,93.67,340.3,0,5,0
206345,East,Social,Store,54,4,6,33,0,0,1,79.47,131.29,0,3,1
206346,East,Referral,Mobile,26,10,7,23,0,0,0,50.48,0.0,0,4,0
206347,Budapest,Referral,Web,61,25,6,21,0,0,3,120.82,383.71,0,3,0
206348,Budapest,Organic,Web,43,21,4,19,0,0,2,92.05,189.56,1,4,0
206349,Budapest,Paid Search,Store,29,25,6,17,0,0,3,60.26,188.54,0,4,1
206350,Budapest,Referral,Store,29,19,7,24,0,0,4,120.91,576.05,1,4,0
206351,Budapest,Referral,Mobile,45,30,7,36,0,1,3,94.85,277.58,0,4,0
206352,East,Paid Search,Web,23,43,15,42,1,0,5,96.07,440.25,0,5,0
206353,West,Paid Search,Store,18,26,4,12,1,0,3,60.26,233.64,1,4,0
206354,North,Paid Search,Web,27,13,7,25,0,0,2,63.43,129.61,0,3,0
206355,East,Referral,Web,38,21,5,17,0,0,2,75.07,148.25,0,5,1
206356,Budapest,Paid Search,Web,41,2,6,32,0,0,1,93.64,108.17,0,3,0
206357,Budapest,Referral,Web,38,27,4,26,1,0,0,91.99,0.0,0,5,1
206358,East,Social,Mobile,25,37,12,42,0,1,4,86.48,359.9,0,4,1
206359,West,Paid Search,Web,61,22,6,23,0,1,1,91.99,141.91,0,4,0
206360,North,Organic,Mobile,42,19,15,67,1,0,3,83.23,256.92,0,4,1
206361,West,Social,Mobile,45,5,9,39,0,0,3,92.67,294.78,1,4,1
206362,East,Social,Mobile,25,15,10,29,1,1,1,40.23,21.73,0,4,1
206363,Budapest,Referral,Mobile,29,11,8,22,0,0,0,82.2,68.66,0,3,0
206364,Budapest,Partner,Mobile,46,14,11,40,0,0,2,75.24,143.41,0,4,1
206365,West,Social,Web,35,6,10,36,0,1,0,39.66,0.0,0,5,1
206366,Budapest,Social,Web,49,21,8,39,1,1,3,64.75,253.06,1,4,1
206367,East,Paid Search,Mobile,50,25,8,34,1,0,2,95.45,224.45,0,4,0
206368,North,Partner,Web,22,39,8,27,0,0,3,47.95,138.59,0,4,0
206369,West,Social,Web,51,29,8,36,0,0,3,88.75,296.88,0,4,0
206370,Budapest,Referral,Mobile,36,27,15,40,1,0,5,64.69,334.59,0,5,1
206371,East,Organic,Web,34,12,12,42,0,0,1,87.19,105.74,0,4,0
206372,Budapest,Referral,Web,31,9,8,32,1,0,1,20.41,0.0,0,4,1
206373,North,Organic,Mobile,35,49,10,34,0,0,5,39.6,222.55,0,4,0
206374,Budapest,Organic,Web,24,9,6,21,1,0,1,84.43,129.86,0,3,0
206375,Budapest,Organic,Mobile,59,17,10,32,1,0,3,101.99,307.38,0,4,1
206376,North,Paid Search,Mobile,18,11,9,36,0,1,1,67.91,76.97,0,4,0
206377,Budapest,Paid Search,Mobile,32,32,10,33,0,1,6,70.89,383.74,0,5,1
206378,North,Organic,Mobile,24,10,11,38,0,0,2,37.19,93.5,0,3,0
206379,Budapest,Partner,Web,52,36,3,11,0,0,1,73.48,101.58,0,4,0
206380,Budapest,Paid Search,Mobile,71,13,11,50,0,1,2,103.69,128.38,1,4,0
206381,Budapest,Paid Search,Web,46,38,11,43,1,1,1,44.8,51.82,0,5,1
206382,East,Paid Search,Web,45,39,4,25,0,0,7,120.35,920.0,0,4,1
206383,East,Social,Web,26,29,3,13,0,0,1,69.96,66.78,0,4,0
206384,South,Paid Search,Mobile,48,18,8,18,0,0,1,71.26,65.46,0,4,0
206385,West,Organic,Web,32,24,8,28,0,1,1,99.77,80.79,0,2,0
206386,West,Social,Mobile,29,14,11,39,0,0,4,44.41,176.66,0,4,1
206387,North,Referral,Mobile,57,8,9,46,1,0,1,107.78,128.93,0,5,1
206388,Budapest,Paid Search,Web,63,40,9,47,1,1,0,96.94,0.0,0,4,0
206389,East,Paid Search,Mobile,47,35,9,23,1,1,2,54.13,119.45,0,5,1
206390,South,Paid Search,Store,33,37,9,36,0,0,3,86.76,255.92,0,5,1
206391,South,Paid Search,Store,49,2,8,38,1,1,0,54.86,3.61,0,4,0
206392,South,Referral,Mobile,61,34,11,39,1,0,1,131.11,71.76,0,4,1
206393,West,Partner,Web,63,16,10,49,0,0,0,92.83,0.0,0,3,0
206394,South,Organic,Web,45,51,4,11,0,1,2,75.95,192.3,0,4,1
206395,Budapest,Organic,Mobile,60,8,13,60,1,1,2,87.58,173.64,0,5,0
206396,North,Organic,Mobile,40,25,7,23,1,0,1,54.1,42.93,0,4,1
206397,North,Organic,Mobile,47,72,13,74,1,0,3,97.1,234.12,0,4,0
206398,North,Social,Mobile,31,24,7,14,0,0,0,90.4,48.23,0,4,0
206399,Budapest,Paid Search,Web,37,17,10,59,0,0,3,50.78,56.11,1,4,0
206400,East,Paid Search,Store,50,14,4,19,1,0,2,116.07,260.31,1,4,1
206401,East,Social,Web,36,3,7,35,1,0,1,85.53,17.94,0,3,0
206402,East,Paid Search,Store,41,16,7,28,1,0,2,77.22,93.3,0,4,0
206403,Budapest,Organic,Mobile,28,23,12,39,0,0,2,72.49,155.33,0,4,0
206404,Budapest,Organic,Web,35,8,6,11,0,0,1,63.03,9.34,0,3,0
206405,Budapest,Paid Search,Web,51,17,6,28,0,0,2,84.31,167.51,0,3,0
206406,South,Organic,Mobile,29,21,11,61,1,0,1,81.12,32.52,0,4,1
206407,North,Paid Search,Web,52,17,7,29,0,1,0,39.55,0.0,0,4,0
206408,South,Organic,Mobile,29,37,13,56,0,0,1,115.25,120.31,0,3,0
206409,West,Referral,Web,49,41,4,17,0,0,3,96.02,313.37,0,3,1
206410,South,Paid Search,Store,49,60,6,20,0,0,2,67.66,105.25,0,5,1
206411,East,Social,Web,39,27,5,15,0,1,2,78.32,218.78,0,4,0
206412,East,Organic,Mobile,48,15,12,45,1,0,3,97.57,292.41,0,4,0
206413,North,Social,Mobile,50,50,7,19,0,0,4,93.3,402.86,0,5,1
206414,West,Social,Web,68,19,9,34,0,0,2,105.34,225.82,0,5,1
206415,North,Referral,Web,43,28,4,17,0,0,1,60.79,47.46,0,4,1
206416,Budapest,Organic,Web,37,31,7,30,1,0,0,96.86,0.0,0,4,0
206417,Budapest,Organic,Web,30,18,12,33,1,0,1,55.28,29.15,0,4,0
206418,Budapest,Organic,Web,19,30,7,21,1,0,1,62.01,0.0,0,5,1
206419,South,Paid Search,Mobile,41,9,12,60,1,1,3,56.55,187.37,1,2,1
206420,North,Social,Web,55,8,7,29,1,0,1,98.04,92.21,0,3,0
206421,Budapest,Referral,Web,30,14,7,38,1,1,6,22.52,98.15,2,4,1
206422,North,Organic,Web,46,17,10,33,0,0,0,97.71,60.12,0,5,0
206423,West,Referral,Mobile,22,26,14,72,0,0,0,42.99,27.36,0,4,1
206424,Budapest,Organic,Store,51,17,6,15,1,0,4,119.1,457.48,0,4,1
206425,West,Organic,Web,51,29,5,7,0,1,1,72.31,81.97,0,5,1
206426,North,Partner,Web,30,20,7,22,1,0,1,88.15,17.21,1,4,1
206427,West,Paid Search,Store,26,19,5,14,0,1,1,75.42,104.42,0,4,1
206428,North,Referral,Mobile,36,4,15,53,0,1,0,57.32,0.0,0,4,1
206429,West,Paid Search,Web,44,21,5,23,0,1,0,84.05,0.0,0,5,0
206430,Budapest,Referral,Web,29,6,5,29,0,0,2,67.6,123.31,0,3,0
206431,West,Partner,Web,30,56,7,18,0,1,4,105.39,462.45,1,4,1
206432,East,Paid Search,Web,37,55,5,21,1,0,2,115.18,177.06,0,3,0
206433,West,Social,Mobile,41,33,15,82,0,1,3,90.5,277.95,1,3,1
206434,Budapest,Paid Search,Web,40,8,6,25,1,0,3,93.03,247.07,0,3,0
206435,West,Organic,Web,43,21,7,39,1,0,1,110.49,146.42,0,3,0
206436,East,Paid Search,Mobile,34,19,5,25,0,1,1,53.65,0.0,0,5,0
206437,Budapest,Organic,Mobile,28,19,11,44,1,0,2,94.47,232.23,0,3,1
206438,Budapest,Partner,Web,35,10,2,4,0,1,0,86.06,0.0,0,3,1
206439,South,Partner,Mobile,29,14,8,30,1,1,1,50.83,56.98,0,4,0
206440,Budapest,Social,Web,38,18,7,33,1,1,4,55.24,146.2,0,4,0
206441,West,Social,Web,36,25,4,12,0,0,1,82.56,94.05,0,3,0
206442,Budapest,Referral,Web,29,29,5,13,0,0,1,65.81,77.04,0,4,1
206443,West,Referral,Mobile,47,9,15,67,1,0,3,69.62,214.83,1,4,1
206444,Budapest,Social,Web,34,31,11,44,0,0,1,107.73,153.2,0,3,0
206445,South,Organic,Mobile,52,8,12,18,0,0,2,77.6,109.69,0,3,0
206446,South,Paid Search,Store,57,17,6,33,0,0,1,87.77,98.26,0,3,0
206447,East,Paid Search,Web,29,8,5,16,0,0,0,58.63,0.0,0,4,0
206448,North,Organic,Store,38,10,7,26,0,0,0,89.19,1.29,0,4,0
206449,Budapest,Paid Search,Store,42,8,5,23,0,0,1,89.52,128.45,0,3,1
206450,South,Partner,Store,40,11,8,27,0,1,1,92.05,106.28,0,4,0
206451,Budapest,Referral,Store,47,40,10,40,1,0,2,51.95,90.96,0,4,1
206452,North,Paid Search,Store,24,3,9,39,1,1,3,40.5,127.85,0,4,0
206453,East,Organic,Web,49,18,0,2,0,0,2,70.96,209.06,0,4,0
206454,East,Organic,Web,38,10,12,47,0,1,1,79.39,35.73,0,3,0
206455,Budapest,Social,Store,42,28,8,31,1,0,1,80.59,94.26,0,3,0
206456,Budapest,Social,Web,21,33,6,21,1,1,2,54.64,177.88,0,4,1
206457,Budapest,Organic,Mobile,41,10,7,23,0,0,2,75.36,155.95,0,3,0
206458,Budapest,Paid Search,Mobile,42,15,11,37,0,1,1,74.68,110.55,0,4,1
206459,Budapest,Social,Mobile,44,10,8,23,0,0,1,71.13,115.07,0,2,0
206460,East,Referral,Mobile,43,14,8,39,1,0,3,77.81,296.05,0,4,0
206461,East,Organic,Mobile,41,22,10,47,1,0,1,75.19,35.2,0,3,1
206462,West,Organic,Mobile,43,72,7,34,0,0,3,111.37,361.71,0,5,0
206463,West,Organic,Web,45,3,4,9,0,0,0,47.85,0.0,0,2,0
206464,Budapest,Referral,Web,24,8,8,18,1,1,2,60.6,105.55,0,4,0
206465,Budapest,Social,Web,33,19,6,26,1,0,1,93.11,73.43,0,3,0
206466,Budapest,Organic,Web,44,9,13,46,1,0,3,40.57,167.6,0,4,0
206467,Budapest,Social,Mobile,44,35,10,53,0,0,2,62.68,124.87,0,3,1
206468,South,Paid Search,Web,46,46,9,37,1,0,2,74.64,131.4,0,3,0
206469,South,Paid Search,Mobile,55,20,6,6,0,0,1,86.5,54.07,0,3,0
206470,Budapest,Organic,Web,50,30,7,33,1,1,3,40.33,128.77,0,5,0
206471,Budapest,Paid Search,Web,49,15,3,6,1,0,1,81.33,91.55,0,5,0
206472,South,Organic,Web,44,21,7,29,0,0,0,77.49,63.73,0,4,0
206473,West,Organic,Web,31,38,5,15,0,0,3,77.42,246.31,0,3,1
206474,East,Referral,Store,42,22,4,14,0,0,0,78.05,59.54,0,4,0
206475,Budapest,Referral,Store,36,34,8,16,1,0,3,80.84,194.37,0,4,1
206476,West,Social,Mobile,26,15,13,44,0,0,1,74.2,77.63,0,3,1
206477,West,Paid Search,Mobile,44,59,12,58,1,0,2,83.2,186.67,0,4,1
206478,Budapest,Paid Search,Web,37,15,11,30,0,1,1,87.84,72.51,0,3,1
206479,East,Social,Mobile,31,18,11,41,1,1,4,61.8,241.94,1,3,0
206480,West,Referral,Mobile,62,11,8,36,0,0,1,58.36,48.88,0,4,1
206481,South,Paid Search,Web,47,18,3,2,0,0,1,73.14,62.73,0,3,1
206482,South,Social,Store,31,43,9,28,1,0,0,48.7,17.15,0,5,1
206483,Budapest,Referral,Store,32,26,8,32,0,0,2,79.39,187.05,0,4,1
206484,South,Organic,Web,43,10,7,21,0,0,0,92.28,2.97,0,3,0
206485,East,Organic,Web,33,13,8,25,1,0,1,55.28,56.69,1,3,0
206486,Budapest,Partner,Web,35,36,7,33,1,0,2,97.65,206.34,0,4,0
206487,East,Social,Mobile,41,11,8,29,1,0,1,43.49,64.74,0,4,0
206488,Budapest,Social,Mobile,40,10,7,18,1,0,1,39.68,0.0,0,3,0
206489,West,Paid Search,Store,35,16,4,18,0,0,0,82.98,0.0,0,3,0
206490,South,Social,Mobile,46,72,13,47,0,1,2,120.23,215.59,1,4,1
206491,East,Paid Search,Mobile,40,24,11,44,1,0,3,96.46,253.6,0,4,1
206492,Budapest,Organic,Mobile,52,15,14,70,1,0,3,82.09,271.78,0,4,0
206493,East,Organic,Web,39,13,6,30,0,0,0,47.85,10.68,0,3,0
206494,Budapest,Social,Mobile,40,37,17,94,1,0,1,83.64,94.43,0,5,1
206495,Budapest,Organic,Store,48,4,3,10,0,0,0,91.37,5.61,0,3,0
206496,South,Social,Web,60,28,7,30,1,0,5,81.75,359.35,0,4,0
206497,West,Organic,Web,29,25,2,6,0,0,0,96.03,0.0,0,4,1
206498,North,Social,Web,42,43,9,36,0,0,4,81.67,358.27,0,4,0
206499,North,Social,Web,52,4,5,20,1,0,0,64.3,10.88,0,3,0
206500,Budapest,Partner,Mobile,55,25,14,59,0,0,4,144.03882360918774,1001.91,0,5,1
206501,East,Organic,Web,24,14,9,23,0,0,1,87.45,37.21,0,4,0
206502,East,Social,Web,55,27,9,41,0,0,2,105.82,163.42,0,4,0
206503,Budapest,Organic,Web,30,2,7,37,0,0,0,55.63,28.6,0,4,0
206504,Budapest,Social,Store,46,6,6,28,1,0,2,71.31,101.62,0,4,0
206505,Budapest,Social,Web,36,22,8,52,1,1,1,63.01,38.34,1,4,1
206506,Budapest,Partner,Store,52,17,7,17,0,1,1,97.59,27.07,0,3,1
206507,North,Social,Mobile,38,5,10,54,1,0,2,68.67,119.1,0,3,0
206508,Budapest,Social,Web,40,35,6,23,1,1,3,82.27,247.9,1,4,0
206509,West,Referral,Mobile,48,18,10,45,1,0,0,82.12,12.66,0,3,1
206510,Budapest,Organic,Mobile,37,26,10,41,0,0,3,76.24,247.63,0,4,0
206511,West,Paid Search,Mobile,38,19,8,27,0,1,3,84.33,280.46,0,5,0
206512,North,Partner,Web,53,44,7,29,0,0,2,94.87,222.77,0,4,1
206513,South,Partner,Mobile,54,12,15,65,1,0,1,61.39,8.65,0,3,1
206514,Budapest,Organic,Mobile,31,20,7,31,1,0,1,52.35,84.47,1,3,0
206515,East,Paid Search,Mobile,26,22,9,36,0,1,3,76.04,227.67,0,3,1
206516,Budapest,Organic,Web,26,1,6,20,0,1,0,57.4,37.07,0,3,1
206517,Budapest,Social,Store,33,13,5,21,0,0,0,75.78,0.0,0,4,0
206518,East,Organic,Web,47,40,7,24,1,0,2,80.39,187.83,0,4,1
206519,North,Paid Search,Store,50,21,6,28,0,0,1,73.43,69.24,0,5,0
206520,North,Organic,Web,50,6,7,37,1,0,1,43.52,15.4,0,4,0
206521,East,Social,Mobile,39,27,8,27,0,0,1,89.0,105.72,1,5,1
206522,Budapest,Organic,Web,56,29,7,28,0,1,1,70.74,79.56,0,2,1
206523,Budapest,Paid Search,Store,31,24,10,48,1,1,5,75.51,390.67,1,4,0
206524,Budapest,Paid Search,Mobile,64,24,14,86,1,1,2,83.27,135.2,0,4,0
206525,East,Social,Mobile,55,32,10,11,1,0,1,88.23,56.2,0,4,1
206526,East,Organic,Web,48,7,7,19,0,0,1,73.67,94.82,0,3,0
206527,Budapest,Organic,Store,48,18,4,20,0,1,1,76.95,104.01,0,5,0
206528,North,Referral,Mobile,38,13,13,56,1,0,3,71.18,184.68,0,4,1
206529,Budapest,Social,Web,30,30,6,33,0,1,1,46.99,28.68,0,4,0
206530,West,Organic,Web,56,19,5,19,0,0,1,43.16,40.45,0,3,0
206531,Budapest,Organic,Web,45,12,11,42,1,1,1,87.53,37.6,0,4,0
206532,North,Partner,Web,38,16,2,16,1,1,3,32.87,129.76,1,4,0
206533,East,Organic,Store,52,7,4,15,0,0,0,48.37,0.0,0,3,1
206534,West,Paid Search,Mobile,46,14,9,26,0,0,1,52.13,0.0,0,5,0
206535,East,Paid Search,Web,33,42,7,18,1,0,3,68.02,177.11,0,3,0
206536,Budapest,Organic,Web,57,27,5,14,1,1,0,76.73,0.0,0,5,1
206537,North,Referral,Store,49,7,7,25,1,1,2,63.59,173.88,0,4,0
206538,North,Organic,Web,35,17,10,36,0,0,1,94.95,91.7,0,4,1
206539,Budapest,Social,Store,44,8,4,16,0,0,3,87.2,236.09,0,3,0
206540,South,Organic,Web,37,19,9,39,1,1,3,63.54,197.55,1,4,0
206541,North,Organic,Web,37,14,7,37,0,0,1,71.67,84.53,0,2,0
206542,East,Social,Web,39,20,8,37,0,1,6,65.77,368.92,0,4,0
206543,Budapest,Organic,Web,46,25,5,22,1,0,3,59.71,237.32,0,3,0
206544,South,Organic,Web,51,2,13,56,1,1,2,50.2,84.65,1,4,0
206545,Budapest,Referral,Web,44,21,3,12,0,0,2,54.24,78.61,0,4,1
206546,East,Paid Search,Store,37,23,8,49,1,1,1,90.21,13.66,0,4,0
206547,East,Paid Search,Web,32,10,3,12,0,0,2,91.69,178.43,0,3,1
206548,Budapest,Organic,Mobile,51,59,4,16,0,1,4,88.98,384.19,1,5,1
206549,West,Social,Store,32,34,11,47,1,1,5,21.96,114.23,0,5,1
206550,North,Social,Store,39,17,3,10,1,0,0,96.95,0.0,0,3,0
206551,East,Referral,Mobile,38,6,12,41,0,0,3,31.85,81.06,0,3,1
206552,South,Organic,Mobile,21,2,8,47,0,0,1,84.31,58.86,0,3,0
206553,Budapest,Organic,Mobile,41,33,10,44,0,0,3,71.74,310.47,0,5,1
206554,Budapest,Referral,Web,44,23,4,18,0,0,0,69.79,0.0,0,4,0
206555,Budapest,Organic,Mobile,61,12,15,71,1,0,1,78.83,96.31,0,4,0
206556,West,Partner,Web,63,37,4,9,0,1,2,115.78,288.07,0,3,0
206557,Budapest,Social,Mobile,42,27,14,38,1,0,1,81.53,115.88,0,4,1
206558,East,Referral,Mobile,54,11,16,67,0,0,2,99.68,262.06,0,4,1
206559,Budapest,Paid Search,Mobile,52,12,5,15,1,1,0,38.62,2.8,0,4,0
206560,Budapest,Social,Web,52,22,10,48,1,0,0,84.78,0.0,0,5,0
206561,East,Organic,Store,40,4,7,29,1,0,1,85.34,66.7,0,4,1
206562,Budapest,Organic,Mobile,41,27,12,55,1,1,2,49.32,140.97,0,4,0
206563,Budapest,Referral,Web,66,15,4,12,0,0,1,75.35,112.05,0,3,0
206564,South,Social,Web,40,23,8,27,1,0,1,105.15,149.26,0,4,0
206565,East,Organic,Web,54,16,7,19,1,0,2,75.31,173.44,0,3,0
206566,East,Referral,Mobile,36,2,11,40,1,0,0,113.46,45.49,0,4,0
206567,North,Organic,Web,60,37,3,7,0,1,1,71.93,84.83,1,5,0
206568,Budapest,Paid Search,Store,57,25,5,37,1,1,0,122.66,0.0,0,4,0
206569,Budapest,Partner,Store,29,32,4,24,0,0,3,88.78,243.39,0,4,0
206570,East,Referral,Mobile,38,49,7,24,1,1,2,57.97,108.89,0,4,0
206571,Budapest,Referral,Mobile,42,15,10,42,1,0,1,63.07,86.14,0,4,1
206572,South,Paid Search,Web,64,15,9,34,1,0,2,93.2,128.72,0,3,0
206573,South,Referral,Mobile,54,18,5,23,0,0,0,68.81,0.0,0,4,0
206574,East,Organic,Web,55,47,5,22,0,0,6,71.13,363.96,0,4,0
206575,East,Social,Web,44,8,9,13,0,0,3,98.18,300.47,0,5,0
206576,North,Partner,Store,27,16,6,25,1,0,3,43.82,152.32,0,3,0
206577,North,Organic,Mobile,55,13,8,12,1,0,0,59.68,0.0,0,4,0
206578,East,Paid Search,Store,24,13,9,42,0,1,1,61.41,70.1,0,3,1
206579,East,Paid Search,Web,33,24,12,61,0,1,1,51.34,79.08,0,4,0
206580,Budapest,Organic,Web,47,48,7,23,1,0,1,95.29,124.17,0,4,1
206581,East,Paid Search,Mobile,46,42,16,66,1,0,2,97.48,242.88,1,5,1
206582,East,Organic,Store,36,19,10,24,0,0,4,94.01,412.26,0,3,0
206583,West,Referral,Web,47,18,5,13,0,0,1,74.21,116.66,0,3,0
206584,North,Paid Search,Web,23,10,4,14,0,1,1,43.51,0.0,0,3,0
206585,Budapest,Paid Search,Web,51,47,6,18,0,1,4,91.48,371.08,0,5,0
206586,South,Organic,Store,35,24,5,21,0,0,1,77.6,0.0,0,4,1
206587,West,Paid Search,Web,24,26,7,34,0,1,0,41.83,5.98,0,4,1
206588,West,Paid Search,Web,58,9,10,41,0,1,2,48.49,130.05,0,4,1
206589,Budapest,Referral,Mobile,46,2,9,42,1,0,1,100.32,41.29,1,4,1
206590,East,Organic,Web,58,28,5,20,1,0,3,61.09,217.47,0,5,0
206591,East,Referral,Web,40,25,9,31,1,1,3,70.45,170.67,0,4,0
206592,South,Paid Search,Store,44,26,2,3,0,1,0,85.12,0.0,0,3,0
206593,Budapest,Social,Mobile,31,26,15,60,0,0,5,97.27,528.36,0,4,1
206594,Budapest,Organic,Store,50,36,2,7,0,0,2,99.36,223.04,0,3,0
206595,West,Organic,Mobile,38,28,8,23,1,1,1,51.69,6.5,0,3,0
206596,South,Organic,Store,39,25,10,40,0,0,1,103.74,64.28,0,4,0
206597,East,Organic,Store,48,59,6,27,1,1,0,71.0,10.63,0,4,1
206598,West,Referral,Mobile,38,17,11,54,1,0,0,88.7,0.0,0,3,0
206599,East,Organic,Web,30,19,5,29,0,1,2,68.43,86.84,0,4,0
206600,North,Organic,Mobile,29,46,5,28,0,0,2,82.25,174.2,0,5,1
206601,Budapest,Social,Mobile,37,13,8,35,0,1,1,41.03,84.33,0,3,0
206602,Budapest,Social,Mobile,37,23,7,18,1,1,0,44.61,2.39,0,5,1
206603,East,Partner,Web,32,23,11,19,0,0,1,76.91,41.99,0,3,0
206604,West,Referral,Mobile,42,11,12,50,1,0,1,97.14,73.4,0,4,0
206605,West,Social,Web,18,20,5,19,0,1,2,79.74,205.91,0,5,1
206606,South,Paid Search,Store,44,15,7,34,0,0,1,89.67,198.4,0,4,0
206607,East,Paid Search,Mobile,28,21,5,26,0,0,3,51.49,150.09,0,3,0
206608,Budapest,Referral,Mobile,36,3,7,27,0,0,3,55.86,177.13,0,4,0
206609,Budapest,Referral,Store,33,7,8,33,0,0,0,51.3,41.51,0,4,1
206610,East,Social,Web,45,4,8,33,1,0,2,76.25,203.23,0,3,0
206611,East,Partner,Mobile,33,23,7,39,0,0,2,89.48,181.7,0,3,1
206612,Budapest,Social,Web,57,26,8,31,0,0,2,93.5,171.58,0,3,0
206613,West,Social,Mobile,37,6,10,28,1,0,0,66.48,0.0,0,3,1
206614,North,Organic,Web,37,21,3,7,0,0,1,87.23,104.97,1,3,0
206615,Budapest,Organic,Mobile,34,27,10,51,1,1,4,79.82,278.14,0,4,1
206616,Budapest,Partner,Store,57,19,6,19,1,0,1,68.38,36.25,0,4,0
206617,North,Social,Web,28,11,10,48,0,1,1,34.84,4.64,1,4,1
206618,East,Social,Mobile,55,23,8,37,0,1,4,39.78,146.66,0,4,0
206619,East,Organic,Mobile,44,7,7,20,0,1,0,44.29,69.76,0,3,0
206620,North,Social,Store,50,40,4,13,0,0,2,77.52,151.06,0,4,1
206621,Budapest,Organic,Mobile,40,18,14,47,0,0,4,93.67,359.33,0,4,1
206622,South,Social,Mobile,38,15,9,31,0,0,2,79.43,131.78,0,3,1
206623,West,Organic,Store,27,13,7,23,1,0,0,67.9,0.0,0,5,0
206624,West,Partner,Mobile,32,5,11,52,0,1,2,57.35,129.52,0,3,1
206625,South,Social,Web,39,3,9,52,1,0,1,37.22,33.53,0,3,0
206626,West,Partner,Store,29,43,4,15,0,0,3,108.79,336.32,0,4,0
206627,South,Organic,Store,25,17,3,16,0,0,2,80.45,194.9,0,3,0
206628,Budapest,Organic,Store,35,23,7,29,0,1,2,100.88,230.88,0,4,1
206629,East,Partner,Web,29,50,8,24,0,1,4,73.26,293.02,1,5,1
206630,East,Referral,Mobile,31,22,11,49,0,0,2,46.33,77.58,0,4,0
206631,West,Organic,Web,39,16,3,11,0,1,2,43.08,51.38,1,3,0
206632,Budapest,Paid Search,Mobile,53,6,13,38,1,0,0,65.06,0.0,0,4,0
206633,East,Paid Search,Web,33,13,2,14,1,1,2,71.48,129.26,1,4,0
206634,Budapest,Paid Search,Mobile,31,8,11,33,0,0,2,81.96,131.4,0,3,0
206635,North,Partner,Mobile,42,16,10,51,0,0,0,81.08,44.23,0,4,1
206636,Budapest,Referral,Web,29,25,7,44,0,0,0,101.85,0.0,0,3,1
206637,West,Paid Search,Mobile,34,19,13,56,1,1,2,58.97,178.66,0,4,0
206638,South,Partner,Web,43,8,9,36,0,0,1,72.46,88.27,0,3,0
206639,South,Paid Search,Mobile,28,60,13,30,1,0,4,83.86,306.25,0,5,1
206640,South,Referral,Mobile,32,17,14,44,0,0,3,65.55,137.6,0,5,1
206641,North,Organic,Web,21,26,6,34,1,0,1,41.52,20.6,0,3,1
206642,Budapest,Social,Web,54,10,4,14,1,1,0,77.86,22.44,0,4,0
206643,North,Partner,Mobile,53,8,11,50,1,1,3,95.12,321.35,1,3,0
206644,South,Referral,Mobile,53,16,9,30,0,0,0,81.03,7.11,0,4,1
206645,Budapest,Social,Mobile,40,23,6,26,1,0,3,73.39,220.34,0,4,0
206646,East,Paid Search,Store,34,8,7,28,1,1,2,54.82,86.46,0,4,0
206647,North,Partner,Mobile,59,19,11,46,0,0,2,137.23,263.75,0,4,1
206648,South,Partner,Store,41,43,4,12,0,0,2,104.67,199.82,0,5,1
206649,South,Organic,Web,51,5,8,32,1,0,1,76.96,91.81,0,3,0
206650,West,Referral,Mobile,40,9,9,48,0,0,1,75.13,127.11,0,4,1
206651,South,Organic,Web,62,18,7,16,0,0,3,108.9,284.02,0,4,1
206652,Budapest,Organic,Mobile,55,15,12,51,0,1,3,83.35,272.62,0,3,0
206653,East,Paid Search,Web,47,33,7,20,0,0,1,73.32,30.74,1,5,0
206654,South,Organic,Web,61,10,5,19,0,0,0,93.22,0.0,0,3,0
206655,Budapest,Organic,Mobile,50,21,12,61,1,1,3,77.08,176.77,1,5,1
206656,Budapest,Social,Web,50,7,5,29,0,0,2,45.15,135.35,0,3,1
206657,Budapest,Paid Search,Web,24,19,5,23,0,0,0,46.71,0.0,0,5,0
206658,North,Partner,Web,59,58,10,32,0,0,2,118.08,207.21,1,4,0
206659,Budapest,Organic,Web,32,20,6,22,0,0,2,51.41,63.66,0,4,0
206660,West,Paid Search,Store,42,10,4,14,0,0,1,98.76,135.09,0,4,0
206661,West,Social,Store,49,16,6,25,0,0,0,98.02,15.96,0,4,1
206662,South,Referral,Web,44,28,7,22,0,1,2,58.6,195.89,0,4,0
206663,Budapest,Paid Search,Web,44,11,5,17,1,1,0,73.12,0.0,0,3,0
206664,Budapest,Paid Search,Web,43,37,8,30,0,1,4,68.2,262.06,0,4,0
206665,East,Organic,Web,50,7,9,34,1,0,0,80.35,1.1,0,2,1
206666,South,Partner,Web,31,13,3,11,0,1,0,47.49,0.0,0,4,0
206667,West,Organic,Store,33,10,4,8,1,1,1,69.49,118.56,0,3,0
206668,Budapest,Paid Search,Web,58,28,10,59,0,0,3,103.85,379.08,0,3,0
206669,South,Paid Search,Web,31,17,8,26,0,1,4,40.0,189.32,1,4,0
206670,Budapest,Paid Search,Web,34,24,10,48,1,1,1,62.27,28.38,0,3,1
206671,East,Organic,Store,47,9,9,37,1,0,0,76.25,0.0,0,3,0
206672,West,Organic,Store,60,15,5,17,0,0,0,102.74,0.0,0,4,0
206673,South,Social,Web,51,27,12,51,0,1,2,84.82,126.65,0,4,1
206674,West,Referral,Web,26,18,4,17,0,1,0,52.05,0.0,0,3,1
206675,West,Referral,Web,31,15,8,26,1,0,1,65.79,70.18,0,4,0
206676,East,Referral,Web,56,40,5,24,1,1,3,91.48,287.32,0,3,0
206677,North,Referral,Mobile,35,59,10,31,0,1,4,31.99,187.6,0,4,1
206678,North,Social,Store,42,8,5,15,0,0,0,74.38,35.26,0,2,0
206679,Budapest,Paid Search,Web,50,12,4,20,0,0,1,93.54,91.33,0,4,0
206680,Budapest,Organic,Mobile,51,72,10,49,1,1,2,106.42,281.73,0,5,1
206681,East,Organic,Web,19,7,8,27,1,0,2,35.35,74.06,0,3,0
206682,Budapest,Paid Search,Mobile,63,19,11,33,0,0,6,101.88,606.08,0,3,0
206683,North,Paid Search,Web,25,35,5,15,1,0,0,79.01,19.21,0,4,1
206684,South,Partner,Web,28,40,6,32,0,0,1,110.25,128.7,0,4,0
206685,North,Social,Mobile,28,19,4,19,0,1,2,88.49,151.01,0,4,0
206686,East,Paid Search,Store,41,6,5,19,0,0,3,122.71,438.4,0,5,0
206687,West,Paid Search,Store,30,8,12,49,1,1,2,90.57,242.96,0,3,0
206688,Budapest,Paid Search,Web,34,3,9,40,1,1,0,60.05,0.0,0,3,0
206689,South,Paid Search,Mobile,61,34,10,28,1,1,1,62.46,80.52,0,3,0
206690,West,Social,Mobile,38,8,6,27,1,0,1,72.74,30.84,0,4,1
206691,Budapest,Organic,Store,40,13,1,3,1,0,1,53.16,28.58,0,4,0
206692,South,Paid Search,Web,36,8,4,15,0,1,0,58.01,27.11,0,3,1
206693,Budapest,Paid Search,Web,41,15,5,8,0,1,2,31.21,23.68,0,3,0
206694,Budapest,Organic,Store,44,53,8,27,0,0,1,110.68,89.73,1,4,0
206695,West,Paid Search,Web,29,14,8,32,0,1,0,33.34,14.76,0,3,0
206696,Budapest,Paid Search,Web,48,7,7,28,0,1,3,76.11,261.03,0,4,0
206697,Budapest,Paid Search,Web,49,3,12,46,1,1,4,74.58,291.15,0,4,1
206698,East,Paid Search,Web,50,20,4,11,0,0,3,105.14,296.36,0,4,0
206699,North,Paid Search,Web,40,4,7,23,0,1,0,56.47,0.0,0,3,0
206700,West,Referral,Mobile,44,11,11,44,0,0,3,64.71,251.97,1,2,0
206701,South,Paid Search,Web,46,12,6,29,0,0,1,91.8,75.29,0,3,1
206702,East,Organic,Store,41,54,5,20,0,1,3,73.19,176.9,1,4,0
206703,Budapest,Organic,Mobile,50,7,11,48,0,0,0,71.41,0.0,0,4,1
206704,East,Organic,Mobile,35,14,10,58,1,0,2,59.27,112.64,0,4,1
206705,Budapest,Partner,Web,47,15,5,16,0,0,1,99.29,129.5,0,4,0
206706,East,Paid Search,Web,59,10,7,21,0,1,0,64.38,0.0,0,4,0
206707,Budapest,Organic,Web,33,11,5,13,1,1,0,67.3,67.19,0,4,1
206708,North,Partner,Web,38,23,4,14,1,0,1,62.34,62.14,0,4,0
206709,West,Partner,Mobile,42,5,10,28,1,0,2,66.94,130.49,0,3,0
206710,South,Organic,Store,26,7,6,34,0,1,0,72.62,18.0,0,4,0
206711,East,Referral,Web,31,21,8,37,0,0,1,74.83,65.27,0,4,0
206712,East,Organic,Web,48,23,3,12,0,0,1,69.69,25.74,0,4,1
206713,East,Referral,Store,64,16,3,11,1,1,1,81.97,68.9,0,4,0
206714,Budapest,Paid Search,Web,27,68,8,31,0,0,2,95.76,226.02,0,5,1
206715,North,Paid Search,Web,25,14,5,17,0,1,3,19.13,53.65,0,5,0
206716,East,Partner,Web,39,21,7,35,0,1,3,76.17,274.55,0,3,0
206717,East,Organic,Mobile,34,43,7,40,0,0,3,98.79,338.05,0,4,1
206718,Budapest,Organic,Web,37,2,5,31,0,0,1,61.46,106.04,0,4,0
206719,Budapest,Organic,Mobile,29,6,13,67,1,0,1,49.0,114.58,0,5,1
206720,South,Social,Store,44,19,4,15,0,1,2,71.17,144.07,0,3,1
206721,East,Paid Search,Mobile,34,13,11,49,0,1,1,35.92,54.57,0,4,0
206722,West,Referral,Web,43,20,6,26,1,0,2,101.14,182.83,0,3,0
206723,Budapest,Organic,Web,48,19,8,38,1,0,1,88.48,56.51,0,2,1
206724,South,Referral,Store,43,16,5,20,0,0,3,96.03,315.77,1,3,0
206725,Budapest,Referral,Store,18,15,8,28,0,0,2,168.89665540729044,968.46,0,4,1
206726,South,Referral,Web,35,11,7,28,1,0,1,66.72,134.92,0,5,1
206727,East,Paid Search,Web,34,15,7,31,0,1,0,70.73,0.0,0,3,0
206728,South,Social,Mobile,41,16,18,55,0,1,1,89.32,100.36,0,3,1
206729,East,Organic,Mobile,55,22,14,43,1,0,0,89.1,0.0,0,4,0
206730,Budapest,Partner,Mobile,51,45,10,43,0,1,1,88.49,24.59,0,5,0
206731,Budapest,Partner,Web,47,34,8,36,1,1,0,50.76,0.0,0,4,0
206732,East,Partner,Web,22,21,5,24,0,1,1,59.69,36.43,1,5,0
206733,East,Social,Mobile,34,18,13,68,1,0,3,67.5,223.05,0,4,1
206734,Budapest,Organic,Mobile,30,19,7,31,0,1,2,35.1,94.77,0,4,1
206735,East,Organic,Web,57,10,12,48,1,0,1,70.55,54.93,0,3,1
206736,Budapest,Organic,Web,47,23,6,29,0,0,1,55.18,104.17,0,4,1
206737,West,Paid Search,Mobile,30,27,5,14,0,0,3,68.35,231.12,0,4,0
206738,Budapest,Paid Search,Web,30,18,6,36,0,1,1,66.88,33.53,1,3,0
206739,West,Organic,Store,58,22,4,14,0,1,2,71.04,72.19,0,4,1
206740,West,Social,Mobile,50,25,12,35,0,0,2,85.52,135.84,0,4,0
206741,West,Organic,Store,52,15,3,12,0,1,2,89.91,151.46,0,4,1
206742,Budapest,Organic,Mobile,36,24,11,52,1,1,1,66.38,107.84,0,4,0
206743,West,Paid Search,Web,39,29,3,11,0,0,2,102.01,141.7,0,3,0
206744,North,Organic,Store,43,11,4,22,0,1,1,96.11,89.69,0,4,0
206745,West,Organic,Mobile,44,14,11,56,1,1,1,95.9,60.29,0,4,0
206746,East,Organic,Web,47,12,7,29,1,0,4,65.62,278.33,0,4,1
206747,North,Referral,Store,56,34,4,13,0,1,3,70.31,212.62,0,3,0
206748,Budapest,Organic,Web,32,19,4,13,0,0,1,48.24,0.0,0,4,0
206749,South,Paid Search,Store,18,15,4,20,0,1,2,31.67,40.03,1,3,0
206750,Budapest,Organic,Web,53,14,10,35,1,0,2,68.89,192.41,0,5,1
206751,South,Organic,Web,47,34,2,8,0,0,0,64.56,36.72,0,4,1
206752,Budapest,Referral,Web,42,39,8,44,0,0,2,101.09,203.36,0,5,1
206753,South,Organic,Mobile,56,44,13,55,1,0,4,127.54,447.15,0,5,0
206754,South,Referral,Web,18,34,9,36,1,0,1,49.98,15.37,0,4,0
206755,South,Organic,Web,36,36,6,30,1,0,3,38.89,106.09,0,4,0
206756,West,Social,Mobile,36,38,12,56,1,0,3,48.73,223.81,0,5,1
206757,East,Referral,Mobile,40,19,12,52,1,1,3,75.02,197.27,0,4,0
206758,East,Referral,Web,44,16,9,45,1,0,1,74.07,81.66,0,4,0
206759,South,Paid Search,Mobile,22,14,13,51,1,1,2,39.01,77.12,0,4,0
206760,East,Social,Web,31,6,5,19,1,0,1,61.41,13.21,0,3,0
206761,East,Organic,Store,51,9,8,12,0,0,1,73.82,13.83,0,5,0
206762,West,Referral,Mobile,29,38,9,33,0,1,2,100.87,200.31,0,3,0
206763,Budapest,Paid Search,Store,32,28,8,26,1,0,1,83.56,102.61,0,3,0
206764,West,Paid Search,Store,41,5,5,18,1,1,1,61.73,120.65,0,3,1
206765,Budapest,Social,Mobile,36,13,5,14,0,0,0,89.94,0.0,0,3,0
206766,North,Paid Search,Web,41,19,10,49,0,1,2,59.71,111.25,0,4,1
206767,East,Partner,Mobile,26,43,12,71,0,0,6,71.37,458.46,0,4,1
206768,North,Organic,Store,48,6,9,41,1,1,1,56.7,27.44,0,3,0
206769,Budapest,Social,Web,40,15,9,49,0,1,0,72.14,0.0,0,3,0
206770,West,Organic,Web,35,29,14,64,1,1,2,66.3,154.9,0,4,1
206771,Budapest,Paid Search,Web,49,14,3,6,1,1,1,73.75,45.23,0,3,0
206772,South,Organic,Web,54,31,5,15,1,1,3,85.82,283.51,0,4,0
206773,Budapest,Paid Search,Mobile,35,7,9,20,0,0,2,81.24,180.47,0,3,1
206774,Budapest,Referral,Web,46,12,7,20,0,0,1,88.54,155.84,1,5,0
206775,South,Organic,Mobile,50,72,7,26,0,0,3,97.45,349.09,1,4,0
206776,West,Paid Search,Mobile,58,22,9,27,0,0,1,86.59,45.03,0,3,0
206777,West,Social,Web,36,50,8,42,1,1,5,77.54,430.33,1,3,0
206778,Budapest,Referral,Web,61,11,4,13,1,0,1,103.5,5.05,0,4,0
206779,East,Organic,Web,46,20,5,18,0,1,0,92.74,7.65,0,3,0
206780,North,Social,Mobile,49,21,7,23,1,0,2,90.67,226.01,0,3,1
206781,West,Paid Search,Store,49,15,8,45,1,0,0,104.08,0.0,0,4,0
206782,North,Paid Search,Store,30,46,7,21,0,0,1,109.46,86.07,0,4,1
206783,East,Paid Search,Mobile,48,37,8,27,0,0,3,89.34,226.58,0,4,0
206784,North,Social,Web,49,19,7,31,0,0,4,91.4,369.55,0,3,0
206785,West,Paid Search,Store,30,9,8,26,0,1,2,52.28,97.99,1,4,0
206786,West,Partner,Web,54,13,8,33,0,0,1,76.68,85.02,0,4,0
206787,Budapest,Organic,Web,38,17,10,34,0,0,1,60.33,74.68,0,4,0
206788,East,Organic,Store,40,26,3,10,0,0,2,63.23,138.95,0,5,1
206789,North,Paid Search,Web,54,19,7,12,0,1,1,64.88,45.91,0,3,1
206790,Budapest,Paid Search,Web,46,20,8,23,0,0,0,94.44,0.0,0,3,0
206791,East,Referral,Web,20,8,1,1,0,0,0,48.15,0.0,0,3,0
206792,West,Organic,Store,37,18,10,38,0,0,4,74.62,312.65,1,3,0
206793,West,Organic,Web,42,12,6,28,1,0,2,78.9,156.57,1,4,0
206794,North,Referral,Web,57,14,9,58,0,0,5,52.61,245.47,0,5,0
206795,East,Referral,Web,50,18,15,45,1,0,3,80.57,292.71,1,3,0
206796,West,Referral,Mobile,33,19,12,57,0,1,5,37.95,236.15,1,4,0
206797,Budapest,Paid Search,Mobile,43,11,4,15,1,0,1,37.44,61.2,0,4,0
206798,Budapest,Organic,Web,41,13,5,22,1,0,1,61.28,0.0,0,4,0
206799,South,Organic,Web,56,10,8,44,0,1,0,77.47,13.16,0,4,0
206800,West,Referral,Web,33,6,12,26,1,1,2,52.45,70.35,0,4,0
206801,East,Paid Search,Mobile,31,34,15,46,0,1,2,87.72,182.59,1,4,1
206802,Budapest,Organic,Web,39,6,5,32,0,0,0,99.12,29.02,0,3,0
206803,Budapest,Social,Web,19,18,8,31,0,0,2,48.12,102.05,0,5,0
206804,Budapest,Paid Search,Web,36,33,8,33,0,0,1,70.42,107.93,0,4,1
206805,North,Organic,Web,48,19,5,21,1,1,0,22.69,0.0,0,5,1
206806,South,Organic,Web,41,4,5,24,0,0,0,45.22,0.0,0,4,1
206807,South,Paid Search,Mobile,40,24,11,57,0,0,1,76.39,59.85,0,4,1
206808,Budapest,Organic,Store,45,25,8,27,1,0,1,79.94,112.89,1,4,1
206809,Budapest,Social,Store,39,11,5,10,0,0,1,44.08,72.53,0,4,0
206810,East,Paid Search,Web,42,26,3,15,0,0,2,85.67,136.7,0,4,0
206811,East,Social,Mobile,29,12,5,26,0,1,0,68.91,1.89,0,3,0
206812,Budapest,Paid Search,Web,45,12,5,19,0,1,3,74.04,228.32,0,3,0
206813,Budapest,Organic,Web,28,29,4,19,0,0,1,54.51,105.74,0,4,0
206814,East,Referral,Mobile,52,13,8,18,0,0,0,40.91,0.0,0,3,0
206815,South,Paid Search,Web,36,21,7,27,1,0,4,96.29,402.07,3,3,0
206816,South,Paid Search,Store,42,49,7,22,1,0,3,55.04,203.2,0,3,0
206817,East,Referral,Store,35,7,10,44,1,0,1,80.86,4.14,0,3,0
206818,East,Referral,Web,62,30,8,19,0,0,3,75.98,241.65,0,3,0
206819,West,Paid Search,Web,53,28,8,32,1,0,4,96.93,417.61,0,4,0
206820,West,Partner,Store,26,72,3,13,0,0,2,74.29,215.53,0,5,1
206821,East,Social,Web,27,5,6,24,1,1,0,47.05,0.0,0,4,0
206822,Budapest,Organic,Mobile,44,21,7,14,1,0,2,105.66,231.4,0,4,0
206823,South,Referral,Web,33,8,3,6,0,1,2,63.32,97.84,0,3,0
206824,West,Organic,Mobile,57,11,11,57,1,0,3,62.42,192.38,0,3,1
206825,South,Partner,Web,55,26,6,26,0,0,3,63.89,168.15,0,4,0
206826,South,Organic,Web,61,13,8,20,0,1,1,73.09,133.34,0,5,0
206827,Budapest,Organic,Mobile,42,27,10,31,1,0,3,107.44,343.28,0,3,0
206828,East,Organic,Web,48,5,10,27,0,0,1,89.98,153.71,0,2,0
206829,Budapest,Organic,Mobile,40,16,9,29,1,1,2,69.19,112.71,0,4,1
206830,North,Organic,Store,32,22,5,27,0,1,1,61.15,97.25,0,4,1
206831,West,Referral,Store,59,2,4,6,0,0,1,92.76,114.36,0,3,0
206832,South,Paid Search,Web,33,16,3,11,1,0,0,76.61,50.63,0,3,0
206833,East,Social,Mobile,31,9,12,37,1,1,1,59.67,115.3,0,3,0
206834,West,Paid Search,Store,49,37,7,29,1,0,0,61.2,0.0,0,4,1
206835,East,Social,Store,49,23,6,29,1,1,1,83.8,57.48,0,4,1
206836,Budapest,Social,Web,49,20,6,28,0,0,2,57.81,38.86,0,4,0
206837,Budapest,Organic,Web,48,13,10,56,0,0,2,67.11,126.78,0,5,0
206838,North,Paid Search,Store,37,16,4,12,0,0,5,106.77,507.06,0,5,0
206839,West,Referral,Web,41,7,6,21,0,0,0,80.79,0.0,0,4,0
206840,Budapest,Social,Store,31,17,4,15,0,1,1,68.84,145.52,0,3,0
206841,East,Referral,Web,47,30,9,33,1,0,1,70.7,105.0,0,5,0
206842,East,Paid Search,Mobile,46,6,9,39,0,0,1,34.04,87.43,0,4,1
206843,East,Organic,Store,43,52,5,29,0,1,2,108.0,152.04,0,4,0
206844,Budapest,Organic,Store,46,14,9,29,1,1,2,65.87,151.48,0,4,1
206845,East,Social,Store,51,63,3,11,0,0,5,110.32,647.15,0,5,1
206846,South,Organic,Store,38,33,4,16,1,0,2,74.26,191.37,0,4,0
206847,West,Organic,Web,29,21,2,9,0,1,0,55.28,13.74,0,3,0
206848,Budapest,Social,Store,28,57,3,12,0,1,1,68.99,17.26,0,4,1
206849,South,Organic,Store,48,11,10,37,0,0,2,59.89,98.95,0,4,0
206850,South,Organic,Store,37,17,2,2,0,1,4,35.16,157.04,0,3,0
206851,East,Referral,Web,49,24,8,28,0,0,2,69.47,143.29,0,4,0
206852,West,Referral,Mobile,36,5,12,58,0,1,2,44.56,70.31,0,4,1
206853,Budapest,Organic,Mobile,49,9,13,70,1,1,1,57.08,113.17,0,3,0
206854,Budapest,Organic,Mobile,40,33,5,20,0,1,1,70.2,110.75,0,4,0
206855,West,Paid Search,Web,35,14,4,13,0,0,2,66.14,75.13,0,4,0
206856,South,Partner,Store,19,32,6,26,1,0,4,68.98,262.34,0,4,0
206857,South,Social,Mobile,37,5,8,29,0,1,1,82.51,102.35,0,3,0
206858,South,Social,Web,40,13,6,33,0,0,2,75.38,102.2,0,3,0
206859,West,Organic,Mobile,20,43,12,39,0,0,8,100.36,827.47,1,4,0
206860,South,Partner,Mobile,34,10,7,18,1,1,0,61.4,1.94,0,3,0
206861,Budapest,Referral,Store,60,22,8,27,1,0,2,80.91,217.41,0,2,0
206862,Budapest,Social,Web,48,7,6,6,0,0,1,26.06,0.0,0,2,0
206863,Budapest,Social,Mobile,47,20,10,48,0,0,3,81.67,259.46,0,3,0
206864,South,Social,Web,28,10,9,26,0,0,3,68.92,218.67,1,4,1
206865,Budapest,Organic,Web,39,32,3,15,0,0,1,55.54,73.8,0,4,1
206866,Budapest,Referral,Web,40,38,8,24,0,0,2,113.05,222.67,0,3,0
206867,West,Partner,Web,35,36,7,12,0,0,3,65.83,192.3,0,4,1
206868,North,Partner,Web,38,20,5,15,1,1,0,54.72,0.0,0,3,0
206869,East,Organic,Store,35,19,7,26,1,0,0,110.28,0.0,0,3,1
206870,Budapest,Paid Search,Store,27,37,3,16,0,1,2,73.49,143.46,0,5,1
206871,East,Paid Search,Web,43,24,8,41,1,1,4,108.0,405.61,1,4,1
206872,Budapest,Referral,Store,49,8,7,32,1,0,1,76.51,65.58,0,3,0
206873,Budapest,Organic,Store,41,40,6,14,0,0,2,103.32,164.45,0,4,0
206874,Budapest,Paid Search,Web,47,7,7,21,0,0,1,98.45,53.71,0,3,1
206875,East,Paid Search,Mobile,49,11,18,76,1,0,3,32.81,129.39,0,4,1
206876,Budapest,Paid Search,Web,32,58,7,42,0,0,2,72.21,107.06,0,4,1
206877,West,Organic,Store,52,15,4,20,0,0,1,85.33,96.91,0,4,0
206878,East,Social,Store,47,20,8,31,1,0,1,71.16,111.88,0,4,0
206879,West,Paid Search,Mobile,40,19,9,24,0,0,2,49.75,105.54,0,3,0
206880,Budapest,Organic,Web,39,45,7,20,0,0,3,103.64,313.83,1,5,0
206881,Budapest,Organic,Web,43,15,8,35,1,0,1,26.28,0.0,0,4,0
206882,Budapest,Organic,Web,73,20,2,15,0,0,1,91.06,56.91,0,3,1
206883,East,Paid Search,Web,32,29,13,41,0,1,2,74.68,198.81,0,5,1
206884,East,Paid Search,Web,39,11,11,45,1,0,2,91.07,215.94,1,4,1
206885,West,Social,Mobile,36,14,4,17,0,1,0,57.78,41.81,0,4,0
206886,South,Paid Search,Web,65,25,3,17,0,0,4,53.54,246.06,0,5,0
206887,Budapest,Referral,Web,43,3,7,35,1,0,0,74.89,0.0,0,4,1
206888,Budapest,Organic,Web,51,23,9,32,1,0,1,46.93,95.11,0,4,0
206889,East,Partner,Web,44,37,11,64,1,0,3,52.34,128.68,0,5,1
206890,South,Organic,Web,41,17,10,37,1,1,2,61.19,119.96,0,4,0
206891,East,Partner,Mobile,38,15,7,14,1,0,1,69.72,68.28,0,3,0
206892,South,Social,Store,48,7,2,10,0,1,0,43.78,4.6,0,4,0
206893,East,Referral,Mobile,50,15,14,77,1,0,3,82.94,294.62,0,4,1
206894,North,Social,Web,22,22,8,37,1,0,5,68.27,360.7,2,3,0
206895,West,Paid Search,Mobile,41,12,11,28,0,1,2,87.37,194.25,1,3,0
206896,North,Organic,Mobile,25,21,10,33,1,1,5,34.18,119.96,0,5,0
206897,West,Paid Search,Store,57,23,5,24,0,0,2,99.99,213.86,0,3,1
206898,East,Paid Search,Mobile,42,23,4,23,0,0,0,71.7,0.0,0,3,0
206899,South,Paid Search,Store,37,21,9,45,1,1,2,74.96,189.51,0,3,1
206900,West,Partner,Store,56,61,5,11,0,1,3,102.69,312.57,0,4,1
206901,Budapest,Paid Search,Mobile,35,23,13,62,1,1,2,49.2,102.5,0,4,1
206902,West,Organic,Web,57,51,6,22,0,0,4,113.91,411.72,0,5,1
206903,Budapest,Paid Search,Store,45,21,11,41,1,0,1,89.64,92.44,0,4,1
206904,Budapest,Organic,Web,50,14,6,24,0,1,1,75.34,3.45,0,4,1
206905,South,Paid Search,Mobile,42,15,11,40,0,0,1,79.32,108.54,0,5,1
206906,East,Organic,Web,50,11,5,11,0,0,1,82.8,70.02,0,3,0
206907,North,Organic,Store,32,15,4,20,0,1,2,57.3,188.4,0,3,0
206908,South,Paid Search,Mobile,50,6,7,43,1,1,1,112.0,170.51,0,3,0
206909,East,Organic,Mobile,42,32,10,60,1,0,1,82.39,57.96,0,4,0
206910,Budapest,Referral,Mobile,36,23,7,24,0,0,4,91.59,362.38,0,4,1
206911,South,Paid Search,Store,35,31,7,23,0,0,1,85.12,61.86,0,3,0
206912,Budapest,Organic,Mobile,23,7,11,42,1,0,4,56.01,139.04,0,3,0
206913,West,Paid Search,Store,49,12,7,37,0,0,2,94.8,114.02,0,3,0
206914,Budapest,Paid Search,Web,24,2,7,35,0,0,0,64.29,0.0,0,4,1
206915,Budapest,Referral,Mobile,49,29,14,51,1,0,5,96.49,542.23,0,4,1
206916,Budapest,Social,Web,37,19,9,39,0,0,2,75.03,155.06,0,4,0
206917,Budapest,Organic,Mobile,51,10,9,24,1,0,4,79.74,326.26,0,4,1
206918,Budapest,Social,Web,45,26,8,21,0,1,1,80.36,112.11,1,3,0
206919,North,Paid Search,Web,35,12,3,14,1,1,1,79.97,147.94,0,4,0
206920,Budapest,Referral,Web,29,38,5,20,1,0,2,72.44,146.64,0,4,0
206921,Budapest,Partner,Web,32,10,9,32,0,0,3,53.2,148.76,0,3,0
206922,North,Partner,Web,44,5,8,22,1,0,0,65.59,89.07,0,3,1
206923,West,Paid Search,Store,55,34,5,28,0,1,0,95.9,32.28,0,5,1
206924,South,Organic,Web,44,19,7,13,1,0,3,104.69,348.38,0,3,1
206925,Budapest,Paid Search,Store,40,25,8,53,1,0,2,84.85,200.05,0,4,1
206926,Budapest,Organic,Store,53,25,5,18,0,0,1,125.25,154.55,0,3,0
206927,North,Organic,Mobile,46,17,4,17,0,0,2,44.99,54.63,0,4,1
206928,West,Partner,Store,42,36,6,36,1,0,1,127.79,113.43,0,4,1
206929,Budapest,Organic,Mobile,23,20,10,48,0,0,2,88.78,185.36,1,5,0
206930,South,Organic,Mobile,36,12,12,56,1,0,1,64.92,39.75,0,4,1
206931,West,Referral,Web,35,19,6,36,1,0,1,64.93,94.4,0,3,1
206932,West,Organic,Mobile,37,17,15,97,1,0,1,86.07,114.91,0,3,0
206933,East,Partner,Store,38,66,7,32,0,0,4,110.81,432.75,0,4,1
206934,Budapest,Social,Web,31,22,8,30,0,1,0,99.1,86.72,0,4,0
206935,East,Paid Search,Web,37,33,6,15,1,0,1,85.31,116.96,0,3,0
206936,North,Referral,Mobile,55,6,9,45,0,0,3,51.3,137.74,0,3,0
206937,South,Organic,Web,35,51,5,18,0,1,4,50.14,163.86,1,5,1
206938,West,Social,Mobile,59,10,8,34,0,0,1,85.27,144.61,0,3,0
206939,North,Organic,Web,22,23,7,29,0,0,4,68.39,298.8,0,5,1
206940,Budapest,Partner,Mobile,29,11,10,38,0,1,2,43.85,57.86,0,3,1
206941,North,Paid Search,Mobile,37,19,5,14,1,1,2,91.36,198.51,0,4,0
206942,Budapest,Paid Search,Mobile,51,33,5,19,0,0,2,105.04,178.78,0,4,1
206943,Budapest,Social,Mobile,58,16,9,39,0,0,3,81.17,287.92,0,4,0
206944,Budapest,Organic,Mobile,43,25,12,71,0,0,1,93.66,58.7,0,4,0
206945,Budapest,Organic,Store,27,6,3,9,1,1,2,35.55,52.96,1,5,0
206946,Budapest,Social,Store,43,35,6,13,0,0,4,56.65,255.65,0,3,0
206947,Budapest,Referral,Mobile,40,27,14,48,1,1,4,92.12,342.6,0,5,0
206948,Budapest,Social,Mobile,50,19,12,64,1,1,3,58.65,193.73,0,4,1
206949,Budapest,Partner,Mobile,38,30,12,53,1,0,3,76.55,257.8,0,4,1
206950,West,Paid Search,Mobile,34,9,12,40,0,1,0,57.88,21.01,0,2,1
206951,Budapest,Referral,Mobile,37,30,6,36,0,0,2,58.33,92.14,0,4,0
206952,Budapest,Partner,Web,51,8,4,11,0,0,2,33.92,101.71,0,3,0
206953,West,Paid Search,Store,41,28,7,26,0,1,4,82.12,302.37,0,4,0
206954,North,Referral,Web,41,3,8,40,0,1,1,70.15,100.8,0,4,0
206955,North,Referral,Web,52,25,7,29,1,0,3,73.41,186.92,0,4,0
206956,East,Paid Search,Mobile,36,18,13,45,0,0,1,114.51,136.18,0,4,1
206957,South,Organic,Web,46,36,10,27,0,1,1,72.8,76.05,0,4,1
206958,North,Organic,Mobile,47,5,13,61,1,0,3,96.01,234.27,0,4,0
206959,South,Organic,Web,42,11,7,25,1,1,2,84.52,169.3,0,4,0
206960,South,Organic,Mobile,63,6,10,33,0,1,2,81.51,98.76,1,4,0
206961,Budapest,Organic,Web,37,30,9,33,0,0,6,99.77,542.32,0,3,1
206962,Budapest,Paid Search,Mobile,29,39,6,15,1,0,4,53.26,217.97,0,4,0
206963,East,Organic,Store,53,8,4,18,0,0,1,70.32,75.55,0,4,1
206964,Budapest,Paid Search,Mobile,49,22,10,38,1,0,0,79.62,30.18,0,5,0
206965,Budapest,Paid Search,Web,43,36,11,49,0,1,3,77.97,234.25,0,4,1
206966,South,Referral,Web,37,16,9,34,1,1,5,69.3,350.84,0,5,1
206967,East,Social,Mobile,34,40,7,32,0,0,4,90.9,373.53,0,4,1
206968,South,Organic,Mobile,37,33,13,48,1,0,2,69.85,210.8,0,4,1
206969,East,Organic,Web,68,4,7,14,1,1,2,93.41,239.11,0,4,1
206970,North,Social,Web,62,16,11,34,0,1,1,56.93,74.64,0,4,1
206971,East,Organic,Mobile,21,9,8,38,0,0,1,80.18,45.74,0,3,0
206972,South,Social,Web,18,35,19,109,1,0,2,60.37,146.78,0,4,1
206973,East,Partner,Web,20,6,3,13,0,0,1,52.53,0.0,0,4,0
206974,North,Organic,Mobile,35,33,17,75,1,0,5,99.85,567.14,0,4,1
206975,Budapest,Paid Search,Web,46,38,4,22,0,1,3,58.08,199.99,0,4,1
206976,North,Referral,Mobile,41,7,8,30,0,1,2,52.74,121.99,0,4,0
206977,West,Paid Search,Web,56,23,7,38,1,1,4,80.1,313.53,0,4,1
206978,South,Organic,Mobile,41,8,6,28,0,1,2,27.12,8.76,0,4,0
206979,West,Referral,Web,36,13,3,5,1,1,0,83.24,0.0,0,4,0
206980,East,Social,Web,30,21,4,17,0,0,2,86.66,169.52,0,4,1
206981,North,Organic,Web,21,50,8,32,0,0,3,69.41,231.71,0,5,0
206982,Budapest,Organic,Mobile,30,11,4,15,0,0,1,60.56,49.61,0,4,1
206983,South,Paid Search,Web,33,17,5,30,1,1,1,77.86,126.47,0,4,1
206984,Budapest,Organic,Web,39,14,3,7,1,1,0,67.06,0.0,0,3,0
206985,Budapest,Paid Search,Mobile,45,10,8,41,0,0,2,37.6,32.8,0,3,0
206986,North,Organic,Web,56,40,12,44,1,0,4,100.67,405.92,0,4,0
206987,Budapest,Partner,Mobile,33,6,6,39,0,0,1,55.68,129.95,0,3,0
206988,North,Organic,Mobile,42,31,15,74,1,0,3,71.1,176.39,0,3,1
206989,Budapest,Social,Web,30,33,8,24,0,1,0,59.63,0.0,0,4,0
206990,East,Organic,Mobile,25,24,11,40,0,0,3,98.48,363.11,0,4,0
206991,Budapest,Referral,Mobile,49,16,10,42,0,0,2,101.62,200.4,0,5,0
206992,Budapest,Organic,Web,56,45,8,24,0,0,3,116.68,370.22,0,5,0
206993,Budapest,Organic,Store,49,10,3,14,0,1,0,99.1,0.94,0,3,0
206994,West,Partner,Web,37,8,8,33,1,1,0,59.86,55.27,0,3,1
206995,South,Social,Web,45,72,4,10,0,1,2,98.39,198.68,1,4,1
206996,East,Partner,Mobile,49,43,5,17,0,0,1,99.74,80.03,0,4,1
206997,West,Referral,Mobile,33,17,8,23,1,0,3,88.76,300.63,0,4,1
206998,West,Paid Search,Mobile,42,9,13,64,1,0,1,61.79,89.6,0,4,0
206999,West,Social,Web,40,16,10,40,0,0,2,80.13,176.14,0,3,1
207000,North,Referral,Store,38,49,5,19,0,1,2,92.59,207.39,1,4,0
207001,West,Referral,Web,43,16,7,25,0,1,1,67.36,41.03,0,4,0
207002,Budapest,Organic,Web,48,7,11,43,0,0,1,101.66,90.04,0,4,0
207003,East,Referral,Mobile,50,7,4,21,0,1,0,64.03,0.0,0,3,0
207004,Budapest,Social,Store,35,14,6,22,1,1,4,80.85,373.87,0,3,1
207005,East,Organic,Web,47,12,8,27,1,0,2,86.07,218.07,0,4,1
207006,East,Paid Search,Mobile,41,17,8,28,0,0,0,78.97,22.03,0,4,0
207007,East,Organic,Mobile,36,2,8,31,1,0,0,77.24,0.0,0,3,1
207008,Budapest,Paid Search,Web,35,11,7,35,0,0,0,94.59,13.52,0,3,0
207009,West,Partner,Web,37,50,7,37,0,0,3,73.96,197.99,0,4,1
207010,Budapest,Partner,Mobile,51,20,7,1,0,0,1,69.82,123.8,0,4,0
207011,Budapest,Organic,Mobile,65,21,12,53,1,0,2,86.14,234.22,0,4,0
207012,Budapest,Referral,Mobile,57,14,10,49,1,1,3,35.78,129.91,0,4,0
207013,East,Paid Search,Mobile,18,30,5,28,0,0,0,58.83,33.8,0,3,1
207014,Budapest,Social,Mobile,50,37,11,62,0,0,0,66.23,5.68,0,5,0
207015,West,Organic,Web,58,28,11,62,1,0,0,100.78,0.0,0,3,1
207016,Budapest,Referral,Mobile,28,18,9,32,1,0,4,40.34,110.49,0,4,1
207017,Budapest,Referral,Store,52,10,4,16,0,1,1,94.74,96.92,0,4,0
207018,East,Social,Web,53,22,7,31,0,1,1,76.71,45.51,0,4,0
207019,South,Partner,Mobile,18,10,12,38,0,0,2,70.55,168.14,0,5,0
207020,Budapest,Organic,Web,43,38,5,18,0,0,4,125.0,513.83,0,4,0
207021,West,Organic,Web,42,53,11,75,1,0,1,84.46,65.99,0,4,1
207022,South,Organic,Web,38,10,8,25,1,0,1,24.96,59.95,0,4,0
207023,East,Paid Search,Web,45,11,11,37,1,0,3,54.11,163.6,0,3,1
207024,East,Organic,Web,46,19,5,11,1,0,2,96.86,152.89,0,4,0
207025,Budapest,Referral,Store,40,29,4,24,0,0,2,93.26,214.07,0,4,0
207026,East,Social,Mobile,41,12,9,56,0,0,1,77.86,64.78,0,3,1
207027,South,Paid Search,Web,39,6,7,22,0,0,1,69.08,99.61,0,4,0
207028,East,Partner,Web,51,10,9,35,1,0,0,59.83,0.0,0,3,0
207029,South,Referral,Mobile,38,8,7,27,0,1,4,53.97,265.12,0,3,0
207030,Budapest,Paid Search,Web,41,21,4,14,1,0,1,77.47,100.3,0,4,0
207031,Budapest,Social,Mobile,18,22,8,37,0,0,1,63.73,72.87,0,3,1
207032,West,Referral,Web,32,6,5,21,1,1,0,57.61,33.86,0,3,0
207033,East,Social,Web,44,19,6,20,0,0,1,74.59,86.58,0,3,0
207034,South,Paid Search,Mobile,27,5,14,54,1,0,2,61.23,141.87,0,3,0
207035,South,Social,Web,31,31,10,59,1,0,4,99.8,380.84,0,4,0
207036,North,Paid Search,Web,50,16,3,12,0,0,0,76.84,81.06,0,4,0
207037,East,Organic,Store,28,23,8,29,1,1,2,70.39,108.59,0,4,0
207038,North,Organic,Web,37,32,6,26,0,0,1,107.12,96.16,0,5,1
207039,North,Social,Mobile,47,15,12,48,0,0,1,86.22,98.24,0,3,0
207040,South,Organic,Web,26,17,5,20,0,0,0,70.83,28.48,0,4,0
207041,South,Organic,Web,42,28,10,76,0,0,3,97.14,305.79,0,3,1
207042,Budapest,Paid Search,Mobile,46,10,9,30,0,0,2,109.21,245.03,0,4,1
207043,Budapest,Social,Web,66,46,8,23,0,0,3,99.11,356.25,0,3,0
207044,Budapest,Social,Mobile,34,15,3,5,0,0,0,94.07,0.0,0,5,0
207045,Budapest,Partner,Web,64,39,7,29,1,1,1,93.57,101.89,0,5,0
207046,East,Organic,Web,49,17,10,39,0,1,1,46.97,59.44,0,3,0
207047,West,Organic,Mobile,22,29,8,45,1,0,1,57.42,80.83,0,4,1
207048,Budapest,Referral,Mobile,50,15,7,21,0,1,1,89.98,101.99,0,3,0
207049,North,Referral,Mobile,36,6,8,42,1,0,2,54.79,118.27,0,3,0
207050,East,Referral,Web,64,36,9,31,1,0,1,115.59,146.44,0,4,1
207051,North,Paid Search,Web,40,18,9,27,0,1,1,67.98,34.93,0,3,0
207052,Budapest,Partner,Web,57,4,6,24,0,1,2,57.47,153.38,1,4,1
207053,Budapest,Referral,Mobile,23,15,8,28,0,0,3,62.93,170.98,0,4,0
207054,South,Organic,Mobile,60,16,10,43,1,1,2,64.94,121.32,0,4,0
207055,East,Organic,Mobile,40,34,12,51,0,0,5,110.15,470.63,0,5,0
207056,Budapest,Referral,Web,24,5,6,27,1,1,0,22.2,0.0,0,5,0
207057,North,Social,Store,66,32,3,8,0,0,1,96.67,108.54,0,3,0
207058,East,Organic,Web,51,8,4,20,0,0,2,44.15,81.26,0,4,1
207059,Budapest,Organic,Mobile,41,17,12,50,0,1,3,77.61,285.91,0,5,1
207060,North,Organic,Store,51,22,3,0,0,0,3,56.93,150.84,0,4,0
207061,Budapest,Social,Mobile,22,6,6,26,0,0,3,59.87,149.25,0,3,0
207062,South,Referral,Web,53,31,7,32,1,0,5,131.52,619.61,1,3,0
207063,Budapest,Social,Store,35,31,4,14,1,0,1,83.62,124.01,0,4,1
207064,West,Paid Search,Store,40,13,3,15,0,1,0,43.65,0.0,0,4,0
207065,North,Paid Search,Mobile,37,30,8,44,1,0,4,92.47,397.33,1,5,0
207066,Budapest,Organic,Web,55,5,10,61,1,0,0,47.57,56.17,0,3,0
207067,East,Paid Search,Web,46,18,5,9,0,1,5,59.15,277.25,0,3,0
207068,South,Paid Search,Store,55,8,4,14,1,1,0,73.7,0.0,0,3,0
207069,Budapest,Organic,Web,37,18,9,49,1,0,0,86.87,13.6,0,4,1
207070,East,Organic,Mobile,65,42,15,48,1,0,6,78.36,471.01,0,4,1
207071,North,Referral,Mobile,41,25,10,47,1,0,0,108.13,10.19,0,4,1
207072,Budapest,Organic,Web,45,32,6,17,0,1,1,92.13,144.84,0,3,0
207073,East,Partner,Web,39,48,12,33,1,1,2,47.94,50.11,0,4,0
207074,West,Referral,Mobile,51,5,6,36,1,1,3,65.79,192.99,1,4,0
207075,South,Organic,Mobile,24,9,11,69,1,1,4,44.42,187.8,1,4,0
207076,West,Organic,Mobile,42,12,9,29,1,0,1,67.48,4.71,0,4,1
207077,South,Referral,Store,63,11,4,10,0,1,1,84.65,96.26,0,3,0
207078,East,Social,Web,44,35,0,0,0,1,2,90.86,176.58,0,4,0
207079,West,Social,Web,47,16,9,37,0,1,2,70.03,134.41,0,4,1
207080,East,Partner,Store,44,22,3,15,0,0,0,82.33,0.0,0,4,0
207081,Budapest,Social,Web,55,9,5,23,0,1,0,49.74,0.0,0,4,1
207082,Budapest,Paid Search,Web,40,11,5,27,1,1,0,71.57,46.16,0,3,0
207083,Budapest,Paid Search,Web,47,44,4,9,0,1,1,106.44,119.28,0,4,1
207084,South,Paid Search,Web,35,5,5,16,0,0,1,57.61,68.5,0,4,1
207085,West,Social,Web,42,5,6,13,0,1,1,82.36,94.25,0,4,1
207086,West,Paid Search,Web,27,17,4,22,0,0,2,111.7,223.76,1,4,0
207087,Budapest,Referral,Mobile,53,2,7,23,0,1,0,64.58,19.07,0,2,0
207088,Budapest,Organic,Mobile,41,48,10,30,0,0,3,99.62,251.81,0,5,1
207089,Budapest,Social,Web,18,42,1,3,0,1,1,57.4,86.92,0,3,0
207090,Budapest,Partner,Web,34,5,9,43,0,0,1,84.03,61.93,0,3,0
207091,West,Partner,Store,43,17,6,31,1,0,1,84.88,83.45,0,4,0
207092,Budapest,Paid Search,Mobile,45,22,4,17,0,0,0,77.45,45.88,0,4,1
207093,Budapest,Partner,Web,60,3,8,21,0,0,1,71.09,103.83,0,4,0
207094,East,Referral,Web,44,20,8,25,0,0,2,80.73,182.27,0,4,0
207095,East,Paid Search,Mobile,51,8,11,43,1,0,2,36.57,51.14,0,4,0
207096,West,Paid Search,Store,42,15,7,35,0,1,0,53.66,0.0,0,4,1
207097,South,Organic,Web,50,15,7,35,0,0,0,84.97,0.0,0,5,1
207098,Budapest,Social,Web,44,17,4,8,0,0,2,91.89,214.66,0,4,0
207099,Budapest,Paid Search,Mobile,28,17,12,14,0,0,0,48.72,36.85,0,4,0
207100,North,Social,Store,44,31,6,22,0,1,1,103.92,138.68,0,4,1
207101,East,Paid Search,Mobile,42,21,8,26,1,0,3,83.51,272.29,0,3,1
207102,South,Partner,Web,44,17,6,38,0,0,4,85.16,318.57,0,3,1
207103,Budapest,Social,Web,44,30,4,8,0,0,2,74.0,160.23,0,4,1
207104,East,Social,Mobile,23,6,12,55,0,0,1,54.98,69.55,0,4,1
207105,North,Referral,Web,48,24,5,12,1,0,3,93.58,286.94,0,5,0
207106,Budapest,Social,Web,39,72,5,25,0,0,3,93.33,221.8,0,5,1
207107,Budapest,Paid Search,Web,51,7,8,37,0,1,2,97.34,262.1,0,4,0
207108,East,Organic,Web,18,42,6,21,0,0,0,34.42,0.0,0,4,0
207109,North,Referral,Web,30,19,4,20,0,0,0,64.77,0.0,0,4,0
207110,North,Organic,Mobile,36,27,7,23,0,0,0,89.24,80.72,0,4,1
207111,North,Referral,Web,24,18,12,33,1,0,1,65.3,91.61,0,5,1
207112,Budapest,Partner,Mobile,49,6,11,55,1,0,2,51.54,155.08,1,4,0
207113,West,Paid Search,Mobile,40,25,12,46,0,0,2,71.69,175.61,0,3,1
207114,Budapest,Organic,Web,57,9,1,1,1,0,2,96.72,220.88,0,4,1
207115,West,Organic,Mobile,37,5,9,36,0,0,1,52.28,62.75,0,3,0
207116,Budapest,Referral,Mobile,25,43,8,36,0,0,2,68.35,112.7,0,4,1
207117,East,Paid Search,Mobile,62,17,12,44,0,0,3,87.0,277.37,0,4,1
207118,Budapest,Partner,Store,33,16,4,5,0,0,1,69.24,83.05,1,4,0
207119,West,Organic,Store,34,18,6,17,1,1,3,77.64,231.17,1,4,1
207120,East,Social,Web,49,14,2,11,0,0,2,120.23,217.52,0,4,0
207121,East,Organic,Mobile,40,23,8,24,1,1,4,61.18,207.0,0,5,0
207122,Budapest,Social,Mobile,52,32,13,58,1,1,1,89.05,87.3,0,4,1
207123,North,Paid Search,Store,42,31,1,7,1,0,1,77.02,129.14,0,4,0
207124,Budapest,Organic,Web,34,26,10,41,1,1,1,15.0,21.55,0,4,1
207125,East,Referral,Web,44,57,6,25,0,0,4,69.83,314.29,0,5,0
207126,Budapest,Organic,Web,48,8,6,31,1,0,1,60.28,102.31,0,3,0
207127,North,Organic,Web,36,31,5,26,0,0,2,62.9,90.3,0,4,0
207128,East,Referral,Mobile,48,13,8,23,0,0,0,106.28,0.0,0,5,0
207129,Budapest,Organic,Web,24,14,11,32,0,1,1,85.23,33.33,0,3,0
207130,North,Social,Store,41,22,10,27,0,0,0,78.23,9.73,0,4,0
207131,Budapest,Social,Store,46,28,7,34,0,0,2,80.46,179.43,0,5,0
207132,North,Organic,Store,38,16,6,28,1,0,0,84.01,58.79,0,5,1
207133,East,Social,Mobile,49,7,7,36,1,0,2,61.45,171.33,0,4,0
207134,West,Referral,Mobile,49,35,10,34,0,0,2,71.36,118.78,0,4,0
207135,West,Social,Mobile,32,24,7,25,0,0,0,88.08,0.0,0,5,1
207136,Budapest,Paid Search,Web,36,21,7,23,0,0,2,66.68,136.07,0,3,1
207137,West,Organic,Web,37,5,9,38,0,0,2,76.12,73.79,0,3,0
207138,East,Partner,Mobile,30,57,5,19,1,0,5,92.81,459.22,0,4,1
207139,Budapest,Paid Search,Mobile,46,6,7,33,1,1,4,45.45,164.02,0,3,0
207140,Budapest,Social,Web,42,19,8,28,0,0,1,46.51,96.77,0,4,1
207141,South,Paid Search,Mobile,40,15,13,44,0,1,1,82.94,103.44,0,4,1
207142,Budapest,Referral,Mobile,31,26,9,35,0,0,6,71.18,443.29,0,4,1
207143,Budapest,Referral,Web,30,7,8,41,1,1,2,47.99,77.19,0,2,0
207144,East,Partner,Store,46,24,1,2,0,0,3,74.42,154.1,0,4,1
207145,Budapest,Organic,Web,25,11,9,15,0,1,2,58.33,115.01,0,3,0
207146,South,Referral,Web,31,10,4,18,0,0,2,105.17,172.4,0,5,0
207147,South,Organic,Web,49,28,3,18,1,0,1,99.56,135.12,0,4,0
207148,South,Organic,Web,50,17,8,26,1,0,1,96.07,49.27,0,4,0
207149,South,Organic,Web,53,46,5,28,0,0,4,68.56,351.6,0,4,1
207150,South,Paid Search,Store,46,20,4,11,0,0,1,82.47,76.33,0,4,0
207151,South,Paid Search,Mobile,47,39,11,50,0,1,1,54.08,9.18,0,5,1
207152,West,Organic,Web,32,60,9,26,0,0,2,100.65,149.34,0,4,0
207153,Budapest,Partner,Mobile,34,7,12,45,1,1,0,67.97,0.0,0,4,0
207154,East,Referral,Mobile,47,11,7,41,0,0,1,63.21,8.64,0,3,0
207155,Budapest,Social,Web,66,2,4,18,0,0,0,71.87,0.0,0,4,0
207156,North,Partner,Web,52,4,9,25,0,0,0,59.68,0.0,0,3,0
207157,North,Paid Search,Web,40,9,11,56,0,1,2,67.42,149.15,0,4,1
207158,West,Partner,Store,62,26,3,8,0,0,0,51.07,40.2,0,4,1
207159,Budapest,Referral,Mobile,37,21,5,9,0,0,1,97.29,111.48,0,2,0
207160,Budapest,Partner,Store,61,34,6,39,0,1,2,106.85,242.6,0,3,0
207161,East,Referral,Web,47,4,12,20,1,0,2,62.34,140.07,0,3,0
207162,Budapest,Paid Search,Web,42,15,8,40,1,0,4,53.65,167.22,0,5,1
207163,South,Referral,Store,30,7,6,31,0,0,0,37.02,0.0,0,4,1
207164,West,Organic,Mobile,59,16,8,43,0,0,1,87.53,94.32,0,4,1
207165,South,Organic,Mobile,54,8,15,27,1,1,0,72.44,0.0,0,3,1
207166,North,Referral,Web,46,14,6,24,1,0,3,62.36,188.29,1,4,1
207167,Budapest,Social,Mobile,71,29,17,65,1,0,3,95.68,274.06,1,4,1
207168,West,Social,Mobile,37,34,10,57,1,1,2,89.36,148.99,0,3,0
207169,East,Partner,Web,30,16,5,21,0,0,1,73.41,40.13,0,3,1
207170,South,Referral,Web,33,9,3,9,0,1,0,81.43,14.23,0,4,0
207171,Budapest,Referral,Web,36,3,5,19,0,0,0,81.06,0.0,0,2,0
207172,South,Social,Web,69,29,9,18,0,0,5,61.88,285.21,0,3,0
207173,West,Referral,Web,39,30,9,34,1,0,3,77.77,296.53,0,4,1
207174,West,Organic,Web,54,14,10,28,1,0,0,71.6,0.0,0,3,0
207175,West,Partner,Mobile,63,3,8,61,0,1,1,71.97,92.24,0,3,0
207176,Budapest,Organic,Web,42,12,5,17,0,1,1,39.18,92.71,0,4,0
207177,East,Paid Search,Web,59,33,4,20,1,0,2,116.43,241.12,0,5,1
207178,West,Paid Search,Web,36,10,2,9,0,1,0,53.93,15.84,0,3,1
207179,Budapest,Referral,Web,39,35,10,56,1,0,0,44.43,10.5,0,4,1
207180,East,Referral,Store,58,43,6,30,0,0,2,105.55,230.0,0,3,0
207181,East,Referral,Web,48,12,4,16,1,0,1,84.13,37.66,0,3,0
207182,West,Paid Search,Web,53,34,10,37,0,0,3,103.94,369.83,1,4,1
207183,Budapest,Organic,Web,31,12,5,27,0,0,2,93.53,175.9,0,4,0
207184,Budapest,Paid Search,Store,33,63,1,3,0,0,3,100.75,293.23,0,5,1
207185,North,Paid Search,Web,58,11,4,20,1,0,0,82.59,0.0,0,4,0
207186,East,Organic,Mobile,29,13,11,45,0,0,2,45.99,88.57,1,5,0
207187,East,Social,Mobile,43,16,9,34,1,0,0,48.11,5.56,0,4,1
207188,Budapest,Organic,Mobile,61,19,14,48,1,0,6,86.02,563.66,2,5,1
207189,West,Paid Search,Mobile,36,16,10,36,0,1,0,86.1,9.83,0,4,1
207190,Budapest,Paid Search,Web,31,15,7,32,0,0,2,54.74,98.72,1,3,0
207191,West,Social,Store,36,3,5,26,1,0,1,59.46,14.57,0,4,0
207192,Budapest,Social,Web,48,46,5,15,1,0,1,57.61,139.75,0,5,0
207193,East,Partner,Web,32,1,9,35,0,1,2,77.76,226.13,0,5,1
207194,West,Paid Search,Web,49,46,10,44,0,0,2,97.51,225.69,0,5,0
207195,Budapest,Paid Search,Web,28,4,4,13,0,1,3,60.45,205.04,0,3,0
207196,Budapest,Organic,Web,36,7,2,6,0,0,3,62.65,203.59,0,4,0
207197,East,Organic,Mobile,51,4,11,52,0,1,1,69.4,103.7,0,4,0
207198,South,Referral,Mobile,38,20,6,23,0,0,2,55.7,154.91,0,4,1
207199,Budapest,Paid Search,Mobile,45,15,8,42,1,1,1,73.42,54.12,1,4,0
207200,Budapest,Referral,Web,52,18,10,32,0,0,4,91.7,385.57,0,4,0
207201,West,Organic,Store,34,27,6,13,0,0,1,103.7,140.55,0,4,1
207202,East,Paid Search,Store,54,41,8,9,1,1,4,88.75,355.87,1,4,1
207203,Budapest,Referral,Web,40,15,3,22,0,0,1,63.26,2.6,0,4,0
207204,East,Organic,Web,34,20,5,22,0,0,1,52.32,0.0,0,4,0
207205,South,Social,Web,41,12,8,45,0,0,4,38.45,112.6,0,4,0
207206,East,Social,Store,62,25,13,55,0,0,1,80.87,94.99,0,3,0
207207,South,Paid Search,Mobile,35,6,10,56,0,1,2,33.54,37.24,0,3,0
207208,South,Social,Web,36,14,7,16,1,1,1,80.95,26.19,0,5,0
207209,East,Paid Search,Web,54,21,12,28,1,1,6,70.03,421.27,0,3,0
207210,Budapest,Paid Search,Web,46,7,6,37,0,0,0,96.31,0.0,0,4,0
207211,North,Referral,Store,35,29,2,12,0,0,4,107.63,464.48,0,5,1
207212,Budapest,Paid Search,Store,51,22,3,10,0,0,5,76.98,375.69,0,3,0
207213,West,Organic,Web,45,31,8,25,0,0,2,76.11,160.42,1,4,0
207214,East,Paid Search,Web,44,22,4,15,0,0,4,38.81,124.7,0,4,0
207215,South,Organic,Web,32,40,3,9,0,1,1,69.83,30.36,0,4,0
207216,North,Partner,Store,35,15,7,18,0,0,1,50.8,19.45,0,4,0
207217,East,Paid Search,Web,42,10,11,49,1,1,1,86.04,109.87,0,3,1
207218,North,Referral,Store,32,21,7,28,1,0,1,91.13,116.42,0,3,0
207219,West,Social,Mobile,35,14,5,17,0,1,0,41.89,0.0,0,4,0
207220,West,Paid Search,Mobile,46,26,6,26,0,1,1,70.42,28.1,1,4,0
207221,Budapest,Paid Search,Store,28,66,3,10,1,1,3,80.86,256.57,0,5,1
207222,North,Paid Search,Web,51,53,8,31,1,1,6,80.73,477.0,1,4,0
207223,South,Social,Store,34,2,8,32,0,1,1,80.52,94.08,0,4,0
207224,North,Organic,Mobile,52,13,8,46,1,0,1,73.32,84.52,0,4,0
207225,Budapest,Social,Mobile,23,13,8,30,0,0,4,40.51,97.59,0,3,0
207226,Budapest,Partner,Web,56,34,7,21,1,0,2,77.67,116.59,1,4,0
207227,East,Paid Search,Mobile,57,9,13,50,0,1,2,65.56,180.64,0,3,0
207228,East,Paid Search,Store,42,12,2,11,0,1,0,65.94,37.42,0,4,0
207229,Budapest,Organic,Web,33,11,9,58,0,0,3,43.57,187.63,0,4,0
207230,West,Organic,Store,36,19,4,16,0,1,1,86.09,117.92,0,2,0
207231,East,Paid Search,Web,28,29,6,18,0,1,0,57.93,0.0,0,4,0
207232,South,Partner,Web,34,48,8,36,1,0,1,92.3,101.65,0,4,1
207233,East,Referral,Store,61,18,1,5,0,1,0,95.81,8.71,0,5,0
207234,Budapest,Referral,Mobile,23,6,10,39,1,0,0,99.29,0.0,0,3,1
207235,Budapest,Paid Search,Mobile,34,13,9,28,0,1,0,15.0,0.0,0,4,0
207236,West,Referral,Mobile,33,14,10,47,0,0,2,68.97,118.61,0,3,0
207237,South,Social,Mobile,54,41,13,43,0,0,4,66.12,294.59,1,5,1
207238,North,Organic,Web,38,22,6,21,1,0,4,80.08,381.05,0,4,0
207239,Budapest,Social,Mobile,27,18,10,31,0,0,2,76.34,119.34,0,3,1
207240,Budapest,Referral,Web,22,10,8,9,1,0,1,90.58,98.22,0,3,0
207241,West,Organic,Mobile,28,17,7,32,0,0,1,71.24,98.8,0,4,0
207242,North,Partner,Store,42,19,9,39,0,0,2,69.89,138.19,1,3,1
207243,Budapest,Social,Mobile,46,37,9,51,0,1,2,89.02,118.46,0,5,0
207244,East,Paid Search,Web,41,8,6,22,0,0,2,40.85,154.96,0,3,1
207245,South,Paid Search,Web,43,65,8,30,1,1,4,110.85,432.05,0,5,1
207246,West,Organic,Mobile,50,43,11,49,0,1,4,73.29,337.61,0,5,0
207247,Budapest,Social,Store,35,25,8,36,1,0,2,98.81,126.43,0,4,0
207248,Budapest,Paid Search,Web,39,24,12,70,0,0,6,83.51,465.38,2,5,0
207249,South,Paid Search,Web,42,22,5,20,0,0,3,74.12,214.75,0,4,0
207250,West,Social,Store,37,19,5,19,1,1,2,97.42,242.59,0,3,0
207251,Budapest,Referral,Store,54,11,9,26,1,0,0,95.74,0.0,0,4,1
207252,Budapest,Paid Search,Web,44,26,9,30,0,0,1,68.23,85.66,1,5,0
207253,Budapest,Organic,Mobile,42,11,11,43,0,1,1,68.8,86.16,0,5,1
207254,Budapest,Organic,Web,39,16,6,27,0,0,1,92.56,61.81,0,4,0
207255,East,Paid Search,Web,43,11,4,24,1,1,5,75.47,405.36,0,3,0
207256,South,Paid Search,Mobile,41,9,9,31,0,1,2,63.72,100.61,1,3,0
207257,Budapest,Referral,Web,57,12,8,26,0,1,1,74.04,106.48,0,3,0
207258,West,Social,Mobile,43,9,13,46,1,1,0,75.45,0.0,0,3,1
207259,Budapest,Social,Mobile,48,11,12,47,0,0,2,90.71,182.06,0,3,0
207260,South,Social,Mobile,47,9,7,3,0,1,1,52.25,39.03,0,3,0
207261,East,Paid Search,Store,46,11,4,14,1,1,3,86.76,221.32,2,3,1
207262,Budapest,Organic,Web,47,14,7,28,0,1,1,71.12,120.72,0,4,0
207263,East,Paid Search,Web,47,27,8,34,0,0,1,67.72,70.45,0,4,1
207264,Budapest,Referral,Mobile,34,39,12,64,1,0,1,75.05,50.53,0,4,1
207265,West,Paid Search,Mobile,35,18,8,26,1,0,2,63.96,143.62,0,4,0
207266,East,Organic,Web,37,17,7,26,0,0,0,83.6,0.0,0,4,1
207267,Budapest,Paid Search,Store,35,27,7,38,1,1,0,72.52,8.04,0,4,1
207268,Budapest,Referral,Store,54,21,4,12,1,0,1,102.81,149.45,0,5,0
207269,Budapest,Partner,Web,41,15,16,72,0,0,5,67.38,339.21,0,5,1
207270,North,Paid Search,Web,18,13,5,5,0,0,0,80.95,7.09,0,2,0
207271,East,Partner,Mobile,54,17,10,49,1,1,3,78.98,277.33,1,4,1
207272,East,Social,Web,37,37,7,25,0,0,1,85.13,72.46,0,4,0
207273,West,Organic,Web,39,16,11,31,1,0,1,113.39,99.25,0,2,0
207274,South,Partner,Mobile,44,1,16,73,0,0,0,92.64,18.94,0,4,1
207275,East,Partner,Mobile,39,18,11,38,1,0,1,60.91,53.72,0,4,1
207276,East,Organic,Web,33,27,8,13,1,0,1,87.34,148.22,0,4,1
207277,West,Referral,Web,52,13,7,37,0,0,1,77.17,92.51,0,2,0
207278,West,Paid Search,Web,31,9,5,24,1,0,4,57.06,263.98,0,4,0
207279,South,Organic,Store,41,17,4,31,1,1,3,97.09,247.22,0,5,0
207280,South,Social,Web,48,7,7,9,0,0,0,72.94,18.57,0,5,1
207281,North,Partner,Mobile,24,14,14,63,0,1,2,52.03,124.67,0,3,1
207282,South,Organic,Web,47,31,7,32,0,0,6,77.35,439.7,0,4,0
207283,Budapest,Social,Mobile,38,24,6,25,0,0,0,66.63,40.53,0,3,0
207284,South,Paid Search,Mobile,57,37,15,80,0,0,3,99.41,341.41,0,4,1
207285,Budapest,Social,Mobile,45,72,8,42,1,1,2,89.48,127.9,0,5,0
207286,West,Partner,Store,35,34,6,23,0,0,3,97.2,317.81,0,4,0
207287,East,Paid Search,Mobile,62,13,13,53,1,0,0,56.79,55.75,0,3,1
207288,West,Organic,Mobile,30,41,6,21,1,1,4,101.3,435.35,0,4,0
207289,Budapest,Referral,Mobile,26,31,7,34,1,0,3,87.68,308.23,0,4,0
207290,West,Referral,Mobile,65,16,5,25,1,0,1,68.53,32.79,0,3,0
207291,West,Paid Search,Mobile,38,8,15,48,1,1,2,24.28,52.93,0,4,0
207292,Budapest,Referral,Mobile,44,14,6,19,0,0,0,79.25,5.23,0,4,1
207293,Budapest,Social,Web,54,10,8,20,0,1,2,72.53,128.53,0,5,0
207294,South,Referral,Mobile,19,44,12,37,0,1,2,73.09,112.41,0,4,1
207295,Budapest,Paid Search,Web,32,9,6,16,0,1,0,87.51,27.66,0,4,0
207296,South,Social,Mobile,42,22,10,29,1,1,4,66.66,314.17,1,5,1
207297,West,Social,Web,48,17,5,13,1,0,1,82.09,87.54,0,3,0
207298,West,Paid Search,Web,43,23,12,30,1,0,0,98.91,0.0,0,4,1
207299,Budapest,Organic,Web,37,28,10,31,0,0,4,83.24,309.85,0,5,1
207300,West,Social,Web,18,27,4,12,1,0,1,85.2,40.0,0,3,0
207301,East,Organic,Web,31,19,11,63,1,0,2,60.36,109.41,0,3,0
207302,Budapest,Partner,Web,47,41,6,27,1,0,0,72.29,15.81,0,4,1
207303,Budapest,Referral,Store,39,22,8,42,0,0,1,85.47,57.42,1,4,0
207304,West,Paid Search,Store,57,38,7,35,1,1,4,81.19,277.94,0,4,0
207305,West,Organic,Web,30,29,7,24,0,0,0,75.41,21.88,0,4,0
207306,Budapest,Organic,Mobile,37,34,13,83,0,0,2,54.71,111.32,0,4,1
207307,Budapest,Paid Search,Store,50,11,4,18,0,0,1,87.19,84.96,0,2,0
207308,West,Referral,Web,57,22,7,20,0,1,1,64.37,32.33,0,3,1
207309,East,Social,Web,36,10,4,21,0,1,1,30.99,43.78,0,3,1
207310,West,Social,Store,34,34,7,38,1,0,3,61.08,180.34,0,3,0
207311,East,Organic,Mobile,54,58,6,26,1,0,0,72.55,33.92,0,5,0
207312,Budapest,Organic,Web,35,24,4,22,0,0,1,101.81,83.6,0,4,0
207313,Budapest,Referral,Web,30,7,8,37,1,0,0,33.21,9.41,0,3,0
207314,Budapest,Organic,Mobile,50,19,17,77,1,0,3,83.37,244.5,0,4,0
207315,North,Partner,Web,60,22,7,39,1,0,0,57.86,0.4,0,5,1
207316,West,Organic,Web,41,31,10,31,0,1,1,55.67,40.06,0,4,0
207317,East,Social,Web,24,28,10,40,1,1,1,70.7,51.3,1,4,0
207318,East,Paid Search,Web,33,22,3,14,1,1,1,63.56,62.52,0,3,0
207319,Budapest,Referral,Web,33,16,7,24,0,1,0,69.21,18.97,0,4,1
207320,West,Paid Search,Store,69,6,4,18,1,0,1,101.99,110.75,0,3,0
207321,East,Partner,Mobile,44,11,13,61,0,0,1,66.5,104.69,0,3,0
207322,East,Paid Search,Web,34,23,8,42,0,0,4,69.16,284.76,0,3,0
207323,West,Paid Search,Web,52,29,10,49,0,1,2,71.31,129.6,0,5,1
207324,North,Paid Search,Mobile,23,7,10,43,1,1,2,28.49,29.77,0,5,0
207325,East,Paid Search,Web,41,18,9,28,0,0,4,55.04,181.42,0,4,0
207326,Budapest,Organic,Mobile,47,10,8,33,1,0,2,72.86,141.17,1,4,1
207327,South,Social,Web,53,22,6,21,0,1,3,90.75,291.37,0,3,0
207328,West,Referral,Mobile,45,17,7,13,0,1,2,62.92,130.02,0,4,0
207329,Budapest,Organic,Store,36,18,9,36,1,0,3,82.36,219.96,2,2,1
207330,Budapest,Social,Web,51,13,12,49,1,0,3,55.4,197.33,0,4,1
207331,East,Social,Web,49,11,5,13,0,1,3,86.64,260.24,0,5,0
207332,North,Organic,Web,51,47,6,24,1,0,2,90.71,213.83,0,4,0
207333,South,Referral,Mobile,37,17,7,33,1,1,2,98.51,156.02,0,3,0
207334,Budapest,Social,Store,34,14,5,15,0,1,0,57.38,0.0,0,4,0
207335,Budapest,Social,Web,19,42,16,50,1,1,4,57.42,231.99,1,5,1
207336,Budapest,Organic,Mobile,30,37,16,58,1,0,6,83.1,485.56,0,4,1
207337,Budapest,Referral,Store,43,10,6,22,0,1,4,76.15,282.61,0,4,1
207338,North,Organic,Mobile,37,21,7,24,1,0,0,84.76,0.0,0,2,0
207339,West,Social,Web,50,20,9,41,1,1,4,99.66,425.66,1,3,0
207340,East,Organic,Mobile,40,6,6,29,1,1,0,60.3,12.59,0,3,0
207341,East,Organic,Web,48,30,5,34,0,1,0,80.01,0.0,0,4,0
207342,East,Referral,Mobile,27,11,6,24,0,0,1,83.18,18.79,0,4,0
207343,South,Partner,Mobile,41,52,8,29,1,0,2,92.92,148.74,1,5,1
207344,West,Organic,Store,31,28,11,68,0,1,3,68.12,236.95,0,2,0
207345,West,Paid Search,Mobile,41,2,12,43,1,0,4,70.0,232.3,0,4,0
207346,Budapest,Organic,Web,31,68,9,28,1,1,5,109.01,599.47,0,5,0
207347,East,Referral,Mobile,42,30,9,32,0,0,2,84.89,199.15,1,4,0
207348,Budapest,Organic,Web,50,12,6,29,0,0,0,86.16,0.0,0,4,1
207349,West,Paid Search,Web,44,44,5,14,1,0,6,75.25,389.27,0,4,1
207350,North,Partner,Store,30,37,7,37,0,0,1,105.52,112.23,0,4,1
207351,East,Paid Search,Web,36,11,5,16,0,1,0,59.05,0.0,0,2,0
207352,Budapest,Partner,Mobile,47,26,12,32,1,1,2,77.02,175.79,0,3,1
207353,South,Organic,Mobile,25,19,12,73,1,0,3,38.86,125.39,1,3,1
207354,Budapest,Paid Search,Web,21,7,6,21,0,1,3,73.86,197.77,0,4,1
207355,East,Referral,Web,41,35,4,22,0,0,3,45.88,137.07,0,5,0
207356,Budapest,Referral,Web,27,25,9,40,0,1,1,102.77,123.95,1,5,1
207357,East,Organic,Store,35,31,3,12,1,0,1,66.64,104.1,0,4,0
207358,West,Social,Web,47,10,8,41,1,0,1,51.06,79.31,0,4,0
207359,North,Organic,Web,42,9,3,6,0,0,1,70.76,132.73,0,4,1
207360,Budapest,Social,Mobile,23,55,18,62,1,0,4,118.59,482.24,0,5,1
207361,West,Social,Web,49,13,7,18,1,1,1,75.17,19.8,0,4,1
207362,West,Organic,Store,36,24,4,13,0,0,1,64.88,70.35,0,5,0
207363,Budapest,Social,Web,26,20,10,8,0,1,2,55.98,103.88,0,3,0
207364,Budapest,Referral,Store,56,12,3,10,1,1,2,105.77,189.31,0,4,0
207365,Budapest,Paid Search,Web,50,29,6,25,1,1,1,75.67,132.25,0,5,0
207366,West,Organic,Web,36,10,5,14,1,1,1,88.51,146.17,0,4,1
207367,West,Social,Store,46,9,5,11,0,1,0,60.01,0.0,0,3,0
207368,North,Social,Store,41,17,8,40,1,0,0,63.57,57.24,0,4,0
207369,East,Referral,Store,33,6,5,19,0,0,0,69.54,8.8,0,3,0
207370,West,Social,Store,55,14,5,22,0,1,2,84.52,80.21,0,4,0
207371,East,Organic,Web,19,47,8,31,0,1,4,89.51,345.6,0,4,0
207372,Budapest,Referral,Web,29,15,6,21,0,0,4,98.72,472.58,0,3,1
207373,North,Organic,Web,36,11,5,20,0,1,1,29.55,45.92,0,4,0
207374,Budapest,Referral,Web,45,13,3,14,0,0,3,87.05,161.4,0,4,1
207375,West,Paid Search,Web,46,30,3,9,0,1,1,82.98,45.53,0,4,0
207376,West,Organic,Store,35,5,7,9,0,1,1,54.92,35.99,0,3,0
207377,East,Paid Search,Web,48,7,8,37,1,0,0,82.36,0.0,0,4,0
207378,South,Paid Search,Mobile,41,4,12,25,0,1,2,47.87,121.09,0,5,1
207379,North,Social,Mobile,40,26,8,12,0,0,2,89.72,205.99,0,4,1
207380,East,Paid Search,Mobile,47,19,11,47,0,1,4,83.96,449.76,1,4,0
207381,Budapest,Referral,Web,41,11,4,13,0,0,0,72.62,0.0,0,4,1
207382,North,Organic,Store,37,22,2,8,0,0,2,100.2,194.09,0,2,0
207383,Budapest,Referral,Web,41,16,11,29,1,0,2,102.75,207.7,0,5,1
207384,Budapest,Paid Search,Web,51,34,6,27,0,0,0,70.11,12.64,0,4,0
207385,East,Organic,Web,55,26,7,25,0,0,1,89.69,83.11,1,3,1
207386,West,Partner,Store,29,39,6,23,1,0,2,81.32,148.13,0,4,0
207387,West,Partner,Mobile,21,20,9,38,1,0,0,63.65,0.0,0,3,1
207388,North,Referral,Mobile,47,4,9,19,0,0,1,96.22,48.37,0,4,1
207389,North,Referral,Mobile,20,6,10,49,0,1,0,46.54,19.63,0,3,0
207390,South,Organic,Web,28,18,6,31,1,0,1,58.94,12.7,0,4,0
207391,East,Referral,Mobile,18,20,9,37,1,1,3,35.17,85.29,0,4,0
207392,Budapest,Paid Search,Store,44,25,4,15,0,0,1,60.35,56.55,0,4,0
207393,East,Organic,Web,31,13,6,27,0,0,2,53.39,101.88,1,4,0
207394,South,Referral,Store,59,28,4,20,0,0,2,151.18,333.26,0,4,0
207395,East,Paid Search,Web,47,21,5,21,0,0,1,123.24,136.22,0,4,0
207396,South,Paid Search,Web,44,13,5,24,0,1,0,49.58,28.6,0,4,1
207397,South,Organic,Web,32,16,7,30,0,1,1,44.44,101.04,0,5,0
207398,East,Referral,Mobile,30,7,7,36,0,1,2,69.18,131.56,0,3,0
207399,West,Social,Mobile,36,11,9,33,0,1,0,54.55,0.0,0,3,1
207400,South,Partner,Mobile,46,18,6,28,0,0,1,89.72,86.12,0,4,1
207401,West,Referral,Mobile,52,8,9,28,0,0,0,86.88,0.0,0,3,0
207402,East,Organic,Web,50,5,9,26,0,1,0,48.14,0.0,0,4,1
207403,North,Organic,Web,33,24,6,23,0,0,4,75.7,326.21,0,4,0
207404,South,Paid Search,Web,50,15,7,20,1,0,1,79.49,40.59,0,5,1
207405,Budapest,Social,Mobile,59,63,9,39,0,1,3,104.94,289.4,0,5,0
207406,East,Paid Search,Mobile,24,37,11,41,1,1,1,61.36,107.05,0,4,1
207407,South,Social,Store,52,5,8,30,0,1,1,40.31,3.73,0,3,0
207408,East,Paid Search,Web,33,7,5,24,0,0,0,92.14,0.0,0,3,0
207409,Budapest,Paid Search,Web,29,14,9,33,1,0,1,59.58,66.33,0,2,1
207410,Budapest,Organic,Mobile,38,32,7,37,0,0,1,66.07,68.9,0,4,0
207411,East,Social,Mobile,42,6,10,28,0,0,1,52.97,45.08,0,4,0
207412,East,Referral,Web,38,8,8,34,0,1,2,62.39,147.52,1,4,1
207413,Budapest,Organic,Web,42,27,9,17,1,0,2,43.88,70.91,0,4,0
207414,South,Referral,Mobile,29,32,10,37,0,0,3,59.74,187.88,0,3,1
207415,West,Referral,Web,55,44,11,70,1,0,0,108.43,6.15,0,4,0
207416,West,Referral,Web,36,8,6,26,0,1,3,60.58,145.87,0,4,0
207417,North,Social,Store,32,31,5,21,0,1,1,90.27,64.36,0,4,1
207418,South,Paid Search,Mobile,39,6,6,18,0,1,1,80.58,81.12,0,4,0
207419,Budapest,Organic,Web,68,21,14,65,1,0,1,73.27,59.9,0,4,1
207420,East,Partner,Web,55,25,10,42,1,1,1,81.35,59.79,0,4,1
207421,Budapest,Organic,Mobile,39,5,10,35,0,0,1,55.56,97.96,0,3,1
207422,North,Organic,Web,52,13,11,42,1,0,1,74.58,0.0,0,3,0
207423,East,Paid Search,Mobile,46,19,8,30,1,1,1,72.86,142.4,0,5,1
207424,East,Referral,Web,40,41,11,46,1,0,1,100.57,89.18,0,4,0
207425,North,Paid Search,Mobile,52,28,8,26,1,0,3,97.99,351.83,0,4,1
207426,West,Social,Web,50,16,5,26,0,1,1,82.54,134.24,0,3,0
207427,West,Partner,Web,47,48,7,30,0,1,2,94.5,185.85,0,4,1
207428,East,Social,Mobile,62,24,11,42,1,0,4,107.03,477.83,0,4,1
207429,Budapest,Organic,Web,44,58,9,37,1,0,4,74.21,315.44,0,4,1
207430,East,Organic,Store,24,8,3,18,0,0,0,91.67,0.0,0,3,0
207431,South,Social,Web,29,24,8,23,0,1,7,86.77,654.86,2,4,0
207432,East,Referral,Mobile,18,35,5,18,1,0,6,85.63,555.4,0,4,1
207433,South,Partner,Web,18,8,13,51,1,0,0,30.8,0.0,0,5,1
207434,Budapest,Referral,Mobile,44,37,12,62,1,1,3,104.23,321.12,0,4,0
207435,North,Organic,Mobile,36,39,12,31,0,0,3,93.1,313.62,0,5,1
207436,West,Paid Search,Mobile,41,9,11,50,1,1,2,55.31,91.88,1,4,0
207437,Budapest,Social,Store,43,3,6,21,0,0,0,71.6,0.0,0,3,0
207438,North,Paid Search,Web,60,23,6,20,0,0,1,111.27,57.4,0,3,0
207439,North,Paid Search,Mobile,69,16,6,16,0,0,0,141.66,44.21,0,5,0
207440,Budapest,Paid Search,Store,48,13,8,37,0,1,3,73.6,180.93,0,3,0
207441,West,Paid Search,Mobile,53,40,9,29,0,0,1,69.1,56.05,0,4,0
207442,North,Organic,Web,45,19,6,31,0,1,1,51.15,93.26,0,4,1
207443,Budapest,Social,Web,34,11,8,41,0,0,2,34.95,0.0,0,3,0
207444,East,Paid Search,Web,32,5,9,46,0,0,0,49.26,42.56,0,4,1
207445,East,Organic,Web,27,15,10,45,1,0,0,97.53,0.0,0,4,0
207446,East,Organic,Web,48,20,5,23,0,0,4,67.87,186.17,1,5,0
207447,West,Organic,Mobile,50,16,10,47,1,1,0,88.77,31.64,0,3,0
207448,Budapest,Paid Search,Mobile,47,26,13,50,0,1,5,18.96,106.8,2,5,0
207449,West,Paid Search,Web,53,15,10,43,0,0,1,81.06,82.91,0,4,0
207450,Budapest,Social,Mobile,48,15,10,48,0,0,0,94.17,0.0,0,4,1
207451,North,Partner,Mobile,50,21,12,54,0,0,1,69.73,105.75,0,4,1
207452,West,Organic,Web,36,8,9,39,1,0,3,85.77,298.15,0,3,1
207453,East,Social,Web,34,13,10,46,1,0,1,41.54,67.75,0,5,1
207454,North,Partner,Web,37,17,4,17,1,0,1,93.72,118.73,0,2,1
207455,West,Organic,Web,37,21,10,27,1,0,1,60.59,76.26,0,4,0
207456,Budapest,Organic,Web,30,20,9,40,1,1,1,52.62,58.73,0,5,0
207457,West,Organic,Mobile,52,4,8,32,0,0,1,71.45,47.41,0,4,0
207458,East,Social,Web,36,30,8,23,0,0,2,86.19,208.07,0,3,0
207459,West,Referral,Mobile,42,29,11,39,1,1,3,75.24,233.55,0,5,1
207460,North,Paid Search,Web,50,26,4,12,0,0,0,60.69,0.0,0,3,0
207461,South,Paid Search,Web,27,29,6,32,0,1,1,42.83,24.58,0,4,1
207462,Budapest,Referral,Mobile,41,18,11,53,1,0,1,77.67,86.63,0,5,1
207463,South,Referral,Web,37,12,6,23,0,1,1,73.1,90.86,0,4,0
207464,Budapest,Organic,Mobile,53,20,11,49,1,0,1,90.46,120.75,0,4,0
207465,Budapest,Paid Search,Web,49,21,5,23,0,0,0,101.23,90.53,0,4,0
207466,West,Social,Store,35,33,9,36,1,0,4,76.81,337.85,0,4,0
207467,South,Paid Search,Web,47,36,8,25,0,0,3,89.81,254.41,0,2,0
207468,West,Organic,Web,46,15,6,26,0,0,2,66.36,130.75,0,4,0
207469,South,Partner,Mobile,44,55,19,99,1,0,1,88.24,107.33,0,4,1
207470,Budapest,Referral,Mobile,59,7,18,34,0,0,3,80.59,246.77,0,4,1
207471,East,Organic,Web,33,16,5,11,1,0,1,72.23,92.59,0,4,1
207472,Budapest,Paid Search,Store,45,15,7,37,0,0,0,78.35,0.0,0,4,0
207473,Budapest,Organic,Web,30,35,9,29,0,1,1,69.31,85.65,0,5,0
207474,Budapest,Paid Search,Mobile,38,14,5,17,0,0,1,44.76,23.0,0,4,1
207475,South,Referral,Mobile,57,17,7,28,0,0,2,80.76,133.43,0,3,0
207476,East,Paid Search,Mobile,52,4,8,32,0,0,0,46.72,0.0,0,3,0
207477,Budapest,Referral,Mobile,46,10,9,23,1,0,1,86.87,5.68,0,4,0
207478,North,Organic,Mobile,59,22,8,31,0,0,0,125.48,0.0,0,4,0
207479,South,Referral,Mobile,31,27,12,49,0,1,5,79.88,442.17,0,4,0
207480,East,Organic,Store,41,14,3,18,0,0,0,67.25,0.0,0,5,0
207481,West,Organic,Web,53,6,7,16,1,0,2,24.94,78.31,0,4,0
207482,Budapest,Organic,Web,49,8,5,20,0,0,0,77.06,9.94,0,4,0
207483,Budapest,Organic,Web,48,31,9,30,0,0,1,72.63,64.99,0,4,0
207484,North,Referral,Web,28,23,6,23,0,0,0,70.59,27.31,0,4,1
207485,North,Referral,Mobile,52,27,9,27,0,0,2,66.38,115.38,0,4,0
207486,Budapest,Paid Search,Mobile,24,6,9,37,1,1,2,48.05,104.37,0,4,0
207487,Budapest,Organic,Store,40,27,2,5,0,0,0,78.66,0.18,0,5,0
207488,Budapest,Paid Search,Web,46,6,10,52,0,1,4,29.12,151.32,1,4,0
207489,West,Organic,Mobile,41,25,10,46,0,0,2,77.32,132.59,1,4,1
207490,South,Paid Search,Web,30,27,7,31,1,0,3,67.71,167.71,0,5,0
207491,East,Organic,Web,45,35,4,26,0,1,2,32.56,73.05,1,3,0
207492,Budapest,Organic,Mobile,38,58,14,33,1,0,0,94.81,24.81,0,4,1
207493,South,Paid Search,Store,47,15,6,18,0,1,0,76.1,30.79,0,4,1
207494,Budapest,Organic,Store,46,18,3,11,0,0,0,83.09,28.55,0,4,1
207495,West,Organic,Web,29,13,5,24,1,0,2,36.37,118.83,0,4,0
207496,Budapest,Paid Search,Web,45,5,6,13,0,1,1,92.06,110.9,0,4,1
207497,Budapest,Referral,Web,41,11,4,9,0,0,0,80.07,23.28,0,3,0
207498,Budapest,Paid Search,Store,66,20,3,5,0,1,1,86.89,78.68,0,5,0
207499,North,Paid Search,Web,50,17,8,35,0,0,3,80.49,230.69,0,4,0
207500,East,Organic,Web,51,28,4,8,1,0,1,94.51,109.3,0,3,0
207501,West,Partner,Mobile,54,25,11,14,0,1,3,63.8,230.69,0,5,1
207502,West,Organic,Mobile,36,23,5,18,0,0,0,69.71,0.0,0,4,1
207503,Budapest,Partner,Web,34,29,1,8,0,0,0,77.39,43.44,0,3,0
207504,West,Partner,Mobile,44,51,6,33,0,0,2,103.14,210.4,0,5,0
207505,North,Organic,Web,53,55,8,42,0,0,2,122.35,288.33,0,5,0
207506,South,Social,Mobile,48,23,17,76,1,0,1,85.61,81.43,0,4,1
207507,Budapest,Organic,Mobile,47,11,9,29,0,0,2,94.29,153.09,0,4,1
207508,Budapest,Social,Mobile,28,41,7,12,0,1,2,38.01,100.14,0,5,0
207509,East,Organic,Mobile,59,10,10,50,1,0,0,125.39,27.66,0,4,0
207510,North,Organic,Mobile,36,25,11,39,1,1,2,99.79,147.67,0,4,0
207511,East,Organic,Web,29,7,5,16,0,1,3,64.72,145.6,1,3,0
207512,South,Organic,Web,35,23,5,12,0,1,1,66.53,31.58,0,4,1
207513,South,Referral,Web,29,28,6,35,0,0,0,95.8,22.78,0,4,1
207514,Budapest,Referral,Mobile,56,39,10,37,0,1,5,96.32,532.47,0,5,1
207515,Budapest,Paid Search,Web,47,4,6,21,0,0,3,92.25,237.53,0,4,0
207516,West,Referral,Store,33,25,9,42,0,1,3,73.21,242.77,0,5,0
207517,East,Referral,Web,55,35,9,34,0,1,3,73.97,217.33,0,4,0
207518,Budapest,Referral,Web,53,30,7,47,0,0,1,77.42,0.0,0,4,1
207519,Budapest,Partner,Store,50,27,5,20,0,0,2,107.05,230.25,0,4,0
207520,Budapest,Referral,Web,26,16,9,37,0,1,3,56.0,195.08,0,3,0
207521,North,Paid Search,Mobile,49,15,7,24,1,1,2,49.48,137.91,0,4,0
207522,West,Organic,Store,31,13,9,39,1,1,1,57.52,0.0,0,3,1
207523,Budapest,Organic,Web,56,22,7,26,0,1,1,70.83,50.96,0,3,1
207524,Budapest,Partner,Store,37,29,10,50,1,1,3,89.08,299.12,1,4,0
207525,East,Paid Search,Mobile,54,16,6,15,0,0,1,94.83,78.77,0,5,0
207526,South,Social,Store,40,19,6,27,0,1,2,104.89,183.75,0,3,1
207527,South,Paid Search,Store,40,17,8,38,1,0,3,72.87,234.73,0,4,1
207528,South,Referral,Web,50,38,9,45,1,0,1,108.57,92.85,0,4,0
207529,Budapest,Paid Search,Web,33,38,7,21,0,1,2,78.08,148.47,2,5,0
207530,Budapest,Partner,Web,46,2,9,24,0,1,0,53.98,0.0,0,3,0
207531,Budapest,Referral,Web,42,13,5,22,0,0,0,41.35,0.0,0,3,0
207532,East,Paid Search,Mobile,37,10,11,52,1,1,0,32.01,0.0,0,2,0
207533,Budapest,Partner,Web,55,15,5,18,1,0,1,58.43,49.7,0,4,0
207534,South,Partner,Web,44,6,2,11,0,1,1,57.41,116.89,0,4,0
207535,North,Referral,Store,36,19,9,28,0,0,2,52.94,142.23,0,5,1
207536,South,Paid Search,Mobile,28,19,4,16,0,1,0,82.79,33.72,0,2,1
207537,Budapest,Paid Search,Mobile,34,9,9,23,0,0,2,102.63,185.67,0,4,0
207538,Budapest,Referral,Mobile,48,11,11,65,1,0,2,89.99,212.82,0,4,1
207539,East,Referral,Web,19,24,6,21,0,0,1,75.17,94.52,0,3,0
207540,West,Paid Search,Mobile,38,15,6,24,1,1,0,64.8,0.0,0,3,1
207541,West,Referral,Web,37,18,3,14,1,1,1,77.18,0.0,0,4,1
207542,West,Referral,Store,43,28,4,13,0,1,1,92.57,45.51,0,4,0
207543,West,Organic,Web,44,13,7,43,0,0,3,95.08,316.99,0,4,0
207544,West,Organic,Web,20,15,8,46,0,0,4,56.24,244.09,0,5,1
207545,Budapest,Referral,Web,32,19,9,58,0,0,2,46.89,82.0,0,2,0
207546,West,Paid Search,Web,33,16,7,26,0,0,0,53.96,0.0,0,3,0
207547,East,Organic,Web,43,26,6,32,0,0,2,75.56,187.48,0,3,0
207548,Budapest,Partner,Web,53,7,3,11,0,0,0,88.75,0.0,0,4,0
207549,North,Organic,Mobile,29,3,10,46,1,1,1,26.92,23.63,0,3,0
207550,West,Paid Search,Web,29,10,7,20,0,0,0,27.64,44.76,0,4,1
207551,Budapest,Referral,Mobile,39,37,2,15,0,1,1,71.19,55.48,0,3,0
207552,West,Paid Search,Web,54,23,10,32,0,1,3,75.43,213.04,0,4,1
207553,Budapest,Social,Web,43,21,7,14,0,1,2,78.03,195.57,0,3,0
207554,Budapest,Paid Search,Web,51,22,5,24,0,1,1,89.68,106.75,0,4,1
207555,Budapest,Organic,Web,23,15,7,28,0,0,1,58.53,36.18,0,4,0
207556,South,Paid Search,Mobile,60,22,10,33,0,1,2,91.41,155.83,0,5,0
207557,East,Referral,Store,45,14,7,36,1,1,1,88.31,82.91,0,3,1
207558,Budapest,Social,Web,29,29,4,23,0,1,2,48.7,68.1,0,5,1
207559,South,Social,Mobile,45,7,11,58,0,0,0,81.7,0.0,0,4,0
207560,North,Organic,Web,32,7,11,38,0,0,0,71.61,0.0,0,3,0
207561,Budapest,Paid Search,Web,31,19,19,76,1,1,6,45.84,290.2,2,4,0
207562,Budapest,Social,Web,44,22,9,30,0,0,2,68.17,186.89,0,4,0
207563,West,Organic,Store,44,26,6,29,1,1,3,78.81,207.75,0,3,0
207564,South,Social,Web,32,23,6,26,0,1,1,73.11,49.0,0,4,0
207565,Budapest,Paid Search,Web,45,17,5,21,1,0,3,66.6,204.98,0,3,0
207566,Budapest,Organic,Web,56,22,8,35,0,0,1,76.35,48.67,0,4,0
207567,Budapest,Social,Mobile,48,16,9,48,1,0,1,29.57,53.2,0,4,1
207568,South,Referral,Store,38,33,3,14,1,0,1,80.8,68.81,1,2,0
207569,North,Paid Search,Web,45,16,12,65,0,0,2,87.34,190.97,0,4,1
207570,South,Social,Web,39,7,4,17,0,0,1,87.44,46.44,0,4,0
207571,North,Organic,Web,46,27,5,22,0,0,0,102.6,0.0,0,3,0
207572,South,Paid Search,Web,40,12,5,20,1,1,0,44.97,16.68,0,5,1
207573,Budapest,Organic,Web,48,13,4,17,0,0,2,75.08,88.06,0,3,0
207574,East,Organic,Mobile,23,37,11,61,1,0,1,86.68,128.51,0,4,0
207575,East,Referral,Web,23,25,4,15,0,1,4,28.48,85.36,0,4,1
207576,West,Organic,Mobile,62,16,8,26,0,0,2,56.21,155.14,0,2,0
207577,North,Social,Web,45,3,11,58,0,0,0,85.96,0.0,0,4,0
207578,Budapest,Organic,Web,43,14,6,16,0,0,0,63.7,6.31,0,3,0
207579,Budapest,Referral,Web,44,28,12,65,0,0,5,78.34,389.92,0,4,1
207580,South,Paid Search,Web,31,3,6,26,1,0,0,85.11,33.42,0,3,1
207581,South,Organic,Mobile,48,9,6,29,0,0,0,60.96,0.0,0,3,0
207582,West,Paid Search,Store,43,21,6,23,1,0,3,53.16,158.22,0,5,0
207583,North,Organic,Web,39,20,5,16,1,0,0,32.76,20.94,0,4,1
207584,Budapest,Partner,Web,32,10,7,17,1,1,0,64.73,0.0,0,4,0
207585,North,Paid Search,Web,36,23,9,33,0,0,2,86.46,169.99,1,4,0
207586,Budapest,Social,Web,41,22,4,13,1,0,2,63.52,70.79,0,4,1
207587,West,Paid Search,Store,41,42,6,18,0,0,2,77.71,195.52,0,5,0
207588,East,Organic,Store,31,12,5,21,1,0,1,81.84,0.0,0,3,0
207589,West,Organic,Web,38,31,8,40,0,0,4,79.91,380.51,0,4,0
207590,West,Paid Search,Web,40,26,11,34,0,0,1,67.32,55.83,0,5,0
207591,Budapest,Organic,Web,58,13,10,20,0,0,3,74.73,215.55,0,3,1
207592,South,Organic,Web,43,7,8,29,0,0,3,58.8,222.83,0,4,0
207593,East,Social,Store,30,4,5,22,0,0,0,76.67,30.22,0,4,0
207594,West,Social,Web,53,15,10,35,0,0,4,80.56,284.72,1,4,1
207595,Budapest,Social,Mobile,60,15,8,35,0,1,1,95.83,17.29,0,4,1
207596,Budapest,Referral,Web,47,5,10,35,1,0,2,63.45,80.77,0,4,1
207597,East,Organic,Mobile,44,24,12,40,0,0,4,75.27,269.14,0,4,0
207598,West,Paid Search,Web,56,12,8,42,0,0,1,72.38,107.11,0,4,0
207599,Budapest,Referral,Web,28,9,8,31,0,0,1,52.07,92.12,0,4,0
207600,Budapest,Social,Mobile,40,25,8,15,1,0,0,95.48,28.13,0,5,1
207601,North,Organic,Web,37,24,10,37,0,1,4,70.3,307.1,1,4,1
207602,South,Partner,Mobile,52,5,7,38,1,0,1,87.67,80.14,0,4,0
207603,Budapest,Partner,Web,56,8,11,31,1,0,1,80.92,75.42,0,4,1
207604,North,Paid Search,Store,35,10,3,8,0,0,0,127.24,0.0,0,2,0
207605,West,Paid Search,Web,34,47,14,45,1,1,2,107.15,204.05,0,5,1
207606,East,Referral,Mobile,37,28,16,63,0,1,2,112.72,192.68,0,5,1
207607,Budapest,Referral,Store,40,23,7,30,0,0,3,90.29,271.66,1,3,0
207608,Budapest,Organic,Web,45,23,7,22,1,0,1,80.11,41.32,0,3,0
207609,South,Referral,Web,38,19,5,22,1,0,1,50.73,13.23,0,4,1
207610,Budapest,Referral,Mobile,36,25,9,32,1,1,3,55.21,135.46,0,4,0
207611,West,Paid Search,Mobile,35,44,9,45,1,0,2,67.59,72.81,0,5,1
207612,South,Paid Search,Web,30,18,9,26,0,1,4,57.15,257.24,0,3,0
207613,Budapest,Paid Search,Web,38,25,11,29,0,1,2,43.99,40.11,1,4,0
207614,East,Organic,Store,49,19,7,16,1,0,0,111.28,0.0,0,3,0
207615,East,Social,Store,30,13,4,21,0,0,3,74.13,156.91,0,3,1
207616,Budapest,Referral,Web,18,5,15,70,1,0,2,57.26,77.9,0,2,1
207617,Budapest,Partner,Mobile,46,17,10,34,1,1,1,67.98,40.55,0,5,1
207618,East,Organic,Mobile,48,3,10,44,1,0,0,50.8,1.15,0,2,0
207619,North,Paid Search,Mobile,36,31,6,28,0,0,1,102.75,154.7,0,5,1
207620,West,Referral,Web,39,14,6,19,0,0,1,59.3,41.71,0,4,0
207621,West,Partner,Mobile,29,43,7,22,1,0,1,96.65,141.64,0,4,0
207622,Budapest,Paid Search,Mobile,47,29,3,10,0,0,5,89.08,464.61,0,5,1
207623,Budapest,Partner,Mobile,52,43,9,35,0,0,1,94.96,142.37,0,3,0
207624,Budapest,Paid Search,Store,32,25,7,35,0,0,2,60.26,93.67,0,4,0
207625,West,Organic,Store,38,10,9,38,0,0,3,93.81,285.4,0,4,0
207626,Budapest,Paid Search,Mobile,36,7,15,42,0,1,1,41.32,19.77,0,3,0
207627,Budapest,Paid Search,Web,47,27,5,8,1,1,1,89.21,67.52,0,3,0
207628,East,Referral,Web,49,40,4,8,0,0,1,78.42,11.06,0,5,1
207629,West,Organic,Mobile,50,12,12,74,0,0,1,78.21,61.46,0,4,0
207630,West,Organic,Store,41,12,6,25,0,1,1,60.91,0.0,0,4,0
207631,West,Organic,Store,53,19,7,32,0,1,0,62.38,0.0,0,4,0
207632,Budapest,Organic,Mobile,21,10,5,18,0,0,1,51.04,36.18,0,5,1
207633,Budapest,Social,Mobile,59,40,9,39,0,0,2,108.32,223.45,0,5,0
207634,Budapest,Paid Search,Web,28,10,8,37,0,0,0,62.1,7.57,0,3,0
207635,Budapest,Social,Web,40,11,9,26,0,0,1,70.12,78.81,0,3,0
207636,East,Organic,Web,54,23,9,55,1,1,3,47.17,143.38,0,4,0
207637,South,Social,Web,35,20,5,22,0,0,2,76.53,165.21,0,3,0
207638,Budapest,Organic,Mobile,37,8,12,28,1,0,0,40.36,0.0,0,3,0
207639,Budapest,Social,Web,40,27,5,25,0,0,0,88.71,9.87,0,3,0
207640,West,Organic,Web,43,63,3,12,0,1,2,96.48,230.57,0,5,1
207641,Budapest,Social,Mobile,37,15,9,47,0,0,1,41.28,25.68,0,5,1
207642,Budapest,Paid Search,Store,60,13,6,27,0,1,1,95.38,101.83,0,3,0
207643,Budapest,Social,Store,38,27,3,16,1,0,2,89.08,223.18,2,3,1
207644,East,Organic,Web,37,29,5,21,0,0,0,100.56,0.0,0,3,0
207645,East,Organic,Mobile,31,6,9,31,0,0,1,64.91,106.5,0,3,0
207646,West,Social,Store,50,17,4,22,0,1,1,71.92,53.01,0,3,0
207647,East,Organic,Web,28,16,4,21,0,0,1,44.52,0.0,0,5,0
207648,Budapest,Referral,Web,32,17,6,23,0,0,2,85.98,172.7,0,3,0
207649,East,Organic,Mobile,35,26,7,31,0,1,3,85.92,304.97,0,4,0
207650,South,Organic,Mobile,40,21,7,19,1,1,3,64.6,243.7,1,4,0
207651,Budapest,Paid Search,Web,38,6,7,26,0,1,0,37.99,23.93,0,3,0
207652,South,Partner,Mobile,34,23,6,27,0,0,3,55.15,166.29,1,4,0
207653,Budapest,Paid Search,Web,42,59,6,18,0,0,3,89.83,303.32,0,4,1
207654,South,Referral,Store,47,15,6,16,0,0,0,82.71,0.0,0,4,0
207655,North,Social,Web,61,18,6,17,1,1,1,63.5,86.61,0,4,0
207656,Budapest,Social,Store,40,9,7,25,1,1,1,63.87,74.19,0,5,0
207657,East,Paid Search,Web,44,24,10,58,1,0,3,95.32,221.59,0,3,0
207658,East,Paid Search,Web,46,10,6,25,1,1,1,60.36,0.0,0,4,0
207659,West,Organic,Store,54,22,5,30,0,0,1,58.13,106.63,0,4,0
207660,South,Paid Search,Web,46,7,6,31,0,1,3,52.31,154.62,1,3,1
207661,West,Partner,Web,46,9,3,12,0,0,2,94.87,251.24,0,3,0
207662,East,Referral,Store,50,17,7,30,0,0,1,90.36,74.05,0,3,0
207663,West,Organic,Web,55,26,8,29,0,0,1,81.69,75.63,1,3,0
207664,South,Social,Web,36,12,11,44,1,0,1,80.64,84.44,0,3,0
207665,Budapest,Social,Mobile,21,20,12,39,1,1,1,18.3,0.0,0,4,1
207666,South,Social,Mobile,48,10,7,25,1,0,2,86.89,185.21,0,4,1
207667,Budapest,Paid Search,Store,26,8,4,18,0,0,1,77.42,107.36,0,3,0
207668,North,Social,Store,43,12,4,12,1,1,0,27.27,5.23,0,3,0
207669,East,Organic,Web,60,46,7,23,0,1,2,79.89,208.43,0,3,0
207670,West,Paid Search,Web,26,51,9,37,0,1,3,115.14,316.88,0,4,1
207671,West,Organic,Mobile,36,42,11,49,0,1,1,60.28,29.88,0,4,0
207672,Budapest,Organic,Mobile,40,10,8,34,0,0,3,51.34,180.86,1,4,0
207673,South,Organic,Web,73,35,7,36,1,0,1,85.16,138.26,0,5,1
207674,West,Organic,Web,38,45,6,24,1,0,1,98.91,42.36,0,4,1
207675,Budapest,Social,Web,46,12,9,34,0,0,0,57.31,38.76,0,3,0
207676,Budapest,Referral,Store,67,19,3,15,0,0,2,81.86,180.21,0,4,0
207677,Budapest,Partner,Mobile,46,43,10,40,1,0,2,93.87,163.2,0,4,1
207678,South,Referral,Mobile,47,39,11,44,0,1,2,37.64,77.89,0,5,1
207679,South,Referral,Store,18,31,7,30,0,1,6,74.0,447.72,0,4,1
207680,Budapest,Organic,Mobile,30,4,14,69,0,0,0,70.83,25.47,0,4,1
207681,Budapest,Referral,Mobile,50,59,11,53,1,1,4,119.45,453.56,0,5,0
207682,South,Organic,Mobile,36,32,8,25,1,0,0,98.19,38.99,0,5,0
207683,Budapest,Referral,Web,36,24,9,32,1,0,3,52.55,119.69,0,5,0
207684,Budapest,Paid Search,Web,47,35,8,35,1,1,3,48.77,138.66,0,3,1
207685,Budapest,Paid Search,Web,39,13,5,5,0,0,0,60.85,44.87,0,3,1
207686,North,Partner,Web,52,40,6,23,0,0,1,92.73,66.7,0,3,0
207687,East,Social,Web,58,14,8,45,1,0,4,62.36,247.76,0,4,1
207688,Budapest,Partner,Mobile,47,19,10,36,1,1,3,88.13,252.99,0,4,0
207689,Budapest,Referral,Mobile,40,22,8,43,0,0,4,95.69,339.91,0,3,1
207690,East,Partner,Web,22,42,7,27,1,0,4,82.85,294.69,0,4,1
207691,West,Organic,Web,31,17,9,49,0,0,1,70.61,42.39,0,4,0
207692,East,Organic,Mobile,25,42,6,23,1,1,4,58.17,227.73,0,3,0
207693,North,Partner,Web,18,46,6,30,0,0,1,85.63,46.04,0,4,0
207694,East,Paid Search,Web,32,22,11,46,0,0,1,78.34,89.29,0,4,1
207695,West,Organic,Web,47,9,6,28,1,0,1,66.99,22.26,0,3,1
207696,South,Organic,Mobile,62,17,8,43,0,0,2,69.62,70.3,0,3,0
207697,North,Paid Search,Mobile,28,33,12,47,1,1,2,74.62,137.79,0,4,1
207698,West,Partner,Store,32,37,0,6,0,0,3,109.17,347.7,0,5,0
207699,Budapest,Social,Web,58,17,7,34,0,1,1,70.81,93.8,0,3,0
207700,East,Referral,Mobile,33,7,13,69,0,1,1,108.83919820939316,157.5,1,5,0
207701,Budapest,Paid Search,Web,69,18,6,28,0,0,2,70.58,168.2,0,4,1
207702,Budapest,Organic,Mobile,28,16,13,36,1,1,1,64.43,40.54,0,3,0
207703,South,Organic,Mobile,53,11,8,40,1,0,0,65.99,0.0,0,4,0
207704,Budapest,Paid Search,Mobile,42,4,11,42,0,1,3,31.64,85.75,0,3,1
207705,West,Organic,Mobile,36,30,10,31,0,0,1,66.94,45.61,0,3,1
207706,West,Organic,Web,52,26,7,34,0,0,2,73.44,117.4,0,4,0
207707,North,Paid Search,Mobile,31,17,11,44,0,0,0,71.0,0.0,0,4,0
207708,North,Referral,Store,25,16,3,10,1,0,1,81.08,63.5,0,3,0
207709,South,Partner,Mobile,51,66,9,33,0,0,4,93.32,315.06,0,4,0
207710,South,Organic,Web,49,23,9,43,1,1,4,79.3,329.62,0,5,1
207711,East,Social,Web,45,17,4,6,0,0,1,51.56,85.74,0,2,0
207712,South,Partner,Mobile,49,41,11,12,0,0,6,77.05,476.24,1,4,1
207713,West,Organic,Web,28,18,3,13,0,0,2,58.69,166.3,0,4,1
207714,West,Paid Search,Mobile,40,34,5,15,1,0,1,81.66,91.54,0,4,0
207715,East,Organic,Web,41,2,10,31,1,0,0,59.8,67.53,0,3,0
207716,Budapest,Paid Search,Mobile,43,31,5,26,1,0,1,92.04,52.58,0,4,1
207717,West,Social,Mobile,42,5,6,26,1,0,0,105.29,31.42,0,4,0
207718,North,Referral,Store,56,38,3,18,0,1,2,101.77,199.81,0,4,0
207719,Budapest,Paid Search,Mobile,52,4,5,5,0,0,1,58.06,0.0,0,3,0
207720,West,Organic,Mobile,18,15,7,14,0,1,2,56.02,126.68,0,3,0
207721,North,Organic,Mobile,33,39,7,31,1,0,5,92.76,462.84,0,5,1
207722,Budapest,Social,Mobile,43,13,6,12,0,0,5,77.33,386.16,1,3,1
207723,Budapest,Organic,Mobile,36,14,14,51,1,0,2,65.04,152.33,0,4,1
207724,South,Social,Mobile,39,2,11,46,0,1,2,33.4,76.44,0,3,0
207725,Budapest,Referral,Web,53,5,3,12,0,1,0,54.01,0.0,0,3,0
207726,Budapest,Social,Store,61,24,7,25,0,1,2,89.08,203.6,0,5,0
207727,Budapest,Paid Search,Web,43,13,6,26,0,0,1,83.72,95.38,0,4,0
207728,East,Social,Mobile,46,10,11,54,1,0,1,78.28,47.08,0,4,1
207729,East,Paid Search,Store,65,10,9,37,1,1,1,62.51,70.21,0,4,0
207730,South,Social,Mobile,24,72,10,43,0,1,2,73.73,245.26,0,5,1
207731,Budapest,Paid Search,Store,44,64,6,27,0,1,5,121.81,648.9,0,5,0
207732,South,Organic,Web,55,20,9,37,0,0,0,71.12,12.74,0,5,0
207733,North,Organic,Web,52,63,5,23,1,1,2,94.46,180.18,0,5,1
207734,East,Referral,Web,52,17,9,30,1,0,3,97.63,230.18,0,3,0
207735,Budapest,Paid Search,Mobile,46,14,12,46,1,0,1,61.55,60.49,0,5,1
207736,North,Social,Store,24,39,5,26,1,0,1,79.32,107.6,0,3,1
207737,South,Referral,Web,28,12,5,21,0,0,2,88.02,199.07,1,3,0
207738,North,Referral,Web,38,4,6,11,1,0,2,59.91,138.96,0,3,0
207739,East,Organic,Web,38,40,3,15,0,1,1,90.92,207.01,0,5,1
207740,South,Social,Web,38,12,5,32,1,0,1,56.91,10.23,0,4,0
207741,Budapest,Social,Web,56,7,10,48,1,1,3,40.44,118.19,0,3,1
207742,Budapest,Social,Web,42,13,10,34,0,1,2,53.72,70.89,0,4,0
207743,South,Social,Web,46,6,10,25,0,0,3,54.76,171.69,0,4,0
207744,West,Paid Search,Web,56,13,11,52,0,1,1,73.7,95.7,0,3,0
207745,West,Paid Search,Store,23,41,5,22,1,0,0,49.55,0.0,0,4,1
207746,East,Organic,Web,32,8,8,39,0,1,1,57.3,70.7,0,5,1
207747,West,Paid Search,Store,38,10,5,26,1,1,0,92.17,6.91,0,3,0
207748,North,Organic,Mobile,50,7,11,62,0,0,0,80.18,0.0,0,3,0
207749,East,Referral,Web,33,12,9,45,0,0,1,71.13,108.97,0,4,0
207750,South,Paid Search,Web,34,12,7,17,0,0,0,72.92,0.0,0,4,0
207751,North,Referral,Mobile,37,24,5,16,0,0,1,85.43,155.8,0,4,0
207752,Budapest,Partner,Mobile,42,34,8,28,0,0,3,51.0,130.77,0,3,0
207753,East,Organic,Web,65,44,12,66,0,0,2,86.58,144.83,0,3,0
207754,Budapest,Organic,Web,33,22,4,20,0,1,2,40.9,59.02,0,5,0
207755,South,Paid Search,Web,34,2,9,31,1,0,3,63.9,178.3,0,3,0
207756,North,Paid Search,Web,39,13,4,14,0,0,0,56.69,0.0,0,3,0
207757,Budapest,Referral,Web,34,9,10,23,1,1,1,52.81,0.0,0,4,1
207758,Budapest,Referral,Web,33,4,11,48,0,0,1,66.85,107.01,0,3,0
207759,West,Paid Search,Web,52,19,9,23,0,0,0,96.74,34.96,0,3,1
207760,Budapest,Social,Mobile,49,26,8,25,1,1,2,49.41,124.68,0,3,1
207761,East,Organic,Web,32,15,3,13,0,1,0,69.74,9.65,0,3,0
207762,South,Organic,Web,32,4,7,24,0,0,2,67.15,80.91,0,4,0
207763,East,Organic,Mobile,43,26,13,48,1,1,5,68.37,395.22,1,4,0
207764,East,Paid Search,Mobile,28,21,5,20,0,1,0,60.3,0.0,0,4,0
207765,Budapest,Organic,Mobile,56,25,6,32,0,0,3,79.3,247.95,0,4,0
207766,South,Social,Mobile,41,25,12,38,0,1,1,96.27,122.51,0,4,1
207767,Budapest,Social,Mobile,18,8,14,43,1,0,3,90.52,280.21,0,4,0
207768,West,Organic,Store,45,22,3,8,0,0,2,79.65,139.12,0,3,0
207769,Budapest,Organic,Web,37,19,8,19,0,1,3,57.98,157.27,0,5,1
207770,South,Social,Mobile,18,28,5,26,1,0,1,74.96,139.54,0,4,0
207771,North,Paid Search,Web,56,24,12,49,1,1,1,72.5,30.11,0,4,0
207772,North,Paid Search,Web,33,30,8,36,1,1,3,97.45,257.68,0,4,1
207773,South,Partner,Mobile,33,29,8,23,0,0,0,55.76,0.0,0,4,0
207774,Budapest,Paid Search,Store,37,11,7,16,0,0,0,69.46,16.54,0,4,0
207775,North,Partner,Store,56,38,6,32,1,1,3,94.91,198.1,0,4,0
207776,East,Social,Mobile,33,17,12,49,1,0,1,45.57,76.38,0,4,1
207777,Budapest,Referral,Web,43,34,6,25,0,1,4,65.9,286.71,1,4,0
207778,Budapest,Organic,Web,18,24,5,17,0,1,1,51.27,0.0,0,4,0
207779,East,Paid Search,Web,50,35,4,9,0,0,0,58.37,17.47,0,4,1
207780,South,Referral,Mobile,30,4,11,30,0,0,6,82.1,536.75,0,3,1
207781,North,Social,Mobile,52,14,9,39,1,1,2,41.62,50.61,0,3,1
207782,Budapest,Partner,Mobile,36,19,10,50,1,0,1,58.1,108.97,0,3,1
207783,East,Social,Web,64,13,4,14,0,0,2,75.31,177.89,0,3,0
207784,South,Referral,Mobile,43,29,8,35,0,0,4,52.52,198.61,1,3,1
207785,West,Paid Search,Mobile,30,7,13,50,0,0,0,76.9,30.74,0,3,0
207786,South,Paid Search,Web,50,2,6,24,0,0,2,94.55,183.11,0,3,0
207787,East,Paid Search,Store,43,22,8,23,0,1,1,84.61,106.73,0,4,1
207788,Budapest,Organic,Store,36,28,10,43,0,1,2,94.35,135.83,1,4,1
207789,South,Paid Search,Web,42,10,8,35,1,0,0,93.35,102.24,0,4,0
207790,North,Organic,Web,53,5,4,16,0,1,0,85.63,44.35,0,4,0
207791,West,Organic,Mobile,62,36,10,43,0,0,3,129.16,378.59,0,3,0
207792,East,Organic,Web,31,13,4,14,0,1,0,69.93,4.31,0,3,0
207793,Budapest,Paid Search,Store,48,29,5,25,0,0,2,121.8,211.6,0,2,0
207794,North,Partner,Web,36,45,12,35,1,0,6,120.49,746.84,0,4,1
207795,South,Paid Search,Web,27,38,5,25,1,1,1,77.67,43.26,0,2,1
207796,Budapest,Referral,Mobile,50,44,7,28,1,0,2,104.69,204.89,0,4,0
207797,East,Social,Mobile,34,29,7,37,1,1,2,67.42,160.88,1,4,0
207798,North,Organic,Store,38,17,5,22,0,0,3,88.64,208.95,0,4,0
207799,Budapest,Organic,Web,36,13,4,16,0,0,2,70.36,154.3,0,5,0
207800,South,Organic,Store,55,4,7,21,0,0,0,108.15,8.62,0,4,0
207801,South,Social,Web,43,17,6,27,1,1,1,58.65,18.87,0,3,0
207802,East,Organic,Web,33,10,12,57,1,0,3,57.79,202.3,0,4,0
207803,Budapest,Organic,Web,42,10,3,3,0,0,0,40.95,73.07,0,3,1
207804,North,Referral,Web,37,20,7,36,1,0,2,98.04,192.44,0,4,1
207805,Budapest,Paid Search,Web,25,32,12,57,0,1,3,59.42,180.91,1,4,0
207806,East,Social,Web,48,13,8,40,0,1,2,104.8216181375921,383.59,0,3,0
207807,West,Paid Search,Web,39,18,10,46,1,0,0,92.83,53.59,0,3,1
207808,North,Referral,Mobile,28,10,9,21,0,0,3,68.96,208.15,0,4,1
207809,Budapest,Organic,Web,51,17,7,29,0,0,0,67.16,9.12,0,3,1
207810,Budapest,Paid Search,Web,29,41,5,21,0,1,2,56.1,84.57,1,4,0
207811,Budapest,Paid Search,Web,52,27,8,32,1,1,2,117.64,263.74,0,4,0
207812,East,Paid Search,Mobile,40,22,15,54,1,1,1,48.89,95.65,0,4,1
207813,East,Paid Search,Store,37,26,6,36,0,1,2,71.66,145.61,0,4,0
207814,Budapest,Social,Mobile,27,23,8,23,0,0,1,45.06,26.32,0,4,0
207815,Budapest,Social,Web,22,72,4,13,0,0,2,46.41,105.03,0,5,0
207816,North,Organic,Mobile,38,17,6,32,0,0,1,66.55,18.43,0,3,0
207817,Budapest,Referral,Web,38,5,6,14,1,0,0,81.16,0.0,0,3,0
207818,North,Referral,Mobile,65,20,6,32,0,1,0,93.61,16.47,0,4,0
207819,Budapest,Partner,Mobile,19,24,8,29,0,0,3,61.55,161.58,0,5,0
207820,North,Referral,Web,49,12,5,19,1,0,1,72.93,75.7,0,3,0
207821,Budapest,Partner,Web,60,9,3,8,0,0,1,91.39,52.95,0,4,1
207822,West,Social,Web,25,7,5,19,0,1,0,47.3,29.36,0,4,0
207823,South,Social,Web,33,9,10,44,1,0,1,61.66,36.88,0,3,0
207824,North,Organic,Web,36,36,7,32,0,0,2,85.02,173.24,0,4,1
207825,West,Partner,Mobile,45,26,8,24,0,0,4,94.61,318.73,0,4,0
207826,West,Paid Search,Web,50,62,6,25,0,0,2,111.19,203.15,0,4,0
207827,West,Paid Search,Mobile,22,12,15,59,0,0,3,72.81,255.9,1,4,0
207828,East,Social,Store,48,27,7,46,1,0,2,69.26,191.37,0,4,0
207829,North,Referral,Mobile,34,5,14,67,1,0,0,78.88,21.65,0,3,0
207830,North,Organic,Store,25,7,6,28,1,1,1,58.68,92.76,0,3,0
207831,East,Organic,Mobile,49,5,14,73,1,0,2,80.92,126.09,0,3,1
207832,West,Paid Search,Web,58,19,7,29,0,0,0,80.24,0.0,0,4,1
207833,East,Organic,Mobile,51,63,8,28,1,1,2,107.28,173.99,0,4,1
207834,West,Paid Search,Web,54,18,9,37,1,1,0,49.36,4.27,0,3,1
207835,Budapest,Social,Web,51,20,11,32,0,0,3,101.76,329.58,1,4,0
207836,Budapest,Referral,Web,46,38,9,35,0,1,4,95.24,382.54,0,4,0
207837,South,Social,Mobile,28,9,5,16,1,1,0,77.56,0.0,0,3,0
207838,South,Organic,Web,24,15,5,16,0,0,2,54.16,75.55,0,4,0
207839,West,Referral,Web,24,8,3,8,0,1,1,30.825273352669104,64.35,0,3,0
207840,East,Paid Search,Web,36,6,7,27,1,0,1,77.01,0.0,0,3,0
207841,Budapest,Organic,Web,49,16,7,15,0,0,1,76.46,37.6,0,3,0
207842,Budapest,Organic,Mobile,43,9,11,25,0,1,0,78.13,35.15,0,3,0
207843,East,Organic,Mobile,59,8,7,28,0,0,1,113.85,131.75,0,4,1
207844,Budapest,Referral,Mobile,50,18,9,36,1,1,1,99.05,128.44,0,4,0
207845,West,Paid Search,Mobile,43,31,10,38,0,1,3,111.32,302.89,1,3,1
207846,Budapest,Referral,Store,56,17,11,24,1,0,1,97.58,82.23,0,3,0
207847,Budapest,Paid Search,Mobile,33,12,6,20,0,0,0,71.28,0.0,0,4,0
207848,East,Paid Search,Mobile,31,19,8,54,1,1,1,94.72,145.28,0,2,0
207849,Budapest,Social,Mobile,51,7,6,27,1,1,1,94.31,116.5,0,3,0
207850,West,Organic,Web,55,15,8,47,1,1,1,67.12,69.35,0,4,1
207851,Budapest,Organic,Store,38,46,8,46,0,0,1,76.74,36.44,0,5,0
207852,Budapest,Paid Search,Mobile,47,20,8,30,0,0,1,88.42,52.84,0,3,1
207853,East,Organic,Mobile,53,21,14,73,1,1,6,69.42,458.21,0,5,1
207854,South,Social,Mobile,46,9,7,33,0,1,0,40.76,0.0,0,3,0
207855,East,Social,Store,49,26,1,0,0,0,1,108.49,184.01,0,5,1
207856,Budapest,Organic,Store,19,9,4,15,1,0,0,70.37,0.0,0,3,0
207857,South,Social,Store,44,23,6,16,0,0,2,109.17,234.6,0,4,0
207858,East,Partner,Store,46,8,3,18,0,0,0,76.64,0.0,0,3,0
207859,Budapest,Social,Store,29,5,3,14,1,0,1,100.47,61.44,0,3,0
207860,Budapest,Organic,Web,36,7,3,11,0,1,3,62.99,117.33,0,4,1
207861,South,Social,Web,33,25,6,21,0,0,1,64.66,43.58,0,3,0
207862,North,Paid Search,Store,41,12,8,41,0,1,2,86.52,110.77,0,3,0
207863,North,Paid Search,Web,49,27,1,5,1,1,2,85.88,179.03,0,5,0
207864,West,Referral,Mobile,37,6,8,39,0,1,1,32.23,59.27,0,4,1
207865,East,Organic,Mobile,29,19,4,14,0,1,1,34.55,0.0,0,2,1
207866,Budapest,Partner,Web,22,33,13,40,1,0,0,58.15,0.0,0,4,1
207867,North,Paid Search,Web,55,19,3,13,1,0,1,81.87,61.19,0,4,0
207868,Budapest,Organic,Mobile,43,16,9,29,0,0,0,88.74,0.0,0,4,0
207869,East,Organic,Web,27,7,6,23,0,0,4,50.26,208.38,0,3,0
207870,Budapest,Paid Search,Web,37,11,8,23,0,1,3,73.11,252.87,0,3,0
207871,North,Organic,Mobile,37,10,10,21,0,1,2,73.58,156.01,0,3,1
207872,Budapest,Paid Search,Web,29,6,8,33,1,1,1,15.71,42.27,0,3,1
207873,Budapest,Partner,Web,51,31,1,4,0,1,1,68.15,60.63,0,3,0
207874,Budapest,Organic,Web,44,18,7,27,0,0,1,85.18,80.81,0,3,0
207875,West,Partner,Web,32,19,6,25,1,0,1,75.14,15.03,0,3,1
207876,West,Partner,Mobile,35,23,17,46,1,0,4,49.38,182.6,0,5,1
207877,Budapest,Partner,Mobile,57,45,3,12,0,0,1,108.08,22.43,0,4,0
207878,Budapest,Social,Web,39,6,8,25,0,1,1,69.96,52.99,0,4,0
207879,Budapest,Organic,Web,43,18,6,26,1,0,2,87.31,185.51,0,4,0
207880,North,Organic,Mobile,46,8,10,43,0,0,1,89.47,123.24,0,4,0
207881,Budapest,Paid Search,Mobile,60,17,10,55,0,1,1,76.07,83.37,0,4,1
207882,Budapest,Social,Web,36,27,13,32,1,0,3,71.38,209.07,0,3,1
207883,North,Social,Mobile,36,13,9,39,0,1,2,55.65,118.99,0,3,0
207884,West,Social,Mobile,32,13,7,39,1,1,3,63.82,182.2,0,5,0
207885,North,Referral,Mobile,48,19,10,65,1,0,0,85.14,82.63,0,4,0
207886,North,Organic,Mobile,34,11,12,57,1,1,5,57.82,278.69,0,4,1
207887,South,Paid Search,Web,40,50,7,21,1,1,1,74.64,47.72,0,4,1
207888,West,Partner,Mobile,47,5,12,59,0,1,1,70.06,0.91,0,4,0
207889,Budapest,Social,Mobile,33,30,6,34,0,0,0,73.37,0.0,0,3,0
207890,West,Paid Search,Mobile,50,21,11,46,0,0,2,71.65,113.65,0,4,1
207891,South,Social,Web,42,22,7,27,0,0,4,67.68,336.23,0,3,0
207892,South,Organic,Web,45,30,8,32,1,0,2,54.78,139.45,0,4,0
207893,Budapest,Referral,Web,41,51,6,28,0,0,1,105.12,128.54,0,3,0
207894,Budapest,Partner,Web,49,44,5,15,0,0,3,82.11,314.51,1,5,0
207895,Budapest,Referral,Web,36,35,7,18,0,0,6,93.59,466.6,0,4,1
207896,East,Paid Search,Mobile,27,25,7,30,0,1,2,51.33,102.23,0,4,0
207897,Budapest,Organic,Mobile,25,31,8,15,0,1,2,47.54,99.4,0,3,1
207898,West,Organic,Mobile,50,12,9,43,0,0,0,68.13,17.66,0,3,1
207899,Budapest,Referral,Store,49,45,4,18,0,0,4,77.55,292.31,0,4,0
207900,West,Paid Search,Mobile,29,18,20,89,1,0,3,55.11,174.91,0,4,1
207901,Budapest,Paid Search,Web,42,23,12,61,1,1,2,51.48,76.12,0,5,1
207902,North,Referral,Store,53,25,6,31,1,1,1,66.34,93.9,0,4,0
207903,Budapest,Organic,Mobile,44,26,7,23,0,0,1,114.28,116.61,0,4,0
207904,East,Organic,Mobile,33,7,8,36,1,0,1,49.66,8.47,0,5,0
207905,South,Organic,Web,46,9,7,28,0,0,1,91.54,40.45,0,3,0
207906,North,Partner,Store,47,14,7,25,0,0,1,85.83,130.81,0,4,0
207907,North,Social,Store,42,5,5,33,0,0,2,43.8,87.42,0,3,0
207908,South,Partner,Web,40,23,8,44,1,0,1,20.04,16.32,0,4,0
207909,North,Paid Search,Web,51,10,5,23,0,1,0,54.17,18.77,0,4,1
207910,East,Paid Search,Store,59,19,4,14,0,1,4,90.4,334.71,0,4,0
207911,South,Paid Search,Web,44,44,4,12,1,0,4,83.22,345.8,1,4,1
207912,West,Paid Search,Web,44,16,6,14,0,0,0,86.78,13.77,0,3,0
207913,Budapest,Organic,Mobile,34,3,6,30,1,0,1,64.55,21.15,0,3,0
207914,West,Referral,Mobile,45,22,7,38,0,0,0,95.12,8.03,0,3,0
207915,East,Social,Web,24,10,10,25,0,0,2,68.16,192.73,0,3,0
207916,Budapest,Referral,Mobile,43,35,7,20,0,1,0,51.05,0.0,0,5,1
207917,Budapest,Paid Search,Mobile,44,31,5,14,0,0,1,87.57,113.87,0,3,0
207918,Budapest,Organic,Mobile,30,14,11,53,1,1,3,87.79,191.9,1,4,1
207919,West,Referral,Mobile,67,34,6,22,0,0,2,99.83,166.26,0,3,0
207920,North,Referral,Web,24,16,2,7,0,0,2,51.56,35.62,0,2,0
207921,North,Partner,Web,45,30,7,25,1,0,5,103.24,466.86,0,3,0
207922,West,Social,Web,52,33,11,60,0,0,1,88.05,125.64,0,4,0
207923,Budapest,Organic,Store,32,13,9,53,1,1,2,60.34,109.0,1,4,1
207924,Budapest,Organic,Web,54,21,12,69,0,1,0,76.13,12.74,0,4,1
207925,North,Referral,Web,29,19,9,38,0,0,2,64.87,123.93,0,4,0
207926,North,Paid Search,Mobile,33,25,9,38,1,1,4,40.11,125.86,0,4,1
207927,West,Partner,Mobile,34,37,4,27,1,0,1,56.3,40.04,0,5,1
207928,North,Social,Web,50,10,7,44,0,1,2,63.45,64.58,0,3,0
207929,West,Social,Store,41,22,9,42,0,0,0,74.93,0.0,0,3,0
207930,North,Referral,Store,32,13,4,18,0,1,0,78.44,18.83,0,4,1
207931,East,Paid Search,Web,50,23,6,29,1,1,1,77.49,57.71,1,4,0
207932,Budapest,Social,Store,39,7,2,6,0,1,1,37.68,54.94,0,4,0
207933,North,Social,Store,52,63,6,28,1,0,2,93.28,174.54,0,5,1
207934,North,Referral,Mobile,49,8,8,17,1,0,0,60.23,0.0,0,4,0
207935,South,Paid Search,Web,39,12,7,39,1,0,1,78.12,137.77,0,3,0
207936,West,Paid Search,Mobile,30,41,11,53,1,0,2,96.98,150.08,0,4,1
207937,East,Partner,Web,32,5,5,28,0,0,0,53.09,6.13,0,5,0
207938,South,Paid Search,Web,40,16,10,30,0,0,1,88.4,84.16,0,4,0
207939,West,Referral,Mobile,48,49,8,43,0,1,4,84.6,326.83,1,4,0
207940,East,Organic,Store,42,5,8,31,0,0,2,76.59,111.12,1,3,0
207941,North,Social,Web,32,16,10,38,0,0,1,21.29,49.12,0,3,1
207942,East,Organic,Web,39,35,6,22,0,0,2,72.95,137.44,0,5,1
207943,East,Partner,Web,27,31,6,25,1,1,2,78.24,136.6,0,4,1
207944,Budapest,Paid Search,Mobile,54,25,8,19,0,0,5,107.95,585.99,0,3,0
207945,Budapest,Paid Search,Store,58,20,3,10,0,0,0,84.38,0.0,0,4,0
207946,East,Paid Search,Web,25,19,11,38,1,0,1,70.98,53.65,0,2,0
207947,West,Social,Web,69,21,4,21,0,0,1,103.46,89.5,0,4,0
207948,East,Organic,Store,31,13,3,5,0,0,3,55.46,168.72,0,4,1
207949,Budapest,Referral,Web,23,8,5,16,0,1,2,50.49,84.92,0,3,1
207950,East,Organic,Web,37,19,4,18,1,1,1,40.08,35.9,0,4,0
207951,Budapest,Referral,Web,42,42,8,31,0,0,2,84.65,139.66,0,4,0
207952,West,Organic,Mobile,37,29,15,84,0,0,0,71.15,97.35,0,3,0
207953,West,Organic,Web,45,10,4,10,0,1,2,94.23,181.52,0,3,0
207954,Budapest,Paid Search,Store,49,13,7,26,1,1,3,75.17,253.75,0,4,1
207955,East,Partner,Web,38,15,4,16,0,1,1,72.78,76.45,1,3,1
207956,Budapest,Organic,Web,45,15,8,21,0,1,1,68.06,10.63,0,4,0
207957,East,Social,Store,35,16,8,26,1,0,4,104.28,454.9,0,3,0
207958,South,Organic,Web,31,12,8,27,1,0,2,45.35,61.01,0,4,0
207959,Budapest,Paid Search,Mobile,40,8,5,23,1,1,1,47.75,52.29,0,3,0
207960,East,Paid Search,Web,59,12,5,19,0,1,1,32.57,0.53,0,3,0
207961,West,Organic,Store,59,7,7,8,0,1,1,44.82,84.88,0,3,0
207962,Budapest,Organic,Web,37,44,8,21,0,1,3,68.78,209.07,1,4,1
207963,West,Social,Mobile,47,72,15,73,1,0,2,114.86,260.28,0,5,1
207964,East,Social,Mobile,30,64,12,57,1,1,6,86.65,574.18,0,5,1
207965,East,Paid Search,Web,54,23,9,38,0,1,2,90.53,156.76,0,4,0
207966,West,Referral,Mobile,54,37,6,21,0,1,0,79.76,0.0,0,4,1
207967,West,Social,Mobile,31,32,11,24,0,0,0,73.97,1.04,0,3,0
207968,West,Organic,Web,48,13,7,36,0,0,3,121.05,401.51,0,4,0
207969,North,Organic,Mobile,44,56,10,51,1,0,5,94.54,477.82,0,4,0
207970,West,Referral,Web,29,7,5,26,1,0,2,33.12,75.74,0,4,0
207971,West,Organic,Web,37,35,9,33,0,0,2,87.28,194.92,0,4,0
207972,East,Organic,Store,26,19,9,43,1,1,0,47.26,0.0,0,5,1
207973,Budapest,Organic,Web,40,24,10,33,1,1,1,99.52,74.19,0,4,0
207974,South,Partner,Web,30,22,9,32,1,0,0,49.73,0.0,0,4,1
207975,Budapest,Social,Mobile,43,14,9,35,0,0,3,85.27,216.91,0,3,1
207976,North,Paid Search,Web,55,33,7,32,0,1,5,81.08,414.79,1,2,0
207977,East,Partner,Store,37,26,7,32,1,0,2,86.09,106.8,0,4,1
207978,Budapest,Paid Search,Mobile,24,29,14,54,1,0,3,74.29,197.86,0,4,1
207979,South,Organic,Web,27,35,8,27,0,1,1,77.12,149.98,0,4,1
207980,West,Social,Web,59,23,6,13,0,0,2,109.58,220.59,0,5,0
207981,Budapest,Paid Search,Web,48,50,8,17,0,0,4,113.06,494.27,0,4,0
207982,Budapest,Organic,Mobile,54,28,9,28,1,0,1,107.07,48.74,0,5,1
207983,West,Organic,Store,30,18,3,10,0,0,0,78.35,0.0,0,4,0
207984,West,Referral,Web,44,18,3,7,0,0,2,88.88,178.77,0,2,0
207985,Budapest,Paid Search,Web,41,23,9,40,0,1,1,79.3,92.11,0,3,1
207986,North,Paid Search,Web,30,14,7,13,1,0,2,66.82,229.57,0,5,1
207987,Budapest,Organic,Store,31,23,8,36,0,1,2,57.75,134.59,0,4,1
207988,South,Social,Web,37,21,7,31,1,1,4,37.16,212.65,0,5,1
207989,West,Organic,Web,38,64,7,31,0,0,1,91.72,69.05,0,4,1
207990,East,Partner,Mobile,51,21,15,79,1,1,2,77.68,183.41,0,4,1
207991,North,Organic,Web,36,23,7,28,0,1,1,71.52,74.31,0,3,0
207992,Budapest,Organic,Mobile,42,5,10,54,1,0,0,24.69,28.34,0,4,0
207993,East,Paid Search,Mobile,36,33,9,38,1,0,3,76.14,248.33,0,4,0
207994,Budapest,Organic,Store,41,20,6,29,1,1,4,65.19,320.29,0,4,0
207995,West,Organic,Web,46,19,6,21,1,0,3,96.9,262.05,0,4,1
207996,Budapest,Social,Web,55,6,4,16,0,0,0,68.06,1.35,0,3,0
207997,East,Organic,Web,34,14,6,22,0,0,1,85.85,89.56,0,4,0
207998,Budapest,Paid Search,Store,63,27,5,28,0,0,2,94.87,218.38,0,3,0
207999,West,Paid Search,Store,48,24,6,20,1,1,5,71.26,354.09,0,4,0
208000,Budapest,Referral,Web,46,7,10,39,1,1,0,38.2,0.0,0,3,0
