customer_id,snapshot_date,signup_date,age,annual_income_eur,region,preferred_channel,tenure_months,sessions_90d,orders_90d,spend_90d_eur,support_ticket_after_snapshot,cancellation_request_after_snapshot,future_spend_30d_eur,account_status_after_snapshot,churn_90d
303291,2026-06-30,2024-05-19,50,17366.19,Budapest,Mobile,25,3.0,1,20.0,0,0,249.59,Active,0
302555,2026-06-30,2024-06-26,43,87427.69,Budapest,Web,24,9.0,2,120.81,1,0,164.56,Active,0
303066,2026-06-30,2025-12-29,44,57666.06,Budapest,Mobile,6,10.0,0,0.0,0,0,248.9,Active,0
301323,2026-06-30,2025-03-24,54,39618.64,Budapest,Web,15,6.0,1,108.75,1,1,39.82,At Risk,1
304462,2026-06-30,2025-01-12,30,37279.28,North,Web,18,7.0,1,60.48,1,0,270.71,Active,0
300448,2026-06-30,2024-08-06,41,63677.47,West,Web,23,7.0,1,98.77,0,0,155.61,Loyal,0
301058,2026-06-30,2025-08-25,30,19182.69,East,Web,10,13.0,1,16.23,0,0,149.29,Loyal,0
307225,2026-06-30,2024-09-17,21,43139.5,Budapest,Web,21,4.0,0,52.15,0,0,252.85,Loyal,0
306190,2026-06-30,2025-12-03,45,58755.82,South,Mobile,7,11.0,1,16.11,1,0,180.25,Active,0
301643,2026-06-30,2024-11-13,50,27168.34,South,Mobile,20,8.0,1,0.0,0,0,336.21,Active,0
307906,2026-06-30,2024-03-04,28,54674.53,East,Store,28,9.0,1,79.18,1,0,221.33,Loyal,0
301407,2026-06-30,2024-12-08,54,44470.87,South,Store,19,12.0,1,74.47,0,0,253.25,Active,0
305970,2026-06-30,2024-06-09,37,68045.47,North,Store,25,4.0,2,179.32,0,0,309.01,Active,0
300519,2026-06-30,2024-03-21,49,67245.68,Budapest,Mobile,27,7.0,1,135.22,0,0,186.03,Active,0
303264,2026-06-30,2025-07-17,21,34814.02,West,Store,11,8.0,3,123.25,0,0,220.11,Active,0
305447,2026-06-30,2024-10-14,41,66697.17,North,Web,20,9.0,0,12.18,0,0,116.23,Active,0
302146,2026-06-30,2024-06-27,42,41262.77,Budapest,Web,24,5.0,1,90.38,0,0,136.88,Loyal,0
304776,2026-06-30,2024-11-01,64,37300.58,East,Web,20,10.0,0,51.44,0,0,212.85,Loyal,0
307201,2026-06-30,2024-02-24,40,21887.95,West,Mobile,28,3.0,2,134.11,0,0,236.29,Active,0
304520,2026-06-30,2024-05-11,40,45216.9,North,Web,26,7.0,0,0.0,1,0,280.43,Active,0
305895,2026-06-30,2024-05-24,37,28373.92,West,Web,25,6.0,2,112.11,0,0,126.56,Active,0
307290,2026-06-30,2025-11-01,46,68020.53,Budapest,Store,8,9.0,3,141.39,0,0,206.93,Active,0
308854,2026-06-30,2025-07-22,51,15000.0,Budapest,Store,11,5.0,0,0.0,0,1,307.31,Loyal,0
306504,2026-06-30,2025-04-03,50,90887.95,South,Mobile,15,3.0,1,26.15,0,0,202.55,Loyal,0
307889,2026-06-30,2024-10-09,28,41783.18,South,Web,21,10.0,1,46.19,0,0,141.3,Loyal,0
300766,2026-06-30,2024-06-11,49,61112.03,North,Store,25,10.0,1,24.08,0,0,269.7,Active,0
308302,2026-06-30,2025-06-16,38,28822.91,East,Mobile,12,14.0,4,239.76,0,1,255.72,Loyal,0
306568,2026-06-30,2025-10-12,45,24469.93,Budapest,Web,9,9.0,0,0.0,0,0,309.49,Active,0
302447,2026-06-30,2025-01-09,64,27584.12,Budapest,Web,18,11.0,1,60.81,0,0,183.48,Active,0
304964,2026-06-30,2024-02-24,39,50411.49,Budapest,Web,28,13.0,3,99.28,0,0,172.81,Loyal,0
300319,2026-06-30,2025-08-17,32,43318.7,East,Web,10,11.0,0,16.52,0,0,177.57,Loyal,0
304923,2026-06-30,2025-09-01,61,50931.7,North,Web,10,5.0,1,88.38,0,0,242.88,Loyal,0
300096,2026-06-30,2025-01-22,43,15000.0,Budapest,Store,17,3.0,1,3.21,0,0,188.17,Active,0
303056,2026-06-30,2024-06-23,49,23579.59,East,Web,24,12.0,1,94.83,0,0,179.58,Active,0
307256,2026-06-30,2024-12-18,47,39195.89,West,Web,18,5.0,2,140.85,0,0,116.22,Active,0
303061,2026-06-30,2024-01-06,41,28607.71,South,Web,30,5.0,1,0.0,0,0,159.23,Active,0
300094,2026-06-30,2024-06-28,32,55651.57,East,Store,24,9.0,1,89.5,0,0,207.02,Loyal,0
305661,2026-06-30,2024-04-14,47,15000.0,North,Web,27,7.0,5,185.84,0,0,113.89,Active,0
302821,2026-06-30,2024-10-22,28,16349.67,South,Web,20,8.0,1,62.51,1,0,285.79,Active,0
308260,2026-06-30,2025-02-16,36,52000.18,Budapest,Store,16,10.0,1,84.86,0,0,180.29,Loyal,0
301741,2026-06-30,2025-10-10,42,26718.61,South,Web,9,6.0,1,0.0,0,0,185.56,Active,0
307938,2026-06-30,2025-06-09,49,33859.12,South,Web,13,6.0,1,49.18,1,1,0.0,At Risk,1
301727,2026-06-30,2025-06-08,32,103163.02,North,Web,13,11.0,1,77.11,0,0,203.53,Active,0
308391,2026-06-30,2024-10-18,50,45694.69,West,Mobile,20,3.0,3,241.89,0,0,174.54,Active,0
302577,2026-06-30,2024-05-16,18,27512.91,South,Web,25,11.0,1,94.83,0,0,204.77,Active,0
302885,2026-06-30,2025-01-09,53,20218.0,Budapest,Mobile,18,7.0,1,96.69,0,0,175.03,Active,0
308016,2026-06-30,2024-06-24,46,77043.56,Budapest,Mobile,24,9.0,1,157.07,0,0,180.87,Loyal,0
306171,2026-06-30,2024-05-12,36,47678.75,South,Store,26,9.0,3,199.89,0,0,130.9,Loyal,0
305683,2026-06-30,2025-02-07,58,18287.54,North,Web,17,9.0,5,511.29,0,0,116.29,Loyal,0
300249,2026-06-30,2024-05-24,27,38043.56,North,Web,25,14.0,1,29.07,0,0,89.63,Loyal,0
308344,2026-06-30,2024-10-20,40,102983.2,South,Web,20,10.0,1,69.02,0,0,195.59,Active,0
306957,2026-06-30,2024-08-26,43,56726.22,Budapest,Mobile,22,1.0,1,97.29,0,1,315.8,Loyal,0
303423,2026-06-30,2024-05-16,39,26014.62,North,Web,25,7.0,1,95.84,0,0,220.91,Active,0
300287,2026-06-30,2025-04-04,44,31293.14,South,Web,15,8.0,2,153.59,1,0,126.3,Active,0
301748,2026-06-30,2024-07-14,57,23659.64,North,Web,24,6.0,0,46.36,0,0,326.14,Active,0
308676,2026-06-30,2024-01-23,45,120162.59,Budapest,Mobile,29,10.0,1,86.17,0,0,258.21,Active,0
308031,2026-06-30,2024-03-21,47,27036.21,East,Mobile,27,6.0,2,75.89,0,0,276.64,Active,0
305200,2026-06-30,2024-08-23,39,50697.95,North,Store,22,9.0,2,159.11,0,0,200.31,Active,0
307595,2026-06-30,2024-05-10,39,26777.56,Budapest,Web,26,7.0,1,87.83,0,0,217.87,Active,0
303502,2026-06-30,2024-06-21,40,44067.94,East,Store,24,10.0,1,96.48,0,0,162.23,Active,0
303871,2026-06-30,2025-05-10,23,31512.19,North,Web,14,8.0,1,58.58,0,0,141.66,Loyal,0
308795,2026-06-30,2025-11-18,50,25777.72,South,Web,7,6.0,1,127.62,0,0,195.64,Loyal,0
302665,2026-06-30,2025-05-22,30,22024.04,East,Web,13,3.0,0,53.61,0,0,139.19,Active,0
308609,2026-06-30,2025-09-10,34,27963.07,East,Mobile,10,9.0,0,37.1,0,1,167.13,Loyal,0
307608,2026-06-30,2025-09-18,51,50381.55,Budapest,Web,9,6.0,2,110.45,1,0,228.37,Active,0
305528,2026-06-30,2024-09-19,55,52822.21,South,Mobile,21,6.0,1,95.64,0,0,236.29,Active,0
303012,2026-06-30,2025-01-13,45,97165.54,South,Web,18,6.0,3,105.27,0,0,224.01,Loyal,0
301039,2026-06-30,2025-04-27,46,35070.45,Budapest,Web,14,5.0,1,73.14,0,0,197.28,Active,0
300564,2026-06-30,2025-09-27,37,49540.98,North,Store,9,6.0,0,0.0,0,0,338.21,Active,0
308079,2026-06-30,2025-10-25,45,57766.42,West,Web,8,11.0,2,105.0,0,0,208.84,Loyal,0
301571,2026-06-30,2025-09-27,40,24644.02,Budapest,Mobile,9,10.0,2,46.49,0,0,178.35,Loyal,0
307359,2026-06-30,2024-02-19,54,78850.0,West,Mobile,28,11.0,5,275.41,0,0,257.98,Active,0
304377,2026-06-30,2025-10-20,56,15000.0,West,Web,8,9.0,1,0.0,0,0,293.62,Loyal,0
302009,2026-06-30,2025-03-15,39,56612.55,North,Web,16,7.0,2,112.48,0,0,230.55,Active,0
307298,2026-06-30,2025-08-08,44,46487.58,North,Store,11,7.0,1,93.84,0,0,264.52,Loyal,0
305655,2026-06-30,2025-04-08,34,15000.0,Budapest,Store,15,6.0,0,0.0,0,0,250.79,Active,0
301503,2026-06-30,2024-04-19,49,97881.01,East,Web,26,8.0,0,1.75,0,0,241.71,Loyal,0
305046,2026-06-30,2025-05-12,50,20485.13,South,Web,14,8.0,1,84.46,0,0,154.68,Loyal,0
302479,2026-06-30,2025-10-01,64,37043.56,Budapest,Mobile,9,5.0,1,84.06,0,0,161.63,Active,0
301329,2026-06-30,2024-01-11,38,32408.06,North,Mobile,30,12.0,0,25.14,0,0,288.45,Loyal,0
306488,2026-06-30,2025-04-04,33,38184.27,East,Mobile,15,9.0,1,0.0,0,0,207.38,Active,0
300654,2026-06-30,2025-09-18,38,17976.73,East,Web,9,8.0,1,61.7,0,0,376.79,Loyal,0
304263,2026-06-30,2025-11-09,43,28385.35,South,Store,8,10.0,2,130.68,0,0,190.21,Active,0
306827,2026-06-30,2024-04-11,30,43669.63,Budapest,Mobile,27,8.0,3,175.29,0,0,178.6,Active,0
301196,2026-06-30,2024-12-10,18,48025.13,Budapest,Store,19,7.0,2,170.96,0,0,227.14,Active,0
306320,2026-06-30,2025-03-19,49,23194.05,North,Web,15,6.0,2,161.95,0,0,188.41,Active,0
302685,2026-06-30,2024-04-09,38,31094.04,Budapest,Web,27,5.0,1,1.34,0,0,154.26,Active,0
305906,2026-06-30,2025-04-13,41,23686.56,Budapest,Mobile,15,8.0,0,0.0,1,0,269.86,Active,0
307900,2026-06-30,2025-12-17,42,35006.92,West,Web,6,6.0,2,112.19,0,0,221.32,Active,0
302153,2026-06-30,2025-06-24,51,32512.07,South,Mobile,12,6.0,0,0.0,0,0,178.84,Active,0
305685,2026-06-30,2024-07-27,22,15000.0,Budapest,Web,23,5.0,2,189.88,0,0,155.3,Active,0
304475,2026-06-30,2025-09-10,51,99801.66,East,Store,10,3.0,2,188.52,1,0,233.18,Loyal,0
302128,2026-06-30,2025-10-26,53,51336.02,North,Mobile,8,8.0,1,0.0,0,0,175.17,Active,0
308214,2026-06-30,2024-01-03,31,19860.31,North,Mobile,30,10.0,1,53.82,0,0,171.91,Active,0
300764,2026-06-30,2024-05-05,39,43342.97,Budapest,Web,26,9.0,1,61.03,0,0,158.69,Active,0
303650,2026-06-30,2025-05-02,62,19343.87,Budapest,Mobile,14,7.0,0,0.0,0,0,213.5,Loyal,0
304343,2026-06-30,2024-06-18,35,15000.0,Budapest,Web,24,9.0,1,24.16,0,0,218.01,Active,0
306028,2026-06-30,2025-01-22,30,26924.84,Budapest,Store,17,10.0,3,87.54,0,0,237.96,Active,0
300583,2026-06-30,2024-08-22,26,22706.77,South,Web,22,8.0,1,64.02,0,0,222.41,Active,0
300458,2026-06-30,2024-12-09,48,119799.13,West,Web,19,7.0,2,144.08,0,0,256.04,Active,0
305304,2026-06-30,2025-08-08,37,69169.16,Budapest,Web,11,11.0,0,28.21,0,0,221.26,Active,0
307001,2026-06-30,2025-08-11,26,23879.34,East,Web,11,4.0,0,44.4,0,1,0.0,At Risk,1
300748,2026-06-30,2025-11-21,62,48291.28,South,Store,7,9.0,1,167.27,0,0,264.51,Loyal,0
302918,2026-06-30,2025-11-14,50,37152.48,West,Web,7,8.0,2,152.38,0,0,190.87,Active,0
308976,2026-06-30,2025-01-26,42,67064.08,East,Store,17,6.0,0,0.0,0,1,42.86,At Risk,1
307596,2026-06-30,2025-01-09,43,45986.31,West,Web,18,11.0,1,54.64,0,0,173.33,Active,0
307838,2026-06-30,2025-08-01,40,24337.8,East,Mobile,11,3.0,0,0.0,0,0,256.04,Active,0
307233,2026-06-30,2024-07-22,38,35495.69,North,Web,23,12.0,2,208.16,0,1,204.39,Active,0
300120,2026-06-30,2025-03-18,68,17789.93,West,Web,15,9.0,3,178.48,0,0,161.98,Active,0
306134,2026-06-30,2025-04-01,33,23444.89,South,Web,15,10.0,1,49.57,0,0,217.53,Active,0
306210,2026-06-30,2024-05-08,45,40667.52,East,Mobile,26,5.0,1,58.55,0,0,149.48,Loyal,0
307999,2026-06-30,2024-12-27,26,54752.96,Budapest,Mobile,18,8.0,3,113.22,0,0,235.71,Active,0
306781,2026-06-30,2024-12-15,68,37106.62,North,Web,18,8.0,1,0.27,0,0,310.26,Active,0
301576,2026-06-30,2024-06-23,45,19240.98,South,Web,24,9.0,2,101.67,0,0,140.72,Loyal,0
301929,2026-06-30,2025-05-01,46,71898.42,East,Web,14,7.0,1,75.94,0,0,205.43,Active,0
308605,2026-06-30,2024-04-22,46,53729.92,East,Web,26,7.0,2,178.43,0,0,236.13,Active,0
300568,2026-06-30,2024-10-31,41,105163.54,North,Web,20,8.0,0,0.0,1,0,279.94,Active,0
301666,2026-06-30,2025-04-13,35,27219.58,North,Web,15,4.0,2,122.64,0,0,181.98,Loyal,0
300170,2026-06-30,2025-05-26,26,25852.56,South,Web,13,8.0,3,274.04,0,0,147.99,Loyal,0
306050,2026-06-30,2025-04-17,20,34630.57,Budapest,Mobile,14,8.0,2,148.94,0,0,298.36,Loyal,0
305115,2026-06-30,2025-02-16,49,56302.03,Budapest,Mobile,16,9.0,2,83.19,0,0,233.28,Loyal,0
304741,2026-06-30,2024-11-12,54,26185.3,North,Web,20,8.0,2,138.72,0,0,258.19,Loyal,0
306609,2026-06-30,2024-08-02,58,56856.29,South,Web,23,8.0,0,42.24,1,1,103.17,At Risk,1
306698,2026-06-30,2025-09-21,57,62734.61,North,Mobile,9,5.0,1,67.85,0,0,147.63,Active,0
304828,2026-06-30,2025-09-07,39,24180.42,Budapest,Store,10,7.0,0,15.8,0,0,212.35,Active,0
300268,2026-06-30,2025-10-22,44,24598.06,North,Web,8,7.0,2,116.82,0,0,208.32,Active,0
308771,2026-06-30,2024-04-22,36,59792.33,South,Web,26,7.0,0,0.0,0,0,197.95,Active,0
305934,2026-06-30,2024-04-05,38,37963.14,South,Web,27,9.0,4,268.41,0,0,294.16,Active,0
304713,2026-06-30,2025-04-20,41,70109.13,South,Mobile,14,9.0,0,0.0,0,0,184.05,Loyal,0
308442,2026-06-30,2024-09-25,43,47549.87,West,Mobile,21,4.0,2,91.82,1,0,148.82,Active,0
300510,2026-06-30,2024-12-27,44,64844.29,East,Web,18,8.0,0,66.96,0,0,188.41,Active,0
300081,2026-06-30,2024-11-24,39,23230.17,East,Mobile,19,6.0,1,27.47,0,0,216.24,Active,0
308215,2026-06-30,2025-07-08,49,136134.76,West,Web,12,6.0,0,62.67,0,0,201.6,Loyal,0
300829,2026-06-30,2024-02-29,47,45759.98,Budapest,Mobile,28,8.0,1,36.73,0,0,96.23,Loyal,0
303549,2026-06-30,2024-05-29,18,24189.31,West,Store,25,6.0,3,239.07,0,0,194.54,Active,0
308555,2026-06-30,2025-08-28,32,38261.61,South,Web,10,8.0,3,198.77,0,0,225.85,Loyal,0
300587,2026-06-30,2025-10-05,47,17131.93,Budapest,Web,9,4.0,1,93.79,1,1,0.0,At Risk,1
307732,2026-06-30,2024-12-22,36,37668.57,East,Web,18,10.0,2,94.37,0,0,114.85,Loyal,0
308715,2026-06-30,2025-06-12,36,15000.0,East,Mobile,13,10.0,0,0.0,0,0,293.82,Active,0
308396,2026-06-30,2024-03-19,49,27604.33,North,Store,27,7.0,2,192.16,0,0,184.24,Active,0
306775,2026-06-30,2024-10-26,30,18836.69,East,Web,20,2.0,1,0.41,0,0,257.44,Active,0
304503,2026-06-30,2025-09-27,43,35156.61,Budapest,Web,9,8.0,0,0.0,0,0,154.3,Loyal,0
306245,2026-06-30,2025-04-19,48,17147.07,Budapest,Web,14,2.0,1,38.72,1,1,98.8,At Risk,1
305628,2026-06-30,2025-09-26,60,20835.96,North,Mobile,9,9.0,0,0.0,1,0,154.01,Active,0
306930,2026-06-30,2025-06-26,50,32070.46,West,Mobile,12,8.0,1,32.86,0,0,250.65,Active,0
303459,2026-06-30,2024-05-10,35,56671.0,North,Web,26,9.0,4,267.51,0,0,269.41,Active,0
303694,2026-06-30,2025-12-15,38,24401.42,Budapest,Web,6,12.0,4,255.3,0,0,100.88,Loyal,0
300909,2026-06-30,2025-10-20,41,30089.28,Budapest,Web,8,5.0,3,200.61,0,0,219.15,Loyal,0
306711,2026-06-30,2024-01-30,36,54461.42,Budapest,Mobile,29,15.0,1,41.17,0,0,259.0,Loyal,0
306721,2026-06-30,2025-08-04,31,29273.73,East,Web,11,8.0,2,11.82,0,0,111.93,Active,0
304383,2026-06-30,2025-07-11,41,15581.67,Budapest,Web,12,8.0,3,177.0,0,0,248.53,Active,0
304984,2026-06-30,2024-06-14,50,36860.27,Budapest,Mobile,25,11.0,3,161.49,0,0,127.74,Loyal,0
307272,2026-06-30,2024-02-09,39,47882.92,Budapest,Web,29,5.0,0,6.39,0,0,177.93,Loyal,0
304794,2026-06-30,2025-03-14,50,43158.07,East,Mobile,16,7.0,1,60.37,0,0,104.84,Active,0
306619,2026-06-30,2024-04-17,36,,Budapest,Web,26,8.0,4,236.17,0,0,196.93,Active,0
301878,2026-06-30,2025-08-15,37,27932.61,Budapest,Web,10,9.0,2,101.34,0,0,127.8,Active,0
302108,2026-06-30,2024-11-07,37,54549.46,Budapest,Store,20,3.0,2,173.29,0,0,203.89,Loyal,0
305650,2026-06-30,2025-12-03,43,27235.16,Budapest,Store,7,10.0,1,69.87,1,1,55.47,At Risk,1
305251,2026-06-30,2024-05-19,20,30681.19,North,Mobile,25,5.0,3,208.63,0,0,329.97,Active,0
301148,2026-06-30,2025-09-01,56,34253.33,West,Mobile,10,,0,0.0,1,0,29.48,Active,0
304005,2026-06-30,2025-01-06,35,29340.91,West,Store,18,6.0,0,57.62,1,0,233.38,Active,0
306310,2026-06-30,2024-11-09,55,26923.73,West,Web,20,8.0,0,0.0,0,0,172.03,Active,0
305472,2026-06-30,2024-10-27,31,28230.86,Budapest,Web,20,3.0,0,0.0,0,0,226.78,Active,0
302961,2026-06-30,2025-09-07,42,37630.3,West,Web,10,6.0,0,2.73,0,0,203.05,Active,0
301278,2026-06-30,2025-03-20,52,30813.61,East,Web,15,11.0,3,180.49,0,0,130.52,Active,0
307395,2026-06-30,2024-08-23,42,28794.04,Budapest,Mobile,22,8.0,1,82.58,0,0,153.23,Loyal,0
303468,2026-06-30,2024-09-25,37,30811.74,South,Web,21,2.0,1,119.92,1,0,16.57,At Risk,1
303379,2026-06-30,2024-09-28,36,31820.53,Budapest,Web,21,8.0,2,65.62,0,0,219.94,Active,0
303088,2026-06-30,2025-07-07,36,57947.17,West,Mobile,12,4.0,1,21.27,0,0,254.83,Active,0
304658,2026-06-30,2024-11-27,54,26457.53,Budapest,Web,19,13.0,1,57.6,0,0,229.1,Active,0
305465,2026-06-30,2024-01-09,56,33317.37,North,Web,30,6.0,2,142.75,0,0,228.07,Active,0
302593,2026-06-30,2025-06-20,47,66441.05,East,Mobile,12,8.0,0,44.29,0,0,225.81,Active,0
300961,2026-06-30,2025-07-23,33,38436.23,East,Mobile,11,4.0,1,31.99,0,0,253.94,Loyal,0
307700,2026-06-30,2024-05-01,48,23273.77,North,Web,26,6.0,2,204.62,0,0,177.52,Active,0
303647,2026-06-30,2024-11-29,38,46425.57,West,Web,19,10.0,2,217.95,0,0,127.7,Active,0
301127,2026-06-30,2025-07-09,24,48525.68,West,Store,12,9.0,0,15.75,1,1,53.59,At Risk,1
300512,2026-06-30,2024-09-21,31,42732.65,West,Mobile,21,3.0,0,0.0,0,0,218.04,Loyal,0
300089,2026-06-30,2024-07-17,49,86388.43,Budapest,Mobile,23,1.0,0,0.0,0,0,231.37,Active,0
304660,2026-06-30,2024-12-14,45,37612.91,Budapest,Mobile,18,4.0,0,51.89,0,0,197.41,Loyal,0
305171,2026-06-30,2024-01-14,47,73614.4,East,Store,30,10.0,3,133.03,1,0,172.13,Loyal,0
301143,2026-06-30,2024-10-22,31,36342.22,West,Mobile,20,9.0,3,122.18,0,0,204.61,Active,0
307177,2026-06-30,2024-06-08,47,15000.0,South,Store,25,6.0,0,31.7,0,0,84.73,Loyal,0
301544,2026-06-30,2024-06-08,58,28437.1,West,Web,25,8.0,3,229.56,0,0,227.9,Active,0
304203,2026-06-30,2025-09-16,35,27851.99,East,Store,9,9.0,1,127.14,0,0,163.28,Active,0
308888,2026-06-30,2025-01-29,40,28844.77,West,Mobile,17,9.0,4,318.58,0,1,145.02,Active,0
303816,2026-06-30,2025-08-22,56,29987.57,East,Web,10,6.0,1,59.07,0,0,245.49,Loyal,0
301672,2026-06-30,2024-03-20,39,55285.71,South,Mobile,27,8.0,2,144.42,0,0,136.35,Active,0
305166,2026-06-30,2025-05-30,47,23329.2,West,Mobile,13,10.0,2,120.49,0,0,166.74,Active,0
306900,2026-06-30,2024-01-06,54,37906.62,Budapest,Store,30,8.0,2,56.25,0,0,196.7,Loyal,0
305058,2026-06-30,2024-10-24,60,61584.59,Budapest,Mobile,20,8.0,3,82.71,0,0,238.54,Loyal,0
304639,2026-06-30,2025-08-25,44,110070.91,East,Web,10,9.0,2,82.31,0,1,171.55,Loyal,0
303972,2026-06-30,2025-12-21,51,18737.24,Budapest,Mobile,6,5.0,0,21.81,0,0,254.73,Active,0
304036,2026-06-30,2025-12-20,40,48648.1,East,Mobile,6,4.0,2,102.83,0,0,192.55,Active,0
308158,2026-06-30,2025-10-18,48,25148.29,North,Mobile,8,11.0,1,113.74,0,0,139.95,Active,0
301795,2026-06-30,2024-09-20,26,32816.73,North,Mobile,21,5.0,2,145.29,0,0,150.07,Active,0
307086,2026-06-30,2024-01-10,34,42156.25,Budapest,Store,30,8.0,3,149.48,0,0,150.46,Active,0
308721,2026-06-30,2024-05-24,35,33748.6,Budapest,Web,25,13.0,1,81.43,0,1,205.49,Loyal,0
300765,2026-06-30,2025-02-28,20,63481.54,Budapest,Web,16,5.0,1,48.55,0,0,115.26,Active,0
302623,2026-06-30,2024-03-23,42,54342.03,West,Web,27,7.0,1,93.35,0,0,105.15,Active,0
300790,2026-06-30,2024-10-31,42,66357.72,East,Web,20,7.0,2,154.92,0,0,177.04,Active,0
304891,2026-06-30,2025-08-05,35,38040.23,East,Mobile,11,13.0,2,0.0,0,0,212.79,Active,0
308992,2026-06-30,2025-02-03,48,34209.93,Budapest,Web,17,9.0,0,0.0,0,0,183.62,Active,0
303474,2026-06-30,2024-10-07,51,71970.63,North,Web,21,11.0,4,197.67,0,0,189.7,Active,0
300077,2026-06-30,2024-02-13,28,43512.48,West,Web,29,4.0,2,40.31,0,0,209.17,Loyal,0
302761,2026-06-30,2024-06-04,42,69120.66,Budapest,Web,25,7.0,1,34.08,0,0,144.24,Loyal,0
304181,2026-06-30,2025-10-19,48,41136.82,West,Mobile,8,4.0,0,64.4,0,0,272.6,Loyal,0
307146,2026-06-30,2025-11-02,28,68256.58,East,Store,8,9.0,2,86.34,0,0,250.16,Active,0
308962,2026-06-30,2025-08-03,42,31235.36,Budapest,Mobile,11,5.0,1,109.21,0,0,193.02,Active,0
302729,2026-06-30,2025-08-13,43,29326.0,Budapest,Web,11,3.0,0,19.46,0,1,307.95,Active,0
301047,2026-06-30,2025-08-18,50,19929.1,North,Mobile,10,9.0,2,129.21,1,0,283.42,Loyal,0
303762,2026-06-30,2024-04-03,44,30295.65,Budapest,Web,27,10.0,1,54.09,0,0,218.69,Active,0
300669,2026-06-30,2025-03-01,39,89303.44,West,Web,16,10.0,2,212.31,0,0,43.31,Loyal,0
304029,2026-06-30,2025-06-06,57,15000.0,Budapest,Web,13,,0,0.0,0,0,253.94,Active,0
305754,2026-06-30,2025-04-08,55,23331.91,Budapest,Store,15,8.0,0,0.0,0,0,127.86,Active,0
303773,2026-06-30,2025-09-19,31,25097.68,East,Web,9,10.0,0,6.99,0,0,223.35,Active,0
306244,2026-06-30,2025-05-29,45,15000.0,Budapest,Web,13,7.0,4,300.9,0,0,283.97,Active,0
304764,2026-06-30,2025-12-01,52,37746.91,Budapest,Store,7,3.0,1,71.03,0,0,253.19,Active,0
304705,2026-06-30,2025-06-27,45,,North,Web,12,4.0,1,89.24,0,0,167.96,Active,0
306637,2026-06-30,2024-09-29,33,46136.23,East,Web,21,13.0,1,116.41,0,0,220.3,Loyal,0
301852,2026-06-30,2025-11-07,45,15296.97,West,Web,8,11.0,0,23.1,0,0,216.58,Loyal,0
306065,2026-06-30,2025-01-17,35,39779.56,West,Store,17,11.0,5,344.91,0,0,179.04,Active,0
305814,2026-06-30,2025-12-24,18,116379.45,East,Web,6,6.0,1,0.0,0,0,116.1,Active,0
307287,2026-06-30,2025-09-15,28,46857.9,East,Mobile,9,1.0,2,78.07,0,0,166.54,Active,0
307407,2026-06-30,2025-01-01,30,71538.49,South,Web,18,9.0,0,0.0,0,0,213.55,Active,0
308354,2026-06-30,2025-08-17,57,66662.93,West,Web,10,9.0,2,114.35,0,0,204.63,Loyal,0
304727,2026-06-30,2024-07-19,54,28655.26,South,Web,23,13.0,0,0.0,0,0,103.87,Active,0
307382,2026-06-30,2024-06-14,39,40265.04,East,Mobile,25,10.0,2,151.28,0,0,210.26,Active,0
303525,2026-06-30,2024-06-08,38,25273.42,East,Web,25,5.0,2,175.13,0,0,164.53,Active,0
304717,2026-06-30,2024-09-10,48,,South,Mobile,22,5.0,2,81.67,0,0,156.2,Loyal,0
306995,2026-06-30,2025-11-15,53,43003.66,North,Web,7,8.0,2,140.69,0,0,154.42,Loyal,0
304372,2026-06-30,2025-07-14,37,40008.83,West,Store,12,13.0,1,61.82,0,0,107.29,Loyal,0
302629,2026-06-30,2024-01-05,52,53989.15,Budapest,Web,30,7.0,3,297.75,0,0,172.26,Active,0
304542,2026-06-30,2025-06-24,27,46351.7,East,Mobile,12,4.0,0,0.0,0,0,277.83,Active,0
304719,2026-06-30,2025-09-13,30,33888.93,South,Mobile,10,8.0,2,160.52,1,1,74.58,At Risk,1
301771,2026-06-30,2025-11-23,40,86166.47,Budapest,Mobile,7,7.0,0,1.85,0,0,186.89,Loyal,0
306101,2026-06-30,2024-12-03,41,15115.78,Budapest,Web,19,10.0,0,26.13,1,0,13.22,At Risk,1
305432,2026-06-30,2025-04-10,37,19829.56,Budapest,Web,15,8.0,2,175.56,0,0,208.64,Active,0
304768,2026-06-30,2025-06-03,56,48818.35,East,Store,13,10.0,3,235.81,0,0,177.46,Active,0
307816,2026-06-30,2024-01-06,29,19864.25,Budapest,Mobile,30,10.0,3,176.6,0,0,190.87,Active,0
303412,2026-06-30,2024-07-21,46,71231.19,East,Web,23,2.0,0,0.0,0,0,223.81,Active,0
305083,2026-06-30,2025-08-10,37,40319.27,West,Web,11,7.0,1,59.62,1,0,204.89,Active,0
307876,2026-06-30,2024-07-23,47,33563.54,West,Store,23,9.0,2,155.91,0,0,123.03,Loyal,0
306951,2026-06-30,2024-11-13,40,56269.09,Budapest,Store,20,9.0,3,214.87,0,0,253.56,Active,0
307302,2026-06-30,2024-02-04,42,46693.67,South,Mobile,29,6.0,2,85.07,0,0,313.28,Active,0
303938,2026-06-30,2024-06-16,44,38824.11,Budapest,Web,24,12.0,1,87.5,0,0,173.7,Active,0
302165,2026-06-30,2025-01-17,36,44271.18,North,Web,17,11.0,1,33.65,0,0,152.62,Active,0
304476,2026-06-30,2024-06-14,37,30890.67,Budapest,Mobile,25,6.0,2,144.36,0,0,179.63,Active,0
304765,2026-06-30,2025-08-05,35,30637.4,North,Mobile,11,2.0,1,62.22,0,0,176.97,Active,0
303618,2026-06-30,2024-02-05,48,38979.08,North,Store,29,11.0,3,244.14,1,1,113.05,At Risk,1
307524,2026-06-30,2025-01-15,31,36221.85,Budapest,Store,17,9.0,1,102.12,0,0,231.73,Loyal,0
304464,2026-06-30,2024-04-18,35,116597.15,East,Web,26,6.0,2,44.92,0,0,256.2,Active,0
305345,2026-06-30,2025-01-03,47,43828.59,Budapest,Web,18,8.0,0,7.82,0,0,238.48,Loyal,0
305964,2026-06-30,2024-04-25,44,48730.78,South,Web,26,10.0,3,256.49,0,0,253.44,Loyal,0
308766,2026-06-30,2024-01-09,24,23169.86,West,Mobile,30,7.0,0,0.0,0,0,163.88,Active,0
308017,2026-06-30,2025-04-11,52,33707.02,South,Store,15,4.0,0,0.0,0,0,166.23,Loyal,0
308218,2026-06-30,2024-08-12,44,56974.67,Budapest,Web,23,5.0,2,122.22,0,0,140.44,Loyal,0
306917,2026-06-30,2025-06-03,54,45554.17,South,Mobile,13,8.0,2,160.89,0,0,266.02,Loyal,0
305441,2026-06-30,2024-11-09,56,118599.54,West,Web,20,14.0,1,151.84,0,0,165.77,Loyal,0
301057,2026-06-30,2025-02-04,52,17701.75,Budapest,Web,17,7.0,2,79.76,0,0,150.45,Active,0
306067,2026-06-30,2024-06-07,43,15112.89,South,Web,25,8.0,3,374.59,0,0,206.04,Loyal,0
307951,2026-06-30,2025-10-21,51,19783.72,West,Web,8,4.0,1,11.35,0,0,282.74,Active,0
308335,2026-06-30,2024-02-25,35,77709.77,Budapest,Web,28,8.0,0,0.0,0,0,249.65,Active,0
304398,2026-06-30,2025-07-14,37,38992.2,North,Web,12,3.0,1,43.22,0,0,252.67,Active,0
306221,2026-06-30,2025-05-06,53,18605.36,Budapest,Web,14,12.0,0,1.49,0,0,176.61,Active,0
303919,2026-06-30,2025-06-09,44,70413.88,West,Store,13,11.0,0,0.0,0,0,233.98,Active,0
307262,2026-06-30,2024-03-28,40,59490.53,East,Mobile,27,4.0,0,1.93,0,0,204.51,Loyal,0
300316,2026-06-30,2024-06-05,34,75696.81,West,Mobile,25,12.0,3,241.82,0,0,198.38,Active,0
303520,2026-06-30,2024-08-09,50,57207.63,Budapest,Web,23,9.0,2,72.44,0,0,288.52,Loyal,0
302289,2026-06-30,2024-07-13,48,71496.39,Budapest,Web,24,4.0,3,277.39,0,0,195.4,Active,0
307048,2026-06-30,2024-06-03,52,,West,Web,25,2.0,0,0.0,0,0,195.39,Active,0
302639,2026-06-30,2024-02-26,53,27340.66,South,Mobile,28,12.0,4,484.22,0,0,268.96,Active,0
300361,2026-06-30,2024-06-05,49,29931.22,North,Mobile,25,6.0,1,72.91,0,0,131.49,Loyal,0
303239,2026-06-30,2024-06-12,30,40191.12,Budapest,Web,25,4.0,1,59.97,0,0,205.95,Loyal,0
308204,2026-06-30,2025-09-21,34,55212.62,Budapest,Web,9,6.0,0,0.0,0,0,253.4,Active,0
300648,2026-06-30,2025-09-12,36,21793.65,East,Mobile,10,6.0,3,87.7,0,0,193.06,Active,0
303132,2026-06-30,2024-04-17,72,75642.53,North,Web,26,8.0,3,266.99,0,0,184.73,Active,0
303004,2026-06-30,2025-02-08,34,70961.88,West,Mobile,17,16.0,2,59.62,0,0,179.9,Active,0
306297,2026-06-30,2024-08-14,45,36469.86,South,Store,23,4.0,2,224.14,1,0,163.82,Loyal,0
301836,2026-06-30,2024-01-04,40,25586.77,Budapest,Web,30,4.0,1,64.72,0,0,203.38,Active,0
308643,2026-06-30,2024-07-19,49,39723.53,West,Web,23,9.0,0,40.8,0,0,197.85,Active,0
300593,2026-06-30,2024-02-05,40,51572.07,North,Store,29,9.0,0,0.0,0,0,235.47,Active,0
302550,2026-06-30,2025-06-21,61,18086.27,East,Web,12,7.0,3,275.96,0,1,199.42,Active,0
301881,2026-06-30,2024-09-12,46,23735.66,Budapest,Web,22,6.0,4,230.01,0,0,264.04,Loyal,0
306276,2026-06-30,2025-11-02,64,38317.91,East,Web,8,6.0,0,1.02,0,0,180.02,Loyal,0
303270,2026-06-30,2024-01-23,49,65279.23,Budapest,Store,29,10.0,0,23.13,0,0,308.45,Active,0
300928,2026-06-30,2024-11-25,42,61670.96,Budapest,Web,19,10.0,1,55.56,0,0,159.92,Active,0
302933,2026-06-30,2025-11-25,34,28922.13,Budapest,Web,7,7.0,1,49.26,0,0,241.95,Active,0
305157,2026-06-30,2024-11-22,52,30497.26,Budapest,Mobile,19,8.0,1,22.92,0,0,232.75,Active,0
303414,2026-06-30,2025-02-12,45,29883.49,South,Web,17,8.0,0,36.5,0,0,226.48,Loyal,0
303804,2026-06-30,2024-07-25,40,47171.61,East,Store,23,9.0,2,67.35,0,0,204.58,Loyal,0
304011,2026-06-30,2025-06-19,31,49194.89,West,Web,12,8.0,2,76.19,0,0,212.09,Active,0
306449,2026-06-30,2024-03-21,28,29371.98,East,Store,27,8.0,1,17.72,0,0,256.01,Active,0
307499,2026-06-30,2024-04-03,21,69338.17,West,Mobile,27,5.0,3,120.31,0,0,195.92,Loyal,0
306607,2026-06-30,2025-12-04,50,103280.99,North,Store,7,4.0,0,0.0,1,0,254.7,Active,0
301480,2026-06-30,2025-04-24,18,18435.79,Budapest,Web,14,6.0,0,14.86,0,0,265.56,Active,0
305744,2026-06-30,2024-07-15,43,18174.91,West,Mobile,23,12.0,1,104.58,0,0,120.94,Active,0
305310,2026-06-30,2025-03-08,28,15481.1,North,Mobile,16,9.0,0,0.0,0,0,142.96,Active,0
308713,2026-06-30,2024-09-04,50,31917.6,East,Web,22,8.0,0,0.0,0,0,117.0,Loyal,0
308863,2026-06-30,2024-02-12,35,37957.13,East,Web,29,2.0,0,0.0,0,0,196.52,Active,0
308252,2026-06-30,2024-03-26,46,77938.84,South,Web,27,9.0,3,216.97,0,0,155.45,Loyal,0
301146,2026-06-30,2025-12-04,32,98099.33,West,Web,7,8.0,1,109.13,0,0,203.11,Active,0
307478,2026-06-30,2025-04-14,48,44462.34,South,Mobile,15,10.0,1,41.61,0,1,55.96,At Risk,1
303606,2026-06-30,2024-06-06,41,28681.44,South,Web,25,7.0,1,132.37,0,0,141.77,Active,0
301728,2026-06-30,2024-06-03,44,45589.32,East,Mobile,25,14.0,1,30.18,0,0,315.04,Loyal,0
301370,2026-06-30,2025-09-20,41,32457.71,Budapest,Web,9,7.0,1,63.39,0,0,254.66,Active,0
303398,2026-06-30,2024-01-15,48,19063.33,East,Store,29,8.0,1,96.51,0,0,195.18,Active,0
302570,2026-06-30,2024-01-01,34,30548.38,North,Mobile,30,1.0,0,0.0,0,0,126.73,Active,0
300107,2026-06-30,2024-09-13,24,31730.42,Budapest,Web,22,3.0,1,85.11,0,0,252.28,Active,0
308254,2026-06-30,2024-11-23,56,27331.24,West,Mobile,19,5.0,3,306.93,1,1,254.79,Active,0
303205,2026-06-30,2024-02-26,29,24220.26,East,Mobile,28,7.0,2,55.51,0,0,185.46,Active,0
302615,2026-06-30,2024-10-16,56,35528.56,East,Web,20,5.0,1,23.69,0,0,177.85,Loyal,0
303460,2026-06-30,2025-09-20,44,24130.6,North,Mobile,9,3.0,0,20.51,0,0,221.36,Active,0
308820,2026-06-30,2024-10-28,37,18874.57,West,Mobile,20,9.0,2,49.41,0,0,164.15,Active,0
306884,2026-06-30,2024-04-12,21,38398.86,West,Mobile,27,8.0,0,31.74,0,0,155.68,Loyal,0
304314,2026-06-30,2025-07-02,25,24423.34,West,Web,12,11.0,2,136.28,0,0,177.31,Active,0
308813,2026-06-30,2025-03-09,42,31223.96,Budapest,Mobile,16,6.0,3,211.68,0,0,202.85,Active,0
307666,2026-06-30,2024-11-23,69,29932.15,South,Mobile,19,7.0,2,137.81,0,0,237.3,Loyal,0
305654,2026-06-30,2025-11-09,41,35561.24,North,Web,8,7.0,0,0.0,0,0,131.75,Loyal,0
308995,2026-06-30,2025-09-25,39,40342.85,East,Mobile,9,3.0,2,53.71,0,0,228.84,Loyal,0
300213,2026-06-30,2025-07-03,32,20826.25,Budapest,Store,12,8.0,2,152.04,1,0,199.68,Active,0
305738,2026-06-30,2024-02-05,49,46535.3,North,Mobile,29,5.0,0,0.0,0,0,129.2,Active,0
307992,2026-06-30,2025-10-07,52,42966.13,West,Web,9,12.0,0,0.0,0,0,275.03,Active,0
301607,2026-06-30,2024-05-15,30,21048.51,North,Web,25,9.0,2,148.42,0,0,175.35,Active,0
302856,2026-06-30,2025-11-17,40,33671.04,Budapest,Web,7,10.0,0,0.0,0,0,211.98,Active,0
307132,2026-06-30,2025-03-01,18,15000.0,Budapest,Mobile,16,8.0,1,31.33,0,1,184.9,Active,0
307374,2026-06-30,2024-03-01,39,29226.41,South,Web,28,7.0,0,42.09,1,1,33.13,At Risk,1
305029,2026-06-30,2024-10-21,31,31258.76,East,Mobile,20,10.0,1,94.24,0,0,239.61,Active,0
306833,2026-06-30,2024-07-27,47,33790.79,South,Mobile,23,10.0,1,79.76,0,0,131.61,Active,0
303499,2026-06-30,2025-06-18,35,32058.57,West,Mobile,12,8.0,2,130.1,0,0,187.08,Active,0
301759,2026-06-30,2025-06-06,64,41200.76,East,Store,13,4.0,0,0.0,0,0,178.07,Loyal,0
300108,2026-06-30,2025-01-20,35,60538.96,East,Store,17,6.0,0,0.0,0,0,217.74,Active,0
301692,2026-06-30,2024-02-05,52,56288.0,Budapest,Mobile,29,7.0,1,104.78,0,0,187.79,Active,0
302730,2026-06-30,2024-04-21,44,43607.31,Budapest,Web,26,6.0,2,159.6,0,0,177.42,Active,0
303956,2026-06-30,2025-04-14,49,42293.73,West,Web,15,10.0,1,100.56,0,0,154.64,Loyal,0
304216,2026-06-30,2025-12-26,43,32057.99,Budapest,Mobile,6,3.0,1,80.87,0,0,155.72,Active,0
303510,2026-06-30,2024-07-31,23,30284.88,West,Web,23,5.0,1,44.4,0,0,237.77,Active,0
306867,2026-06-30,2025-11-19,22,31928.27,Budapest,Web,7,13.0,2,133.95,0,0,206.76,Active,0
308494,2026-06-30,2025-05-14,20,23299.54,Budapest,Mobile,14,10.0,2,197.25,0,0,197.89,Active,0
300677,2026-06-30,2025-10-01,19,75570.22,East,Web,9,3.0,1,73.5,0,1,158.92,Active,0
308279,2026-06-30,2025-08-03,44,31995.21,West,Web,11,11.0,0,15.1,0,0,185.37,Active,0
308274,2026-06-30,2024-04-01,23,24299.95,Budapest,Store,27,10.0,1,75.05,0,1,173.83,Active,0
303807,2026-06-30,2025-10-28,38,32150.32,Budapest,Mobile,8,7.0,2,134.68,0,0,244.15,Active,0
302803,2026-06-30,2024-09-15,44,33688.35,West,Mobile,21,4.0,3,183.12,0,0,185.68,Active,0
305238,2026-06-30,2024-07-16,33,60951.76,East,Web,23,10.0,1,100.91,0,0,202.8,Active,0
303315,2026-06-30,2025-07-21,53,33544.49,Budapest,Web,11,5.0,1,108.29,0,0,173.2,Active,0
300857,2026-06-30,2024-04-27,35,23948.26,West,Web,26,11.0,0,0.0,0,0,191.93,Loyal,0
300240,2026-06-30,2024-02-09,53,60772.75,North,Mobile,29,9.0,4,187.02,0,0,293.77,Loyal,0
305415,2026-06-30,2024-01-31,52,45529.34,Budapest,Store,29,7.0,2,116.13,0,1,219.49,Active,0
303827,2026-06-30,2024-11-05,35,30673.05,South,Web,20,7.0,1,66.96,0,0,229.61,Active,0
300223,2026-06-30,2025-04-18,35,40408.29,West,Web,14,11.0,3,153.5,0,0,110.32,Loyal,0
306966,2026-06-30,2024-10-20,40,57155.32,West,Web,20,18.0,5,237.69,0,0,148.2,Loyal,0
305289,2026-06-30,2024-09-09,33,29619.26,South,Mobile,22,7.0,2,123.86,0,0,178.42,Active,0
306862,2026-06-30,2024-08-29,56,86790.96,Budapest,Store,22,8.0,1,107.53,0,0,131.25,Active,0
306129,2026-06-30,2024-11-13,34,24288.49,South,Mobile,20,10.0,2,210.68,0,0,273.96,Active,0
306093,2026-06-30,2024-08-03,32,27908.24,Budapest,Web,23,7.0,0,0.0,0,0,316.15,Active,0
305590,2026-06-30,2024-10-21,40,27891.33,West,Mobile,20,9.0,0,0.0,1,0,229.99,Active,0
300132,2026-06-30,2025-08-23,24,59343.59,Budapest,Web,10,8.0,1,40.13,0,0,182.5,Loyal,0
302472,2026-06-30,2024-05-12,28,58235.64,Budapest,Web,26,11.0,2,106.0,0,0,300.61,Loyal,0
305012,2026-06-30,2024-07-10,23,49614.08,Budapest,Mobile,24,11.0,2,166.4,0,0,44.73,Active,0
301430,2026-06-30,2025-05-30,41,50806.36,Budapest,Web,13,7.0,1,47.2,0,0,189.09,Active,0
306624,2026-06-30,2025-09-13,53,61929.05,West,Mobile,10,6.0,0,27.58,0,0,200.91,Active,0
304230,2026-06-30,2024-06-26,34,51021.8,Budapest,Web,24,4.0,0,46.61,0,0,215.86,Active,0
305309,2026-06-30,2025-07-25,37,35750.45,Budapest,Web,11,7.0,1,47.48,0,0,193.86,Loyal,0
304150,2026-06-30,2024-09-02,33,30763.13,Budapest,Web,22,10.0,0,19.07,0,0,203.33,Active,0
301003,2026-06-30,2024-07-11,54,31204.12,Budapest,Mobile,24,11.0,0,0.0,0,0,176.34,Loyal,0
303935,2026-06-30,2024-11-30,43,44090.07,Budapest,Web,19,6.0,0,0.0,0,0,225.35,Active,0
302274,2026-06-30,2025-01-12,36,35484.29,Budapest,Web,18,13.0,1,23.95,0,0,138.71,Active,0
308343,2026-06-30,2024-08-18,41,78803.84,West,Web,22,6.0,0,0.0,0,0,211.79,Active,0
304598,2026-06-30,2025-01-22,50,56802.54,South,Mobile,17,11.0,3,171.19,0,0,223.08,Active,0
308341,2026-06-30,2025-12-02,40,23280.52,Budapest,Web,7,9.0,0,0.0,0,0,133.16,Active,0
306180,2026-06-30,2025-11-09,51,43603.94,Budapest,Web,8,8.0,2,94.54,0,0,215.18,Loyal,0
307771,2026-06-30,2025-11-14,29,63005.46,South,Web,7,11.0,2,185.92,0,0,301.01,Loyal,0
305666,2026-06-30,2024-11-11,52,66583.79,Budapest,Web,20,13.0,1,37.75,0,0,233.21,Loyal,0
301350,2026-06-30,2024-11-01,53,38905.01,South,Store,20,10.0,1,167.64,0,0,192.37,Active,0
305160,2026-06-30,2024-09-15,38,39282.28,South,Mobile,21,7.0,2,76.24,0,0,205.85,Active,0
301966,2026-06-30,2025-02-25,35,37467.92,South,Mobile,16,9.0,0,6.74,0,0,175.8,Active,0
304536,2026-06-30,2025-05-08,42,46554.69,East,Store,14,5.0,0,16.87,0,0,146.38,Active,0
303699,2026-06-30,2024-04-07,39,37370.11,South,Web,27,,2,50.07,0,0,177.71,Active,0
304384,2026-06-30,2025-01-22,41,34335.98,South,Store,17,10.0,1,95.28,0,0,268.28,Loyal,0
302276,2026-06-30,2024-08-28,20,28208.89,South,Web,22,10.0,2,148.11,0,0,197.1,Active,0
300621,2026-06-30,2025-03-27,56,22850.63,East,Store,15,6.0,2,139.65,0,0,192.94,Active,0
303071,2026-06-30,2025-07-31,40,28842.88,Budapest,Store,11,5.0,0,4.89,0,0,204.36,Active,0
307956,2026-06-30,2024-05-15,32,79240.41,East,Web,25,7.0,1,61.06,0,0,236.44,Active,0
302955,2026-06-30,2025-05-03,41,15000.0,North,Mobile,14,9.0,1,68.3,0,0,144.78,Active,0
304376,2026-06-30,2024-07-03,38,60725.48,East,Store,24,8.0,2,137.52,0,0,234.27,Loyal,0
301808,2026-06-30,2024-11-06,56,60531.04,East,Web,20,5.0,2,126.74,0,0,167.53,Loyal,0
304393,2026-06-30,2025-02-08,18,83673.8,South,Mobile,17,8.0,2,167.48,0,0,226.07,Loyal,0
302035,2026-06-30,2024-08-12,32,30958.12,South,Mobile,23,10.0,1,66.18,0,0,230.39,Loyal,0
300093,2026-06-30,2025-02-07,24,60794.5,East,Web,17,8.0,0,5.04,1,0,178.58,Active,0
307506,2026-06-30,2024-04-15,39,25564.35,Budapest,Web,26,6.0,2,90.96,0,0,192.72,Loyal,0
307176,2026-06-30,2024-12-12,36,40562.28,South,Mobile,19,7.0,1,83.97,0,0,191.67,Active,0
308532,2026-06-30,2024-04-23,60,60115.04,Budapest,Mobile,26,4.0,4,266.7,0,0,208.98,Active,0
301742,2026-06-30,2024-07-17,36,31192.95,West,Store,23,9.0,3,121.82,0,0,235.54,Loyal,0
301719,2026-06-30,2024-11-07,43,26249.77,East,Store,20,4.0,3,152.85,0,0,206.03,Active,0
305929,2026-06-30,2025-05-25,44,19552.02,Budapest,Mobile,13,13.0,2,129.85,0,0,200.88,Active,0
302134,2026-06-30,2025-01-12,45,60697.55,West,Mobile,18,10.0,3,112.76,0,0,182.02,Active,0
307539,2026-06-30,2025-09-10,38,34354.68,Budapest,Web,10,8.0,3,179.9,1,0,296.88,Active,0
301721,2026-06-30,2024-05-20,55,38578.34,North,Mobile,25,5.0,1,114.64,0,0,308.5,Active,0
305203,2026-06-30,2024-05-06,51,27451.42,South,Mobile,26,8.0,2,191.06,0,0,130.54,Active,0
304408,2026-06-30,2024-04-07,47,84361.44,South,Store,27,5.0,2,98.04,0,0,266.61,Loyal,0
308401,2026-06-30,2025-10-04,30,61208.95,East,Web,9,3.0,0,0.0,0,0,136.18,Active,0
303640,2026-06-30,2024-09-17,41,65806.04,East,Store,21,7.0,3,108.05,0,0,218.14,Loyal,0
308198,2026-06-30,2025-06-29,39,62268.89,Budapest,Mobile,12,6.0,2,194.56,0,0,183.36,Active,0
307685,2026-06-30,2025-07-04,47,61007.97,West,Web,12,11.0,3,202.3,1,0,207.71,Active,0
304701,2026-06-30,2024-09-19,43,56808.64,West,Mobile,21,8.0,6,288.61,0,0,142.81,Active,0
307483,2026-06-30,2025-08-26,35,43055.28,South,Web,10,6.0,0,8.73,1,0,152.76,Active,0
304099,2026-06-30,2025-07-15,23,51385.31,West,Mobile,11,12.0,1,90.53,0,0,216.92,Active,0
307446,2026-06-30,2024-11-01,37,31333.87,Budapest,Web,20,4.0,1,29.36,0,0,224.87,Active,0
305207,2026-06-30,2025-04-07,55,36766.93,East,Web,15,7.0,1,64.52,0,0,206.59,Active,0
302908,2026-06-30,2025-09-15,20,35558.72,East,Web,9,5.0,2,108.71,0,0,175.36,Active,0
304662,2026-06-30,2024-12-01,32,42498.65,West,Store,19,9.0,2,97.04,0,0,158.53,Active,0
302580,2026-06-30,2024-10-24,42,42927.85,West,Mobile,20,11.0,2,162.99,0,0,204.18,Active,0
305999,2026-06-30,2025-08-11,36,37583.53,East,Web,11,9.0,1,22.72,1,0,140.1,Loyal,0
308081,2026-06-30,2025-08-27,56,44743.85,East,Store,10,8.0,1,88.26,0,0,228.04,Active,0
305949,2026-06-30,2025-04-23,26,33851.33,West,Mobile,14,11.0,1,76.95,0,0,214.38,Active,0
305945,2026-06-30,2025-02-19,61,61566.95,South,Store,16,9.0,1,37.03,0,0,224.42,Active,0
304786,2026-06-30,2025-10-31,36,30302.93,North,Web,8,3.0,3,201.32,0,0,224.91,Loyal,0
308627,2026-06-30,2024-10-18,46,77220.94,West,Mobile,20,10.0,1,134.59,0,0,138.3,Loyal,0
302606,2026-06-30,2025-11-03,55,61975.64,West,Mobile,8,8.0,1,94.45,0,0,190.1,Loyal,0
303146,2026-06-30,2024-09-17,19,20440.77,Budapest,Mobile,21,11.0,2,201.2,0,0,154.18,Loyal,0
301315,2026-06-30,2025-11-01,28,47518.78,North,Web,8,1.0,0,8.62,0,0,210.42,Active,0
305695,2026-06-30,2025-03-12,32,29910.43,East,Web,16,9.0,3,195.0,0,0,198.38,Loyal,0
305716,2026-06-30,2024-01-06,44,32339.21,North,Mobile,30,12.0,1,95.28,0,0,285.36,Active,0
303609,2026-06-30,2024-04-20,67,31492.0,South,Mobile,26,11.0,0,0.0,0,0,230.59,Active,0
306058,2026-06-30,2025-03-17,62,48070.85,South,Web,15,9.0,1,59.33,0,0,179.64,Active,0
303915,2026-06-30,2024-10-09,18,15737.61,North,Mobile,21,6.0,2,134.63,0,0,131.77,Loyal,0
306416,2026-06-30,2024-12-23,68,17467.11,East,Mobile,18,10.0,2,71.44,0,0,177.47,Active,0
306822,2026-06-30,2025-02-05,26,26228.29,Budapest,Store,17,10.0,2,91.43,0,0,189.28,Active,0
303690,2026-06-30,2024-04-08,30,24105.44,South,Web,27,8.0,1,124.09,0,0,202.62,Active,0
301963,2026-06-30,2024-10-04,34,26323.5,West,Store,21,9.0,3,121.21,0,0,227.22,Loyal,0
303625,2026-06-30,2025-07-21,24,34308.12,Budapest,Mobile,11,10.0,0,0.0,0,0,155.77,Active,0
300322,2026-06-30,2024-01-08,23,49431.85,Budapest,Store,30,15.0,1,41.62,0,0,162.82,Loyal,0
300625,2026-06-30,2025-11-05,45,30535.28,East,Web,8,14.0,1,71.56,0,0,211.42,Active,0
303287,2026-06-30,2025-05-12,53,58045.27,Budapest,Store,14,2.0,1,73.66,0,0,216.63,Active,0
302303,2026-06-30,2025-03-05,33,50340.06,Budapest,Store,16,11.0,1,13.33,0,0,178.77,Loyal,0
308877,2026-06-30,2024-07-12,44,28380.09,Budapest,Mobile,24,3.0,2,142.14,0,0,197.01,Active,0
304817,2026-06-30,2024-11-22,38,46879.62,East,Web,19,9.0,3,289.02,0,0,171.88,Loyal,0
307073,2026-06-30,2025-07-30,31,17860.8,Budapest,Mobile,11,6.0,0,0.0,0,0,108.83,Active,0
306667,2026-06-30,2025-06-19,49,57245.37,West,Store,12,5.0,2,141.94,0,0,271.59,Active,0
301124,2026-06-30,2024-07-27,65,,East,Web,23,3.0,0,0.0,0,0,270.8,Active,0
307260,2026-06-30,2025-06-20,39,34870.04,Budapest,Mobile,12,12.0,2,68.99,0,0,196.23,Active,0
306622,2026-06-30,2025-12-13,40,30665.29,South,Mobile,7,10.0,1,39.13,1,0,237.38,Active,0
307611,2026-06-30,2024-10-28,42,18625.45,East,Mobile,20,12.0,3,256.64,0,0,197.82,Active,0
304086,2026-06-30,2024-06-03,37,23070.46,West,Mobile,25,9.0,1,101.57,0,1,167.9,Active,0
302621,2026-06-30,2025-08-22,40,37078.51,Budapest,Web,10,6.0,1,73.31,0,0,0.0,At Risk,1
306829,2026-06-30,2025-02-04,18,17521.79,North,Mobile,17,10.0,1,85.85,1,1,47.32,At Risk,1
301916,2026-06-30,2024-06-14,40,52251.13,Budapest,Store,25,5.0,1,98.75,0,0,174.35,Active,0
304042,2026-06-30,2024-09-04,53,15000.0,Budapest,Mobile,22,8.0,2,161.18,0,0,208.52,Loyal,0
304443,2026-06-30,2024-04-01,44,37971.65,South,Mobile,27,3.0,2,133.69,0,0,222.19,Active,0
307092,2026-06-30,2024-02-01,18,32323.66,Budapest,Web,29,11.0,3,208.39,0,0,185.85,Active,0
300555,2026-06-30,2024-02-06,35,40308.88,East,Store,29,11.0,2,137.83,0,0,229.83,Active,0
303853,2026-06-30,2025-10-22,40,24647.77,North,Mobile,8,10.0,0,15.42,0,0,214.2,Loyal,0
301418,2026-06-30,2025-03-17,36,45744.69,West,Web,15,11.0,3,142.1,0,0,189.42,Active,0
301157,2026-06-30,2024-06-30,49,26360.33,North,Web,24,9.0,2,194.39,1,0,78.46,Active,0
301964,2026-06-30,2025-07-03,24,38339.81,Budapest,Store,12,9.0,2,91.03,0,0,154.23,Active,0
301176,2026-06-30,2025-12-27,48,76092.38,West,Mobile,6,8.0,1,105.25,0,0,201.75,Active,0
302019,2026-06-30,2024-03-21,28,74515.89,South,Store,27,5.0,2,72.35,0,0,192.07,Active,0
301198,2026-06-30,2025-12-02,36,43468.76,Budapest,Web,7,5.0,2,121.73,0,0,263.04,Active,0
308736,2026-06-30,2024-02-01,36,24641.6,East,Mobile,29,5.0,1,59.69,0,0,311.41,Loyal,0
304270,2026-06-30,2025-03-12,41,15000.0,West,Mobile,16,5.0,0,8.68,0,0,174.36,Active,0
306941,2026-06-30,2024-11-29,42,49387.72,West,Mobile,19,6.0,4,275.77,0,0,243.89,Active,0
301958,2026-06-30,2025-06-07,22,95836.94,West,Web,13,9.0,0,4.73,0,0,139.29,Loyal,0
304831,2026-06-30,2025-07-30,41,78128.14,East,Mobile,11,5.0,1,46.53,0,0,238.59,Active,0
302689,2026-06-30,2025-01-27,54,43593.74,Budapest,Web,17,10.0,3,239.01,0,0,213.83,Active,0
301091,2026-06-30,2024-09-29,53,15000.0,Budapest,Web,21,5.0,0,0.0,0,0,281.94,Active,0
306977,2026-06-30,2025-03-25,33,56750.99,North,Mobile,15,13.0,1,47.57,0,0,178.83,Active,0
300048,2026-06-30,2025-01-28,40,49824.12,West,Web,17,13.0,4,267.56,0,0,235.73,Loyal,0
306441,2026-06-30,2024-12-02,33,35023.88,East,Mobile,19,11.0,1,90.84,0,0,181.63,Loyal,0
300015,2026-06-30,2024-02-05,35,18348.57,East,Web,29,7.0,1,47.07,0,0,231.05,Loyal,0
302500,2026-06-30,2025-10-07,69,42739.81,South,Mobile,9,4.0,1,108.74,1,0,0.0,At Risk,1
305154,2026-06-30,2024-10-16,50,42720.75,East,Mobile,20,6.0,3,212.76,1,0,193.89,Active,0
302292,2026-06-30,2024-12-31,46,24775.06,Budapest,Web,18,7.0,1,0.0,0,0,158.39,Loyal,0
305020,2026-06-30,2024-08-19,31,19575.4,Budapest,Mobile,22,8.0,4,252.55,0,0,249.95,Loyal,0
302363,2026-06-30,2024-12-22,30,46785.26,North,Web,18,9.0,3,265.24,1,0,192.57,Active,0
301562,2026-06-30,2025-08-19,49,38705.2,Budapest,Store,10,10.0,2,185.71,0,0,254.75,Loyal,0
306539,2026-06-30,2024-03-24,30,40725.26,South,Mobile,27,11.0,3,251.98,0,0,152.11,Active,0
303380,2026-06-30,2024-12-11,43,26337.96,Budapest,Web,19,6.0,1,36.36,0,0,260.55,Active,0
306649,2026-06-30,2025-12-08,45,35564.78,Budapest,Web,7,9.0,1,102.1,0,0,301.27,Active,0
305750,2026-06-30,2024-09-16,30,,Budapest,Mobile,21,7.0,1,100.44,0,0,277.81,Loyal,0
306859,2026-06-30,2024-06-28,25,47084.09,Budapest,Mobile,24,10.0,1,65.65,0,0,112.11,Active,0
308482,2026-06-30,2024-10-20,31,24021.41,Budapest,Web,20,9.0,1,109.9,0,0,203.79,Active,0
305981,2026-06-30,2024-06-19,31,15000.0,East,Web,24,8.0,2,136.07,0,0,231.58,Active,0
305418,2026-06-30,2025-07-20,43,33276.37,West,Mobile,11,16.0,1,91.6,0,1,202.35,Active,0
303834,2026-06-30,2024-09-14,35,27515.17,North,Web,21,11.0,0,0.0,0,0,230.39,Active,0
306014,2026-06-30,2024-01-22,35,58751.15,North,Mobile,29,4.0,4,345.99,0,0,192.01,Loyal,0
303778,2026-06-30,2025-09-13,38,27182.7,South,Web,10,14.0,1,121.85,0,0,195.99,Loyal,0
301053,2026-06-30,2024-10-21,61,31747.78,Budapest,Web,20,11.0,2,129.29,0,0,267.95,Active,0
306346,2026-06-30,2024-12-24,31,46676.06,West,Mobile,18,7.0,1,92.65,0,0,219.05,Loyal,0
307398,2026-06-30,2025-09-05,33,34960.02,South,Web,10,9.0,1,72.27,0,0,258.3,Active,0
304072,2026-06-30,2024-02-02,32,53024.89,South,Web,29,11.0,2,114.41,0,1,219.34,Active,0
305808,2026-06-30,2024-09-21,51,25593.6,South,Web,21,5.0,1,90.55,0,0,193.58,Active,0
308281,2026-06-30,2025-09-27,49,27229.57,East,Mobile,9,4.0,1,105.02,0,0,274.82,Active,0
301863,2026-06-30,2024-12-01,78,24596.92,West,Web,19,5.0,1,40.6,0,0,164.85,Active,0
302616,2026-06-30,2024-03-21,39,33322.87,East,Mobile,27,5.0,1,59.97,1,0,236.6,Active,0
301792,2026-06-30,2024-10-24,47,49955.3,West,Web,20,11.0,3,286.51,0,0,169.24,Loyal,0
305795,2026-06-30,2024-08-05,53,31828.01,North,Mobile,23,9.0,1,52.15,0,0,185.23,Loyal,0
302772,2026-06-30,2025-06-23,51,54949.38,West,Mobile,12,8.0,0,0.0,1,1,84.69,At Risk,1
303615,2026-06-30,2025-12-22,30,63782.56,West,Store,6,10.0,1,121.35,0,0,213.03,Active,0
301738,2026-06-30,2024-11-02,50,36804.0,South,Web,20,8.0,0,0.0,0,0,244.55,Active,0
303249,2026-06-30,2024-11-08,39,19466.2,South,Web,20,8.0,0,17.0,0,0,224.48,Active,0
308822,2026-06-30,2024-08-01,24,26826.4,Budapest,Web,23,5.0,3,148.37,0,0,108.39,Loyal,0
300331,2026-06-30,2024-10-31,54,30018.9,Budapest,Mobile,20,5.0,1,97.29,0,0,270.91,Active,0
303750,2026-06-30,2024-05-29,40,46353.45,Budapest,Web,25,10.0,2,163.35,0,0,196.4,Loyal,0
300933,2026-06-30,2025-04-27,49,29435.55,West,Store,14,9.0,1,129.9,0,0,201.47,Loyal,0
301722,2026-06-30,2025-12-03,55,47729.93,East,Web,7,8.0,0,0.0,0,0,198.25,Active,0
305538,2026-06-30,2025-11-25,28,23580.42,Budapest,Web,7,5.0,1,6.86,0,0,193.63,Loyal,0
307332,2026-06-30,2025-09-16,33,16881.46,North,Web,9,6.0,0,0.0,0,0,181.79,Loyal,0
302813,2026-06-30,2025-01-30,47,53736.31,West,Web,17,4.0,1,43.78,0,0,201.51,Active,0
304756,2026-06-30,2024-10-12,35,52408.44,East,Web,21,11.0,1,46.59,0,0,100.3,Active,0
303577,2026-06-30,2024-10-18,34,21697.8,East,Mobile,20,6.0,2,112.34,0,0,169.02,Loyal,0
302997,2026-06-30,2024-11-03,38,42332.01,Budapest,Web,20,9.0,1,43.07,0,0,170.97,Loyal,0
301373,2026-06-30,2025-12-02,55,26636.16,Budapest,Mobile,7,6.0,1,67.98,0,0,163.59,Loyal,0
305763,2026-06-30,2025-11-14,44,57082.46,South,Web,7,6.0,1,62.42,0,0,253.37,Active,0
303285,2026-06-30,2024-02-26,32,33441.41,West,Web,28,5.0,3,223.69,0,0,297.76,Loyal,0
302084,2026-06-30,2024-02-06,55,42881.97,South,Store,29,5.0,1,33.46,0,0,175.94,Active,0
301733,2026-06-30,2025-07-15,22,28693.67,South,Mobile,11,6.0,1,55.5,0,0,131.44,Active,0
308651,2026-06-30,2024-09-22,36,26791.76,South,Web,21,13.0,1,97.55,0,0,201.35,Active,0
305385,2026-06-30,2024-08-16,18,15000.0,West,Web,22,8.0,2,159.46,0,0,108.82,Active,0
300762,2026-06-30,2024-03-13,47,41588.55,North,Web,28,2.0,3,380.11,0,0,209.71,Loyal,0
308409,2026-06-30,2025-05-28,40,27925.9,West,Web,13,8.0,0,0.0,0,0,193.61,Loyal,0
308108,2026-06-30,2024-10-21,61,31327.82,West,Store,20,8.0,1,104.22,0,0,257.08,Active,0
305877,2026-06-30,2024-08-10,31,57213.17,South,Web,23,3.0,3,117.81,0,0,127.53,Active,0
301447,2026-06-30,2025-04-02,21,49389.72,East,Mobile,15,7.0,1,62.6,0,0,205.93,Active,0
301220,2026-06-30,2024-04-28,40,19994.54,West,Mobile,26,14.0,0,0.0,0,0,107.02,Active,0
307240,2026-06-30,2024-07-31,22,53785.77,West,Web,23,9.0,1,14.32,0,0,244.78,Active,0
304075,2026-06-30,2025-02-17,33,74833.6,East,Web,16,7.0,1,55.15,0,0,175.3,Loyal,0
308864,2026-06-30,2025-04-22,43,48076.28,East,Mobile,14,3.0,1,34.29,0,0,136.82,Active,0
301384,2026-06-30,2024-08-17,51,46480.31,Budapest,Web,22,7.0,0,0.0,0,0,229.86,Active,0
300624,2026-06-30,2024-07-10,33,29272.43,East,Store,24,7.0,0,28.35,0,0,268.21,Active,0
307714,2026-06-30,2025-04-16,52,47579.95,West,Mobile,14,5.0,2,123.18,0,0,164.01,Active,0
306272,2026-06-30,2024-12-01,41,45165.95,Budapest,Web,19,3.0,3,242.19,0,0,177.71,Active,0
306522,2026-06-30,2024-11-20,41,30017.23,North,Web,19,10.0,2,148.99,0,0,224.03,Active,0
306300,2026-06-30,2024-11-17,42,41219.51,East,Store,19,10.0,0,1.94,0,0,154.51,Loyal,0
306464,2026-06-30,2024-12-30,43,35059.71,South,Web,18,6.0,0,0.0,0,0,164.6,Loyal,0
306154,2026-06-30,2024-12-06,31,22959.67,South,Mobile,19,5.0,2,181.16,0,0,186.32,Active,0
303127,2026-06-30,2024-07-30,27,31015.16,Budapest,Web,23,5.0,0,0.0,1,1,28.59,At Risk,1
304991,2026-06-30,2024-01-21,45,24918.15,East,Web,29,8.0,1,14.58,0,0,161.95,Active,0
306326,2026-06-30,2025-01-23,47,42608.79,South,Mobile,17,7.0,0,24.93,0,0,254.87,Active,0
300737,2026-06-30,2025-05-18,47,18472.63,Budapest,Store,13,6.0,2,170.17,0,0,146.26,Active,0
304004,2026-06-30,2025-08-27,39,42463.27,North,Store,10,10.0,1,88.02,0,1,217.91,Active,0
305850,2026-06-30,2025-07-11,40,32092.23,West,Web,12,8.0,0,0.0,0,0,200.03,Active,0
306312,2026-06-30,2024-02-10,47,55110.34,North,Web,29,11.0,5,345.99,0,0,158.97,Active,0
306026,2026-06-30,2025-03-31,53,64842.65,Budapest,Mobile,15,4.0,1,95.69,0,0,128.4,Active,0
306177,2026-06-30,2025-06-19,50,21440.27,West,Web,12,3.0,1,19.91,0,0,291.98,Active,0
304952,2026-06-30,2024-01-31,26,34118.05,Budapest,Mobile,29,6.0,0,35.32,0,0,221.7,Active,0
305600,2026-06-30,2024-09-28,50,50617.24,West,Mobile,21,11.0,3,206.76,0,0,140.62,Active,0
308362,2026-06-30,2025-05-08,65,24002.82,South,Web,14,8.0,3,206.54,0,0,255.93,Active,0
300941,2026-06-30,2025-06-02,43,32599.06,North,Mobile,13,5.0,2,176.31,0,0,120.64,Active,0
303069,2026-06-30,2025-04-27,40,20825.76,East,Store,14,11.0,1,22.7,0,0,225.25,Loyal,0
302454,2026-06-30,2024-04-14,26,15000.0,North,Mobile,27,9.0,1,33.65,0,0,216.68,Active,0
308757,2026-06-30,2024-05-30,54,42908.68,Budapest,Web,25,6.0,2,105.16,0,0,121.67,Loyal,0
306389,2026-06-30,2025-05-21,25,50208.97,South,Web,13,9.0,1,49.08,0,0,145.33,Loyal,0
305274,2026-06-30,2025-11-28,46,31464.72,East,Store,7,7.0,1,23.84,0,1,204.35,Active,0
301154,2026-06-30,2025-10-24,50,48546.75,South,Store,8,5.0,2,168.82,0,0,246.04,Loyal,0
306794,2026-06-30,2024-10-11,41,24058.09,West,Web,21,6.0,1,44.08,0,0,191.43,Loyal,0
302129,2026-06-30,2025-03-23,31,20081.45,Budapest,Store,15,11.0,0,57.22,0,0,219.43,Loyal,0
306335,2026-06-30,2024-12-19,44,42096.49,West,Store,18,7.0,1,50.72,1,0,199.15,Active,0
303079,2026-06-30,2025-12-24,18,39036.47,East,Web,6,9.0,3,197.27,0,0,217.7,Active,0
301069,2026-06-30,2025-05-02,44,30758.7,East,Mobile,14,8.0,2,212.47,0,0,133.13,Loyal,0
301113,2026-06-30,2025-05-27,42,24628.01,West,Web,13,8.0,0,0.0,0,0,259.55,Active,0
301223,2026-06-30,2025-02-13,58,47162.0,South,Mobile,16,9.0,3,144.24,1,0,149.98,Loyal,0
305533,2026-06-30,2024-07-21,38,32731.13,South,Web,23,6.0,3,132.36,0,0,224.79,Active,0
303329,2026-06-30,2025-11-15,49,43569.84,South,Web,7,7.0,1,56.08,1,0,163.75,Active,0
302376,2026-06-30,2024-09-18,29,31821.78,Budapest,Mobile,21,7.0,0,37.44,0,1,0.0,At Risk,1
307848,2026-06-30,2025-05-27,35,36945.33,South,Mobile,13,7.0,0,0.0,0,0,111.6,Loyal,0
300744,2026-06-30,2025-04-23,53,52624.87,Budapest,Mobile,14,5.0,2,103.15,0,0,255.32,Active,0
304479,2026-06-30,2025-11-08,45,29100.83,Budapest,Web,8,6.0,0,95.16,0,0,170.5,Active,0
303350,2026-06-30,2024-07-15,41,17647.7,North,Web,23,6.0,4,163.17,0,0,218.55,Loyal,0
302603,2026-06-30,2025-04-25,39,32014.14,South,Mobile,14,6.0,2,215.89,0,0,180.77,Loyal,0
301079,2026-06-30,2024-04-25,29,23422.82,East,Web,26,12.0,2,122.4,0,0,231.6,Loyal,0
303545,2026-06-30,2024-06-11,53,40129.5,Budapest,Store,25,3.0,1,143.46,0,0,253.07,Active,0
300222,2026-06-30,2025-11-19,30,25160.97,Budapest,Store,7,6.0,2,111.87,0,0,187.45,Active,0
304505,2026-06-30,2024-05-26,34,28548.24,Budapest,Web,25,10.0,1,3.1,0,0,177.55,Active,0
305004,2026-06-30,2024-10-09,23,18965.08,Budapest,Mobile,21,9.0,2,99.1,0,0,208.69,Active,0
306554,2026-06-30,2024-03-25,41,48039.12,North,Mobile,27,8.0,3,293.55,0,0,176.82,Active,0
302246,2026-06-30,2024-08-07,28,92312.8,East,Web,23,5.0,2,86.34,0,0,206.01,Loyal,0
303982,2026-06-30,2025-02-08,28,46734.67,East,Web,17,5.0,0,0.0,0,0,220.78,Active,0
304735,2026-06-30,2025-12-16,25,26246.14,South,Mobile,6,8.0,1,45.34,0,1,45.32,At Risk,1
307939,2026-06-30,2024-07-29,45,38547.19,North,Web,23,9.0,1,99.69,0,0,184.94,Loyal,0
305369,2026-06-30,2024-03-25,43,20741.25,South,Mobile,27,5.0,0,40.01,0,0,328.35,Loyal,0
302518,2026-06-30,2025-11-09,54,62181.39,Budapest,Store,8,9.0,1,67.7,0,0,243.19,Active,0
303542,2026-06-30,2025-03-22,46,114741.24,West,Web,15,7.0,5,235.37,0,0,199.67,Active,0
308628,2026-06-30,2024-09-28,30,35127.02,Budapest,Web,21,5.0,0,9.0,0,0,261.41,Loyal,0
306963,2026-06-30,2024-02-20,52,38158.07,South,Web,28,4.0,1,43.14,0,0,221.71,Active,0
305915,2026-06-30,2024-10-27,53,63230.83,North,Web,20,6.0,1,131.22,0,0,123.72,Loyal,0
305567,2026-06-30,2025-06-10,33,17963.09,Budapest,Mobile,13,7.0,0,20.41,0,0,158.34,Loyal,0
300466,2026-06-30,2024-10-31,44,22181.51,East,Web,20,6.0,0,3.17,0,0,242.59,Loyal,0
306581,2026-06-30,2025-07-25,36,80409.61,West,Store,11,7.0,2,153.2,0,0,334.55,Loyal,0
308623,2026-06-30,2024-11-30,53,17711.52,South,Mobile,19,10.0,2,170.91,0,0,331.07,Loyal,0
305504,2026-06-30,2024-05-22,46,47727.03,Budapest,Mobile,25,10.0,1,60.95,0,0,250.27,Active,0
306534,2026-06-30,2025-07-16,45,40321.46,North,Mobile,11,6.0,1,60.96,0,0,241.07,Active,0
301569,2026-06-30,2025-03-20,26,29914.13,Budapest,Web,15,7.0,3,185.53,0,0,231.71,Active,0
301920,2026-06-30,2025-07-18,40,59113.26,East,Mobile,11,5.0,0,2.13,0,0,161.13,Active,0
304915,2026-06-30,2024-07-17,38,32940.88,South,Web,23,7.0,0,45.58,0,0,176.39,Active,0
308210,2026-06-30,2025-06-22,41,54476.71,East,Store,12,9.0,1,48.61,0,0,270.02,Active,0
307004,2026-06-30,2025-09-03,52,50618.71,East,Web,10,3.0,1,68.02,0,0,197.82,Active,0
305788,2026-06-30,2025-10-03,46,24064.64,North,Web,9,7.0,2,140.15,0,0,145.5,Active,0
306163,2026-06-30,2024-08-13,29,21964.22,Budapest,Web,23,2.0,3,232.23,0,0,235.89,Active,0
306463,2026-06-30,2024-05-22,50,36647.34,Budapest,Mobile,25,8.0,1,36.89,0,0,262.57,Active,0
305786,2026-06-30,2025-02-22,26,39478.88,Budapest,Mobile,16,6.0,3,165.92,0,0,180.33,Active,0
304673,2026-06-30,2024-04-15,33,41448.05,South,Mobile,26,9.0,3,128.48,0,1,116.41,Loyal,0
301128,2026-06-30,2024-06-03,63,37972.41,Budapest,Mobile,25,7.0,1,99.84,0,0,176.41,Loyal,0
305615,2026-06-30,2025-04-10,69,23049.32,Budapest,Mobile,15,11.0,4,125.36,0,0,168.03,Active,0
305225,2026-06-30,2025-11-02,44,41061.86,Budapest,Mobile,8,9.0,2,122.43,0,0,201.25,Active,0
307471,2026-06-30,2024-11-26,47,24072.5,East,Web,19,7.0,1,70.64,0,0,232.01,Active,0
303378,2026-06-30,2024-04-17,40,21566.91,Budapest,Web,26,4.0,1,48.77,0,0,245.73,Active,0
302076,2026-06-30,2025-08-16,43,15000.0,Budapest,Mobile,10,8.0,1,78.72,0,0,193.97,Active,0
305827,2026-06-30,2025-07-09,23,15286.72,North,Web,12,7.0,0,0.0,0,0,245.1,Loyal,0
300305,2026-06-30,2024-07-20,25,33907.9,Budapest,Web,23,7.0,1,69.7,0,0,178.32,Loyal,0
308621,2026-06-30,2024-11-01,33,66753.46,Budapest,Web,20,4.0,1,50.02,0,0,197.08,Active,0
304723,2026-06-30,2025-05-19,42,50779.16,Budapest,Mobile,13,6.0,0,7.55,0,0,260.39,Active,0
303162,2026-06-30,2024-07-16,50,25876.61,Budapest,Mobile,23,15.0,3,221.63,1,0,178.66,Active,0
301689,2026-06-30,2024-02-21,39,20620.25,West,Mobile,28,12.0,2,212.85,0,0,213.8,Loyal,0
306825,2026-06-30,2024-01-05,48,73930.12,West,Mobile,30,9.0,0,0.0,0,0,204.47,Active,0
302442,2026-06-30,2024-10-08,44,27355.72,North,Web,21,10.0,2,122.01,0,0,187.84,Active,0
306183,2026-06-30,2024-02-10,36,45953.2,East,Web,29,10.0,5,299.44,0,0,196.16,Active,0
303000,2026-06-30,2024-01-05,39,45068.36,West,Mobile,30,10.0,0,25.62,0,0,151.98,Active,0
301898,2026-06-30,2024-05-13,48,20707.79,West,Web,26,7.0,2,110.54,0,0,174.84,Active,0
306858,2026-06-30,2025-08-30,40,25936.06,South,Mobile,10,4.0,4,251.15,0,0,302.65,Active,0
307769,2026-06-30,2024-02-18,44,47829.38,West,Web,28,9.0,0,0.0,0,0,167.07,Active,0
305618,2026-06-30,2025-06-30,59,28561.16,North,Web,12,0.0,1,121.55,0,0,129.07,Active,0
304528,2026-06-30,2024-06-12,55,49451.7,Budapest,Mobile,25,11.0,0,45.93,0,0,281.43,Active,0
302575,2026-06-30,2025-11-13,31,33628.44,West,Web,8,5.0,0,0.0,0,0,118.01,Active,0
304634,2026-06-30,2024-06-21,37,31796.64,Budapest,Mobile,24,8.0,2,169.27,1,0,198.3,Loyal,0
307998,2026-06-30,2024-09-21,33,51359.28,Budapest,Web,21,7.0,3,148.74,0,0,207.87,Loyal,0
306991,2026-06-30,2024-11-09,41,79893.44,East,Mobile,20,7.0,0,22.16,0,0,212.63,Loyal,0
305156,2026-06-30,2024-04-05,62,91038.84,West,Web,27,5.0,2,100.85,1,0,234.27,Loyal,0
301594,2026-06-30,2025-01-01,51,17586.64,South,Mobile,18,8.0,1,115.27,0,0,167.77,Active,0
302645,2026-06-30,2024-04-15,49,39867.0,North,Mobile,26,7.0,2,93.01,1,0,210.87,Active,0
300212,2026-06-30,2024-03-27,42,15000.0,West,Mobile,27,3.0,2,99.03,0,0,354.83,Loyal,0
305517,2026-06-30,2025-06-29,61,18060.57,West,Web,12,8.0,0,5.92,0,0,182.03,Loyal,0
303211,2026-06-30,2025-07-21,36,15000.0,Budapest,Store,11,7.0,1,78.56,0,0,209.03,Active,0
301077,2026-06-30,2025-08-18,54,40668.12,East,Mobile,10,14.0,1,89.06,0,0,115.31,Loyal,0
307996,2026-06-30,2024-09-25,57,73908.78,North,Web,21,8.0,3,175.03,0,0,206.65,Active,0
307977,2026-06-30,2025-07-29,51,40421.06,Budapest,Store,11,7.0,0,22.67,0,0,155.36,Active,0
301056,2026-06-30,2024-11-30,58,15000.0,West,Mobile,19,10.0,2,97.38,0,0,157.09,Active,0
302456,2026-06-30,2025-01-30,43,19453.56,West,Store,17,6.0,2,165.87,0,0,208.13,Loyal,0
305260,2026-06-30,2024-03-22,50,35664.53,West,Mobile,27,9.0,2,73.52,0,0,262.63,Loyal,0
301200,2026-06-30,2024-05-21,47,18131.25,Budapest,Mobile,25,8.0,2,94.27,0,0,192.55,Active,0
305042,2026-06-30,2025-04-16,28,23456.28,South,Store,14,6.0,1,40.46,0,0,260.65,Active,0
308304,2026-06-30,2024-03-02,52,34746.79,South,Web,28,15.0,2,213.72,0,0,264.01,Active,0
308359,2026-06-30,2025-12-18,55,38981.0,Budapest,Web,6,9.0,1,12.44,0,0,183.31,Active,0
306347,2026-06-30,2025-09-05,35,54616.36,North,Web,10,9.0,0,16.17,1,0,182.55,Active,0
304568,2026-06-30,2024-10-01,34,53892.39,East,Web,21,7.0,1,58.07,0,0,229.3,Loyal,0
301618,2026-06-30,2024-03-01,21,48235.73,Budapest,Web,28,6.0,1,41.0,0,0,198.27,Loyal,0
303648,2026-06-30,2025-09-28,52,41343.51,West,Mobile,9,5.0,1,118.8,0,0,149.1,Active,0
304048,2026-06-30,2024-04-21,56,15756.13,West,Web,26,11.0,1,48.38,0,0,239.03,Active,0
306512,2026-06-30,2024-01-14,60,18159.02,North,Web,30,14.0,2,261.94,0,0,213.15,Active,0
300709,2026-06-30,2025-09-11,36,42558.5,South,Web,10,3.0,0,23.99,0,0,127.84,Active,0
303942,2026-06-30,2024-06-22,23,36647.67,South,Mobile,24,5.0,0,0.0,0,0,281.42,Active,0
305757,2026-06-30,2024-02-26,39,59211.07,North,Mobile,28,6.0,0,63.75,0,0,244.2,Active,0
306828,2026-06-30,2024-03-03,47,53757.37,East,Store,28,6.0,0,0.0,0,0,161.23,Active,0
301035,2026-06-30,2024-12-19,25,57669.21,West,Web,18,4.0,0,18.83,0,0,193.03,Active,0
302946,2026-06-30,2024-06-30,48,25194.38,East,Web,24,5.0,1,38.84,0,0,189.01,Loyal,0
300038,2026-06-30,2024-03-01,30,34535.8,North,Mobile,28,3.0,2,46.78,0,0,186.58,Loyal,0
307269,2026-06-30,2025-12-06,46,47207.61,South,Web,7,6.0,1,63.89,0,0,169.92,Loyal,0
302881,2026-06-30,2025-02-01,37,43471.65,South,Web,17,8.0,1,36.56,1,0,268.65,Active,0
300020,2026-06-30,2024-11-01,47,,South,Store,20,8.0,3,222.27,0,0,147.11,Active,0
303310,2026-06-30,2024-03-06,46,85965.73,North,Mobile,28,12.0,0,13.27,0,0,249.41,Active,0
303838,2026-06-30,2024-09-05,45,88946.65,Budapest,Mobile,22,9.0,1,74.67,0,0,184.9,Active,0
308940,2026-06-30,2024-11-24,41,47737.12,Budapest,Web,19,8.0,2,132.65,0,0,184.87,Active,0
305392,2026-06-30,2025-11-27,47,67293.2,South,Store,7,5.0,2,36.45,0,0,224.23,Active,0
304033,2026-06-30,2024-03-22,34,35922.09,North,Web,27,7.0,3,204.52,0,0,168.67,Active,0
304044,2026-06-30,2025-03-05,39,19334.62,Budapest,Store,16,14.0,1,57.81,0,0,284.39,Active,0
300539,2026-06-30,2024-02-13,27,32679.99,West,Web,29,4.0,0,6.19,0,0,229.68,Active,0
302250,2026-06-30,2024-07-07,23,28947.27,East,Mobile,24,8.0,0,0.0,0,0,179.48,Loyal,0
301935,2026-06-30,2024-03-04,40,61367.5,East,Web,28,7.0,1,107.35,0,0,254.83,Loyal,0
302763,2026-06-30,2025-06-08,22,29381.93,Budapest,Store,13,8.0,1,88.54,0,0,222.87,Loyal,0
302437,2026-06-30,2025-07-15,41,15209.36,Budapest,Mobile,11,7.0,1,64.45,0,0,157.72,Active,0
301184,2026-06-30,2024-06-18,44,42925.72,East,Web,24,10.0,0,26.11,0,0,245.99,Active,0
300966,2026-06-30,2025-09-04,41,26161.12,West,Mobile,10,11.0,2,129.27,0,0,192.32,Loyal,0
302869,2026-06-30,2025-05-06,29,58587.8,North,Mobile,14,9.0,1,49.65,0,0,165.74,Active,0
300867,2026-06-30,2024-10-12,40,81000.97,West,Mobile,21,6.0,2,108.98,0,0,155.44,Active,0
300731,2026-06-30,2025-05-10,53,67316.13,East,Mobile,14,5.0,1,0.0,0,0,218.41,Active,0
307333,2026-06-30,2025-05-12,59,46279.62,East,Store,14,,1,59.64,1,0,172.07,Active,0
301528,2026-06-30,2025-06-12,37,44620.93,Budapest,Store,13,9.0,6,402.08,0,0,171.79,Active,0
304327,2026-06-30,2025-02-09,31,45868.78,West,Web,17,5.0,1,69.67,0,0,194.87,Active,0
300347,2026-06-30,2025-03-23,20,31110.32,North,Store,15,11.0,2,66.87,0,0,242.29,Active,0
307039,2026-06-30,2024-05-24,56,58670.72,Budapest,Store,25,5.0,2,126.19,0,0,205.29,Active,0
301559,2026-06-30,2024-12-29,47,20539.5,Budapest,Web,18,7.0,1,102.55,0,0,198.7,Active,0
308749,2026-06-30,2025-05-09,42,48091.68,North,Web,14,13.0,2,171.93,0,0,168.28,Loyal,0
303106,2026-06-30,2025-05-25,45,30333.44,East,Store,13,4.0,3,228.55,0,0,218.78,Active,0
306063,2026-06-30,2024-03-19,63,84059.82,East,Store,27,4.0,3,334.33,0,0,158.61,Active,0
301617,2026-06-30,2024-08-12,44,20526.06,Budapest,Web,23,10.0,3,130.13,0,0,210.51,Active,0
302964,2026-06-30,2024-09-12,51,65901.01,South,Web,22,9.0,0,0.0,0,0,135.88,Active,0
307277,2026-06-30,2024-06-11,41,30264.99,North,Web,25,7.0,3,296.38,0,0,159.77,Loyal,0
307367,2026-06-30,2025-01-06,42,25930.93,South,Web,18,8.0,2,119.04,0,0,182.27,Active,0
307691,2026-06-30,2024-08-21,27,46296.92,South,Web,22,6.0,1,58.45,0,0,128.3,Loyal,0
305437,2026-06-30,2025-04-02,22,32588.4,South,Store,15,10.0,1,68.09,0,0,173.37,Loyal,0
308473,2026-06-30,2025-04-05,42,29296.86,East,Web,15,11.0,2,102.4,0,0,212.89,Active,0
306519,2026-06-30,2024-08-29,38,33850.31,North,Store,22,10.0,2,46.76,0,0,156.41,Active,0
305793,2026-06-30,2024-05-01,46,47866.47,Budapest,Mobile,26,6.0,1,88.82,0,0,267.97,Active,0
300701,2026-06-30,2025-02-07,42,37775.06,East,Web,17,6.0,0,0.0,0,1,18.16,At Risk,1
304774,2026-06-30,2024-08-01,42,37014.44,Budapest,Mobile,23,3.0,0,17.85,1,0,199.05,Active,0
308841,2026-06-30,2024-09-12,55,32110.15,South,Mobile,22,7.0,2,156.5,0,0,177.65,Active,0
307589,2026-06-30,2025-05-03,55,21105.12,Budapest,Web,14,6.0,1,74.72,1,0,204.63,Active,0
301096,2026-06-30,2025-03-18,47,106343.78,South,Web,15,4.0,1,9.4,0,0,215.33,Active,0
300734,2026-06-30,2024-05-08,32,29294.9,South,Store,26,3.0,1,89.79,0,0,257.53,Active,0
300880,2026-06-30,2024-11-04,28,29282.05,Budapest,Web,20,15.0,1,9.59,0,0,246.39,Loyal,0
307477,2026-06-30,2024-03-02,55,48455.24,Budapest,Web,28,10.0,1,79.38,0,0,168.67,Active,0
301484,2026-06-30,2025-10-25,69,33602.45,West,Mobile,8,5.0,0,14.32,0,0,131.91,Loyal,0
304857,2026-06-30,2025-03-25,47,18191.48,Budapest,Store,15,10.0,0,0.0,0,0,199.25,Active,0
304608,2026-06-30,2024-03-17,18,15000.0,East,Store,27,7.0,0,0.0,0,0,185.34,Active,0
304679,2026-06-30,2024-02-08,38,21849.6,Budapest,Mobile,29,6.0,0,0.0,0,0,164.25,Loyal,0
301181,2026-06-30,2024-08-12,58,17818.39,East,Store,23,8.0,0,0.0,0,0,249.68,Active,0
308997,2026-06-30,2025-03-31,47,30695.65,South,Web,15,9.0,1,88.63,0,0,210.42,Active,0
305815,2026-06-30,2025-06-09,42,40361.48,South,Store,13,8.0,4,154.22,0,0,167.07,Active,0
308610,2026-06-30,2024-11-22,36,15000.0,Budapest,Web,19,4.0,0,53.81,1,1,97.25,At Risk,1
302345,2026-06-30,2024-10-10,46,19617.96,North,Web,21,9.0,1,53.96,0,0,111.0,Loyal,0
305317,2026-06-30,2025-09-17,46,15000.0,East,Web,9,8.0,0,0.0,0,0,266.93,Loyal,0
304394,2026-06-30,2025-12-14,26,49385.84,East,Mobile,7,10.0,4,99.99,0,1,273.07,Active,0
300334,2026-06-30,2024-09-28,31,80687.18,North,Mobile,21,3.0,0,20.36,0,0,259.5,Active,0
305734,2026-06-30,2025-07-18,51,36048.22,Budapest,Web,11,7.0,3,240.58,0,0,248.23,Active,0
303195,2026-06-30,2025-11-24,49,35730.54,Budapest,Web,7,5.0,4,371.7,0,0,256.67,Loyal,0
307129,2026-06-30,2025-11-25,41,21396.98,North,Store,7,5.0,0,47.62,0,0,204.28,Active,0
308080,2026-06-30,2024-05-12,31,33111.97,Budapest,Web,26,5.0,0,2.63,0,0,254.14,Active,0
302535,2026-06-30,2024-08-31,33,37697.64,East,Web,22,6.0,0,0.0,0,0,222.06,Active,0
305832,2026-06-30,2024-06-11,50,29259.51,East,Web,25,6.0,0,42.84,0,0,175.27,Active,0
306390,2026-06-30,2024-08-09,50,45524.11,North,Store,23,8.0,0,0.0,1,0,0.0,At Risk,1
306217,2026-06-30,2024-11-17,37,37968.58,West,Web,19,10.0,0,4.99,1,1,62.06,At Risk,1
306413,2026-06-30,2025-01-23,50,22815.07,North,Mobile,17,9.0,4,249.8,0,0,202.27,Active,0
308467,2026-06-30,2025-01-26,44,49150.11,West,Web,17,7.0,1,98.63,0,0,203.32,Active,0
306702,2026-06-30,2024-07-16,43,23250.89,Budapest,Mobile,23,8.0,0,15.89,0,0,223.33,Loyal,0
305139,2026-06-30,2024-01-06,53,69464.91,North,Store,30,8.0,1,85.04,0,0,159.51,Active,0
303086,2026-06-30,2025-01-08,50,40821.2,West,Mobile,18,6.0,2,61.75,0,0,165.16,Active,0
307032,2026-06-30,2025-03-14,34,35184.97,Budapest,Web,16,2.0,2,122.95,1,1,19.5,At Risk,1
304297,2026-06-30,2024-11-27,57,24143.11,East,Store,19,2.0,3,185.84,0,0,177.04,Loyal,0
301784,2026-06-30,2024-10-01,28,111591.43,East,Web,21,4.0,2,156.64,0,0,235.64,Loyal,0
301923,2026-06-30,2025-03-07,38,15000.0,East,Mobile,16,8.0,2,121.87,1,0,217.21,Loyal,0
301740,2026-06-30,2025-11-12,27,52072.03,North,Web,8,6.0,0,13.39,0,0,240.86,Active,0
305660,2026-06-30,2024-08-26,47,30372.09,East,Store,22,5.0,3,161.0,1,0,257.55,Active,0
303413,2026-06-30,2025-04-09,40,25331.87,South,Mobile,15,8.0,1,78.62,0,0,248.52,Active,0
304507,2026-06-30,2025-11-27,41,63680.76,South,Web,7,6.0,2,79.23,0,0,185.55,Active,0
305643,2026-06-30,2025-07-17,34,72612.41,North,Web,11,11.0,2,125.35,1,1,38.99,At Risk,1
304114,2026-06-30,2024-12-15,41,79221.53,South,Web,18,7.0,1,61.05,0,0,281.81,Active,0
301374,2026-06-30,2025-02-10,37,42945.99,Budapest,Mobile,17,7.0,0,8.59,0,0,176.6,Loyal,0
300024,2026-06-30,2025-12-17,46,15987.31,Budapest,Mobile,6,8.0,1,14.21,0,0,160.68,Loyal,0
306729,2026-06-30,2025-05-15,31,39860.89,East,Mobile,14,6.0,3,184.55,0,1,163.94,Loyal,0
301331,2026-06-30,2024-04-04,36,49299.35,North,Store,27,9.0,3,245.79,0,0,179.12,Active,0
307786,2026-06-30,2025-12-28,32,49342.1,Budapest,Web,6,12.0,2,107.49,1,0,144.49,Active,0
308856,2026-06-30,2025-12-16,36,17851.46,East,Mobile,6,6.0,1,9.62,0,0,288.48,Active,0
304424,2026-06-30,2025-08-08,51,31761.19,Budapest,Store,11,7.0,0,0.0,0,0,171.26,Active,0
306815,2026-06-30,2024-06-21,41,16687.02,Budapest,Store,24,9.0,3,206.95,1,0,174.04,Loyal,0
303411,2026-06-30,2025-10-19,59,24852.09,Budapest,Web,8,10.0,0,6.94,0,0,163.08,Active,0
304919,2026-06-30,2025-02-14,40,25838.14,West,Web,16,7.0,1,82.86,0,0,190.96,Loyal,0
307930,2026-06-30,2024-09-11,44,22626.57,South,Mobile,22,8.0,2,113.61,0,0,198.6,Active,0
303140,2026-06-30,2025-03-15,56,27586.4,North,Web,16,4.0,1,60.74,0,0,213.45,Active,0
301624,2026-06-30,2025-09-28,18,30234.63,North,Store,9,7.0,0,0.0,0,0,245.46,Loyal,0
307631,2026-06-30,2025-02-19,61,15800.55,North,Mobile,16,4.0,2,221.76,0,1,164.28,Loyal,0
306845,2026-06-30,2024-12-14,51,17648.75,North,Web,18,11.0,4,322.96,0,0,276.55,Active,0
304746,2026-06-30,2024-07-14,18,66285.58,Budapest,Store,24,8.0,4,251.8,1,1,7.28,At Risk,1
308178,2026-06-30,2025-04-07,18,,West,Mobile,15,5.0,0,9.75,0,0,207.97,Active,0
304587,2026-06-30,2024-02-12,18,27573.82,East,Store,29,6.0,2,136.42,0,0,172.17,Active,0
307368,2026-06-30,2024-03-08,18,15000.0,West,Web,28,11.0,1,70.78,0,0,178.93,Active,0
303393,2026-06-30,2024-02-26,50,69870.44,West,Store,28,15.0,1,72.96,0,0,163.48,Active,0
307793,2026-06-30,2024-07-16,21,33110.62,East,Web,23,12.0,3,118.35,0,0,186.68,Active,0
305458,2026-06-30,2025-06-12,54,44559.16,South,Web,13,9.0,0,0.0,0,0,229.72,Active,0
303046,2026-06-30,2025-03-06,35,61573.51,South,Web,16,8.0,2,107.85,0,0,175.03,Active,0
302133,2026-06-30,2025-06-23,36,21376.75,Budapest,Web,12,8.0,1,0.0,0,0,214.39,Active,0
303593,2026-06-30,2025-07-09,43,35097.84,North,Web,12,11.0,1,116.94,0,0,169.71,Active,0
308138,2026-06-30,2024-02-08,30,30698.63,East,Mobile,29,2.0,0,63.79,0,0,189.75,Active,0
306694,2026-06-30,2024-08-04,26,35666.69,North,Store,23,6.0,1,57.44,0,0,232.96,Active,0
300497,2026-06-30,2024-11-15,45,58268.82,West,Web,19,8.0,3,106.4,0,0,198.44,Active,0
307643,2026-06-30,2024-08-07,45,15000.0,Budapest,Web,23,8.0,2,101.77,0,0,218.98,Loyal,0
305602,2026-06-30,2025-02-22,39,39792.64,West,Web,16,4.0,0,4.9,0,0,196.47,Loyal,0
303152,2026-06-30,2024-10-31,58,15000.0,Budapest,Web,20,10.0,4,295.18,0,0,224.13,Active,0
304605,2026-06-30,2024-10-21,30,33343.61,South,Store,20,17.0,2,95.76,0,0,198.06,Active,0
301011,2026-06-30,2024-05-24,31,37397.91,Budapest,Web,25,7.0,1,59.37,0,0,166.74,Active,0
307755,2026-06-30,2025-12-13,44,44778.31,Budapest,Web,7,6.0,2,18.09,0,0,188.54,Active,0
302985,2026-06-30,2025-02-18,34,38508.83,Budapest,Web,16,12.0,1,53.28,1,0,181.22,Loyal,0
300034,2026-06-30,2025-04-15,35,58166.75,Budapest,Web,14,6.0,1,119.22,0,0,202.26,Active,0
302612,2026-06-30,2025-09-15,48,15000.0,Budapest,Web,9,9.0,0,0.0,0,0,282.2,Loyal,0
300051,2026-06-30,2025-09-24,44,27297.47,North,Mobile,9,7.0,1,69.78,0,0,142.36,Loyal,0
303078,2026-06-30,2024-07-20,46,42391.48,Budapest,Mobile,23,11.0,2,139.86,0,0,162.29,Active,0
305065,2026-06-30,2024-07-30,49,57318.05,Budapest,Web,23,5.0,2,178.76,0,0,171.78,Loyal,0
307904,2026-06-30,2024-09-26,26,26748.28,West,Web,21,13.0,3,233.95,0,0,143.26,Active,0
302587,2026-06-30,2024-12-02,52,86692.57,West,Web,19,8.0,0,10.3,1,1,41.8,At Risk,1
308501,2026-06-30,2025-02-06,27,24593.29,South,Web,17,7.0,0,0.0,0,0,179.28,Loyal,0
302755,2026-06-30,2024-05-09,26,17521.23,West,Store,26,13.0,2,98.94,0,0,214.91,Active,0
300501,2026-06-30,2024-02-02,49,,West,Mobile,29,14.0,2,158.46,0,0,250.01,Active,0
301088,2026-06-30,2025-08-08,33,30067.07,Budapest,Mobile,11,5.0,1,11.21,1,0,218.78,Active,0
305968,2026-06-30,2024-06-19,44,16333.45,East,Web,24,7.0,1,93.16,0,0,190.17,Active,0
301489,2026-06-30,2024-03-12,46,31358.17,Budapest,Mobile,28,11.0,3,190.12,0,0,204.92,Active,0
307299,2026-06-30,2025-12-14,58,43511.85,South,Mobile,7,8.0,0,0.0,0,0,199.4,Active,0
303039,2026-06-30,2024-06-04,32,15000.0,West,Store,25,10.0,0,0.0,0,0,141.61,Active,0
306993,2026-06-30,2024-04-10,22,15000.0,North,Mobile,27,9.0,1,45.83,0,0,178.32,Active,0
308250,2026-06-30,2024-11-06,26,22130.06,North,Web,20,7.0,0,17.54,0,0,142.96,Active,0
304363,2026-06-30,2025-08-28,44,65537.81,Budapest,Web,10,3.0,2,76.26,0,0,229.57,Active,0
303721,2026-06-30,2024-12-23,18,24519.95,South,Store,18,8.0,2,65.15,0,0,188.16,Active,0
301288,2026-06-30,2024-02-04,56,31842.54,Budapest,Mobile,29,6.0,1,0.0,0,0,164.97,Active,0
304388,2026-06-30,2025-09-13,38,30412.94,East,Web,10,9.0,1,60.41,0,0,193.14,Active,0
306391,2026-06-30,2024-05-08,46,28798.43,South,Web,26,6.0,0,0.0,0,0,161.99,Active,0
308554,2026-06-30,2024-11-21,33,29490.32,West,Web,19,10.0,1,62.6,0,0,145.5,Active,0
308095,2026-06-30,2024-01-16,26,27203.91,North,Mobile,29,9.0,1,11.23,0,0,244.9,Active,0
300246,2026-06-30,2025-10-10,48,39839.18,Budapest,Mobile,9,12.0,1,88.69,1,0,155.35,Loyal,0
300150,2026-06-30,2025-12-08,33,21020.03,Budapest,Store,7,7.0,2,79.89,0,0,151.02,Active,0
307031,2026-06-30,2024-11-05,40,27075.08,West,Mobile,20,13.0,1,73.08,0,0,263.03,Loyal,0
300186,2026-06-30,2025-08-24,37,15000.0,Budapest,Web,10,5.0,1,70.32,0,0,224.57,Loyal,0
307515,2026-06-30,2024-07-02,37,44617.04,South,Store,24,9.0,1,102.86,0,0,232.09,Active,0
300759,2026-06-30,2024-05-30,62,16332.82,East,Mobile,25,10.0,1,51.89,0,0,270.99,Active,0
303707,2026-06-30,2025-01-31,44,86807.52,Budapest,Mobile,17,8.0,1,60.88,0,0,167.62,Active,0
301105,2026-06-30,2025-06-20,58,33440.38,West,Store,12,11.0,1,99.47,0,0,129.08,Active,0
306070,2026-06-30,2025-06-11,20,35411.92,Budapest,Store,13,7.0,2,56.1,0,0,206.74,Active,0
304217,2026-06-30,2024-11-23,30,64935.8,South,Mobile,19,4.0,1,72.69,0,0,205.99,Loyal,0
302486,2026-06-30,2024-05-25,34,56702.31,Budapest,Web,25,3.0,1,101.03,0,0,205.85,Active,0
305868,2026-06-30,2025-04-29,49,32991.94,West,Web,14,7.0,2,238.76,0,1,243.22,Active,0
301150,2026-06-30,2025-11-17,26,15193.54,Budapest,Store,7,5.0,0,22.0,0,0,204.98,Loyal,0
306699,2026-06-30,2024-10-31,41,32812.05,West,Web,20,6.0,2,120.83,0,1,100.71,At Risk,1
303689,2026-06-30,2025-04-15,48,22499.47,West,Store,14,9.0,2,62.37,0,0,235.85,Loyal,0
304533,2026-06-30,2024-10-09,42,33517.14,East,Web,21,3.0,0,5.39,0,0,222.52,Active,0
304310,2026-06-30,2024-06-07,35,23905.44,West,Web,25,7.0,2,184.47,0,0,226.6,Loyal,0
308684,2026-06-30,2024-09-28,46,35838.52,West,Store,21,7.0,1,90.25,0,0,254.47,Active,0
304378,2026-06-30,2025-12-05,35,50476.6,West,Mobile,7,11.0,0,0.0,0,1,0.0,At Risk,1
306848,2026-06-30,2025-09-04,50,25147.5,West,Web,10,6.0,1,61.15,0,0,122.71,Active,0
302166,2026-06-30,2024-01-14,26,73534.27,Budapest,Mobile,30,8.0,0,56.57,0,0,249.38,Active,0
300551,2026-06-30,2024-10-12,39,69444.25,Budapest,Store,21,5.0,2,104.08,0,0,202.25,Loyal,0
306548,2026-06-30,2024-02-19,23,56462.1,North,Mobile,28,13.0,2,135.63,0,0,205.35,Loyal,0
302684,2026-06-30,2025-08-31,38,36621.3,South,Mobile,10,,0,0.0,0,0,133.55,Active,0
308219,2026-06-30,2024-09-09,29,42196.0,North,Web,22,10.0,1,57.4,0,0,143.34,Loyal,0
305969,2026-06-30,2024-03-30,46,,West,Web,27,8.0,2,241.19,0,0,230.5,Active,0
302073,2026-06-30,2024-07-22,32,15000.0,Budapest,Mobile,23,8.0,1,73.66,0,0,229.2,Active,0
303996,2026-06-30,2025-11-24,38,25126.18,Budapest,Store,7,7.0,4,263.7,0,0,148.6,Loyal,0
300018,2026-06-30,2025-12-11,18,25578.09,Budapest,Mobile,7,5.0,3,147.63,0,0,168.74,Active,0
302707,2026-06-30,2025-09-05,55,29995.65,South,Mobile,10,6.0,0,47.53,0,0,126.26,Loyal,0
303934,2026-06-30,2025-04-01,26,21821.68,Budapest,Store,15,8.0,3,204.76,0,0,128.57,Loyal,0
308817,2026-06-30,2025-08-25,39,41019.72,Budapest,Web,10,7.0,2,43.85,0,0,112.37,Active,0
304588,2026-06-30,2024-04-19,63,17726.25,East,Web,26,3.0,1,44.66,0,1,185.01,Active,0
307821,2026-06-30,2024-08-07,56,33253.75,Budapest,Mobile,23,10.0,1,96.36,1,1,34.79,At Risk,1
304971,2026-06-30,2025-07-16,45,15000.0,West,Store,11,8.0,3,173.96,1,0,0.0,At Risk,1
301350,2026-06-30,2024-11-01,53,38905.01,South,Store,20,7.0,2,152.52,0,0,192.37,Active,0
301296,2026-06-30,2024-12-15,36,30115.52,East,Web,18,6.0,2,96.4,0,0,197.16,Loyal,0
308991,2026-06-30,2024-10-18,25,34907.96,South,Web,20,10.0,4,142.92,0,0,238.77,Active,0
308891,2026-06-30,2025-01-15,51,16250.93,Budapest,Web,17,5.0,1,74.6,1,1,18.46,At Risk,1
305337,2026-06-30,2024-01-21,23,22541.81,West,Web,29,10.0,1,5.0,0,0,200.44,Active,0
304997,2026-06-30,2024-11-28,43,25226.6,East,Web,19,6.0,4,205.57,0,0,149.82,Loyal,0
306371,2026-06-30,2025-11-15,43,29484.91,Budapest,Web,7,6.0,1,138.58,1,0,331.22,Active,0
303704,2026-06-30,2024-12-20,41,65107.3,East,Web,18,6.0,1,24.18,0,0,188.64,Active,0
308903,2026-06-30,2025-07-24,42,41558.27,Budapest,Web,11,7.0,0,0.0,0,0,178.05,Active,0
305268,2026-06-30,2024-11-18,46,34670.99,North,Web,19,8.0,3,149.91,0,0,178.48,Loyal,0
306342,2026-06-30,2024-05-03,51,26842.24,Budapest,Store,26,3.0,1,81.74,0,0,174.54,Active,0
305082,2026-06-30,2025-11-04,42,41073.34,Budapest,Web,8,8.0,0,0.0,0,0,187.48,Loyal,0
308775,2026-06-30,2024-10-01,40,47283.56,North,Web,21,8.0,2,110.17,0,0,118.76,Active,0
302771,2026-06-30,2024-12-16,21,58013.42,Budapest,Web,18,9.0,1,103.94,0,0,186.09,Active,0
303885,2026-06-30,2024-03-30,18,67339.82,South,Web,27,11.0,3,187.31,0,0,137.36,Active,0
306530,2026-06-30,2024-03-31,42,77690.4,East,Web,27,5.0,1,131.79,0,0,256.4,Active,0
306514,2026-06-30,2025-11-23,18,45010.65,South,Store,7,11.0,2,35.54,0,0,172.0,Active,0
300169,2026-06-30,2024-01-23,49,67932.9,West,Mobile,29,15.0,1,144.8,0,0,248.51,Loyal,0
304907,2026-06-30,2024-02-21,37,62617.67,North,Web,28,4.0,3,144.29,0,0,182.78,Active,0
301453,2026-06-30,2025-08-07,44,22899.52,Budapest,Web,11,4.0,0,0.0,0,0,173.07,Active,0
308660,2026-06-30,2025-09-11,66,46644.09,West,Store,10,6.0,6,436.81,0,0,210.61,Active,0
301663,2026-06-30,2024-11-02,25,20749.93,Budapest,Mobile,20,7.0,0,0.0,0,0,310.18,Active,0
304772,2026-06-30,2024-07-14,45,26637.55,North,Web,24,9.0,2,151.86,0,0,196.06,Active,0
303182,2026-06-30,2024-02-16,34,41087.37,West,Mobile,28,8.0,0,0.0,0,0,217.62,Loyal,0
308102,2026-06-30,2025-07-11,35,15000.0,East,Mobile,12,8.0,2,214.83,1,0,223.12,Active,0
308765,2026-06-30,2024-01-26,43,75680.35,Budapest,Mobile,29,8.0,2,144.02,0,0,183.4,Loyal,0
302322,2026-06-30,2025-06-22,29,38699.9,South,Web,12,12.0,2,55.65,0,0,153.59,Active,0
305859,2026-06-30,2024-02-03,47,36181.24,East,Mobile,29,9.0,2,22.85,1,1,0.0,At Risk,1
306168,2026-06-30,2025-03-03,50,89017.95,South,Mobile,16,6.0,4,294.68,0,0,249.55,Active,0
308090,2026-06-30,2025-05-21,52,46904.64,East,Mobile,13,9.0,3,288.42,0,0,296.3,Active,0
300719,2026-06-30,2025-10-25,48,27448.8,East,Web,8,7.0,1,64.85,0,0,155.44,Active,0
304731,2026-06-30,2025-10-27,42,16088.16,West,Web,8,9.0,1,76.94,0,0,205.18,Active,0
306423,2026-06-30,2024-03-09,35,50568.21,Budapest,Mobile,28,6.0,3,211.16,0,0,240.09,Loyal,0
301632,2026-06-30,2024-09-06,51,27497.1,Budapest,Web,22,6.0,2,113.97,0,0,190.34,Loyal,0
304342,2026-06-30,2025-08-22,35,52986.71,East,Mobile,10,9.0,0,0.0,1,1,33.34,At Risk,1
300488,2026-06-30,2025-06-03,57,34539.61,West,Mobile,13,7.0,2,96.42,0,0,188.92,Active,0
301072,2026-06-30,2024-11-20,46,33812.79,North,Store,19,7.0,2,175.0,0,0,219.1,Active,0
306248,2026-06-30,2024-02-20,59,18500.72,East,Web,28,7.0,2,109.34,0,0,244.67,Active,0
305721,2026-06-30,2024-07-03,33,21658.12,West,Web,24,10.0,1,31.5,0,0,197.02,Active,0
306040,2026-06-30,2024-11-02,42,35637.17,Budapest,Store,20,7.0,1,84.65,0,0,243.78,Active,0
303170,2026-06-30,2024-11-23,41,29442.03,West,Web,19,8.0,0,0.0,0,0,219.58,Active,0
304982,2026-06-30,2025-04-25,50,20542.56,East,Web,14,6.0,1,72.56,1,0,194.56,Active,0
305191,2026-06-30,2025-02-13,30,23652.08,Budapest,Web,16,9.0,1,124.33,1,0,194.53,Active,0
300502,2026-06-30,2024-03-26,37,52470.83,Budapest,Mobile,27,6.0,2,133.07,0,0,243.99,Active,0
305585,2026-06-30,2024-11-02,30,20458.55,Budapest,Mobile,20,8.0,2,132.81,0,0,166.47,Active,0
306102,2026-06-30,2025-03-14,55,39817.59,East,Web,16,6.0,1,76.14,0,0,242.61,Loyal,0
300995,2026-06-30,2024-09-10,38,49943.8,Budapest,Mobile,22,3.0,2,148.99,0,0,199.69,Active,0
305636,2026-06-30,2025-04-21,33,43555.23,Budapest,Web,14,7.0,1,56.62,0,0,149.44,Loyal,0
301340,2026-06-30,2025-11-16,42,37138.08,East,Web,7,14.0,3,228.17,0,0,192.78,Active,0
302115,2026-06-30,2025-11-05,50,34945.32,South,Store,8,8.0,0,0.0,0,0,124.64,Active,0
301403,2026-06-30,2025-12-17,43,46148.29,Budapest,Mobile,6,5.0,1,50.63,0,0,219.98,Loyal,0
305445,2026-06-30,2024-09-23,24,28964.95,West,Mobile,21,8.0,2,93.67,0,0,268.41,Active,0
304140,2026-06-30,2025-08-08,63,,Budapest,Web,11,8.0,1,90.91,0,0,191.86,Loyal,0
301023,2026-06-30,2025-06-01,29,37121.56,South,Mobile,13,10.0,3,163.46,0,0,225.22,Active,0
303051,2026-06-30,2024-02-09,20,44973.25,Budapest,Store,29,6.0,5,273.39,0,0,136.06,Active,0
301249,2026-06-30,2024-04-01,32,63334.91,Budapest,Store,27,2.0,0,20.14,0,0,184.99,Active,0
300354,2026-06-30,2025-01-29,18,41655.91,Budapest,Mobile,17,6.0,1,81.0,0,0,178.21,Active,0
302457,2026-06-30,2024-10-10,31,54284.96,North,Mobile,21,5.0,4,352.06,0,0,181.75,Active,0
300140,2026-06-30,2025-03-11,37,98295.73,East,Mobile,16,4.0,1,101.98,1,1,101.84,At Risk,1
304881,2026-06-30,2025-04-27,30,37204.22,Budapest,Web,14,11.0,2,169.9,0,0,305.4,Active,0
300484,2026-06-30,2024-05-14,33,25855.74,West,Web,26,5.0,1,124.39,0,0,161.94,Active,0
307259,2026-06-30,2025-01-14,49,34338.73,Budapest,Mobile,17,14.0,1,61.4,0,0,144.65,Active,0
301427,2026-06-30,2025-05-08,32,44282.15,East,Web,14,8.0,1,101.06,1,0,169.91,Active,0
305471,2026-06-30,2025-05-17,38,32029.2,North,Store,13,12.0,2,171.42,0,0,230.61,Loyal,0
308367,2026-06-30,2024-01-13,37,122585.82,Budapest,Web,30,10.0,0,25.07,1,0,268.48,Active,0
305919,2026-06-30,2025-03-22,59,87113.1,North,Web,15,9.0,3,220.5,0,0,187.12,Loyal,0
307435,2026-06-30,2024-06-04,44,17098.86,Budapest,Store,25,7.0,0,0.0,0,0,188.96,Active,0
305270,2026-06-30,2024-02-26,57,32286.78,North,Web,28,6.0,2,103.8,0,0,198.06,Active,0
306469,2026-06-30,2025-04-26,48,31314.26,Budapest,Mobile,14,6.0,1,33.55,0,0,153.75,Loyal,0
302226,2026-06-30,2025-09-15,44,67105.55,Budapest,Web,9,8.0,2,202.87,0,0,167.35,Active,0
301415,2026-06-30,2024-12-31,57,16307.73,Budapest,Web,18,12.0,2,136.86,0,0,130.25,Active,0
307380,2026-06-30,2025-10-05,46,77947.59,North,Web,9,11.0,1,16.88,0,0,156.69,Active,0
305173,2026-06-30,2025-12-24,43,35930.17,South,Mobile,6,12.0,1,19.02,0,0,202.74,Active,0
301085,2026-06-30,2024-11-06,56,79775.63,Budapest,Mobile,20,9.0,2,125.44,0,0,194.54,Active,0
304871,2026-06-30,2025-09-03,40,16535.95,East,Web,10,4.0,1,6.94,0,0,178.32,Active,0
304419,2026-06-30,2024-10-02,45,55867.62,South,Mobile,21,8.0,0,0.0,0,0,185.96,Active,0
302167,2026-06-30,2024-11-29,40,32813.27,Budapest,Mobile,19,5.0,4,268.04,0,0,234.0,Active,0
304468,2026-06-30,2025-04-28,50,36383.72,Budapest,Web,14,4.0,0,8.48,0,0,222.75,Loyal,0
300454,2026-06-30,2025-12-07,65,45670.64,South,Web,7,7.0,0,0.0,0,0,192.71,Loyal,0
300767,2026-06-30,2024-02-27,56,54042.08,Budapest,Web,28,8.0,0,17.85,0,0,179.44,Active,0
301794,2026-06-30,2024-06-26,29,15000.0,Budapest,Mobile,24,9.0,3,182.98,0,0,215.57,Active,0
305811,2026-06-30,2024-07-31,28,28374.07,Budapest,Web,23,9.0,3,214.93,0,0,197.46,Active,0
302778,2026-06-30,2024-07-28,46,70870.32,Budapest,Mobile,23,8.0,1,128.72,0,0,247.63,Loyal,0
308087,2026-06-30,2025-11-30,62,69452.42,West,Mobile,7,4.0,0,23.08,0,0,200.91,Active,0
300683,2026-06-30,2024-04-07,50,31410.77,North,Web,27,2.0,0,65.16,0,0,151.71,Active,0
308562,2026-06-30,2024-08-16,61,24944.19,Budapest,Web,22,4.0,0,0.0,0,0,157.66,Active,0
305701,2026-06-30,2025-09-02,51,66493.28,East,Web,10,9.0,3,199.08,0,0,242.4,Active,0
302068,2026-06-30,2025-03-13,31,19909.96,Budapest,Web,16,9.0,2,16.47,0,0,298.21,Active,0
302717,2026-06-30,2024-01-11,26,86141.08,East,Mobile,30,8.0,3,234.06,0,0,283.0,Active,0
306860,2026-06-30,2024-07-14,48,26577.78,North,Web,24,10.0,2,106.79,0,0,175.78,Active,0
305263,2026-06-30,2025-07-04,29,47107.72,South,Mobile,12,7.0,1,64.27,0,0,106.56,Active,0
306660,2026-06-30,2024-02-11,56,16428.0,Budapest,Mobile,29,10.0,1,12.82,0,0,254.84,Active,0
307416,2026-06-30,2025-09-27,48,54828.16,Budapest,Mobile,9,3.0,1,42.37,0,0,226.8,Active,0
305736,2026-06-30,2024-04-19,40,20773.35,West,Store,26,5.0,2,145.16,0,0,279.34,Active,0
302003,2026-06-30,2025-06-09,34,16744.09,West,Mobile,13,7.0,0,41.45,0,0,186.02,Loyal,0
302228,2026-06-30,2025-10-23,31,15000.0,South,Mobile,8,6.0,1,58.18,0,0,250.55,Active,0
305937,2026-06-30,2024-12-06,43,34187.79,South,Store,19,7.0,2,180.56,1,0,291.25,Active,0
304710,2026-06-30,2024-09-01,35,28886.24,East,Mobile,22,8.0,2,107.64,0,0,114.73,Active,0
301979,2026-06-30,2025-06-25,43,,Budapest,Mobile,12,6.0,1,24.89,1,1,29.88,At Risk,1
304990,2026-06-30,2025-09-26,52,33529.08,East,Web,9,4.0,0,0.0,0,0,209.0,Active,0
302987,2026-06-30,2025-09-10,38,30601.29,North,Mobile,10,6.0,0,0.0,0,0,257.41,Loyal,0
305153,2026-06-30,2025-08-05,25,27852.55,East,Web,11,3.0,0,0.0,1,0,211.51,Active,0
304607,2026-06-30,2025-03-13,41,40786.37,South,Web,16,4.0,1,55.58,0,1,42.12,At Risk,1
302313,2026-06-30,2025-10-19,56,32426.52,South,Mobile,8,8.0,0,0.0,0,0,165.78,Active,0
302796,2026-06-30,2025-10-28,54,60169.45,North,Mobile,8,10.0,2,194.36,0,0,258.47,Active,0
305442,2026-06-30,2024-06-15,31,29005.21,Budapest,Web,24,3.0,0,0.0,0,0,196.08,Active,0
303785,2026-06-30,2024-10-27,44,32585.1,East,Mobile,20,9.0,2,184.6,0,0,171.82,Active,0
307334,2026-06-30,2024-09-25,55,51290.66,North,Mobile,21,6.0,0,0.0,0,0,277.79,Active,0
304804,2026-06-30,2024-06-30,27,64363.72,North,Mobile,24,5.0,1,62.47,0,0,267.41,Active,0
306254,2026-06-30,2024-08-25,46,18468.84,East,Web,22,10.0,2,63.71,0,0,292.83,Loyal,0
303438,2026-06-30,2025-06-19,46,55587.73,South,Web,12,6.0,1,120.1,0,0,216.17,Loyal,0
304031,2026-06-30,2024-11-18,23,58179.28,South,Store,19,5.0,1,61.32,0,0,260.38,Loyal,0
304491,2026-06-30,2025-04-25,45,50920.96,North,Web,14,9.0,2,198.48,0,0,244.68,Active,0
303008,2026-06-30,2025-02-18,42,27239.98,West,Store,16,10.0,0,9.5,0,1,139.08,Loyal,0
300430,2026-06-30,2025-05-27,26,29044.91,North,Web,13,7.0,1,41.45,0,0,243.58,Active,0
305211,2026-06-30,2025-02-12,54,39912.81,East,Store,17,9.0,0,0.0,0,0,257.1,Loyal,0
305509,2026-06-30,2025-07-20,42,35846.94,Budapest,Web,11,2.0,1,27.64,0,0,141.76,Loyal,0
308161,2026-06-30,2025-07-23,33,63424.44,West,Web,11,12.0,1,33.98,0,1,154.13,At Risk,1
300922,2026-06-30,2024-08-03,29,47012.71,South,Mobile,23,8.0,1,81.59,0,0,197.96,Active,0
304603,2026-06-30,2024-09-29,50,24683.51,West,Web,21,4.0,0,21.37,0,0,212.79,Active,0
302311,2026-06-30,2025-06-29,34,18749.51,West,Web,12,9.0,3,106.08,0,0,173.06,Active,0
303434,2026-06-30,2024-03-23,40,37634.68,Budapest,Web,27,5.0,1,62.11,0,0,267.25,Loyal,0
301019,2026-06-30,2025-05-11,49,48087.42,Budapest,Web,14,15.0,2,140.41,0,0,192.87,Active,0
302496,2026-06-30,2025-05-23,36,37459.61,Budapest,Web,13,6.0,3,206.53,0,0,204.94,Loyal,0
308665,2026-06-30,2025-11-19,47,15000.0,Budapest,Web,7,8.0,1,104.04,0,0,238.42,Loyal,0
301254,2026-06-30,2025-02-19,34,71441.37,Budapest,Store,16,11.0,1,73.72,0,0,231.11,Active,0
308390,2026-06-30,2025-07-02,21,35887.99,West,Mobile,12,9.0,3,117.93,0,0,228.27,Active,0
307485,2026-06-30,2024-12-16,47,83249.62,West,Web,18,11.0,2,207.39,0,0,204.87,Loyal,0
305376,2026-06-30,2024-07-03,37,35470.64,East,Mobile,24,10.0,2,183.85,0,0,165.44,Active,0
305745,2026-06-30,2024-05-17,57,36410.26,South,Mobile,25,8.0,0,0.0,0,0,208.01,Active,0
300638,2026-06-30,2024-10-18,41,15000.0,East,Web,20,5.0,0,0.0,0,0,191.89,Active,0
302007,2026-06-30,2024-05-17,39,26546.95,Budapest,Web,25,6.0,0,19.38,0,0,211.49,Active,0
307325,2026-06-30,2025-03-28,48,35586.98,South,Mobile,15,11.0,8,610.51,0,1,17.35,At Risk,1
300234,2026-06-30,2024-04-29,18,47357.16,East,Web,26,4.0,3,279.85,0,1,147.3,Active,0
305635,2026-06-30,2025-06-28,55,19740.11,Budapest,Web,12,6.0,0,0.0,0,0,221.6,Active,0
303678,2026-06-30,2024-06-14,39,42426.5,North,Store,25,9.0,1,92.3,1,1,13.34,At Risk,1
301732,2026-06-30,2025-04-04,24,24166.7,Budapest,Web,15,12.0,2,138.8,0,1,179.28,Loyal,0
302116,2026-06-30,2024-10-23,33,82218.25,Budapest,Mobile,20,7.0,1,25.04,0,1,179.7,Active,0
302756,2026-06-30,2024-05-22,55,63745.51,West,Mobile,25,7.0,3,193.15,0,0,262.55,Loyal,0
306518,2026-06-30,2024-05-30,51,54054.52,Budapest,Mobile,25,11.0,2,208.85,0,0,155.54,Loyal,0
301731,2026-06-30,2024-08-01,25,56626.35,West,Web,23,4.0,0,44.55,0,0,183.46,Active,0
308701,2026-06-30,2025-07-06,28,38589.3,North,Web,12,8.0,1,46.43,0,0,158.7,Active,0
300812,2026-06-30,2025-03-16,67,100980.9,Budapest,Web,15,7.0,0,10.88,0,0,211.4,Active,0
303429,2026-06-30,2024-04-10,34,49338.58,West,Web,27,8.0,2,103.58,0,0,207.25,Active,0
302095,2026-06-30,2024-12-27,44,25381.47,Budapest,Store,18,4.0,2,184.78,1,1,19.32,At Risk,1
307851,2026-06-30,2025-09-08,27,21527.8,Budapest,Web,10,4.0,2,158.13,0,0,183.77,Active,0
304023,2026-06-30,2025-09-22,51,23617.88,East,Store,9,5.0,0,42.53,0,0,195.09,Active,0
307946,2026-06-30,2024-05-20,26,52320.82,South,Mobile,25,9.0,2,204.65,0,0,223.63,Active,0
306057,2026-06-30,2024-03-04,35,34184.4,South,Store,28,12.0,0,0.0,0,1,236.61,Active,0
306012,2026-06-30,2025-07-28,29,37744.78,Budapest,Web,11,10.0,3,107.97,0,0,193.42,Active,0
302421,2026-06-30,2024-11-21,52,23326.04,South,Web,19,7.0,1,79.22,0,0,242.96,Loyal,0
306626,2026-06-30,2025-03-12,43,21543.86,North,Web,16,7.0,0,0.0,0,0,51.48,Loyal,0
303890,2026-06-30,2024-08-13,57,37402.54,East,Mobile,23,10.0,0,13.78,0,0,191.7,Loyal,0
301919,2026-06-30,2024-03-23,49,49738.99,Budapest,Store,27,9.0,1,113.26,0,0,230.54,Active,0
306484,2026-06-30,2024-08-07,48,37862.46,Budapest,Mobile,23,7.0,4,308.27,0,1,0.0,At Risk,1
301314,2026-06-30,2025-12-15,31,22123.9,West,Mobile,6,8.0,2,93.88,0,0,186.82,Loyal,0
301609,2026-06-30,2024-12-20,45,51282.06,Budapest,Web,18,5.0,1,13.41,0,0,148.28,Active,0
306071,2026-06-30,2025-06-06,33,28220.57,South,Mobile,13,6.0,1,104.36,0,0,219.92,Loyal,0
302887,2026-06-30,2024-09-06,56,38800.67,Budapest,Web,22,6.0,1,50.78,0,0,73.55,Active,0
301946,2026-06-30,2024-06-14,41,15600.79,North,Mobile,25,8.0,1,159.05,0,0,319.04,Active,0
301551,2026-06-30,2024-07-13,36,31122.43,Budapest,Web,24,7.0,1,75.78,0,0,74.92,Loyal,0
300102,2026-06-30,2025-03-08,50,19710.51,East,Web,16,7.0,2,141.17,0,0,228.2,Active,0
300320,2026-06-30,2024-07-31,30,42336.44,Budapest,Store,23,9.0,1,33.04,0,0,162.72,Active,0
305928,2026-06-30,2025-11-03,18,41204.73,South,Mobile,8,5.0,0,18.71,0,0,162.04,Loyal,0
305729,2026-06-30,2024-02-12,52,22689.8,Budapest,Web,29,12.0,2,102.7,0,0,326.84,Active,0
300626,2026-06-30,2025-11-02,28,54746.39,Budapest,Web,8,7.0,2,73.58,0,0,204.44,Active,0
307907,2026-06-30,2024-02-12,38,22385.4,West,Web,29,11.0,4,337.7,0,0,127.67,Active,0
308448,2026-06-30,2024-01-14,40,35953.27,South,Web,30,11.0,1,97.88,0,0,312.13,Active,0
306176,2026-06-30,2025-08-25,26,36894.85,Budapest,Web,10,6.0,0,0.0,0,0,162.34,Active,0
303099,2026-06-30,2024-11-12,29,,Budapest,Store,20,13.0,1,25.15,1,0,176.26,Active,0
302583,2026-06-30,2025-10-25,53,40133.44,South,Web,8,11.0,4,331.33,0,0,259.17,Loyal,0
308246,2026-06-30,2025-05-07,33,15614.16,Budapest,Store,14,4.0,0,0.0,0,0,86.28,Active,0
304240,2026-06-30,2025-08-11,37,27785.88,North,Web,11,7.0,1,0.0,0,0,215.14,Active,0
302743,2026-06-30,2024-12-31,27,30204.13,North,Web,18,10.0,2,127.4,0,0,264.59,Active,0
302596,2026-06-30,2024-03-13,44,25453.07,South,Mobile,28,7.0,2,198.54,1,0,140.43,Active,0
307550,2026-06-30,2025-03-31,44,83896.69,West,Web,15,6.0,1,85.99,0,0,181.29,Active,0
307879,2026-06-30,2024-10-18,52,52037.07,South,Mobile,20,8.0,1,4.32,0,0,174.18,Active,0
304432,2026-06-30,2024-07-22,40,21191.09,East,Web,23,11.0,2,61.93,0,0,138.52,Active,0
300335,2026-06-30,2025-07-04,37,17978.36,Budapest,Mobile,12,4.0,1,94.98,0,0,162.82,Active,0
302190,2026-06-30,2025-04-12,40,42896.54,East,Web,15,7.0,0,0.0,0,0,191.25,Loyal,0
301288,2026-06-30,2024-02-04,56,31842.54,Budapest,Mobile,29,6.0,0,0.0,0,0,164.97,Active,0
303482,2026-06-30,2025-08-13,59,48403.72,West,Web,11,4.0,1,99.57,0,0,184.47,Loyal,0
306644,2026-06-30,2025-02-03,45,27347.51,West,Store,17,8.0,3,153.19,0,0,151.04,Loyal,0
303783,2026-06-30,2024-02-08,27,43568.36,Budapest,Web,29,4.0,1,36.47,0,0,214.56,Active,0
308334,2026-06-30,2024-02-26,41,19981.48,South,Web,28,11.0,2,133.48,0,0,252.37,Active,0
300462,2026-06-30,2024-07-17,35,63709.39,North,Web,23,4.0,1,49.57,0,0,242.78,Active,0
308429,2026-06-30,2025-01-01,32,46942.99,Budapest,Web,18,1.0,0,1.35,0,0,154.37,Active,0
305497,2026-06-30,2024-03-02,27,18190.07,West,Web,28,9.0,2,143.96,1,1,0.0,At Risk,1
307479,2026-06-30,2024-05-31,36,55259.69,Budapest,Mobile,25,15.0,3,235.96,0,0,153.57,Active,0
301615,2026-06-30,2024-04-23,48,33457.83,East,Store,26,9.0,2,193.12,0,0,220.58,Active,0
305820,2026-06-30,2024-03-05,37,53684.98,East,Web,28,10.0,2,151.65,0,0,265.98,Active,0
300009,2026-06-30,2025-04-11,42,30666.98,Budapest,Mobile,15,12.0,1,19.67,0,0,150.62,Active,0
307291,2026-06-30,2024-12-07,52,60458.65,Budapest,Web,19,10.0,2,94.88,0,0,184.11,Active,0
300100,2026-06-30,2025-09-27,37,21660.64,East,Web,9,5.0,1,114.35,0,0,157.38,Loyal,0
302132,2026-06-30,2024-03-13,40,15908.02,South,Web,28,11.0,4,362.29,1,0,152.23,Active,0
307226,2026-06-30,2025-02-10,56,33220.89,West,Store,17,8.0,3,160.88,0,0,181.22,Active,0
306301,2026-06-30,2025-09-28,52,33551.29,West,Mobile,9,3.0,1,103.43,0,0,244.63,Loyal,0
302698,2026-06-30,2024-04-03,37,72742.03,East,Web,27,8.0,0,1.73,0,0,212.02,Loyal,0
300032,2026-06-30,2025-07-14,41,37883.23,Budapest,Mobile,12,15.0,1,100.71,0,0,155.99,Active,0
304565,2026-06-30,2024-06-25,46,39144.15,East,Web,24,5.0,2,167.24,0,0,221.51,Loyal,0
304129,2026-06-30,2024-09-05,42,27799.29,East,Web,22,5.0,5,467.23,0,0,229.06,Loyal,0
300541,2026-06-30,2025-10-03,48,22033.24,Budapest,Mobile,9,13.0,0,71.04,0,0,185.78,Active,0
301431,2026-06-30,2024-05-01,37,55148.44,Budapest,Web,26,7.0,1,84.6,0,0,159.59,Active,0
305804,2026-06-30,2025-03-17,53,51918.0,South,Web,15,9.0,2,53.98,1,0,244.67,Loyal,0
307202,2026-06-30,2024-05-29,18,46083.15,West,Mobile,25,8.0,0,18.89,0,0,163.97,Active,0
303003,2026-06-30,2024-09-01,48,56088.99,South,Mobile,22,11.0,4,271.26,0,0,210.02,Loyal,0
307251,2026-06-30,2024-05-25,66,40938.52,South,Mobile,25,8.0,2,166.37,0,0,187.8,Loyal,0
307304,2026-06-30,2024-08-07,42,28868.58,East,Mobile,23,4.0,0,0.0,0,0,233.5,Active,0
308503,2026-06-30,2025-04-17,18,94926.65,North,Web,14,8.0,1,86.78,0,0,220.94,Active,0
303458,2026-06-30,2024-12-09,51,49437.4,East,Mobile,19,11.0,4,292.63,0,0,229.23,Active,0
301298,2026-06-30,2025-05-09,18,78794.04,West,Store,14,5.0,0,17.06,0,0,244.49,Active,0
306466,2026-06-30,2024-06-10,57,42994.97,East,Store,25,7.0,1,136.65,0,0,190.04,Active,0
303568,2026-06-30,2025-03-11,50,64489.78,South,Web,16,7.0,1,34.33,0,0,158.4,Active,0
301729,2026-06-30,2024-08-08,44,34646.86,Budapest,Web,23,8.0,1,112.69,0,0,160.76,Loyal,0
307605,2026-06-30,2024-11-13,56,44473.96,South,Web,20,5.0,2,142.98,0,0,90.23,Loyal,0
308149,2026-06-30,2025-11-26,66,32005.68,West,Store,7,5.0,1,55.64,0,0,77.09,Loyal,0
304902,2026-06-30,2024-08-09,41,62510.05,West,Mobile,23,8.0,2,123.26,0,0,184.47,Active,0
300602,2026-06-30,2024-01-12,48,49220.57,Budapest,Mobile,30,7.0,1,33.88,0,0,186.63,Active,0
307088,2026-06-30,2025-12-09,46,47567.06,East,Mobile,7,8.0,4,359.81,0,0,79.08,Loyal,0
303768,2026-06-30,2025-10-28,50,15771.76,North,Web,8,7.0,0,11.74,1,1,11.22,At Risk,1
304814,2026-06-30,2024-07-12,58,55518.16,East,Mobile,24,6.0,2,98.84,0,0,203.37,Active,0
301045,2026-06-30,2024-08-26,32,49751.27,Budapest,Web,22,5.0,1,85.23,0,0,232.6,Active,0
306119,2026-06-30,2024-09-12,41,87363.3,South,Web,22,11.0,3,152.32,1,0,232.25,Active,0
303892,2026-06-30,2025-06-23,58,23883.24,North,Store,12,6.0,2,88.09,0,0,220.49,Loyal,0
303978,2026-06-30,2024-07-17,32,24789.84,Budapest,Mobile,23,5.0,1,83.86,0,0,196.91,Loyal,0
306510,2026-06-30,2024-03-13,50,44981.97,West,Store,28,10.0,2,130.64,0,0,250.52,Active,0
307040,2026-06-30,2024-05-25,33,64484.39,Budapest,Mobile,25,17.0,5,378.36,0,0,228.62,Active,0
300292,2026-06-30,2025-10-15,29,23053.13,East,Web,8,5.0,1,0.0,0,0,179.55,Active,0
302953,2026-06-30,2025-03-31,47,41264.84,East,Web,15,9.0,0,0.0,1,1,85.43,At Risk,1
304562,2026-06-30,2024-03-08,25,15000.0,West,Web,28,8.0,0,0.0,0,0,193.82,Active,0
308706,2026-06-30,2024-07-20,54,24705.25,East,Mobile,23,8.0,4,378.55,0,0,225.5,Active,0
300619,2026-06-30,2024-08-17,18,28405.13,Budapest,Mobile,22,7.0,0,0.0,0,0,165.46,Active,0
301514,2026-06-30,2024-11-27,24,46558.09,West,Mobile,19,9.0,1,21.73,0,0,145.58,Loyal,0
300595,2026-06-30,2025-08-15,53,28789.75,Budapest,Web,10,10.0,0,0.0,0,0,218.9,Loyal,0
307725,2026-06-30,2025-04-17,44,31518.11,West,Mobile,14,7.0,3,242.68,0,0,173.54,Loyal,0
303210,2026-06-30,2024-04-09,41,42213.82,West,Web,27,9.0,1,59.12,0,0,235.25,Active,0
305383,2026-06-30,2025-02-24,48,40574.42,Budapest,Web,16,2.0,1,65.01,0,0,243.43,Loyal,0
306658,2026-06-30,2024-02-24,45,51468.82,East,Store,28,8.0,0,2.18,0,0,122.2,Loyal,0
305387,2026-06-30,2025-12-05,31,25286.77,Budapest,Mobile,7,7.0,0,0.0,0,0,283.07,Active,0
301747,2026-06-30,2024-12-01,21,26010.35,East,Web,19,4.0,0,0.0,0,0,151.11,Active,0
302058,2026-06-30,2025-09-18,62,26305.8,East,Mobile,9,5.0,1,97.49,0,0,270.13,Active,0
308159,2026-06-30,2024-07-08,52,36516.29,Budapest,Store,24,8.0,2,226.48,0,0,177.75,Active,0
303108,2026-06-30,2025-06-13,64,18182.93,Budapest,Web,13,10.0,0,0.0,0,0,239.14,Active,0
303353,2026-06-30,2025-05-19,45,50964.99,South,Mobile,13,5.0,2,138.12,0,0,205.17,Active,0
306952,2026-06-30,2024-12-24,36,29919.81,South,Mobile,18,5.0,2,42.84,0,0,198.81,Loyal,0
305917,2026-06-30,2024-11-10,19,37842.98,East,Web,20,7.0,2,120.48,0,0,200.77,Active,0
307969,2026-06-30,2024-06-02,18,62752.06,North,Web,25,8.0,2,73.36,0,0,176.87,Active,0
304344,2026-06-30,2024-02-11,42,51735.06,East,Web,29,9.0,1,49.02,0,0,237.81,Active,0
305101,2026-06-30,2025-06-16,41,24566.38,West,Web,12,8.0,1,89.45,0,0,212.88,Active,0
308476,2026-06-30,2024-06-01,41,23769.22,Budapest,Web,25,3.0,1,98.55,0,0,157.96,Loyal,0
301189,2026-06-30,2024-05-28,48,26697.76,South,Store,25,2.0,0,28.62,0,0,167.06,Active,0
305214,2026-06-30,2024-12-19,55,78371.36,Budapest,Web,18,9.0,2,203.78,0,0,206.92,Active,0
305971,2026-06-30,2024-09-01,45,38906.36,North,Mobile,22,5.0,1,61.4,0,0,155.51,Active,0
305502,2026-06-30,2024-11-13,26,22576.6,Budapest,Mobile,20,13.0,1,68.9,0,0,157.18,Active,0
306086,2026-06-30,2025-12-27,49,20376.03,South,Web,6,14.0,3,138.65,0,0,169.82,Active,0
303590,2026-06-30,2024-01-08,75,23084.14,Budapest,Store,30,13.0,3,251.91,0,0,162.13,Active,0
303957,2026-06-30,2024-05-17,53,36854.43,Budapest,Web,25,8.0,3,247.63,0,0,230.34,Active,0
308193,2026-06-30,2025-04-02,54,63550.43,East,Store,15,5.0,3,161.38,1,1,30.53,At Risk,1
304976,2026-06-30,2025-10-26,41,19492.54,West,Store,8,7.0,0,0.0,0,0,225.71,Active,0
305230,2026-06-30,2025-03-22,38,40384.61,West,Web,15,13.0,2,107.62,0,0,293.93,Active,0
304526,2026-06-30,2024-01-10,43,43816.02,East,Store,30,7.0,2,97.73,0,0,129.46,Active,0
308818,2026-06-30,2025-11-27,53,52057.47,Budapest,Web,7,5.0,4,240.85,0,0,270.83,Loyal,0
303735,2026-06-30,2025-10-02,55,37871.39,Budapest,Web,9,11.0,2,88.86,0,0,226.44,Active,0
304940,2026-06-30,2025-09-29,45,62616.44,Budapest,Web,9,9.0,1,67.01,0,0,189.22,Active,0
304754,2026-06-30,2024-03-16,40,20182.69,Budapest,Mobile,27,11.0,1,159.08,0,0,162.89,Active,0
306424,2026-06-30,2025-06-10,37,68247.09,Budapest,Mobile,13,8.0,2,118.07,0,0,169.45,Loyal,0
305284,2026-06-30,2025-10-27,43,47208.37,West,Web,8,5.0,2,54.69,0,0,187.99,Active,0
305870,2026-06-30,2024-03-27,49,55431.36,Budapest,Web,27,7.0,1,26.3,0,0,176.56,Active,0
301889,2026-06-30,2025-08-09,41,17899.86,West,Web,11,8.0,3,218.86,1,0,207.3,Active,0
308441,2026-06-30,2025-07-31,43,34252.78,Budapest,Web,11,7.0,3,218.06,0,0,165.39,Active,0
302514,2026-06-30,2025-09-23,31,48549.15,South,Store,9,7.0,0,0.0,1,0,176.29,Active,0
305847,2026-06-30,2025-11-01,42,18169.64,South,Store,8,11.0,0,0.0,0,0,206.35,Active,0
305534,2026-06-30,2025-03-14,63,106628.89,North,Mobile,16,6.0,1,58.01,0,0,167.67,Active,0
306130,2026-06-30,2025-07-19,43,24524.54,East,Web,11,4.0,0,5.6,0,0,278.94,Loyal,0
303044,2026-06-30,2024-03-28,38,39622.42,North,Web,27,5.0,3,149.28,0,0,207.16,Active,0
308938,2026-06-30,2025-10-30,26,45001.95,West,Mobile,8,11.0,1,65.05,0,0,261.02,Loyal,0
304077,2026-06-30,2024-04-12,37,99859.52,Budapest,Web,27,9.0,3,156.73,0,0,152.69,Active,0
300749,2026-06-30,2025-06-11,55,65313.85,North,Mobile,13,7.0,2,148.74,0,0,129.42,Loyal,0
303837,2026-06-30,2025-08-10,58,71450.74,West,Mobile,11,4.0,0,20.77,0,0,216.63,Loyal,0
307739,2026-06-30,2024-05-02,59,27046.29,Budapest,Mobile,26,8.0,1,63.64,0,0,153.54,Active,0
306672,2026-06-30,2024-12-02,37,31837.5,Budapest,Store,19,7.0,2,188.91,0,0,61.64,Loyal,0
306953,2026-06-30,2024-12-16,51,49959.42,Budapest,Mobile,18,9.0,1,101.5,0,0,132.96,Active,0
303203,2026-06-30,2024-12-03,21,35099.15,East,Mobile,19,8.0,1,84.7,1,0,15.58,At Risk,1
306932,2026-06-30,2024-05-18,51,18154.21,Budapest,Web,25,9.0,2,82.96,0,0,76.92,Active,0
304241,2026-06-30,2024-02-06,27,44192.31,East,Store,29,10.0,0,0.0,0,0,153.16,Active,0
305670,2026-06-30,2024-07-18,45,22204.04,West,Web,23,7.0,1,40.84,1,0,241.68,Loyal,0
304718,2026-06-30,2024-12-24,65,50338.92,Budapest,Web,18,7.0,0,0.0,0,0,178.54,Active,0
302610,2026-06-30,2025-10-17,56,25662.51,Budapest,Web,8,3.0,0,0.0,0,0,295.63,Active,0
301473,2026-06-30,2025-07-14,49,27767.61,East,Mobile,12,6.0,1,75.49,0,0,133.63,Active,0
302996,2026-06-30,2025-10-25,43,99623.61,South,Web,8,7.0,0,51.95,0,0,318.84,Loyal,0
304429,2026-06-30,2024-05-06,56,72727.53,East,Mobile,26,6.0,2,180.75,0,0,170.1,Loyal,0
305519,2026-06-30,2024-08-08,41,22703.79,Budapest,Mobile,23,8.0,2,149.35,0,0,160.9,Active,0
307511,2026-06-30,2025-03-29,26,37710.56,Budapest,Web,15,2.0,0,20.24,0,0,128.22,Loyal,0
307243,2026-06-30,2025-09-05,33,26774.16,Budapest,Mobile,10,4.0,0,45.15,0,0,210.24,Active,0
303693,2026-06-30,2024-10-04,34,42486.99,West,Web,21,12.0,1,79.25,0,0,147.27,Loyal,0
302589,2026-06-30,2024-09-13,45,66096.66,West,Mobile,22,12.0,3,205.51,0,0,193.96,Active,0
300665,2026-06-30,2024-04-23,52,33267.12,Budapest,Mobile,26,5.0,0,6.96,0,0,219.96,Active,0
304320,2026-06-30,2024-12-17,40,60895.15,West,Mobile,18,10.0,1,99.99,0,0,238.97,Active,0
300842,2026-06-30,2024-12-12,43,31261.04,East,Web,19,14.0,3,118.85,0,0,267.6,Loyal,0
306632,2026-06-30,2025-02-01,56,59630.9,Budapest,Mobile,17,7.0,0,0.0,0,0,175.12,Active,0
301145,2026-06-30,2024-05-20,50,48066.73,North,Store,25,10.0,1,91.73,0,0,170.16,Active,0
303888,2026-06-30,2024-08-04,36,74173.02,West,Mobile,23,4.0,1,70.55,0,0,215.61,Active,0
300834,2026-06-30,2024-08-24,31,18140.67,West,Web,22,4.0,0,34.49,0,0,144.5,Active,0
301163,2026-06-30,2025-05-29,18,50402.41,West,Mobile,13,14.0,3,214.87,0,0,229.83,Active,0
302222,2026-06-30,2025-08-01,40,78557.42,West,Web,11,4.0,3,138.83,0,1,164.7,Loyal,0
300873,2026-06-30,2024-05-18,26,124600.83,Budapest,Mobile,25,5.0,1,84.18,0,0,152.63,Loyal,0
308285,2026-06-30,2025-09-07,42,57073.18,Budapest,Mobile,10,7.0,3,163.13,0,0,248.96,Loyal,0
305413,2026-06-30,2025-01-20,38,25990.45,Budapest,Mobile,17,6.0,1,36.22,0,0,225.16,Active,0
306714,2026-06-30,2024-01-23,35,29379.55,North,Web,29,8.0,1,111.44,0,0,271.39,Active,0
307361,2026-06-30,2025-12-27,55,70604.44,Budapest,Store,6,7.0,1,67.84,0,1,0.0,At Risk,1
307214,2026-06-30,2025-01-12,28,78750.19,North,Mobile,18,17.0,4,170.22,0,0,162.96,Active,0
301264,2026-06-30,2024-10-27,34,30968.89,South,Web,20,4.0,1,94.36,0,0,296.68,Active,0
304908,2026-06-30,2025-05-30,26,38727.14,Budapest,Web,13,12.0,2,115.51,0,0,216.91,Active,0
305486,2026-06-30,2024-12-12,42,24334.24,West,Mobile,19,9.0,3,155.33,0,0,96.74,Active,0
302229,2026-06-30,2024-04-08,65,66072.23,Budapest,Web,27,4.0,2,121.35,0,0,244.25,Active,0
305319,2026-06-30,2025-03-20,37,43514.93,Budapest,Store,15,8.0,2,129.16,0,0,125.06,Active,0
302971,2026-06-30,2025-05-10,18,56875.85,East,Web,14,7.0,0,23.64,0,0,173.15,Loyal,0
306789,2026-06-30,2024-10-07,38,80330.92,Budapest,Web,21,11.0,1,37.08,0,0,205.0,Active,0
301513,2026-06-30,2024-07-29,33,69216.45,West,Mobile,23,9.0,4,185.53,0,0,153.55,Active,0
305093,2026-06-30,2024-10-23,48,44035.98,West,Web,20,11.0,1,162.34,0,0,198.17,Loyal,0
301673,2026-06-30,2025-08-01,50,26652.35,East,Web,11,7.0,2,149.74,0,0,200.09,Active,0
306080,2026-06-30,2025-06-19,37,38419.84,West,Store,12,4.0,1,40.32,0,0,159.93,Loyal,0
300412,2026-06-30,2024-04-26,27,84026.37,Budapest,Store,26,7.0,1,7.05,0,0,196.99,Active,0
303970,2026-06-30,2025-11-30,47,62716.52,Budapest,Mobile,7,4.0,2,85.29,0,0,161.73,Active,0
302895,2026-06-30,2025-06-12,44,50117.98,South,Mobile,13,8.0,0,0.0,0,0,181.27,Active,0
301394,2026-06-30,2024-02-24,45,36102.16,North,Mobile,28,12.0,1,93.58,0,0,140.39,Active,0
301319,2026-06-30,2025-10-04,45,36085.13,Budapest,Web,9,6.0,0,0.0,1,1,90.95,At Risk,1
302578,2026-06-30,2025-03-02,51,44252.75,Budapest,Web,16,8.0,1,23.84,0,0,220.78,Loyal,0
305051,2026-06-30,2024-12-21,45,46372.88,Budapest,Web,18,11.0,5,225.02,0,0,205.46,Active,0
301671,2026-06-30,2024-03-03,35,24369.66,East,Mobile,28,6.0,3,301.28,0,0,270.2,Active,0
304405,2026-06-30,2025-04-08,42,71736.6,Budapest,Web,15,10.0,0,52.35,0,0,219.29,Active,0
300605,2026-06-30,2024-12-27,52,54731.46,North,Store,18,7.0,2,211.07,0,0,188.37,Active,0
300031,2026-06-30,2025-09-11,48,35564.67,Budapest,Store,10,5.0,2,164.3,0,0,250.05,Active,0
301616,2026-06-30,2024-01-27,26,29497.99,Budapest,Mobile,29,6.0,2,117.76,0,0,214.13,Active,0
300264,2026-06-30,2025-05-13,34,39720.31,East,Mobile,14,9.0,4,282.8,1,0,168.37,Active,0
307757,2026-06-30,2025-08-20,30,48757.83,Budapest,Mobile,10,6.0,2,154.34,0,0,212.11,Active,0
300248,2026-06-30,2024-04-12,54,42161.35,Budapest,Mobile,27,12.0,4,307.19,0,0,269.98,Active,0
300853,2026-06-30,2024-07-27,40,117090.43,South,Mobile,23,8.0,1,82.19,0,0,241.59,Active,0
306471,2026-06-30,2025-03-20,24,15000.0,North,Store,15,7.0,3,121.64,0,0,198.01,Active,0
304368,2026-06-30,2025-10-13,54,30412.05,East,Web,9,5.0,2,109.67,0,0,259.19,Loyal,0
300200,2026-06-30,2024-08-04,55,33161.09,East,Mobile,23,8.0,1,27.49,0,0,215.5,Active,0
300533,2026-06-30,2025-05-22,43,49099.8,West,Web,13,7.0,2,48.77,0,1,137.7,Active,0
303659,2026-06-30,2025-10-28,55,64905.23,South,Web,8,5.0,0,25.81,0,0,261.93,Active,0
306402,2026-06-30,2024-02-27,44,29284.22,West,Web,28,8.0,1,128.82,0,0,224.92,Active,0
304989,2026-06-30,2024-01-10,60,33308.95,Budapest,Mobile,30,11.0,3,147.06,0,0,136.11,Active,0
305212,2026-06-30,2024-08-03,34,17571.13,East,Mobile,23,7.0,1,127.8,0,0,169.54,Loyal,0
300456,2026-06-30,2025-07-11,51,31742.77,Budapest,Web,12,4.0,2,175.78,1,0,0.0,At Risk,1
305338,2026-06-30,2024-08-02,41,60157.65,West,Web,23,8.0,0,13.38,1,1,55.28,At Risk,1
301730,2026-06-30,2025-06-30,32,19271.49,North,Web,12,8.0,1,34.77,0,0,115.97,Active,0
302184,2026-06-30,2024-02-29,59,63293.59,South,Store,28,8.0,4,147.43,0,0,165.91,Active,0
307741,2026-06-30,2024-05-10,36,64281.45,Budapest,Web,26,9.0,2,19.45,0,0,170.24,Active,0
308989,2026-06-30,2025-04-17,36,25923.81,West,Web,14,7.0,1,85.81,0,0,197.62,Active,0
303622,2026-06-30,2025-07-06,52,15502.64,South,Web,12,9.0,1,103.36,0,0,152.75,Loyal,0
304724,2026-06-30,2024-03-29,33,46024.92,West,Store,27,7.0,2,89.12,0,0,264.16,Loyal,0
305759,2026-06-30,2024-05-02,57,49878.86,West,Web,26,10.0,1,77.79,0,0,100.56,Active,0
301942,2026-06-30,2024-10-17,51,15000.0,East,Web,20,7.0,1,72.86,1,1,36.68,At Risk,1
302651,2026-06-30,2024-04-27,44,23925.85,North,Mobile,26,8.0,5,159.31,0,0,233.75,Active,0
307796,2026-06-30,2024-03-18,56,18793.94,Budapest,Store,27,9.0,2,135.73,0,0,140.16,Active,0
304993,2026-06-30,2024-05-12,41,110436.85,Budapest,Mobile,26,7.0,2,139.14,0,0,207.64,Active,0
308291,2026-06-30,2024-03-25,53,23286.73,South,Web,27,8.0,1,97.84,0,0,232.86,Active,0
303280,2026-06-30,2025-11-17,38,50272.52,East,Web,7,5.0,0,31.55,0,0,227.65,Active,0
307980,2026-06-30,2025-09-18,53,91071.91,North,Web,9,6.0,2,97.86,0,0,237.7,Active,0
304059,2026-06-30,2025-07-16,58,64575.16,Budapest,Store,11,7.0,0,0.0,0,1,201.18,Loyal,0
308366,2026-06-30,2024-01-08,35,39158.32,Budapest,Store,30,7.0,2,123.4,0,0,152.58,Loyal,0
308290,2026-06-30,2025-08-19,19,40149.25,West,Web,10,5.0,0,0.0,0,0,288.78,Loyal,0
301833,2026-06-30,2025-06-07,33,35625.32,South,Web,13,5.0,2,33.97,0,0,234.19,Active,0
308419,2026-06-30,2025-10-30,30,26296.05,South,Store,8,6.0,1,0.0,0,0,101.12,Loyal,0
300218,2026-06-30,2024-12-13,48,53932.41,South,Web,19,11.0,3,191.3,0,0,218.49,Active,0
301006,2026-06-30,2025-05-07,59,51179.51,Budapest,Mobile,14,11.0,1,78.28,0,0,154.12,Loyal,0
303368,2026-06-30,2024-06-03,35,69435.45,South,Mobile,25,9.0,1,48.93,0,0,225.1,Active,0
306481,2026-06-30,2025-09-17,51,48506.23,Budapest,Store,9,11.0,1,96.15,0,0,246.45,Active,0
302679,2026-06-30,2024-11-06,50,49873.61,West,Mobile,20,2.0,2,229.98,0,0,174.36,Active,0
304624,2026-06-30,2025-07-10,51,40160.8,North,Web,12,10.0,3,154.59,0,0,98.12,Active,0
303394,2026-06-30,2025-12-07,40,30081.35,West,Web,7,5.0,0,42.27,0,0,151.76,Active,0
308999,2026-06-30,2024-11-28,21,16877.9,South,Mobile,19,6.0,2,132.8,0,0,231.51,Active,0
306206,2026-06-30,2025-10-20,47,28691.79,Budapest,Mobile,8,9.0,2,199.89,0,0,99.53,Loyal,0
308048,2026-06-30,2024-08-04,41,16903.65,Budapest,Mobile,23,9.0,0,0.0,0,0,158.45,Active,0
300676,2026-06-30,2024-05-30,31,52270.3,West,Mobile,25,12.0,0,31.57,0,0,171.32,Active,0
304149,2026-06-30,2024-07-14,45,31936.8,Budapest,Store,24,6.0,1,143.43,0,0,262.05,Active,0
303396,2026-06-30,2024-04-30,68,48335.41,North,Web,26,13.0,0,21.46,0,0,192.93,Loyal,0
306819,2026-06-30,2024-10-24,45,44639.18,North,Mobile,20,8.0,2,129.71,0,0,184.5,Active,0
307825,2026-06-30,2024-03-11,49,54678.55,Budapest,Web,28,4.0,2,185.01,0,0,198.03,Active,0
300230,2026-06-30,2024-02-10,45,54108.42,East,Mobile,29,5.0,0,5.63,0,0,161.01,Active,0
302699,2026-06-30,2025-01-09,39,39040.66,East,Mobile,18,11.0,3,165.68,0,0,269.55,Active,0
307621,2026-06-30,2025-06-20,29,37776.93,Budapest,Web,12,9.0,1,43.2,0,0,197.72,Active,0
304160,2026-06-30,2025-04-26,49,20812.11,South,Web,14,3.0,1,12.0,0,0,219.44,Loyal,0
305551,2026-06-30,2025-05-29,25,46828.38,West,Mobile,13,,0,0.0,0,0,184.9,Active,0
307171,2026-06-30,2024-02-24,34,41109.32,East,Web,28,6.0,2,60.47,0,0,232.99,Loyal,0
302754,2026-06-30,2025-08-25,35,15939.1,South,Web,10,9.0,1,52.28,0,0,202.48,Active,0
302302,2026-06-30,2024-11-27,22,68138.18,Budapest,Mobile,19,2.0,2,144.36,1,0,177.1,Active,0
308978,2026-06-30,2025-06-15,28,27246.68,West,Mobile,12,20.0,1,0.0,1,0,8.14,At Risk,1
302378,2026-06-30,2025-12-03,34,33783.21,Budapest,Store,7,5.0,3,286.54,0,0,250.69,Active,0
302240,2026-06-30,2025-03-17,25,36719.35,Budapest,Mobile,15,2.0,2,17.44,0,0,220.79,Active,0
305508,2026-06-30,2024-08-09,40,61474.31,North,Store,23,7.0,0,0.0,0,0,148.67,Active,0
307203,2026-06-30,2024-02-22,51,91473.62,South,Store,28,5.0,1,24.61,0,0,182.5,Active,0
303092,2026-06-30,2024-08-29,26,15739.71,South,Web,22,8.0,1,0.0,0,0,169.87,Active,0
305840,2026-06-30,2025-03-09,54,20591.86,Budapest,Web,16,9.0,1,63.81,0,0,180.88,Loyal,0
307899,2026-06-30,2025-02-01,31,51303.09,Budapest,Store,17,16.0,2,92.01,0,0,219.56,Loyal,0
304101,2026-06-30,2025-04-19,48,20874.58,Budapest,Web,14,7.0,2,77.73,0,0,193.84,Active,0
304223,2026-06-30,2024-06-01,56,49673.96,Budapest,Store,25,11.0,6,496.26,0,0,122.62,Active,0
308803,2026-06-30,2024-08-21,18,36229.51,South,Web,22,6.0,0,11.96,0,0,161.54,Active,0
301316,2026-06-30,2024-10-29,40,39389.56,Budapest,Web,20,8.0,0,0.0,0,0,255.95,Active,0
302112,2026-06-30,2025-12-16,43,44202.6,Budapest,Store,6,9.0,1,31.69,0,0,304.34,Loyal,0
300338,2026-06-30,2024-11-08,42,39074.17,Budapest,Web,20,5.0,0,26.12,0,0,248.55,Active,0
307035,2026-06-30,2024-10-28,40,27398.58,South,Mobile,20,4.0,1,72.06,0,0,261.37,Active,0
302516,2026-06-30,2024-06-26,39,38139.76,Budapest,Store,24,8.0,3,229.8,0,0,247.59,Loyal,0
304623,2026-06-30,2025-08-04,36,28629.78,South,Mobile,11,9.0,0,1.51,0,0,187.95,Active,0
304752,2026-06-30,2024-07-06,27,58716.09,North,Web,24,8.0,1,67.59,0,0,261.08,Loyal,0
308726,2026-06-30,2024-05-09,37,26577.95,Budapest,Web,26,14.0,1,80.87,0,0,160.68,Active,0
305946,2026-06-30,2024-10-06,48,29960.7,Budapest,Mobile,21,8.0,3,210.64,0,0,145.56,Active,0
305273,2026-06-30,2024-04-29,37,62151.99,West,Store,26,12.0,0,31.96,0,0,280.18,Loyal,0
306890,2026-06-30,2024-03-16,43,23254.66,Budapest,Web,27,10.0,0,22.18,0,1,174.85,Active,0
305158,2026-06-30,2024-12-15,25,71298.76,East,Mobile,18,5.0,4,141.47,0,0,272.31,Loyal,0
301227,2026-06-30,2024-08-20,48,25598.91,West,Web,22,12.0,2,123.82,1,0,253.83,Loyal,0
300097,2026-06-30,2024-08-08,40,28596.7,Budapest,Mobile,23,9.0,1,62.66,0,0,194.42,Loyal,0
302862,2026-06-30,2025-04-09,29,32106.91,East,Mobile,15,8.0,0,0.0,0,1,204.42,Active,0
302848,2026-06-30,2024-10-07,21,19861.43,East,Web,21,7.0,1,49.57,1,0,185.36,Active,0
302727,2026-06-30,2024-03-23,50,23240.26,West,Web,27,9.0,1,86.78,0,0,225.23,Loyal,0
301604,2026-06-30,2024-03-09,54,131181.55,Budapest,Web,28,7.0,4,333.23,0,0,194.63,Loyal,0
307264,2026-06-30,2025-06-08,44,35748.33,North,Mobile,13,10.0,2,152.59,0,0,259.27,Active,0
306895,2026-06-30,2025-02-17,49,15000.0,West,Web,16,7.0,0,0.0,0,0,272.03,Active,0
304852,2026-06-30,2024-09-23,47,30683.61,East,Web,21,6.0,3,151.28,0,0,214.63,Loyal,0
308363,2026-06-30,2024-01-21,44,48960.66,Budapest,Mobile,29,12.0,1,59.55,0,0,161.96,Active,0
302898,2026-06-30,2025-03-11,30,35402.17,East,Web,16,5.0,0,0.0,0,0,237.81,Active,0
301018,2026-06-30,2024-06-09,25,27627.34,Budapest,Mobile,25,7.0,0,4.07,0,0,156.84,Active,0
302064,2026-06-30,2024-06-09,80,56544.07,North,Store,25,6.0,0,24.99,0,0,189.65,Loyal,0
303186,2026-06-30,2024-02-07,46,24837.79,East,Mobile,29,6.0,1,34.72,0,0,193.43,Loyal,0
304104,2026-06-30,2025-08-31,57,120215.92,East,Store,10,5.0,1,85.31,0,0,264.8,Active,0
306459,2026-06-30,2025-06-04,44,17936.98,Budapest,Mobile,13,6.0,2,133.61,0,0,129.96,Active,0
300351,2026-06-30,2025-08-24,25,,West,Mobile,10,7.0,1,20.28,0,0,211.29,Active,0
307871,2026-06-30,2025-07-08,46,29221.36,West,Web,12,10.0,2,134.22,0,1,0.0,At Risk,1
302178,2026-06-30,2024-11-24,33,42199.55,West,Mobile,19,10.0,1,107.12,0,0,226.43,Active,0
308852,2026-06-30,2024-09-03,26,32342.84,South,Web,22,6.0,0,0.0,0,0,132.46,Active,0
308372,2026-06-30,2024-10-10,23,35079.08,North,Mobile,21,3.0,0,0.0,0,0,243.47,Loyal,0
305664,2026-06-30,2024-01-13,42,16961.03,Budapest,Mobile,30,9.0,2,88.06,0,0,150.24,Active,0
303382,2026-06-30,2024-10-05,76,28935.45,North,Web,21,8.0,0,0.0,1,0,299.15,Loyal,0
307541,2026-06-30,2024-04-12,45,46906.72,South,Mobile,27,6.0,1,108.53,0,0,194.09,Active,0
306387,2026-06-30,2024-10-03,41,36012.57,West,Web,21,5.0,2,19.73,0,0,267.41,Loyal,0
301211,2026-06-30,2024-01-26,55,27903.31,Budapest,Mobile,29,6.0,1,68.93,0,0,227.48,Active,0
307108,2026-06-30,2025-07-20,53,65781.54,North,Store,11,8.0,0,39.35,0,0,148.47,Active,0
304740,2026-06-30,2024-01-18,40,27959.74,South,Web,29,9.0,2,51.32,0,0,224.31,Loyal,0
305066,2026-06-30,2025-11-02,30,68756.19,North,Web,8,15.0,1,71.86,0,0,213.17,Active,0
304281,2026-06-30,2025-10-29,53,37028.76,Budapest,Store,8,7.0,1,62.9,0,0,264.45,Active,0
302389,2026-06-30,2025-10-15,29,31550.48,Budapest,Store,8,3.0,1,0.0,0,0,133.14,Active,0
305307,2026-06-30,2024-02-29,39,36338.48,Budapest,Web,28,6.0,1,71.78,0,0,198.24,Active,0
300743,2026-06-30,2025-02-25,45,51685.91,Budapest,Web,16,8.0,1,80.57,0,0,171.49,Active,0
300181,2026-06-30,2025-10-30,34,25691.17,East,Web,8,5.0,1,31.14,0,0,190.35,Loyal,0
301116,2026-06-30,2025-04-20,50,48164.64,Budapest,Web,14,7.0,0,17.06,0,0,166.69,Loyal,0
305098,2026-06-30,2024-11-21,46,93042.28,East,Mobile,19,8.0,1,104.61,0,0,199.17,Active,0
300350,2026-06-30,2024-02-05,56,47426.23,Budapest,Mobile,29,6.0,0,12.89,0,0,190.58,Active,0
308910,2026-06-30,2025-07-26,38,19224.72,South,Mobile,11,9.0,1,69.68,0,0,145.64,Active,0
307349,2026-06-30,2025-10-29,46,19712.13,North,Web,8,7.0,0,0.0,0,0,188.42,Active,0
301471,2026-06-30,2024-06-23,44,32752.49,East,Mobile,24,2.0,1,68.28,0,0,195.8,Active,0
306692,2026-06-30,2024-09-27,47,34773.03,Budapest,Mobile,21,7.0,1,91.74,0,0,213.77,Active,0
308208,2026-06-30,2025-07-05,45,32058.31,Budapest,Web,12,4.0,1,85.01,0,0,173.4,Active,0
306572,2026-06-30,2024-10-27,45,28315.26,West,Mobile,20,7.0,1,25.59,0,0,154.97,Active,0
300082,2026-06-30,2025-10-12,27,24842.53,West,Mobile,9,8.0,1,66.78,0,0,217.8,Active,0
306540,2026-06-30,2025-11-13,42,16096.86,West,Web,8,8.0,1,71.2,0,0,228.56,Active,0
301746,2026-06-30,2025-06-19,27,21012.7,South,Web,12,5.0,0,0.0,0,0,126.79,Active,0
307748,2026-06-30,2025-08-03,44,34739.67,Budapest,Mobile,11,10.0,2,39.01,0,0,185.86,Active,0
300832,2026-06-30,2024-05-28,47,41040.05,South,Web,25,7.0,2,92.12,0,0,128.7,Loyal,0
307751,2026-06-30,2024-10-05,44,27651.08,East,Web,21,12.0,2,186.69,1,0,167.25,Active,0
302192,2026-06-30,2024-12-11,55,15000.0,Budapest,Web,19,10.0,3,292.66,0,1,66.93,At Risk,1
305556,2026-06-30,2024-11-05,46,35483.81,South,Web,20,8.0,1,57.26,0,0,287.53,Active,0
305518,2026-06-30,2025-11-03,50,35641.4,Budapest,Web,8,6.0,1,23.7,0,0,263.18,Active,0
307118,2026-06-30,2024-11-23,51,52374.93,North,Store,19,11.0,3,280.54,0,0,220.15,Loyal,0
301627,2026-06-30,2024-01-24,38,40479.45,West,Store,29,4.0,1,34.72,1,0,149.47,Loyal,0
303333,2026-06-30,2024-11-03,38,37788.66,South,Mobile,20,8.0,1,74.44,1,1,0.0,At Risk,1
305019,2026-06-30,2024-11-04,53,51011.45,East,Mobile,20,6.0,3,122.4,0,0,157.22,Loyal,0
306535,2026-06-30,2025-07-29,28,37207.05,West,Web,11,13.0,0,23.11,0,0,191.14,Active,0
303210,2026-06-30,2024-04-09,41,42213.82,West,Web,27,12.0,1,52.61,0,0,235.25,Active,0
303266,2026-06-30,2025-07-16,31,86171.81,South,Web,11,5.0,4,317.17,0,0,185.94,Active,0
302882,2026-06-30,2025-06-17,42,27251.56,South,Web,12,7.0,2,65.55,0,0,247.48,Active,0
302509,2026-06-30,2024-07-15,36,29933.72,West,Web,23,11.0,4,225.05,0,0,154.78,Loyal,0
305246,2026-06-30,2024-04-15,43,25118.07,North,Web,26,6.0,0,2.41,0,0,232.45,Active,0
308049,2026-06-30,2025-02-04,29,38244.41,North,Store,17,9.0,1,54.74,1,0,245.31,Active,0
306648,2026-06-30,2024-09-21,32,41353.5,West,Web,21,6.0,2,113.04,0,0,276.54,Loyal,0
301401,2026-06-30,2024-02-02,36,41256.54,North,Web,29,8.0,0,13.0,0,0,234.17,Loyal,0
307335,2026-06-30,2025-05-09,47,40969.09,South,Web,14,10.0,5,308.43,0,0,233.22,Active,0
300711,2026-06-30,2025-07-02,58,57651.59,Budapest,Store,12,5.0,1,57.07,0,0,201.36,Active,0
306776,2026-06-30,2025-06-08,23,46216.78,North,Web,13,8.0,0,58.85,0,0,199.69,Active,0
302482,2026-06-30,2025-03-20,27,64728.8,West,Web,15,6.0,1,52.85,0,0,174.34,Loyal,0
303126,2026-06-30,2025-04-02,61,30671.64,West,Mobile,15,7.0,0,17.55,0,0,176.93,Loyal,0
306779,2026-06-30,2025-12-17,39,45684.19,Budapest,Mobile,6,6.0,0,71.42,0,0,178.82,Active,0
304439,2026-06-30,2024-10-22,25,36186.77,East,Store,20,8.0,0,0.0,0,0,181.02,Loyal,0
307221,2026-06-30,2025-08-27,40,58682.02,Budapest,Store,10,7.0,2,75.92,1,0,184.31,Active,0
302459,2026-06-30,2025-07-03,51,32698.59,East,Mobile,12,10.0,3,189.24,0,0,156.43,Active,0
304340,2026-06-30,2024-09-16,51,22176.47,Budapest,Mobile,21,10.0,2,178.01,0,0,144.26,Active,0
307738,2026-06-30,2025-08-19,49,31292.58,East,Mobile,10,8.0,0,28.36,0,0,229.67,Loyal,0
305420,2026-06-30,2024-12-30,37,65287.68,West,Web,18,8.0,1,43.65,0,0,64.88,Active,0
305899,2026-06-30,2024-06-14,31,85623.28,South,Store,25,9.0,1,70.06,0,0,174.03,Loyal,0
306593,2026-06-30,2024-12-09,46,15837.12,West,Web,19,4.0,2,12.43,0,0,267.65,Active,0
305215,2026-06-30,2024-11-05,46,30030.77,Budapest,Mobile,20,13.0,2,107.28,0,0,200.99,Loyal,0
301140,2026-06-30,2025-07-24,35,34215.4,South,Mobile,11,6.0,0,3.44,0,0,187.99,Active,0
307822,2026-06-30,2024-04-18,42,16075.7,West,Web,26,7.0,1,37.92,0,0,238.8,Active,0
304191,2026-06-30,2025-11-22,46,37639.19,North,Web,7,6.0,1,43.62,0,0,163.77,Active,0
302826,2026-06-30,2025-01-01,62,26521.26,Budapest,Web,18,11.0,1,0.0,0,0,159.56,Active,0
306256,2026-06-30,2024-10-20,46,67106.07,West,Web,20,12.0,1,88.95,0,0,237.22,Loyal,0
304882,2026-06-30,2024-03-03,38,39003.58,North,Mobile,28,9.0,3,256.89,0,0,150.16,Active,0
304757,2026-06-30,2025-12-14,54,26908.28,Budapest,Mobile,7,6.0,0,0.0,0,0,204.01,Loyal,0
306316,2026-06-30,2024-08-15,41,57554.64,Budapest,Mobile,22,9.0,3,183.51,0,0,191.79,Loyal,0
300173,2026-06-30,2024-06-30,27,36662.51,Budapest,Store,24,7.0,1,57.18,0,0,292.28,Active,0
305875,2026-06-30,2025-04-13,47,35324.68,Budapest,Mobile,15,6.0,2,115.17,0,0,209.58,Active,0
300040,2026-06-30,2024-12-23,37,18252.23,East,Mobile,18,15.0,1,59.94,0,0,231.83,Loyal,0
308491,2026-06-30,2025-10-23,23,25894.63,West,Web,8,9.0,1,73.9,0,0,183.09,Active,0
303663,2026-06-30,2024-04-17,37,23496.95,Budapest,Web,26,9.0,1,64.04,0,0,207.3,Loyal,0
306454,2026-06-30,2025-10-31,43,35642.35,South,Web,8,7.0,1,15.72,0,0,183.03,Active,0
302648,2026-06-30,2024-02-14,40,30139.71,West,Web,28,9.0,1,34.44,0,0,213.46,Active,0
307799,2026-06-30,2024-12-16,47,20371.69,North,Store,18,4.0,1,94.99,1,0,0.0,At Risk,1
303882,2026-06-30,2024-09-25,47,32107.97,Budapest,Mobile,21,6.0,0,0.0,0,0,253.74,Active,0
305008,2026-06-30,2025-11-08,59,68609.06,West,Mobile,8,5.0,1,75.63,0,0,49.3,Active,0
302719,2026-06-30,2024-07-04,33,36096.38,West,Web,24,15.0,3,296.08,0,0,155.63,Loyal,0
304943,2026-06-30,2025-11-16,51,22152.09,Budapest,Web,7,4.0,0,0.0,0,0,215.84,Active,0
301517,2026-06-30,2025-05-03,31,76720.57,East,Web,14,11.0,1,38.29,0,0,140.35,Active,0
308632,2026-06-30,2025-07-16,54,27621.07,South,Web,11,4.0,0,0.0,0,0,211.36,Active,0
306664,2026-06-30,2024-06-21,41,15137.22,Budapest,Mobile,24,6.0,3,195.09,0,0,134.59,Loyal,0
303962,2026-06-30,2025-06-25,55,45027.81,North,Mobile,12,7.0,3,267.04,0,0,227.42,Active,0
304751,2026-06-30,2024-01-04,66,27384.78,South,Web,30,12.0,3,78.14,0,0,154.85,Loyal,0
305624,2026-06-30,2025-05-12,51,18733.63,Budapest,Web,14,4.0,1,49.33,0,0,198.03,Active,0
305596,2026-06-30,2024-12-14,42,18161.04,West,Web,18,10.0,4,320.37,0,0,195.93,Loyal,0
300534,2026-06-30,2024-03-24,28,45230.97,South,Mobile,27,6.0,2,121.19,0,0,284.13,Active,0
301702,2026-06-30,2025-06-01,38,39437.09,West,Mobile,13,8.0,3,237.01,0,1,0.0,At Risk,1
305663,2026-06-30,2024-06-29,35,39091.72,South,Mobile,24,4.0,1,13.0,0,0,138.65,Active,0
303544,2026-06-30,2024-07-17,43,55026.12,Budapest,Web,23,10.0,3,138.46,0,0,210.48,Active,0
300066,2026-06-30,2025-11-15,35,37941.12,Budapest,Mobile,7,8.0,2,24.38,0,0,137.43,Loyal,0
308423,2026-06-30,2025-03-16,40,61742.52,Budapest,Web,15,6.0,2,145.11,0,0,253.33,Active,0
303167,2026-06-30,2025-05-01,39,42609.81,East,Mobile,14,9.0,1,67.81,0,0,160.13,Loyal,0
300355,2026-06-30,2025-03-26,45,47169.74,East,Web,15,8.0,2,166.07,0,0,238.79,Loyal,0
304205,2026-06-30,2025-12-08,52,27917.94,Budapest,Web,7,5.0,1,65.0,0,0,202.67,Active,0
301596,2026-06-30,2025-01-21,50,56222.53,Budapest,Web,17,8.0,2,190.11,1,0,156.04,Loyal,0
302233,2026-06-30,2025-12-08,40,44017.62,West,Web,7,13.0,2,114.77,0,1,198.22,Loyal,0
304853,2026-06-30,2024-09-06,39,134145.85,North,Mobile,22,6.0,4,268.33,0,0,223.35,Loyal,0
306592,2026-06-30,2024-02-04,37,28101.84,North,Web,29,6.0,2,143.7,0,0,183.26,Active,0
304650,2026-06-30,2024-09-05,38,23989.09,West,Web,22,8.0,2,135.89,0,0,114.66,Loyal,0
307678,2026-06-30,2025-10-22,38,15000.0,East,Web,8,3.0,1,48.99,0,0,224.9,Active,0
306885,2026-06-30,2024-04-03,42,63200.37,East,Web,27,10.0,3,177.13,0,0,233.76,Loyal,0
307138,2026-06-30,2025-08-31,61,44157.77,Budapest,Mobile,10,7.0,2,256.59,0,0,310.36,Active,0
300473,2026-06-30,2024-10-09,43,43025.49,Budapest,Web,21,12.0,2,62.15,0,0,182.94,Active,0
302139,2026-06-30,2024-01-14,54,61398.58,East,Store,30,2.0,1,44.19,0,0,250.5,Active,0
305318,2026-06-30,2024-03-06,36,23095.17,West,Web,28,6.0,2,142.9,0,0,185.03,Active,0
305770,2026-06-30,2025-07-30,47,18188.53,Budapest,Mobile,11,10.0,1,44.92,0,0,162.04,Active,0
306298,2026-06-30,2025-06-11,18,17529.0,South,Mobile,13,8.0,1,78.97,1,1,0.0,At Risk,1
301553,2026-06-30,2024-10-18,31,48053.69,Budapest,Store,20,7.0,0,47.32,0,0,197.72,Active,0
301955,2026-06-30,2024-04-17,41,61844.97,East,Web,26,12.0,1,99.31,0,0,172.61,Active,0
300869,2026-06-30,2024-12-24,56,47666.27,East,Web,18,10.0,0,0.0,0,0,201.6,Active,0
307400,2026-06-30,2024-02-21,46,15000.0,South,Mobile,28,6.0,2,112.95,0,0,245.48,Active,0
300324,2026-06-30,2024-01-10,37,45600.71,West,Mobile,30,9.0,2,84.54,0,0,173.6,Active,0
308141,2026-06-30,2025-07-02,37,51611.63,Budapest,Web,12,8.0,0,21.88,0,0,230.13,Active,0
304229,2026-06-30,2025-07-12,18,31632.46,East,Mobile,12,11.0,0,0.0,0,0,228.48,Active,0
302200,2026-06-30,2025-02-20,33,22096.25,Budapest,Web,16,8.0,0,0.0,0,0,220.84,Active,0
302334,2026-06-30,2024-01-12,45,39469.53,South,Web,30,11.0,2,157.53,0,0,229.44,Active,0
301570,2026-06-30,2025-01-24,54,129150.91,West,Web,17,8.0,0,0.0,0,0,251.22,Active,0
301510,2026-06-30,2025-06-19,44,29458.94,Budapest,Web,12,6.0,0,6.68,0,0,193.9,Loyal,0
308478,2026-06-30,2025-05-26,44,33896.41,South,Mobile,13,6.0,0,0.0,0,0,235.46,Loyal,0
308295,2026-06-30,2025-02-06,29,60847.86,Budapest,Web,17,7.0,0,0.0,0,0,194.36,Active,0
302400,2026-06-30,2025-12-20,20,17472.89,West,Web,6,9.0,0,15.34,1,0,279.35,Active,0
301076,2026-06-30,2025-10-28,56,15000.0,West,Web,8,7.0,2,43.13,0,1,262.57,Active,0
306506,2026-06-30,2024-12-22,56,45025.25,Budapest,Mobile,18,3.0,1,29.0,0,0,91.83,Active,0
301255,2026-06-30,2024-10-26,42,70725.68,Budapest,Web,20,6.0,1,75.59,0,0,173.75,Loyal,0
308517,2026-06-30,2024-03-24,66,19591.91,Budapest,Web,27,10.0,0,22.5,0,0,178.14,Active,0
307433,2026-06-30,2025-05-10,38,43256.11,East,Web,14,5.0,1,56.99,0,0,179.37,Loyal,0
307229,2026-06-30,2025-11-07,41,95244.42,South,Mobile,8,6.0,0,11.81,0,0,175.46,Active,0
307156,2026-06-30,2025-12-23,32,19245.74,South,Web,6,8.0,1,104.37,0,0,157.93,Loyal,0
307920,2026-06-30,2025-12-04,49,17362.75,Budapest,Store,7,7.0,0,2.61,0,0,217.36,Loyal,0
305072,2026-06-30,2024-01-19,35,56402.2,Budapest,Store,29,10.0,1,48.86,1,0,163.55,Active,0
303214,2026-06-30,2024-03-04,31,58634.19,East,Store,28,7.0,2,58.92,0,0,196.36,Active,0
304355,2026-06-30,2025-05-13,42,35007.08,Budapest,Mobile,14,5.0,0,13.51,0,0,164.84,Loyal,0
300074,2026-06-30,2025-01-02,35,81357.83,South,Web,18,7.0,0,28.38,1,0,66.86,Active,0
308096,2026-06-30,2025-12-03,38,46766.58,West,Web,7,6.0,1,64.27,0,0,181.57,Active,0
304295,2026-06-30,2024-04-08,33,26980.59,South,Mobile,27,13.0,3,188.48,0,0,212.64,Loyal,0
306128,2026-06-30,2024-06-13,18,107104.94,South,Store,25,10.0,0,0.0,0,0,241.83,Loyal,0
303147,2026-06-30,2024-04-11,50,19740.61,South,Mobile,27,10.0,3,171.58,0,0,264.08,Active,0
304473,2026-06-30,2025-10-10,67,27832.81,South,Web,9,5.0,0,51.42,0,0,230.11,Loyal,0
306595,2026-06-30,2025-02-12,34,35721.14,Budapest,Store,17,7.0,2,86.1,0,0,176.57,Active,0
308157,2026-06-30,2025-07-28,45,50891.26,South,Web,11,9.0,2,68.77,1,1,69.92,At Risk,1
301560,2026-06-30,2025-12-09,34,15000.0,South,Store,7,10.0,1,76.53,0,0,208.99,Loyal,0
306274,2026-06-30,2024-11-05,50,45878.09,South,Mobile,20,4.0,1,83.13,0,0,207.99,Active,0
304618,2026-06-30,2024-02-12,35,48106.33,Budapest,Web,29,6.0,1,142.47,0,0,222.2,Loyal,0
302767,2026-06-30,2025-09-01,24,32416.12,West,Web,10,2.0,0,4.48,0,0,109.69,Active,0
300119,2026-06-30,2025-05-21,45,37655.39,Budapest,Web,13,9.0,2,187.74,0,0,192.3,Loyal,0
308666,2026-06-30,2024-01-15,30,62301.39,South,Web,29,7.0,4,280.29,0,0,231.65,Loyal,0
308233,2026-06-30,2024-06-08,33,28690.6,Budapest,Mobile,25,10.0,5,342.03,0,0,97.01,Loyal,0
304862,2026-06-30,2024-10-16,39,41055.17,Budapest,Web,20,8.0,2,173.47,0,0,257.88,Active,0
307563,2026-06-30,2025-11-28,34,53235.85,Budapest,Mobile,7,5.0,2,83.87,0,0,252.97,Active,0
302288,2026-06-30,2024-09-22,49,20098.56,Budapest,Web,21,6.0,3,299.45,0,0,153.92,Active,0
301220,2026-06-30,2024-04-28,40,19994.54,West,Mobile,26,14.0,0,0.0,0,0,107.02,Active,0
308340,2026-06-30,2025-12-01,50,53469.17,South,Store,7,8.0,1,60.58,0,0,209.96,Active,0
302320,2026-06-30,2024-12-28,60,56973.0,West,Web,18,7.0,0,0.0,0,0,176.14,Loyal,0
305539,2026-06-30,2024-02-22,41,36579.7,Budapest,Store,28,15.0,4,355.53,0,0,216.92,Active,0
306261,2026-06-30,2024-09-01,36,43560.25,Budapest,Web,22,7.0,1,22.19,0,0,183.3,Loyal,0
306404,2026-06-30,2024-07-01,34,37090.53,East,Web,24,14.0,3,147.32,0,0,181.98,Loyal,0
308015,2026-06-30,2025-10-02,69,19404.19,West,Web,9,5.0,1,124.6,1,0,246.03,Active,0
300450,2026-06-30,2024-03-22,54,23710.95,West,Mobile,27,5.0,2,172.17,0,0,251.02,Active,0
308972,2026-06-30,2024-05-02,41,51232.53,East,Web,26,9.0,0,0.0,0,0,205.76,Active,0
303306,2026-06-30,2025-04-22,36,61091.12,South,Store,14,4.0,3,252.31,0,0,156.28,Active,0
307682,2026-06-30,2025-02-25,31,42958.14,Budapest,Web,16,7.0,4,123.89,0,0,138.17,Active,0
308544,2026-06-30,2025-04-16,40,29480.84,East,Store,14,13.0,0,0.0,1,0,183.0,Loyal,0
306108,2026-06-30,2025-11-19,59,16779.22,West,Web,7,11.0,0,0.0,1,0,233.71,Active,0
300178,2026-06-30,2025-02-18,50,69219.18,Budapest,Mobile,16,6.0,2,100.55,0,0,241.68,Active,0
300133,2026-06-30,2024-11-06,41,26876.71,Budapest,Web,20,10.0,1,112.12,0,0,219.28,Active,0
306744,2026-06-30,2025-11-29,60,123801.59,East,Mobile,7,6.0,2,99.99,0,0,183.45,Active,0
304490,2026-06-30,2024-03-16,50,86719.91,Budapest,Web,27,11.0,3,237.02,0,0,276.56,Active,0
301375,2026-06-30,2025-09-30,29,51552.63,West,Web,9,10.0,4,272.82,0,0,191.94,Loyal,0
302692,2026-06-30,2025-07-06,34,34454.6,East,Store,12,5.0,2,103.53,0,0,202.98,Active,0
300001,2026-06-30,2024-05-16,42,122348.38,Budapest,Store,25,7.0,2,94.1,0,0,155.91,Active,0
306087,2026-06-30,2025-09-20,38,60378.62,South,Store,9,8.0,1,122.68,0,0,172.96,Active,0
303002,2026-06-30,2025-03-01,60,46174.89,Budapest,Mobile,16,8.0,1,0.0,0,0,171.95,Loyal,0
305107,2026-06-30,2024-06-21,30,23948.99,Budapest,Mobile,24,4.0,0,0.0,0,0,230.78,Active,0
303716,2026-06-30,2025-01-16,35,29348.38,South,Web,17,6.0,0,0.0,0,0,198.53,Loyal,0
302909,2026-06-30,2024-06-04,48,95138.54,North,Store,25,7.0,1,113.71,0,0,109.88,Active,0
307613,2026-06-30,2024-08-08,34,38843.6,Budapest,Web,23,10.0,1,95.74,0,0,227.4,Active,0
307186,2026-06-30,2025-07-17,46,39322.02,North,Mobile,11,5.0,0,0.0,0,0,270.65,Active,0
303124,2026-06-30,2025-04-01,41,26507.8,Budapest,Mobile,15,6.0,2,90.26,0,0,180.94,Active,0
307941,2026-06-30,2024-04-20,44,35097.73,Budapest,Web,26,8.0,1,65.06,0,0,136.21,Active,0
306924,2026-06-30,2025-07-04,54,27717.71,East,Web,12,7.0,1,91.56,0,0,157.34,Active,0
306759,2026-06-30,2024-07-15,40,26635.59,North,Store,23,5.0,0,0.0,1,0,0.0,At Risk,1
304953,2026-06-30,2024-02-29,38,20352.28,Budapest,Mobile,28,11.0,3,85.69,0,0,310.01,Loyal,0
305614,2026-06-30,2024-01-10,42,49785.25,East,Mobile,30,12.0,5,350.6,0,0,162.18,Loyal,0
308985,2026-06-30,2024-07-03,31,60826.56,East,Web,24,7.0,2,156.32,0,0,229.96,Active,0
305280,2026-06-30,2025-12-20,22,64502.84,West,Web,6,5.0,2,84.95,1,1,57.2,At Risk,1
302871,2026-06-30,2024-09-25,47,40797.72,North,Store,21,11.0,0,47.06,0,0,152.33,Active,0
300409,2026-06-30,2025-02-07,44,25177.91,Budapest,Store,17,6.0,1,60.83,0,0,179.25,Loyal,0
303562,2026-06-30,2025-01-14,44,53416.01,South,Web,17,14.0,2,32.38,0,0,281.49,Active,0
306575,2026-06-30,2025-06-28,24,111653.87,East,Web,12,8.0,4,203.17,0,0,245.56,Loyal,0
301028,2026-06-30,2024-10-27,56,22242.46,East,Store,20,13.0,2,105.23,0,0,200.57,Active,0
300158,2026-06-30,2024-08-18,28,66648.74,Budapest,Mobile,22,9.0,1,63.23,0,0,102.48,Active,0
301422,2026-06-30,2024-12-11,35,67809.04,South,Store,19,4.0,1,83.25,0,0,206.23,Active,0
300389,2026-06-30,2025-03-17,56,60314.9,West,Web,15,7.0,1,78.16,0,0,243.47,Loyal,0
302168,2026-06-30,2025-10-12,48,39424.0,West,Web,9,9.0,1,47.05,0,0,262.0,Loyal,0
302088,2026-06-30,2025-03-08,59,34620.34,South,Mobile,16,5.0,1,75.07,0,0,245.11,Loyal,0
308251,2026-06-30,2025-11-18,36,18188.63,East,Mobile,7,15.0,2,121.14,0,0,214.42,Active,0
305297,2026-06-30,2024-01-09,39,35576.35,East,Store,30,7.0,1,137.29,1,0,148.67,Active,0
301791,2026-06-30,2024-11-23,28,18183.49,Budapest,Web,19,5.0,2,134.67,0,0,294.82,Loyal,0
304620,2026-06-30,2024-10-02,44,45151.62,North,Mobile,21,5.0,1,65.81,0,0,249.1,Active,0
300713,2026-06-30,2024-11-06,39,43466.16,South,Mobile,20,10.0,3,158.11,0,0,243.44,Loyal,0
305121,2026-06-30,2025-08-09,36,15000.0,Budapest,Web,11,11.0,0,63.69,0,0,145.15,Active,0
300511,2026-06-30,2025-12-18,38,39505.38,North,Web,6,5.0,2,128.9,0,0,133.07,Loyal,0
301062,2026-06-30,2025-12-10,31,24343.28,West,Mobile,7,9.0,1,34.19,0,0,253.34,Active,0
306009,2026-06-30,2024-01-02,45,80441.68,South,Web,30,3.0,1,88.29,0,0,195.0,Active,0
306902,2026-06-30,2024-12-04,44,41144.58,West,Web,19,9.0,1,42.66,0,0,205.68,Active,0
305740,2026-06-30,2024-06-08,22,25311.44,Budapest,Mobile,25,8.0,5,313.26,0,0,188.99,Active,0
305324,2026-06-30,2025-10-18,35,18789.37,East,Web,8,6.0,0,0.0,0,0,147.63,Active,0
308462,2026-06-30,2025-01-23,34,31690.49,Budapest,Mobile,17,9.0,0,0.0,0,0,201.19,Loyal,0
308352,2026-06-30,2024-05-13,35,18949.61,West,Web,26,7.0,0,0.0,0,0,228.55,Active,0
305897,2026-06-30,2025-05-18,35,43829.68,Budapest,Web,13,10.0,2,44.23,0,0,115.8,Active,0
305462,2026-06-30,2025-03-08,35,17794.62,East,Mobile,16,7.0,0,39.37,0,0,249.11,Active,0
302304,2026-06-30,2024-04-21,44,41097.88,West,Store,26,6.0,0,3.66,0,0,198.45,Active,0
307370,2026-06-30,2024-04-08,58,28681.64,Budapest,Mobile,27,15.0,5,472.86,0,0,169.96,Active,0
305168,2026-06-30,2024-08-31,37,36857.76,Budapest,Web,22,5.0,1,103.48,0,0,129.15,Loyal,0
301685,2026-06-30,2024-09-23,46,33133.49,South,Web,21,5.0,4,175.25,0,0,128.83,Active,0
304416,2026-06-30,2025-09-25,18,22416.64,South,Mobile,9,7.0,4,170.07,0,0,135.14,Active,0
306764,2026-06-30,2025-04-14,28,25461.78,Budapest,Web,15,12.0,1,76.8,0,0,197.11,Active,0
300958,2026-06-30,2024-07-07,45,27292.49,Budapest,Web,24,5.0,1,72.62,0,0,257.38,Loyal,0
304170,2026-06-30,2025-02-22,35,43070.32,East,Web,16,10.0,1,83.94,0,0,261.14,Active,0
306425,2026-06-30,2025-06-14,36,58307.77,Budapest,Web,13,10.0,0,0.0,0,0,210.52,Active,0
305883,2026-06-30,2025-10-06,61,34870.42,Budapest,Mobile,9,11.0,1,49.51,0,0,266.07,Loyal,0
301502,2026-06-30,2024-12-16,37,15000.0,Budapest,Web,18,7.0,0,31.47,0,0,162.89,Loyal,0
301558,2026-06-30,2024-04-17,23,124369.47,North,Mobile,26,4.0,0,2.02,0,0,237.23,Loyal,0
302125,2026-06-30,2024-12-21,53,45036.39,Budapest,Mobile,18,8.0,0,4.4,0,0,240.07,Loyal,0
300725,2026-06-30,2024-04-11,58,34648.69,West,Store,27,3.0,2,186.78,0,0,134.01,Loyal,0
303993,2026-06-30,2025-04-15,53,65362.87,South,Web,14,8.0,0,87.96,0,0,185.68,Active,0
304824,2026-06-30,2025-02-10,19,54447.88,South,Web,17,11.0,1,85.83,0,0,324.49,Active,0
301804,2026-06-30,2024-08-23,38,30829.13,North,Mobile,22,7.0,0,0.0,0,0,231.43,Active,0
308742,2026-06-30,2025-01-03,49,30676.51,Budapest,Store,18,4.0,2,181.63,0,0,180.57,Active,0
300795,2026-06-30,2025-01-07,24,28581.9,North,Mobile,18,6.0,1,88.54,0,0,91.3,Active,0
305813,2026-06-30,2024-10-27,41,24272.59,West,Web,20,12.0,2,122.29,0,0,170.68,Loyal,0
302023,2026-06-30,2025-06-14,40,42544.15,West,Store,13,6.0,0,0.0,0,0,146.53,Loyal,0
305956,2026-06-30,2025-09-12,36,19871.68,West,Web,10,4.0,2,93.27,0,0,247.16,Loyal,0
307814,2026-06-30,2024-06-12,47,,Budapest,Mobile,25,11.0,0,18.25,0,0,213.33,Active,0
300252,2026-06-30,2024-03-13,52,24867.84,Budapest,Web,28,6.0,1,34.16,0,0,241.4,Active,0
304513,2026-06-30,2024-06-12,41,19585.39,North,Web,25,12.0,1,71.92,0,0,154.55,Active,0
302450,2026-06-30,2025-09-25,39,45080.43,Budapest,Mobile,9,7.0,0,1.85,1,0,183.82,Loyal,0
306046,2026-06-30,2025-06-11,56,34819.7,West,Mobile,13,11.0,1,65.19,1,0,125.3,Loyal,0
308001,2026-06-30,2025-05-08,27,15000.0,East,Store,14,8.0,1,42.31,0,0,157.31,Active,0
308905,2026-06-30,2025-09-22,61,18876.11,East,Web,9,10.0,3,148.1,0,0,252.91,Active,0
302253,2026-06-30,2024-12-08,31,21038.02,West,Web,19,13.0,0,37.29,0,0,231.6,Active,0
305428,2026-06-30,2025-04-09,58,27924.7,West,Mobile,15,8.0,1,59.59,1,1,14.76,At Risk,1
306135,2026-06-30,2025-12-03,37,67537.05,South,Mobile,7,7.0,0,8.24,0,0,215.93,Active,0
301234,2026-06-30,2025-11-12,41,61775.9,West,Web,8,11.0,3,202.0,0,0,298.01,Active,0
303686,2026-06-30,2025-08-18,27,32549.49,North,Store,10,8.0,1,106.33,0,0,248.3,Loyal,0
305911,2026-06-30,2025-05-03,19,58328.15,South,Store,14,5.0,3,298.17,0,0,182.26,Active,0
303255,2026-06-30,2024-04-10,31,38574.7,Budapest,Mobile,27,6.0,1,90.82,0,0,253.51,Loyal,0
306201,2026-06-30,2024-01-22,38,37925.98,Budapest,Mobile,29,6.0,2,126.53,0,1,203.94,Loyal,0
307128,2026-06-30,2025-02-13,25,44818.72,East,Store,16,3.0,3,129.9,1,1,0.0,At Risk,1
302465,2026-06-30,2025-02-01,43,24188.33,Budapest,Web,17,7.0,2,122.77,0,0,207.7,Loyal,0
305427,2026-06-30,2025-10-04,46,20346.72,North,Mobile,9,12.0,0,36.16,0,0,160.61,Loyal,0
303397,2026-06-30,2025-11-01,27,32066.18,West,Web,8,8.0,1,2.1,0,0,119.04,Active,0
302214,2026-06-30,2025-02-26,46,24435.51,Budapest,Mobile,16,1.0,0,36.66,0,0,137.97,Active,0
304576,2026-06-30,2025-05-26,44,15755.85,East,Mobile,13,4.0,1,95.35,0,0,182.1,Loyal,0
304345,2026-06-30,2024-11-11,44,45431.21,North,Web,20,11.0,4,314.17,0,0,143.55,Active,0
302604,2026-06-30,2024-03-20,41,18875.77,South,Web,27,9.0,0,31.81,0,1,143.94,Active,0
302549,2026-06-30,2024-09-29,36,66804.16,North,Mobile,21,9.0,1,79.44,0,0,221.23,Loyal,0
304938,2026-06-30,2025-08-09,44,41984.43,East,Store,11,6.0,1,17.48,0,0,158.95,Loyal,0
303754,2026-06-30,2024-08-26,21,18877.67,Budapest,Web,22,7.0,0,0.0,0,0,165.28,Loyal,0
304935,2026-06-30,2024-09-30,51,43038.97,Budapest,Mobile,21,9.0,2,46.76,1,0,243.2,Active,0
303616,2026-06-30,2025-07-27,37,39768.89,Budapest,Web,11,7.0,0,0.0,0,0,233.04,Active,0
301397,2026-06-30,2025-09-03,45,23613.81,East,Web,10,3.0,0,0.0,0,0,182.58,Loyal,0
303347,2026-06-30,2024-09-03,53,25815.69,East,Store,22,8.0,2,168.27,1,1,28.3,At Risk,1
303591,2026-06-30,2024-05-13,27,29474.11,North,Web,26,9.0,2,102.46,0,0,180.95,Active,0
303143,2026-06-30,2024-10-27,60,82628.35,Budapest,Web,20,2.0,1,107.76,0,1,226.78,Active,0
301043,2026-06-30,2024-05-17,29,52837.34,Budapest,Store,25,11.0,4,253.88,0,0,203.7,Loyal,0
300612,2026-06-30,2024-11-14,18,29704.62,East,Store,19,9.0,1,14.69,0,0,144.22,Active,0
302234,2026-06-30,2024-08-20,44,30790.47,West,Web,22,8.0,1,47.71,0,0,198.71,Active,0
303442,2026-06-30,2025-03-01,59,77362.87,North,Store,16,8.0,4,304.25,0,0,208.57,Loyal,0
304085,2026-06-30,2024-03-12,44,39038.04,North,Web,28,13.0,1,36.5,0,0,149.68,Active,0
306782,2026-06-30,2025-12-04,35,32305.74,West,Mobile,7,6.0,1,111.96,0,0,157.57,Active,0
305607,2026-06-30,2024-12-18,42,33040.0,Budapest,Store,18,8.0,0,0.0,0,0,148.11,Loyal,0
307468,2026-06-30,2024-06-03,65,19500.78,Budapest,Web,25,13.0,2,171.72,0,0,138.87,Loyal,0
303594,2026-06-30,2024-05-27,37,44653.07,South,Mobile,25,6.0,0,0.0,1,1,0.0,At Risk,1
305849,2026-06-30,2024-11-14,49,36031.41,Budapest,Web,19,7.0,1,57.86,0,0,225.81,Active,0
304068,2026-06-30,2024-06-07,21,70261.4,North,Web,25,5.0,1,73.81,0,0,171.56,Active,0
306088,2026-06-30,2025-06-10,34,36386.53,West,Web,13,10.0,1,117.66,0,0,237.02,Active,0
306313,2026-06-30,2025-06-05,36,29003.39,North,Store,13,6.0,4,295.55,0,0,192.24,Active,0
302158,2026-06-30,2025-04-08,46,58270.26,South,Mobile,15,6.0,1,77.57,0,0,196.06,Active,0
300504,2026-06-30,2024-07-10,20,29335.9,Budapest,Mobile,24,14.0,2,88.8,0,0,153.25,Active,0
303081,2026-06-30,2024-07-25,60,21763.72,East,Store,23,14.0,4,310.46,0,0,180.39,Active,0
300275,2026-06-30,2024-11-21,41,28997.79,Budapest,Mobile,19,5.0,4,363.83,0,0,160.44,Loyal,0
301346,2026-06-30,2024-12-25,49,26598.16,South,Mobile,18,8.0,2,207.1,0,0,227.79,Loyal,0
304839,2026-06-30,2025-10-27,38,87807.75,East,Web,8,10.0,0,0.0,0,0,174.48,Active,0
306948,2026-06-30,2025-02-21,59,57807.16,South,Mobile,16,9.0,2,259.07,0,0,259.35,Active,0
303245,2026-06-30,2024-08-27,38,35043.18,South,Web,22,6.0,2,200.24,0,0,114.04,Active,0
304061,2026-06-30,2025-06-02,28,22563.39,South,Web,13,11.0,3,180.63,0,0,212.06,Active,0
306503,2026-06-30,2025-04-27,36,19857.3,North,Web,14,7.0,1,50.07,0,0,102.72,Loyal,0
306868,2026-06-30,2025-09-10,60,44315.76,East,Web,10,10.0,1,88.23,1,0,118.01,Active,0
303961,2026-06-30,2025-07-05,36,29868.94,Budapest,Mobile,12,9.0,5,178.42,1,0,385.53,Active,0
302277,2026-06-30,2025-12-17,43,48480.2,Budapest,Web,6,4.0,2,76.67,0,0,208.61,Active,0
307623,2026-06-30,2025-12-09,50,115724.27,Budapest,Web,7,3.0,0,6.19,0,0,262.74,Active,0
308627,2026-06-30,2024-10-18,46,77220.94,West,Mobile,20,9.0,2,125.57,0,0,138.3,Loyal,0
307567,2026-06-30,2024-11-12,47,29374.7,West,Mobile,20,4.0,3,72.72,0,0,214.63,Active,0
300684,2026-06-30,2025-08-10,18,46915.81,East,Web,11,7.0,1,90.08,0,0,161.84,Loyal,0
302143,2026-06-30,2025-10-05,31,29262.8,Budapest,Mobile,9,5.0,1,25.53,0,0,229.57,Active,0
307845,2026-06-30,2024-05-24,52,63356.53,Budapest,Web,25,10.0,3,304.0,0,0,198.2,Active,0
300998,2026-06-30,2025-07-30,40,39968.41,Budapest,Web,11,10.0,1,81.9,1,1,0.0,At Risk,1
305370,2026-06-30,2025-09-12,31,36680.16,Budapest,Store,10,8.0,1,109.2,1,0,205.43,Active,0
301865,2026-06-30,2024-02-25,46,43895.76,East,Store,28,7.0,1,112.93,1,0,15.55,At Risk,1
301177,2026-06-30,2024-03-19,36,43635.37,North,Web,27,10.0,3,56.76,0,0,213.59,Active,0
301347,2026-06-30,2025-04-01,28,32599.77,North,Mobile,15,6.0,0,50.26,0,0,238.75,Active,0
307532,2026-06-30,2024-10-23,37,75619.15,South,Web,20,9.0,1,51.45,0,0,183.06,Active,0
300745,2026-06-30,2024-12-22,34,67045.97,West,Web,18,8.0,2,131.81,0,0,210.73,Active,0
307882,2026-06-30,2025-06-10,44,15000.0,Budapest,Mobile,13,7.0,1,75.72,0,0,132.46,Loyal,0
307461,2026-06-30,2024-06-14,25,45675.74,North,Mobile,25,6.0,1,101.89,0,0,205.98,Active,0
308850,2026-06-30,2024-08-25,44,47790.95,West,Mobile,22,18.0,3,284.23,0,0,164.98,Active,0
305199,2026-06-30,2024-09-10,31,28544.33,West,Web,22,9.0,0,0.0,0,0,235.67,Active,0
305874,2026-06-30,2025-07-02,53,61582.84,East,Mobile,12,6.0,1,109.7,1,0,215.33,Active,0
303657,2026-06-30,2024-06-27,65,21376.85,Budapest,Web,24,10.0,1,59.0,0,0,138.68,Active,0
302517,2026-06-30,2025-04-17,18,77386.8,West,Mobile,14,8.0,2,193.25,0,0,108.54,Active,0
301650,2026-06-30,2024-12-01,31,22926.69,North,Mobile,19,10.0,1,60.37,0,0,152.11,Active,0
308454,2026-06-30,2025-01-25,43,61178.19,North,Web,17,11.0,0,0.0,1,1,0.0,At Risk,1
304504,2026-06-30,2025-02-27,54,30138.69,Budapest,Web,16,6.0,1,59.0,0,0,169.05,Active,0
306116,2026-06-30,2025-06-10,48,86701.95,Budapest,Mobile,13,7.0,0,0.0,0,1,209.46,Active,0
303814,2026-06-30,2025-07-29,24,30958.96,East,Web,11,5.0,0,0.0,0,0,238.42,Active,0
306677,2026-06-30,2024-10-09,45,64500.34,South,Web,21,4.0,1,36.92,0,0,145.33,Active,0
302998,2026-06-30,2024-04-14,43,16775.66,South,Web,27,5.0,1,100.42,0,0,137.81,Active,0
300694,2026-06-30,2024-06-09,45,58998.33,Budapest,Web,25,6.0,2,154.54,0,0,229.47,Active,0
300486,2026-06-30,2025-03-06,46,34700.84,East,Web,16,5.0,0,0.0,0,0,157.19,Active,0
307431,2026-06-30,2025-05-09,43,39536.16,Budapest,Mobile,14,11.0,2,137.7,0,0,245.94,Loyal,0
305930,2026-06-30,2024-04-12,43,29371.65,Budapest,Store,27,15.0,2,118.89,0,0,297.64,Active,0
300983,2026-06-30,2025-06-17,29,32755.36,Budapest,Mobile,12,9.0,3,96.71,0,0,278.23,Active,0
301262,2026-06-30,2024-03-12,25,15000.0,West,Mobile,28,10.0,3,125.56,0,0,193.14,Active,0
300080,2026-06-30,2025-07-12,57,45862.76,Budapest,Web,12,8.0,4,255.05,0,0,221.17,Active,0
307936,2026-06-30,2024-10-14,45,24869.56,West,Web,20,6.0,0,57.7,0,0,185.15,Loyal,0
303313,2026-06-30,2025-07-06,47,29530.45,East,Web,12,9.0,1,98.78,0,0,182.04,Active,0
305315,2026-06-30,2025-02-15,29,19806.49,South,Web,16,10.0,2,53.14,0,0,261.69,Loyal,0
301841,2026-06-30,2024-08-15,49,56365.68,East,Store,22,10.0,1,90.84,1,1,0.0,At Risk,1
307671,2026-06-30,2024-02-20,23,25014.67,East,Mobile,28,7.0,1,17.68,0,0,221.59,Loyal,0
303481,2026-06-30,2025-05-11,54,42114.81,Budapest,Mobile,14,13.0,2,96.4,0,0,209.44,Active,0
306652,2026-06-30,2025-05-19,60,60509.43,North,Web,13,5.0,0,0.0,0,0,218.57,Active,0
308764,2026-06-30,2025-07-15,41,49298.58,West,Mobile,11,2.0,0,0.0,0,0,147.49,Active,0
308629,2026-06-30,2025-10-30,49,37132.44,Budapest,Web,8,8.0,1,95.99,0,0,196.56,Active,0
305314,2026-06-30,2025-09-15,39,43364.23,Budapest,Web,9,7.0,4,297.26,0,0,258.1,Active,0
301579,2026-06-30,2025-12-09,38,41369.27,West,Mobile,7,3.0,0,0.0,1,0,213.09,Active,0
301781,2026-06-30,2025-05-21,58,80077.87,Budapest,Store,13,11.0,1,55.53,0,0,139.19,Loyal,0
300446,2026-06-30,2024-11-27,34,90605.9,South,Web,19,6.0,2,172.59,0,0,107.24,Active,0
302215,2026-06-30,2024-02-15,48,45711.97,East,Mobile,28,11.0,4,288.43,0,0,208.44,Loyal,0
305565,2026-06-30,2024-02-14,18,27000.9,North,Store,28,6.0,0,28.14,0,1,264.54,Active,0
302484,2026-06-30,2025-02-15,38,45329.12,South,Web,16,7.0,1,88.75,1,1,0.0,At Risk,1
302474,2026-06-30,2025-03-27,32,56537.08,Budapest,Mobile,15,5.0,3,178.38,0,0,192.62,Active,0
304519,2026-06-30,2025-05-28,34,18133.82,Budapest,Web,13,7.0,2,62.43,0,0,166.51,Loyal,0
307667,2026-06-30,2024-10-18,47,21883.4,North,Web,20,10.0,0,16.44,0,0,305.91,Loyal,0
304563,2026-06-30,2024-05-08,39,35731.1,Budapest,Web,26,7.0,1,45.86,0,0,151.24,Active,0
304374,2026-06-30,2024-01-02,49,21386.53,West,Web,30,10.0,3,247.07,0,0,198.05,Active,0
305165,2026-06-30,2025-08-09,39,45440.89,West,Web,11,5.0,2,164.92,0,0,220.86,Loyal,0
301651,2026-06-30,2025-02-18,19,87967.15,West,Web,16,9.0,1,59.05,0,0,157.61,Active,0
307162,2026-06-30,2024-04-27,21,15000.0,East,Mobile,26,9.0,3,222.08,0,0,165.37,Active,0
301598,2026-06-30,2024-03-28,66,24084.36,South,Web,27,11.0,2,273.4,0,1,127.55,Active,0
301700,2026-06-30,2024-09-24,35,23180.94,West,Store,21,8.0,1,96.31,0,0,233.24,Loyal,0
308723,2026-06-30,2025-07-01,39,47345.68,North,Web,12,12.0,1,47.21,0,0,220.79,Active,0
300069,2026-06-30,2024-08-23,33,72926.11,Budapest,Web,22,5.0,0,0.0,0,0,263.92,Loyal,0
308955,2026-06-30,2025-09-12,53,50965.63,West,Mobile,10,11.0,0,0.0,0,0,275.57,Active,0
300049,2026-06-30,2024-11-10,30,50625.64,West,Web,20,9.0,0,31.07,0,0,230.99,Active,0
301054,2026-06-30,2025-06-24,44,37283.1,Budapest,Web,12,8.0,2,116.49,0,0,185.49,Loyal,0
302716,2026-06-30,2024-07-16,32,40933.04,South,Mobile,23,6.0,2,158.66,0,0,296.05,Active,0
308228,2026-06-30,2024-09-14,44,32373.13,East,Web,21,6.0,1,100.59,0,0,276.8,Active,0
302886,2026-06-30,2025-08-10,36,35214.3,East,Web,11,11.0,1,47.1,0,0,216.18,Active,0
300604,2026-06-30,2024-07-03,36,15000.0,Budapest,Mobile,24,5.0,1,40.81,0,0,202.37,Active,0
304928,2026-06-30,2024-07-18,33,46054.38,East,Web,23,8.0,1,5.41,0,0,116.89,Active,0
306580,2026-06-30,2025-10-17,47,62098.65,West,Mobile,8,8.0,0,14.33,0,0,142.61,Active,0
306286,2026-06-30,2024-06-17,53,15000.0,Budapest,Mobile,24,13.0,2,137.4,0,0,214.22,Active,0
304790,2026-06-30,2024-06-08,37,21560.62,East,Mobile,25,9.0,1,43.13,0,0,145.55,Loyal,0
306044,2026-06-30,2024-02-19,44,42582.34,West,Web,28,10.0,1,120.89,0,0,156.14,Loyal,0
301468,2026-06-30,2025-10-19,45,40734.8,East,Web,8,8.0,2,134.07,0,0,202.42,Active,0
305351,2026-06-30,2025-04-24,43,37851.17,West,Store,14,12.0,1,78.17,0,0,248.54,Active,0
308899,2026-06-30,2025-05-26,32,19512.28,Budapest,Store,13,5.0,4,204.55,0,0,237.15,Active,0
300394,2026-06-30,2024-12-02,30,27055.97,South,Web,19,2.0,0,0.0,0,0,110.99,Loyal,0
308546,2026-06-30,2024-01-25,57,65073.19,Budapest,Mobile,29,11.0,3,235.83,0,0,213.95,Active,0
300231,2026-06-30,2025-06-15,22,52540.95,Budapest,Web,12,4.0,1,12.42,1,1,87.71,At Risk,1
301321,2026-06-30,2025-08-18,46,69995.31,West,Web,10,9.0,2,149.94,1,0,241.82,Loyal,0
300042,2026-06-30,2024-02-05,43,50817.88,West,Store,29,11.0,3,150.75,0,0,162.73,Active,0
304299,2026-06-30,2025-04-22,39,30214.14,Budapest,Web,14,7.0,2,33.96,0,0,196.86,Active,0
303886,2026-06-30,2025-07-11,57,21664.47,West,Mobile,12,4.0,1,100.2,0,0,174.19,Active,0
308065,2026-06-30,2024-05-09,45,79488.06,West,Web,26,10.0,0,10.74,0,0,174.9,Loyal,0
302877,2026-06-30,2025-06-25,41,78175.73,Budapest,Mobile,12,7.0,0,75.34,0,0,152.91,Active,0
308137,2026-06-30,2024-03-25,48,29210.82,Budapest,Mobile,27,3.0,1,77.09,0,0,189.42,Active,0
301531,2026-06-30,2025-03-02,23,84536.21,Budapest,Web,16,7.0,4,303.1,0,0,196.49,Loyal,0
302889,2026-06-30,2024-11-09,47,21606.99,South,Mobile,20,7.0,0,13.57,0,0,115.97,Loyal,0
304293,2026-06-30,2024-05-16,27,61401.15,North,Web,25,6.0,4,306.92,0,0,269.77,Loyal,0
307273,2026-06-30,2024-05-20,43,66788.06,West,Mobile,25,11.0,1,71.99,0,0,148.85,Loyal,0
302522,2026-06-30,2025-12-03,58,42519.51,South,Web,7,5.0,2,148.31,0,0,272.69,Active,0
301324,2026-06-30,2024-11-05,27,27958.58,East,Web,20,11.0,2,118.97,0,0,198.37,Loyal,0
308490,2026-06-30,2025-03-27,44,25959.43,East,Mobile,15,15.0,4,243.32,0,0,205.84,Active,0
305577,2026-06-30,2025-02-19,39,41864.45,Budapest,Web,16,12.0,1,24.71,0,0,189.63,Active,0
308873,2026-06-30,2025-11-30,34,44980.48,Budapest,Store,7,7.0,2,186.8,0,0,165.87,Active,0
301492,2026-06-30,2025-04-25,41,36537.38,Budapest,Mobile,14,4.0,0,21.58,0,0,241.04,Active,0
306517,2026-06-30,2025-11-04,43,26555.5,South,Mobile,8,11.0,2,62.18,0,0,211.35,Active,0
303543,2026-06-30,2024-09-04,42,34782.84,South,Web,22,4.0,3,285.96,0,0,236.08,Active,0
300062,2026-06-30,2024-08-12,39,26925.89,South,Store,23,15.0,2,53.07,0,0,198.61,Active,0
306233,2026-06-30,2024-11-26,35,24694.41,South,Web,19,7.0,2,164.35,0,0,199.09,Active,0
306492,2026-06-30,2025-08-18,52,48866.2,North,Web,10,9.0,1,53.19,0,0,242.46,Active,0
302628,2026-06-30,2025-09-20,47,89192.91,Budapest,Web,9,10.0,1,56.02,0,0,268.91,Active,0
307486,2026-06-30,2024-11-23,36,59678.18,East,Web,19,9.0,2,84.01,0,0,174.38,Active,0
300403,2026-06-30,2024-01-14,40,61220.48,North,Web,30,7.0,2,114.6,0,0,201.13,Active,0
300333,2026-06-30,2024-02-08,42,44955.33,North,Mobile,29,6.0,3,159.93,0,0,204.47,Active,0
308968,2026-06-30,2024-04-23,32,66131.63,North,Web,26,11.0,3,203.35,0,0,254.05,Active,0
301010,2026-06-30,2025-07-15,38,23846.42,West,Web,11,8.0,1,38.62,1,0,183.72,Active,0
301169,2026-06-30,2025-06-24,41,31654.93,West,Mobile,12,2.0,0,0.0,0,0,216.9,Active,0
305938,2026-06-30,2025-01-31,66,78311.02,East,Web,17,5.0,1,80.27,0,0,193.05,Loyal,0
308027,2026-06-30,2025-12-03,40,48442.56,Budapest,Web,7,11.0,2,123.94,0,0,279.05,Active,0
304956,2026-06-30,2025-06-03,35,33639.55,Budapest,Mobile,13,8.0,1,113.94,0,0,265.8,Active,0
306872,2026-06-30,2025-09-25,47,26440.68,East,Web,9,6.0,4,316.6,0,0,222.97,Loyal,0
304652,2026-06-30,2025-04-14,30,64503.18,North,Web,15,8.0,1,70.37,0,0,207.13,Active,0
305837,2026-06-30,2024-05-26,39,51100.33,South,Web,25,9.0,0,39.76,0,0,271.95,Loyal,0
307253,2026-06-30,2025-08-30,47,35054.1,Budapest,Mobile,10,7.0,1,64.78,0,0,192.98,Active,0
302037,2026-06-30,2025-08-08,43,35151.97,South,Mobile,11,7.0,1,27.46,0,1,53.87,At Risk,1
301439,2026-06-30,2024-01-24,50,46822.81,South,Mobile,29,9.0,4,196.56,0,0,198.46,Active,0
302940,2026-06-30,2025-11-26,56,42446.73,Budapest,Mobile,7,4.0,1,118.06,0,0,153.07,Loyal,0
306984,2026-06-30,2025-10-22,46,68030.08,East,Store,8,10.0,2,122.26,0,0,293.72,Active,0
303835,2026-06-30,2025-06-28,55,39662.16,South,Store,12,10.0,1,45.75,0,0,123.29,Loyal,0
301335,2026-06-30,2025-02-17,29,45579.94,Budapest,Mobile,16,6.0,2,135.5,0,0,226.24,Active,0
308044,2026-06-30,2025-07-30,33,24363.28,West,Web,11,6.0,1,69.17,0,0,239.29,Loyal,0
306836,2026-06-30,2025-11-16,20,40564.03,North,Web,7,15.0,3,85.68,0,0,165.89,Active,0
301660,2026-06-30,2025-05-20,43,21125.56,North,Web,13,12.0,2,135.23,0,0,236.2,Active,0
308986,2026-06-30,2024-07-29,35,55377.99,Budapest,Mobile,23,8.0,1,15.95,0,0,191.36,Active,0
306327,2026-06-30,2024-07-28,49,22155.14,South,Web,23,11.0,0,7.07,0,0,138.51,Active,0
304373,2026-06-30,2024-04-02,32,19670.86,Budapest,Web,27,7.0,2,108.76,0,0,158.13,Loyal,0
306753,2026-06-30,2024-12-23,45,40961.77,Budapest,Mobile,18,9.0,2,90.91,0,0,189.79,Loyal,0
308875,2026-06-30,2024-07-12,18,46449.51,South,Mobile,24,8.0,2,12.31,0,0,277.03,Active,0
306731,2026-06-30,2025-06-04,28,16735.71,East,Web,13,15.0,4,317.57,0,0,194.47,Loyal,0
305474,2026-06-30,2024-07-14,62,15000.0,West,Web,24,9.0,2,153.08,0,0,130.02,Active,0
300707,2026-06-30,2024-06-02,50,26331.42,Budapest,Mobile,25,4.0,1,50.62,0,0,178.91,Loyal,0
301766,2026-06-30,2025-12-01,56,15893.5,Budapest,Web,7,9.0,3,224.5,0,0,134.28,Active,0
303419,2026-06-30,2025-08-22,57,78616.65,West,Web,10,6.0,1,17.02,0,0,193.48,Active,0
303662,2026-06-30,2024-04-01,23,25921.66,Budapest,Mobile,27,9.0,2,96.25,0,0,166.9,Active,0
307585,2026-06-30,2025-03-07,34,25578.39,North,Web,16,6.0,2,95.52,0,0,189.26,Active,0
304333,2026-06-30,2025-02-04,37,45656.12,Budapest,Web,17,13.0,0,42.57,0,0,154.25,Active,0
302374,2026-06-30,2024-10-13,33,45001.31,East,Web,21,5.0,0,14.72,0,0,217.21,Active,0
306954,2026-06-30,2025-11-07,49,20085.6,North,Web,8,7.0,1,64.35,0,0,241.43,Loyal,0
301563,2026-06-30,2025-05-04,25,15000.0,Budapest,Web,14,10.0,0,2.09,1,0,182.12,Active,0
304081,2026-06-30,2024-06-06,55,76554.95,South,Web,25,11.0,0,34.8,0,0,118.24,Active,0
308977,2026-06-30,2025-07-01,24,57889.43,Budapest,Mobile,12,10.0,3,183.85,0,0,231.08,Active,0
303209,2026-06-30,2024-04-20,39,38272.18,East,Store,26,6.0,1,137.41,0,0,269.04,Active,0
300697,2026-06-30,2024-04-04,30,22737.6,East,Web,27,7.0,0,34.49,1,1,0.0,At Risk,1
301104,2026-06-30,2024-02-21,39,15341.63,Budapest,Web,28,10.0,0,0.0,0,0,201.95,Active,0
300474,2026-06-30,2025-04-16,55,45087.44,Budapest,Web,14,10.0,0,0.0,0,0,239.03,Loyal,0
300380,2026-06-30,2025-06-19,63,96510.32,Budapest,Mobile,12,9.0,2,187.77,0,0,159.21,Loyal,0
308125,2026-06-30,2024-12-27,27,55917.75,West,Web,18,5.0,5,379.7,1,0,175.25,Active,0
308405,2026-06-30,2024-03-30,42,21451.06,West,Web,27,7.0,2,121.18,0,0,159.58,Loyal,0
302026,2026-06-30,2025-06-22,49,54711.87,East,Mobile,12,9.0,0,15.28,1,1,191.72,Loyal,0
304696,2026-06-30,2024-07-18,50,35074.77,Budapest,Web,23,6.0,1,74.11,0,0,140.26,Loyal,0
306055,2026-06-30,2024-03-26,38,35017.1,West,Store,27,10.0,1,53.63,0,0,162.98,Active,0
306351,2026-06-30,2024-12-05,44,21955.21,North,Web,19,11.0,5,315.18,0,0,134.52,Active,0
305863,2026-06-30,2024-08-15,31,68522.53,Budapest,Mobile,22,9.0,2,113.16,0,0,269.78,Loyal,0
303705,2026-06-30,2025-12-07,37,50046.21,West,Web,7,10.0,1,41.27,0,0,226.41,Loyal,0
304163,2026-06-30,2024-07-24,50,63850.11,Budapest,Mobile,23,11.0,5,310.28,0,0,137.61,Loyal,0
300382,2026-06-30,2025-09-03,31,25144.36,East,Mobile,10,9.0,0,34.66,0,0,126.18,Loyal,0
307901,2026-06-30,2025-06-12,41,56879.62,Budapest,Web,13,6.0,0,11.73,0,0,213.74,Active,0
302089,2026-06-30,2024-10-23,24,28284.95,West,Web,20,9.0,1,48.96,0,0,276.38,Loyal,0
306852,2026-06-30,2024-05-07,36,30544.04,Budapest,Web,26,6.0,1,79.54,0,0,194.96,Active,0
308002,2026-06-30,2025-02-15,21,39502.11,Budapest,Web,16,8.0,0,8.55,0,0,230.54,Active,0
301769,2026-06-30,2024-09-22,39,107612.86,Budapest,Web,21,11.0,1,112.11,0,0,252.65,Loyal,0
308207,2026-06-30,2025-02-28,45,21894.38,West,Mobile,16,8.0,2,171.5,1,0,0.0,At Risk,1
307636,2026-06-30,2024-06-10,40,45471.6,South,Web,25,9.0,2,127.89,0,0,197.42,Active,0
306783,2026-06-30,2024-12-31,35,63548.63,Budapest,Mobile,18,8.0,0,1.48,0,0,223.7,Active,0
300059,2026-06-30,2024-07-07,30,29645.55,North,Mobile,24,6.0,2,155.66,0,0,190.6,Loyal,0
302866,2026-06-30,2025-03-29,47,35026.91,South,Mobile,15,11.0,3,175.12,0,0,182.47,Active,0
301156,2026-06-30,2024-05-24,39,17543.98,East,Web,25,7.0,1,64.33,0,0,128.25,Active,0
302752,2026-06-30,2024-04-15,40,22265.08,South,Web,26,9.0,2,212.59,0,0,157.79,Active,0
306804,2026-06-30,2024-04-28,24,27798.26,East,Store,26,12.0,2,108.65,0,0,198.03,Active,0
304289,2026-06-30,2025-02-10,27,29468.84,East,Mobile,17,9.0,3,202.21,0,0,116.9,Active,0
302030,2026-06-30,2025-01-13,53,47253.5,West,Web,18,11.0,3,299.48,0,0,166.35,Loyal,0
304825,2026-06-30,2025-02-20,51,34294.52,Budapest,Mobile,16,9.0,1,81.85,0,0,206.14,Active,0
308410,2026-06-30,2024-05-21,70,23618.9,South,Web,25,12.0,6,489.16,0,0,216.27,Active,0
301194,2026-06-30,2024-05-26,58,47981.97,West,Mobile,25,9.0,1,0.0,0,0,204.01,Active,0
307279,2026-06-30,2024-11-27,36,39672.23,South,Web,19,5.0,0,36.51,0,0,177.58,Loyal,0
305690,2026-06-30,2024-03-21,41,43234.24,Budapest,Web,27,6.0,1,95.76,0,0,243.09,Active,0
300859,2026-06-30,2024-01-07,35,90740.85,South,Web,30,9.0,0,0.0,0,0,88.48,Active,0
304484,2026-06-30,2025-07-14,42,47347.61,West,Web,12,6.0,1,50.76,0,0,215.75,Loyal,0
304055,2026-06-30,2024-11-06,36,28648.91,Budapest,Web,20,8.0,4,246.66,0,0,174.8,Active,0
308975,2026-06-30,2024-09-21,35,47168.22,South,Store,21,5.0,1,58.28,0,0,222.12,Active,0
306758,2026-06-30,2024-06-28,55,15000.0,Budapest,Mobile,24,5.0,0,60.35,0,0,188.91,Loyal,0
301537,2026-06-30,2025-12-20,28,29402.08,North,Web,6,13.0,0,10.21,0,0,164.11,Active,0
300746,2026-06-30,2025-11-29,22,68469.09,West,Web,7,4.0,1,26.37,0,0,90.87,Active,0
306208,2026-06-30,2025-07-11,51,29546.66,South,Mobile,12,2.0,0,28.49,0,0,238.77,Active,0
307962,2026-06-30,2024-05-03,44,41850.28,Budapest,Mobile,26,10.0,1,65.32,0,0,234.52,Active,0
306199,2026-06-30,2025-07-12,33,34481.82,East,Mobile,12,5.0,1,72.12,1,0,235.74,Loyal,0
304983,2026-06-30,2025-08-18,28,17496.15,East,Mobile,10,6.0,1,90.19,0,0,216.68,Active,0
305163,2026-06-30,2024-01-10,52,42274.99,West,Web,30,5.0,1,104.51,0,0,123.5,Active,0
302693,2026-06-30,2025-09-08,64,22585.89,West,Mobile,10,9.0,2,163.05,1,0,186.18,Active,0
306688,2026-06-30,2025-05-19,30,38861.49,North,Mobile,13,11.0,1,81.45,0,0,227.19,Active,0
304922,2026-06-30,2025-11-14,51,31307.13,South,Web,7,4.0,0,1.88,0,0,211.8,Active,0
303856,2026-06-30,2025-01-13,49,67404.72,South,Web,18,10.0,1,27.77,0,0,223.46,Active,0
308026,2026-06-30,2025-03-02,33,32434.68,West,Web,16,8.0,1,66.18,1,1,90.69,At Risk,1
305841,2026-06-30,2025-02-08,43,22474.18,West,Web,17,9.0,0,0.0,0,0,150.88,Active,0
306232,2026-06-30,2024-12-27,46,36972.08,Budapest,Web,18,14.0,2,142.79,0,0,231.68,Active,0
305747,2026-06-30,2024-07-20,26,72351.6,West,Web,23,14.0,1,63.13,0,0,228.22,Active,0
303863,2026-06-30,2025-09-25,47,25984.41,West,Web,9,9.0,1,58.45,0,0,169.55,Active,0
302247,2026-06-30,2024-02-27,22,32578.98,West,Mobile,28,9.0,1,36.67,0,0,124.46,Active,0
301657,2026-06-30,2025-10-01,48,28383.33,East,Web,9,8.0,2,230.05,1,1,67.08,At Risk,1
303435,2026-06-30,2024-07-27,19,20742.73,South,Web,23,8.0,2,45.21,0,0,209.69,Loyal,0
301534,2026-06-30,2025-07-16,33,42455.05,West,Mobile,11,7.0,1,22.05,0,0,235.59,Loyal,0
303257,2026-06-30,2024-02-14,48,36075.86,Budapest,Web,28,8.0,1,108.36,0,0,245.0,Active,0
308000,2026-06-30,2025-04-11,33,45789.15,South,Mobile,15,7.0,3,33.27,0,0,150.64,Active,0
307790,2026-06-30,2024-07-10,48,41814.64,North,Web,24,12.0,1,77.72,1,1,25.67,At Risk,1
303791,2026-06-30,2024-10-05,40,65517.79,Budapest,Mobile,21,7.0,3,163.58,0,0,98.79,Active,0
304661,2026-06-30,2025-06-24,35,40232.35,Budapest,Web,12,4.0,2,97.59,0,0,145.26,Active,0
305228,2026-06-30,2024-02-19,22,18211.69,West,Mobile,28,4.0,0,33.17,0,0,152.86,Loyal,0
302524,2026-06-30,2024-02-24,55,49749.7,Budapest,Web,28,7.0,0,27.58,0,0,270.03,Loyal,0
303208,2026-06-30,2025-03-19,48,36671.77,South,Web,15,4.0,1,79.55,0,1,186.02,Active,0
307645,2026-06-30,2025-03-27,37,17105.33,Budapest,Web,15,18.0,2,134.7,0,0,142.53,Active,0
305932,2026-06-30,2024-04-23,26,29037.16,Budapest,Store,26,6.0,0,26.41,0,0,211.74,Active,0
300215,2026-06-30,2024-04-18,32,60539.65,West,Mobile,26,8.0,1,59.69,0,0,94.7,Active,0
302460,2026-06-30,2024-05-31,38,30904.72,Budapest,Web,25,10.0,2,135.7,1,0,199.85,Active,0
304392,2026-06-30,2025-09-13,33,21826.28,West,Mobile,10,9.0,1,52.04,0,0,124.39,Loyal,0
302261,2026-06-30,2024-09-01,41,42909.62,Budapest,Web,22,9.0,2,138.76,0,0,211.48,Loyal,0
300863,2026-06-30,2024-05-20,46,20124.51,Budapest,Mobile,25,6.0,2,140.57,0,0,118.54,Loyal,0
300004,2026-06-30,2025-06-15,54,18287.37,Budapest,Store,12,8.0,1,69.41,0,0,184.11,Active,0
306769,2026-06-30,2024-08-29,44,36862.29,North,Mobile,22,10.0,2,60.05,0,0,324.47,Loyal,0
306250,2026-06-30,2025-05-14,39,122289.31,Budapest,Web,14,9.0,2,135.58,0,0,246.15,Loyal,0
305580,2026-06-30,2025-12-25,45,34647.82,East,Mobile,6,5.0,1,60.92,1,1,0.0,At Risk,1
305862,2026-06-30,2025-09-22,57,31340.96,Budapest,Mobile,9,7.0,1,54.58,0,0,189.82,Active,0
300182,2026-06-30,2025-11-05,49,22117.81,East,Web,8,7.0,1,131.86,0,0,172.25,Active,0
301619,2026-06-30,2025-01-03,46,34450.13,Budapest,Web,18,7.0,0,0.0,0,0,157.15,Loyal,0
308993,2026-06-30,2025-06-28,18,67271.44,South,Web,12,9.0,2,114.31,1,1,3.56,At Risk,1
306181,2026-06-30,2025-05-22,36,38629.07,Budapest,Web,13,12.0,1,43.29,0,0,206.86,Active,0
308961,2026-06-30,2025-07-23,30,31769.39,Budapest,Mobile,11,6.0,0,0.0,0,0,101.46,Active,0
302413,2026-06-30,2024-05-24,40,58415.29,South,Store,25,7.0,5,196.64,0,0,215.54,Active,0
302956,2026-06-30,2024-06-13,51,65802.99,East,Web,25,5.0,1,10.69,0,0,150.99,Loyal,0
304440,2026-06-30,2025-11-11,46,28761.6,East,Mobile,8,5.0,1,4.94,0,0,221.91,Loyal,0
308256,2026-06-30,2025-06-15,39,50553.42,West,Web,12,8.0,3,260.3,0,0,144.04,Active,0
307213,2026-06-30,2025-12-26,47,26681.71,South,Mobile,6,5.0,2,167.98,1,0,0.0,At Risk,1
306537,2026-06-30,2025-06-21,37,18271.16,West,Web,12,7.0,0,0.0,0,0,161.36,Active,0
302922,2026-06-30,2025-09-22,47,29917.18,West,Store,9,8.0,3,285.18,0,0,178.85,Active,0
302493,2026-06-30,2024-06-02,47,30918.31,East,Web,25,9.0,2,159.2,0,0,312.7,Active,0
306408,2026-06-30,2025-07-06,40,33629.98,Budapest,Web,12,7.0,0,0.0,0,0,180.61,Active,0
303974,2026-06-30,2025-10-12,40,24620.48,Budapest,Mobile,9,4.0,2,173.22,0,0,208.12,Active,0
300071,2026-06-30,2024-07-31,31,70587.2,West,Web,23,6.0,2,91.84,0,0,215.58,Loyal,0
300545,2026-06-30,2024-04-30,31,33533.06,South,Mobile,26,9.0,2,143.85,0,0,145.83,Active,0
303299,2026-06-30,2024-04-14,32,50315.53,Budapest,Web,27,9.0,2,170.74,1,0,205.76,Loyal,0
300836,2026-06-30,2025-07-03,40,27545.28,Budapest,Mobile,12,7.0,1,68.42,1,1,0.0,At Risk,1
306061,2026-06-30,2024-05-08,54,27011.45,Budapest,Web,26,12.0,0,38.44,0,0,210.94,Active,0
301938,2026-06-30,2024-01-28,34,94724.91,Budapest,Mobile,29,5.0,1,42.84,0,0,227.58,Active,0
304303,2026-06-30,2025-05-09,40,94037.54,Budapest,Mobile,14,6.0,1,91.69,0,0,172.87,Active,0
303711,2026-06-30,2024-04-16,43,35596.72,East,Store,26,8.0,2,101.15,0,0,139.45,Active,0
308798,2026-06-30,2024-10-12,34,90639.79,North,Web,21,8.0,4,305.35,0,0,262.83,Active,0
300368,2026-06-30,2024-02-27,41,33319.35,West,Mobile,28,5.0,2,106.57,0,0,241.28,Active,0
308369,2026-06-30,2025-01-12,18,44771.87,West,Web,18,7.0,4,117.58,0,0,218.92,Loyal,0
308371,2026-06-30,2025-09-01,27,112111.54,West,Web,10,6.0,1,92.76,0,0,193.38,Loyal,0
305059,2026-06-30,2024-11-12,44,60501.1,East,Mobile,20,4.0,1,35.89,0,0,112.73,Active,0
303963,2026-06-30,2025-06-28,47,21830.78,North,Mobile,12,7.0,2,161.08,1,1,66.01,At Risk,1
300878,2026-06-30,2025-10-14,39,87126.4,East,Web,9,15.0,1,106.37,0,0,202.03,Active,0
307858,2026-06-30,2025-05-26,36,33757.69,North,Web,13,11.0,0,0.0,0,1,176.66,Loyal,0
300197,2026-06-30,2025-05-08,42,109239.18,Budapest,Mobile,14,9.0,0,12.86,0,0,198.53,Active,0
308857,2026-06-30,2025-11-13,45,70151.72,South,Web,8,4.0,1,25.35,0,0,244.36,Active,0
308752,2026-06-30,2024-08-20,33,27374.15,South,Mobile,22,9.0,1,100.52,0,0,170.93,Loyal,0
303945,2026-06-30,2025-09-03,49,58330.73,West,Mobile,10,7.0,2,131.4,0,0,194.35,Loyal,0
308792,2026-06-30,2025-05-05,23,18242.18,West,Mobile,14,10.0,2,93.04,1,1,44.1,At Risk,1
304978,2026-06-30,2024-07-14,36,35536.52,Budapest,Web,24,12.0,1,45.19,0,0,156.41,Active,0
304412,2026-06-30,2025-06-16,53,35761.13,South,Web,12,6.0,0,44.06,0,0,274.55,Loyal,0
307717,2026-06-30,2024-06-29,19,51412.7,North,Store,24,8.0,1,102.6,0,0,133.14,Active,0
301545,2026-06-30,2024-07-20,61,23116.18,West,Store,23,17.0,0,30.32,0,0,200.14,Active,0
304025,2026-06-30,2025-01-23,44,23284.0,South,Web,17,6.0,3,71.68,0,0,229.94,Active,0
307196,2026-06-30,2024-10-09,48,78382.78,West,Web,21,7.0,2,138.78,0,0,222.39,Active,0
307492,2026-06-30,2024-08-02,35,51514.2,North,Web,23,7.0,1,32.07,0,0,159.02,Active,0
308514,2026-06-30,2024-08-10,35,45671.67,East,Web,23,7.0,0,34.02,0,0,204.54,Loyal,0
308682,2026-06-30,2025-08-03,36,28058.16,North,Store,11,6.0,2,116.58,1,1,49.29,At Risk,1
303862,2026-06-30,2025-05-13,28,16819.16,East,Web,14,7.0,4,266.12,0,0,247.38,Active,0
305489,2026-06-30,2025-06-19,26,60941.9,Budapest,Mobile,12,7.0,1,15.63,0,0,277.49,Active,0
301433,2026-06-30,2025-01-09,57,82794.57,East,Web,18,2.0,1,65.33,0,0,133.42,Active,0
303722,2026-06-30,2025-06-24,43,29374.67,Budapest,Web,12,3.0,0,15.6,0,0,215.74,Loyal,0
304488,2026-06-30,2025-12-10,43,56619.05,South,Web,7,12.0,1,54.52,0,0,171.62,Active,0
304422,2026-06-30,2024-05-15,45,50332.72,West,Mobile,25,12.0,0,0.87,0,0,255.89,Active,0
308731,2026-06-30,2024-03-27,48,34878.84,Budapest,Mobile,27,8.0,3,170.18,0,0,78.83,Active,0
307009,2026-06-30,2025-04-12,72,66630.33,Budapest,Web,15,5.0,2,161.69,0,0,164.19,Active,0
308704,2026-06-30,2024-04-01,40,21657.86,North,Web,27,5.0,2,130.47,0,0,228.76,Loyal,0
307002,2026-06-30,2025-04-03,44,43663.65,West,Web,15,9.0,3,150.22,0,0,187.43,Active,0
303828,2026-06-30,2024-08-31,40,43419.51,Budapest,Web,22,10.0,0,0.0,0,0,185.0,Loyal,0
306161,2026-06-30,2025-11-13,56,48751.42,West,Mobile,8,3.0,1,67.99,0,0,254.38,Loyal,0
302532,2026-06-30,2024-09-09,31,39369.61,Budapest,Mobile,22,13.0,4,349.76,0,0,136.05,Active,0
304437,2026-06-30,2025-08-04,39,33090.71,South,Store,11,12.0,3,168.15,0,0,146.69,Active,0
306841,2026-06-30,2024-02-25,18,21007.11,North,Mobile,28,17.0,1,11.76,0,0,171.96,Active,0
303405,2026-06-30,2025-09-18,35,46093.68,East,Web,9,7.0,1,44.73,0,0,288.44,Active,0
304231,2026-06-30,2024-12-09,34,34182.5,South,Web,19,7.0,0,0.0,0,0,231.27,Active,0
300219,2026-06-30,2025-12-18,43,19361.06,South,Mobile,6,3.0,1,93.07,0,0,243.08,Active,0
303795,2026-06-30,2025-09-07,56,69108.34,West,Web,10,5.0,0,0.0,0,0,279.1,Active,0
306693,2026-06-30,2024-02-16,18,15815.79,South,Web,28,6.0,0,0.0,0,0,223.26,Active,0
303261,2026-06-30,2025-02-04,49,42943.42,West,Store,17,6.0,1,35.12,1,1,0.0,At Risk,1
304716,2026-06-30,2024-03-09,29,17468.81,East,Mobile,28,14.0,1,109.09,0,0,187.99,Active,0
301245,2026-06-30,2025-09-29,44,62839.22,East,Web,9,8.0,1,56.12,0,0,206.18,Active,0
304148,2026-06-30,2024-12-24,32,28038.05,West,Store,18,12.0,4,255.69,0,0,232.22,Loyal,0
302949,2026-06-30,2025-02-08,18,31966.66,West,Mobile,17,5.0,0,47.86,0,0,265.63,Active,0
304318,2026-06-30,2025-03-09,34,18728.4,West,Mobile,16,7.0,0,0.0,0,0,259.73,Active,0
306143,2026-06-30,2025-09-11,53,35875.85,North,Store,10,4.0,3,155.81,0,0,264.74,Loyal,0
301644,2026-06-30,2024-06-19,36,38736.52,Budapest,Mobile,24,12.0,1,54.22,0,0,173.84,Active,0
307661,2026-06-30,2025-05-24,37,35500.02,Budapest,Mobile,13,7.0,1,81.83,0,0,167.98,Loyal,0
307244,2026-06-30,2024-08-22,35,36029.33,Budapest,Store,22,7.0,0,0.0,0,0,182.74,Active,0
300577,2026-06-30,2025-10-12,55,61644.03,Budapest,Web,9,8.0,1,122.64,0,0,138.16,Loyal,0
303183,2026-06-30,2025-12-21,44,31050.84,South,Web,6,9.0,0,0.0,1,0,217.01,Loyal,0
307199,2026-06-30,2024-12-25,40,46488.04,South,Mobile,18,8.0,0,0.0,1,0,40.16,At Risk,1
301776,2026-06-30,2024-05-13,33,15000.0,West,Web,26,8.0,1,54.31,0,0,207.03,Active,0
301167,2026-06-30,2024-12-17,27,20667.6,South,Mobile,18,5.0,0,0.0,0,0,210.88,Active,0
302936,2026-06-30,2025-10-12,24,,West,Mobile,9,7.0,1,68.95,0,0,178.11,Loyal,0
303128,2026-06-30,2024-03-20,34,17426.41,East,Web,27,3.0,0,20.91,0,0,169.13,Active,0
300416,2026-06-30,2025-04-11,38,69634.25,Budapest,Store,15,10.0,1,124.7,0,1,250.59,Active,0
306516,2026-06-30,2025-12-01,36,20554.18,East,Mobile,7,5.0,0,19.24,0,1,0.0,At Risk,1
308330,2026-06-30,2025-08-19,20,54282.64,West,Web,10,8.0,4,381.88,0,0,230.84,Active,0
303036,2026-06-30,2024-06-30,47,20449.2,North,Store,24,4.0,2,236.17,0,0,183.18,Active,0
303946,2026-06-30,2025-02-01,18,29238.12,North,Store,17,6.0,3,170.77,0,0,137.26,Active,0
300760,2026-06-30,2025-05-20,57,69802.56,North,Web,13,11.0,1,55.28,0,0,177.18,Active,0
301386,2026-06-30,2024-12-24,31,69463.79,East,Mobile,18,11.0,4,304.92,0,0,267.4,Active,0
305322,2026-06-30,2024-08-03,43,53325.91,Budapest,Web,23,9.0,3,302.47,0,0,130.17,Active,0
301202,2026-06-30,2024-05-05,47,19433.33,North,Mobile,26,7.0,4,235.51,0,0,188.3,Active,0
302216,2026-06-30,2025-04-09,61,34797.02,South,Web,15,7.0,0,0.0,1,1,64.52,At Risk,1
302099,2026-06-30,2025-08-26,39,,Budapest,Mobile,10,6.0,3,298.67,0,0,144.99,Active,0
302992,2026-06-30,2024-08-01,44,41428.28,North,Store,23,13.0,1,64.47,0,0,260.12,Active,0
307101,2026-06-30,2024-12-09,18,17257.34,Budapest,Mobile,19,3.0,2,154.57,0,0,73.29,Loyal,0
308892,2026-06-30,2025-08-26,29,21628.37,West,Web,10,9.0,1,32.93,0,0,343.52,Loyal,0
306136,2026-06-30,2024-06-30,30,24632.38,West,Web,24,5.0,2,122.21,0,0,259.49,Active,0
304681,2026-06-30,2024-06-27,24,27028.78,North,Store,24,7.0,0,20.82,0,0,237.49,Active,0
307294,2026-06-30,2025-08-02,43,21213.85,Budapest,Mobile,11,6.0,0,14.84,0,0,204.76,Active,0
303400,2026-06-30,2024-02-06,47,15363.33,West,Store,29,7.0,4,197.21,0,0,183.16,Loyal,0
303376,2026-06-30,2025-08-23,60,84201.85,Budapest,Mobile,10,8.0,0,0.0,0,0,155.3,Active,0
300783,2026-06-30,2025-04-08,38,30980.04,North,Mobile,15,18.0,2,85.15,0,0,169.15,Active,0
301993,2026-06-30,2024-08-14,50,71188.9,Budapest,Mobile,23,8.0,0,5.15,0,0,203.24,Active,0
300329,2026-06-30,2025-06-13,30,21688.84,Budapest,Store,13,13.0,2,200.55,0,0,161.53,Loyal,0
306142,2026-06-30,2024-05-11,28,49102.93,West,Web,26,6.0,3,218.17,0,0,308.12,Active,0
308846,2026-06-30,2024-06-29,55,83005.81,South,Mobile,24,7.0,1,143.74,0,0,217.73,Loyal,0
303151,2026-06-30,2025-02-19,26,36820.11,Budapest,Web,16,12.0,1,33.59,0,0,182.2,Active,0
308594,2026-06-30,2025-10-24,48,26841.09,Budapest,Web,8,6.0,0,0.0,0,0,207.68,Loyal,0
304706,2026-06-30,2025-11-02,44,26858.22,Budapest,Web,8,8.0,1,85.65,0,0,162.43,Active,0
305389,2026-06-30,2024-05-01,39,35246.31,Budapest,Mobile,26,8.0,3,182.68,0,0,183.47,Active,0
301112,2026-06-30,2024-11-20,44,34132.39,Budapest,Store,19,8.0,1,103.01,0,0,168.22,Loyal,0
302224,2026-06-30,2024-01-20,58,37312.18,Budapest,Web,29,12.0,2,106.96,0,0,135.83,Loyal,0
307056,2026-06-30,2025-04-06,44,32975.49,East,Mobile,15,8.0,2,137.3,0,0,155.59,Active,0
304057,2026-06-30,2024-01-28,36,97230.34,North,Store,29,9.0,1,0.0,0,0,269.43,Loyal,0
302499,2026-06-30,2025-01-26,49,41538.51,Budapest,Mobile,17,6.0,1,6.34,0,0,217.62,Active,0
301282,2026-06-30,2024-04-27,31,30138.74,West,Web,26,9.0,1,4.67,0,0,169.82,Active,0
300972,2026-06-30,2024-09-27,38,43125.4,West,Web,21,13.0,0,0.0,0,0,225.6,Loyal,0
302485,2026-06-30,2025-09-22,54,53889.23,South,Web,9,9.0,1,80.71,0,0,140.27,Active,0
304534,2026-06-30,2024-08-22,28,15643.45,South,Store,22,10.0,2,126.26,0,0,241.0,Active,0
308169,2026-06-30,2024-06-29,29,40149.75,Budapest,Mobile,24,10.0,1,7.19,0,0,202.85,Loyal,0
307728,2026-06-30,2024-07-09,26,29457.77,West,Web,24,8.0,0,0.0,0,0,212.55,Active,0
303950,2026-06-30,2025-10-18,48,27726.7,East,Web,8,12.0,1,65.77,0,0,248.14,Active,0
306774,2026-06-30,2025-04-18,51,23328.25,North,Store,14,3.0,2,109.46,0,0,182.52,Active,0
300971,2026-06-30,2025-03-21,47,15000.0,East,Web,15,10.0,4,207.12,0,0,172.88,Active,0
305226,2026-06-30,2024-07-04,44,28386.88,Budapest,Web,24,5.0,2,212.95,0,0,133.86,Active,0
303743,2026-06-30,2025-02-21,36,41201.4,North,Web,16,7.0,0,66.33,0,0,206.76,Loyal,0
301279,2026-06-30,2025-08-04,52,,Budapest,Mobile,11,6.0,0,16.29,0,0,230.7,Active,0
307543,2026-06-30,2024-12-20,34,44456.87,Budapest,Web,18,6.0,0,0.0,0,0,135.17,Active,0
306259,2026-06-30,2025-09-12,38,26741.73,North,Web,10,8.0,1,128.42,0,0,213.37,Loyal,0
302888,2026-06-30,2024-06-22,18,44276.28,North,Mobile,24,9.0,0,42.02,0,0,182.32,Active,0
304589,2026-06-30,2025-10-14,34,61814.71,West,Store,9,7.0,2,69.9,0,0,188.23,Loyal,0
302150,2026-06-30,2024-04-18,39,64388.6,East,Web,26,14.0,0,38.18,0,0,131.23,Active,0
301283,2026-06-30,2025-11-20,48,55694.88,East,Store,7,5.0,0,6.07,0,0,198.83,Active,0
305329,2026-06-30,2025-12-09,39,22945.16,West,Web,7,8.0,1,99.2,1,0,174.57,Active,0
308773,2026-06-30,2024-08-10,23,30863.19,North,Store,23,12.0,2,133.37,0,0,182.7,Active,0
306189,2026-06-30,2024-04-01,60,26465.04,North,Mobile,27,8.0,2,124.22,0,0,158.3,Active,0
304324,2026-06-30,2024-06-11,36,25073.06,Budapest,Store,25,7.0,1,99.63,0,0,157.23,Loyal,0
301438,2026-06-30,2024-03-20,51,20099.16,North,Web,27,8.0,4,376.66,0,0,208.22,Active,0
302466,2026-06-30,2025-06-25,31,46248.63,East,Web,12,8.0,1,44.94,0,0,150.29,Active,0
308748,2026-06-30,2025-03-02,25,28856.59,South,Mobile,16,11.0,1,58.97,0,0,210.67,Active,0
300112,2026-06-30,2024-05-27,43,46942.24,Budapest,Web,25,9.0,1,109.37,0,0,215.69,Active,0
302674,2026-06-30,2025-12-05,56,66699.29,North,Web,7,13.0,1,80.1,0,0,264.31,Active,0
303258,2026-06-30,2025-01-25,39,30231.68,South,Store,17,7.0,0,0.0,0,0,94.63,Loyal,0
305050,2026-06-30,2025-03-03,24,65287.78,Budapest,Mobile,16,12.0,4,227.77,0,0,200.37,Loyal,0
301845,2026-06-30,2025-03-21,42,26107.37,Budapest,Mobile,15,7.0,1,93.79,0,0,244.59,Active,0
308669,2026-06-30,2024-10-01,40,15000.0,South,Web,21,4.0,0,0.0,0,0,173.16,Active,0
304886,2026-06-30,2025-05-14,32,21362.23,East,Web,14,4.0,4,142.46,0,0,257.86,Active,0
308212,2026-06-30,2024-08-25,44,35660.28,Budapest,Store,22,7.0,0,0.0,0,0,195.08,Active,0
308058,2026-06-30,2025-05-21,39,,North,Mobile,13,9.0,1,78.58,0,0,233.15,Loyal,0
307330,2026-06-30,2025-04-29,43,64999.98,East,Mobile,14,7.0,1,68.26,0,0,225.37,Active,0
303173,2026-06-30,2024-03-10,25,48527.8,Budapest,Web,28,5.0,1,82.04,0,0,160.86,Loyal,0
307065,2026-06-30,2024-02-10,48,15000.0,Budapest,Store,29,12.0,4,268.48,0,0,189.6,Loyal,0
302273,2026-06-30,2024-04-20,39,29016.87,South,Mobile,26,8.0,1,66.86,0,0,162.94,Active,0
303910,2026-06-30,2025-10-25,45,29281.11,South,Mobile,8,6.0,1,31.02,0,0,106.4,Active,0
301299,2026-06-30,2024-03-22,50,56933.48,West,Web,27,12.0,3,197.78,0,1,226.29,Loyal,0
306147,2026-06-30,2025-09-19,37,65830.71,North,Mobile,9,7.0,4,270.34,1,0,246.67,Loyal,0
300741,2026-06-30,2024-12-03,50,50131.16,West,Web,19,6.0,3,259.73,0,0,251.36,Active,0
303911,2026-06-30,2025-09-24,30,22272.75,South,Mobile,9,6.0,0,0.0,0,0,137.55,Loyal,0
308010,2026-06-30,2024-08-23,24,15000.0,West,Web,22,8.0,3,136.62,1,0,243.25,Active,0
303072,2026-06-30,2024-06-04,43,79787.55,West,Mobile,25,9.0,3,184.74,0,0,308.64,Active,0
307878,2026-06-30,2025-04-29,48,28822.33,South,Web,14,9.0,4,184.18,0,0,189.15,Active,0
308267,2026-06-30,2024-02-28,41,22821.3,East,Web,28,7.0,1,83.52,0,0,273.2,Loyal,0
303949,2026-06-30,2025-06-25,43,29915.18,South,Mobile,12,13.0,2,112.91,1,0,358.19,Active,0
304095,2026-06-30,2025-05-17,38,48395.78,Budapest,Mobile,13,6.0,0,0.0,0,0,228.7,Loyal,0
305405,2026-06-30,2025-12-16,34,57787.38,Budapest,Mobile,6,3.0,2,173.79,0,0,141.29,Active,0
302907,2026-06-30,2025-04-25,45,47691.58,East,Web,14,7.0,1,77.37,0,0,205.12,Active,0
307601,2026-06-30,2025-08-04,24,19492.19,South,Store,11,7.0,2,131.46,0,0,184.56,Active,0
308379,2026-06-30,2025-09-05,39,46812.67,Budapest,Mobile,10,3.0,1,19.43,1,0,155.76,Active,0
303480,2026-06-30,2024-01-07,42,87849.09,Budapest,Mobile,30,5.0,1,113.72,0,0,233.27,Active,0
304454,2026-06-30,2024-07-19,40,16668.54,Budapest,Mobile,23,7.0,1,148.67,0,0,230.49,Loyal,0
306157,2026-06-30,2024-03-30,18,45083.95,West,Web,27,9.0,1,67.98,1,1,78.84,At Risk,1
302841,2026-06-30,2024-07-13,36,,South,Mobile,24,10.0,3,205.85,0,0,114.46,Active,0
300436,2026-06-30,2024-09-03,59,21951.61,West,Web,22,12.0,2,153.12,0,0,148.21,Active,0
301982,2026-06-30,2024-07-09,46,,Budapest,Mobile,24,7.0,2,124.16,0,0,156.24,Loyal,0
306115,2026-06-30,2025-06-18,58,21382.53,West,Mobile,12,8.0,3,165.52,0,0,131.76,Loyal,0
300309,2026-06-30,2025-09-18,41,47629.55,Budapest,Web,9,6.0,0,0.0,0,0,228.39,Active,0
308919,2026-06-30,2025-10-28,45,91253.42,Budapest,Web,8,6.0,0,0.0,0,0,206.79,Active,0
302919,2026-06-30,2024-03-05,21,19288.73,East,Web,28,9.0,1,41.63,0,0,160.24,Active,0
303464,2026-06-30,2024-10-01,35,17151.9,West,Web,21,7.0,1,107.25,0,0,199.46,Loyal,0
306247,2026-06-30,2025-02-27,51,81812.03,West,Web,16,6.0,1,59.68,1,0,219.97,Active,0
300088,2026-06-30,2024-02-07,50,84419.23,East,Web,29,4.0,1,105.85,0,0,229.98,Active,0
308834,2026-06-30,2024-04-26,45,30139.56,Budapest,Web,26,16.0,2,145.85,0,0,220.64,Active,0
306170,2026-06-30,2025-01-01,47,37011.24,West,Web,18,5.0,0,26.75,0,0,264.59,Active,0
300402,2026-06-30,2024-10-11,38,23880.03,East,Web,21,9.0,2,113.31,0,0,156.4,Active,0
307887,2026-06-30,2024-01-21,43,18805.04,East,Mobile,29,5.0,1,77.75,0,0,276.59,Loyal,0
301021,2026-06-30,2024-04-05,21,31913.76,Budapest,Store,27,8.0,2,156.68,0,0,224.37,Active,0
300882,2026-06-30,2024-10-19,32,28602.51,North,Web,20,6.0,0,0.0,0,0,155.77,Loyal,0
308958,2026-06-30,2025-09-09,42,55935.66,East,Web,10,9.0,1,44.62,0,0,186.15,Loyal,0
306638,2026-06-30,2025-08-24,43,32111.32,East,Web,10,3.0,3,140.02,1,0,15.52,At Risk,1
305842,2026-06-30,2024-01-18,37,32550.56,Budapest,Mobile,29,6.0,1,73.05,0,0,232.98,Active,0
306793,2026-06-30,2025-08-22,37,25844.9,East,Mobile,10,13.0,1,82.14,0,1,28.99,At Risk,1
305378,2026-06-30,2025-03-17,48,38740.14,East,Mobile,15,7.0,0,22.54,0,0,107.77,Active,0
305254,2026-06-30,2024-03-04,34,29900.7,East,Mobile,28,5.0,2,86.66,0,0,254.7,Active,0
307923,2026-06-30,2025-11-22,57,44511.6,Budapest,Store,7,10.0,1,37.26,1,0,167.54,Active,0
308699,2026-06-30,2025-11-16,26,69832.5,North,Web,7,5.0,0,7.56,1,0,136.34,Active,0
300258,2026-06-30,2025-08-30,58,37859.58,West,Store,10,12.0,2,193.02,0,0,111.72,Loyal,0
304557,2026-06-30,2024-02-15,39,65773.91,East,Mobile,28,10.0,0,26.88,0,0,182.7,Active,0
300289,2026-06-30,2025-10-29,45,33618.16,Budapest,Mobile,8,4.0,2,231.87,0,0,203.43,Active,0
307144,2026-06-30,2025-06-21,29,41519.9,North,Web,12,9.0,1,57.5,0,0,142.39,Loyal,0
306986,2026-06-30,2025-01-24,32,87828.76,East,Web,17,6.0,2,131.74,0,0,226.36,Active,0
305548,2026-06-30,2024-12-11,36,16688.56,Budapest,Mobile,19,9.0,0,34.26,0,0,186.81,Active,0
304869,2026-06-30,2025-09-10,45,90171.75,Budapest,Mobile,10,9.0,1,68.33,0,0,174.4,Active,0
300477,2026-06-30,2025-12-16,22,15000.0,Budapest,Mobile,6,10.0,2,123.61,0,0,137.34,Active,0
305765,2026-06-30,2024-05-23,56,31338.84,Budapest,Mobile,25,7.0,1,91.39,0,0,250.89,Loyal,0
308310,2026-06-30,2025-12-08,33,45810.1,East,Web,7,6.0,0,0.0,0,0,265.48,Loyal,0
304116,2026-06-30,2024-07-17,48,42911.08,East,Store,23,5.0,1,62.13,0,0,193.39,Active,0
304013,2026-06-30,2025-11-21,46,56075.46,Budapest,Mobile,7,5.0,4,292.83,0,0,159.35,Active,0
307328,2026-06-30,2025-12-12,46,93999.15,East,Web,7,11.0,0,0.0,0,0,198.6,Active,0
300738,2026-06-30,2024-04-16,36,50133.08,Budapest,Store,26,4.0,2,71.67,0,0,224.51,Loyal,0
303028,2026-06-30,2024-05-24,30,38500.02,East,Web,25,9.0,2,147.14,0,0,220.1,Active,0
303064,2026-06-30,2024-09-23,52,25048.48,South,Mobile,21,13.0,1,155.65,0,0,247.09,Active,0
307037,2026-06-30,2025-01-21,33,28304.22,South,Mobile,17,5.0,2,156.78,0,0,313.38,Active,0
301818,2026-06-30,2024-06-17,43,53470.89,Budapest,Web,24,15.0,2,130.33,0,0,234.85,Loyal,0
307697,2026-06-30,2024-10-30,33,54615.52,North,Web,20,8.0,3,155.82,0,0,154.97,Loyal,0
300544,2026-06-30,2025-12-19,35,27427.59,East,Web,6,7.0,1,34.62,0,0,229.27,Active,0
307257,2026-06-30,2025-03-07,29,20721.69,West,Web,16,10.0,3,205.87,0,0,305.37,Loyal,0
307773,2026-06-30,2024-09-30,29,32921.03,North,Mobile,21,9.0,1,49.19,0,0,214.98,Active,0
306373,2026-06-30,2025-05-07,34,22762.67,East,Web,14,5.0,0,0.0,0,0,173.52,Active,0
308248,2026-06-30,2025-10-27,46,23561.71,Budapest,Store,8,5.0,0,27.57,0,0,159.02,Loyal,0
306444,2026-06-30,2024-05-08,36,25794.97,South,Web,26,8.0,1,68.73,0,0,245.23,Loyal,0
305975,2026-06-30,2025-04-27,42,39463.32,West,Store,14,6.0,3,286.81,0,0,268.01,Active,0
304236,2026-06-30,2025-09-19,32,20631.88,East,Web,9,9.0,1,81.96,0,0,224.45,Active,0
301840,2026-06-30,2024-08-01,20,47681.68,East,Web,23,12.0,1,91.44,0,0,210.73,Active,0
301996,2026-06-30,2024-01-11,34,35312.71,East,Mobile,30,9.0,1,95.68,0,0,162.37,Loyal,0
305366,2026-06-30,2025-05-18,44,55416.73,West,Store,13,10.0,1,86.69,0,0,151.0,Active,0
304274,2026-06-30,2024-11-23,31,107181.49,North,Web,19,4.0,3,193.97,0,0,147.98,Loyal,0
304472,2026-06-30,2024-04-23,31,42868.84,South,Web,26,5.0,1,75.88,0,0,255.94,Active,0
307323,2026-06-30,2024-03-10,55,69346.91,West,Web,28,5.0,0,0.0,0,0,160.52,Loyal,0
303887,2026-06-30,2024-05-13,66,16139.96,Budapest,Mobile,26,6.0,1,68.67,0,0,161.85,Active,0
304630,2026-06-30,2024-07-21,37,65889.51,East,Web,23,8.0,0,0.0,0,0,232.93,Loyal,0
307388,2026-06-30,2025-03-11,36,63651.45,West,Web,16,5.0,0,0.0,1,1,253.01,Active,0
300801,2026-06-30,2024-08-27,44,52725.36,Budapest,Web,22,5.0,0,0.0,0,0,138.71,Active,0
302338,2026-06-30,2024-12-03,50,19084.0,East,Web,19,10.0,1,60.69,0,0,244.57,Active,0
306352,2026-06-30,2025-02-17,36,33543.49,South,Mobile,16,10.0,2,198.11,0,0,132.86,Loyal,0
301406,2026-06-30,2024-02-19,59,47281.46,North,Mobile,28,8.0,1,83.39,0,0,177.67,Active,0
300057,2026-06-30,2025-07-30,56,63414.46,East,Mobile,11,12.0,2,168.97,0,0,219.62,Active,0
303446,2026-06-30,2024-04-13,40,45104.78,East,Web,27,15.0,4,356.13,0,0,288.56,Active,0
300070,2026-06-30,2025-04-07,52,21009.63,Budapest,Store,15,4.0,0,3.51,0,0,251.74,Active,0
304694,2026-06-30,2024-06-26,37,83892.23,North,Web,24,3.0,2,204.77,0,0,183.84,Active,0
305638,2026-06-30,2024-12-20,43,37411.22,East,Store,18,6.0,2,171.14,0,0,271.33,Active,0
300712,2026-06-30,2025-08-13,34,58535.57,South,Store,11,13.0,4,211.75,0,0,164.06,Active,0
305816,2026-06-30,2024-02-13,40,38539.94,South,Mobile,29,9.0,2,117.67,0,0,289.65,Loyal,0
300266,2026-06-30,2024-05-24,36,37204.46,North,Store,25,11.0,2,115.09,0,0,163.53,Loyal,0
301587,2026-06-30,2024-03-24,52,59269.1,South,Mobile,27,12.0,4,374.89,0,0,165.72,Loyal,0
304234,2026-06-30,2025-10-22,63,27569.74,West,Store,8,6.0,0,25.93,0,0,239.37,Loyal,0
307392,2026-06-30,2024-03-24,55,28464.24,North,Web,27,6.0,2,133.83,0,0,196.79,Loyal,0
305144,2026-06-30,2024-09-29,43,43336.96,Budapest,Web,21,1.0,2,134.05,0,0,205.18,Active,0
301075,2026-06-30,2025-05-05,40,34023.16,East,Web,14,10.0,2,157.78,0,0,214.7,Loyal,0
308370,2026-06-30,2025-05-06,44,21000.48,West,Mobile,14,4.0,3,212.21,0,0,137.92,Active,0
301414,2026-06-30,2024-03-08,37,63936.45,Budapest,Web,28,8.0,0,37.73,0,0,243.85,Active,0
305194,2026-06-30,2024-10-06,58,39783.96,Budapest,Web,21,11.0,1,87.39,0,0,225.37,Active,0
303519,2026-06-30,2024-03-23,42,29737.21,Budapest,Store,27,12.0,1,51.29,0,0,156.41,Loyal,0
308931,2026-06-30,2025-07-16,32,21403.45,Budapest,Web,11,7.0,1,76.2,1,0,183.47,Loyal,0
308234,2026-06-30,2025-07-08,72,67770.94,Budapest,Web,12,10.0,3,248.55,0,0,182.32,Active,0
307230,2026-06-30,2024-05-11,38,44003.3,Budapest,Mobile,26,5.0,0,35.71,0,0,237.56,Active,0
305935,2026-06-30,2024-03-23,50,66424.54,West,Mobile,27,7.0,1,46.38,0,0,261.98,Active,0
307283,2026-06-30,2024-11-03,25,71082.76,West,Web,20,6.0,3,162.42,0,0,263.48,Loyal,0
302927,2026-06-30,2025-02-24,58,31530.5,Budapest,Web,16,9.0,0,7.31,0,0,285.79,Loyal,0
302111,2026-06-30,2025-05-08,59,66795.77,East,Mobile,14,9.0,2,227.7,0,0,257.33,Loyal,0
304848,2026-06-30,2025-04-23,36,18716.44,Budapest,Mobile,14,4.0,2,73.26,0,0,182.31,Active,0
302652,2026-06-30,2025-11-12,39,19443.28,East,Web,8,6.0,1,73.56,0,0,179.61,Loyal,0
308472,2026-06-30,2024-03-25,32,15279.88,West,Web,27,10.0,1,173.71,0,0,191.93,Active,0
303095,2026-06-30,2024-08-13,33,37820.35,East,Web,23,2.0,1,84.17,0,0,154.94,Loyal,0
306923,2026-06-30,2025-12-24,43,17483.23,Budapest,Web,6,15.0,2,123.09,1,0,189.82,Active,0
304594,2026-06-30,2024-01-22,44,26331.6,North,Web,29,8.0,3,43.0,0,0,182.46,Active,0
305876,2026-06-30,2024-12-05,48,53705.31,North,Store,19,5.0,0,0.0,0,0,197.6,Active,0
305311,2026-06-30,2025-09-20,40,66000.67,Budapest,Mobile,9,9.0,2,270.34,0,0,283.9,Active,0
303083,2026-06-30,2025-07-01,49,24293.93,Budapest,Mobile,12,11.0,2,190.5,0,0,189.56,Active,0
300679,2026-06-30,2025-12-25,45,27797.77,East,Web,6,15.0,2,159.14,0,0,149.33,Loyal,0
300478,2026-06-30,2024-05-29,18,20497.18,East,Mobile,25,8.0,2,59.74,0,0,154.2,Active,0
301330,2026-06-30,2025-03-11,31,59785.18,South,Store,16,1.0,1,104.97,0,0,132.58,Loyal,0
308762,2026-06-30,2024-07-27,48,102815.04,East,Mobile,23,9.0,3,178.36,0,0,144.31,Loyal,0
301778,2026-06-30,2025-07-20,40,61211.74,Budapest,Mobile,11,7.0,1,44.65,0,0,153.05,Active,0
303027,2026-06-30,2024-02-15,24,69091.01,West,Web,28,7.0,1,28.87,0,0,147.07,Loyal,0
300752,2026-06-30,2024-06-07,43,63705.79,Budapest,Mobile,25,10.0,2,136.51,0,0,173.46,Active,0
305857,2026-06-30,2024-11-21,56,36237.74,Budapest,Mobile,19,9.0,1,29.73,0,0,212.52,Active,0
308794,2026-06-30,2025-06-19,46,16469.12,Budapest,Store,12,9.0,0,0.0,0,0,286.51,Active,0
308574,2026-06-30,2025-07-25,54,29696.45,Budapest,Web,11,6.0,1,77.83,0,0,283.81,Active,0
305965,2026-06-30,2025-08-31,32,15000.0,West,Web,10,10.0,0,0.0,0,0,261.82,Active,0
305134,2026-06-30,2025-03-24,32,50329.47,Budapest,Web,15,6.0,0,29.66,0,0,168.8,Active,0
300469,2026-06-30,2024-01-05,48,23676.03,East,Store,30,7.0,0,0.0,0,0,171.76,Active,0
301546,2026-06-30,2024-12-16,40,42069.92,West,Web,18,7.0,1,131.4,0,0,320.67,Active,0
305174,2026-06-30,2024-06-12,40,46111.06,North,Store,25,6.0,0,0.0,0,0,221.46,Active,0
305894,2026-06-30,2024-05-30,45,38858.88,North,Web,25,7.0,1,73.84,0,0,201.17,Loyal,0
301026,2026-06-30,2024-07-09,52,48219.53,Budapest,Mobile,24,5.0,1,24.9,0,0,179.25,Loyal,0
304190,2026-06-30,2024-02-18,60,52390.18,South,Web,28,2.0,0,19.43,0,0,256.79,Active,0
307770,2026-06-30,2024-03-21,46,87929.01,West,Mobile,27,,4,220.9,0,0,189.05,Active,0
300774,2026-06-30,2025-02-14,45,37256.72,North,Web,16,8.0,1,74.02,0,0,195.62,Loyal,0
303687,2026-06-30,2024-01-11,40,33137.74,Budapest,Mobile,30,7.0,2,162.55,0,0,332.39,Loyal,0
305818,2026-06-30,2024-05-02,39,35758.07,Budapest,Web,26,8.0,1,110.01,0,0,237.97,Loyal,0
305609,2026-06-30,2024-02-01,44,26608.64,Budapest,Store,29,9.0,5,340.43,0,0,202.9,Active,0
300642,2026-06-30,2024-03-18,44,15000.0,North,Store,27,11.0,0,0.0,0,0,173.14,Active,0
302923,2026-06-30,2024-08-10,49,43168.24,West,Web,23,9.0,2,187.87,0,0,277.38,Loyal,0
307311,2026-06-30,2025-03-01,34,49190.67,West,Store,16,8.0,1,0.0,0,0,182.01,Loyal,0
301109,2026-06-30,2024-11-11,25,58591.02,Budapest,Store,20,7.0,3,148.96,0,0,248.52,Active,0
302355,2026-06-30,2025-11-23,30,23468.04,West,Web,7,3.0,1,112.91,0,0,169.11,Loyal,0
301421,2026-06-30,2025-10-25,22,41510.61,East,Store,8,10.0,0,0.0,0,0,268.99,Active,0
306030,2026-06-30,2025-09-11,29,37473.1,West,Store,10,7.0,2,182.14,0,0,196.37,Active,0
307760,2026-06-30,2025-08-25,33,15000.0,East,Store,10,12.0,1,132.6,1,0,160.26,Loyal,0
308845,2026-06-30,2025-05-20,38,23905.42,Budapest,Web,13,6.0,0,40.25,0,0,168.3,Active,0
307991,2026-06-30,2025-11-26,39,37863.24,North,Store,7,4.0,1,80.39,0,0,248.83,Active,0
301681,2026-06-30,2025-12-05,50,25691.85,North,Store,7,7.0,0,5.44,0,0,189.71,Loyal,0
308998,2026-06-30,2024-05-27,57,15000.0,North,Web,25,3.0,1,112.88,0,0,217.09,Active,0
300634,2026-06-30,2024-10-31,48,29000.2,West,Mobile,20,7.0,0,51.43,0,0,225.73,Active,0
302255,2026-06-30,2025-09-15,39,73692.56,South,Mobile,9,8.0,0,0.0,0,0,91.32,Active,0
306686,2026-06-30,2025-07-24,38,40419.7,Budapest,Store,11,7.0,1,81.36,0,0,178.89,Active,0
307983,2026-06-30,2024-04-16,47,67799.22,South,Web,26,11.0,1,82.78,0,0,138.69,Active,0
307557,2026-06-30,2025-11-18,41,23976.91,East,Mobile,7,7.0,3,179.47,0,0,214.44,Active,0
305120,2026-06-30,2024-08-31,36,39044.75,East,Mobile,22,8.0,4,250.17,1,0,242.7,Loyal,0
307320,2026-06-30,2025-08-01,34,34785.41,West,Store,11,7.0,3,88.34,0,0,200.17,Active,0
306144,2026-06-30,2024-03-15,44,34723.49,East,Web,27,6.0,1,56.65,0,0,241.79,Active,0
302349,2026-06-30,2024-02-24,31,59316.71,East,Store,28,5.0,0,0.0,0,1,190.46,Loyal,0
305560,2026-06-30,2024-01-18,48,26023.09,West,Mobile,29,6.0,1,126.88,0,0,138.25,Loyal,0
302211,2026-06-30,2025-10-01,34,29971.85,East,Mobile,9,13.0,0,0.0,0,0,219.36,Loyal,0
301173,2026-06-30,2024-09-06,37,60998.11,North,Web,22,8.0,1,113.95,1,0,178.25,Loyal,0
306265,2026-06-30,2025-02-02,42,45111.07,Budapest,Mobile,17,11.0,1,0.0,0,0,241.57,Active,0
303115,2026-06-30,2024-09-04,50,15984.11,Budapest,Web,22,11.0,1,81.46,1,1,75.53,At Risk,1
307211,2026-06-30,2024-05-31,38,49056.83,Budapest,Web,25,5.0,4,249.13,0,0,293.94,Active,0
303131,2026-06-30,2024-07-14,48,21273.25,East,Web,24,10.0,1,86.4,0,0,224.91,Active,0
308249,2026-06-30,2025-09-14,33,101277.36,Budapest,Mobile,9,8.0,1,33.19,0,0,268.92,Active,0
306179,2026-06-30,2024-05-01,41,32554.81,Budapest,Store,26,10.0,1,91.64,0,0,162.58,Active,0
306871,2026-06-30,2024-10-31,46,15000.0,Budapest,Web,20,7.0,2,77.47,0,0,163.45,Active,0
306398,2026-06-30,2025-03-03,35,43396.76,East,Mobile,16,7.0,2,122.04,0,0,252.19,Active,0
303425,2026-06-30,2025-03-11,52,109083.67,East,Mobile,16,12.0,3,165.69,0,0,260.93,Loyal,0
305825,2026-06-30,2024-09-24,33,33838.42,South,Web,21,11.0,2,77.16,0,0,272.34,Active,0
306483,2026-06-30,2025-11-15,68,42260.98,Budapest,Mobile,7,12.0,2,115.98,0,0,110.41,Active,0
303782,2026-06-30,2025-09-02,42,27818.3,East,Web,10,6.0,0,0.0,0,0,280.29,Active,0
300816,2026-06-30,2024-09-10,41,15578.76,West,Web,22,11.0,1,86.48,0,0,207.2,Active,0
308656,2026-06-30,2025-12-14,40,54453.15,Budapest,Store,7,4.0,0,0.0,0,0,178.32,Loyal,0
305245,2026-06-30,2025-11-05,18,53070.22,Budapest,Mobile,8,8.0,0,1.35,0,0,221.93,Active,0
304268,2026-06-30,2024-08-16,31,18602.21,North,Web,22,7.0,2,210.02,0,0,205.62,Active,0
304722,2026-06-30,2025-04-26,41,22529.26,North,Web,14,6.0,1,17.88,0,0,211.88,Loyal,0
308894,2026-06-30,2025-01-01,39,55252.61,Budapest,Web,18,7.0,2,112.0,0,0,273.93,Active,0
304336,2026-06-30,2025-11-02,29,29736.61,South,Mobile,8,1.0,1,39.2,0,0,114.51,Active,0
300180,2026-06-30,2024-06-16,35,27020.03,South,Web,24,7.0,0,0.22,0,0,164.65,Loyal,0
308402,2026-06-30,2024-12-31,25,16974.44,West,Web,18,6.0,1,62.07,0,1,14.73,At Risk,1
303860,2026-06-30,2025-03-06,47,23860.56,Budapest,Web,16,9.0,1,73.59,0,0,297.22,Active,0
307615,2026-06-30,2024-02-24,34,72188.86,East,Web,28,8.0,0,17.05,0,0,238.67,Loyal,0
305912,2026-06-30,2024-10-31,44,33385.39,South,Store,20,6.0,2,193.61,0,0,307.33,Loyal,0
301158,2026-06-30,2024-04-17,22,38066.67,East,Mobile,26,10.0,2,13.99,1,1,0.0,At Risk,1
307804,2026-06-30,2024-10-04,60,126148.31,North,Mobile,21,12.0,4,294.08,0,0,222.19,Loyal,0
301533,2026-06-30,2024-06-09,46,56977.14,Budapest,Store,25,4.0,0,42.14,0,0,197.84,Active,0
308273,2026-06-30,2025-08-29,51,39560.87,East,Mobile,10,7.0,0,55.52,0,0,244.69,Active,0
301536,2026-06-30,2025-10-07,39,72450.33,West,Store,9,5.0,4,303.97,0,0,216.32,Active,0
306203,2026-06-30,2024-05-16,56,15000.0,West,Web,25,10.0,0,9.3,0,0,149.07,Loyal,0
302511,2026-06-30,2024-08-08,34,25313.06,Budapest,Web,23,5.0,0,0.0,0,0,254.05,Loyal,0
303318,2026-06-30,2025-06-04,35,28635.13,Budapest,Mobile,13,5.0,0,0.0,0,0,260.29,Loyal,0
306590,2026-06-30,2024-07-19,26,22081.97,North,Web,23,9.0,3,217.5,0,0,201.86,Active,0
308897,2026-06-30,2024-03-15,45,23497.8,South,Mobile,27,5.0,1,141.87,0,0,179.87,Active,0
302359,2026-06-30,2024-05-25,47,35701.71,Budapest,Web,25,15.0,2,205.44,0,0,250.66,Active,0
301481,2026-06-30,2025-09-17,44,29414.52,West,Web,9,11.0,2,79.94,0,0,183.91,Active,0
301075,2026-06-30,2025-05-05,40,34023.16,East,Web,14,10.0,2,156.13,0,0,214.7,Loyal,0
308889,2026-06-30,2024-08-03,22,58639.11,Budapest,Mobile,23,8.0,2,114.98,0,0,225.25,Active,0
303551,2026-06-30,2025-10-11,29,39917.12,East,Web,9,4.0,2,97.19,0,0,108.65,Active,0
307463,2026-06-30,2024-09-05,26,80250.44,West,Web,22,9.0,2,111.26,0,0,210.4,Loyal,0
301953,2026-06-30,2025-06-17,29,52139.51,Budapest,Store,12,8.0,3,139.34,0,0,256.1,Active,0
305606,2026-06-30,2024-06-04,38,152750.16,South,Web,25,7.0,1,56.51,0,0,190.81,Active,0
304399,2026-06-30,2024-09-10,64,24550.04,East,Store,22,9.0,1,46.08,0,0,254.07,Active,0
301164,2026-06-30,2025-09-10,38,72372.45,North,Web,10,5.0,2,172.61,0,0,213.6,Active,0
306796,2026-06-30,2024-09-23,33,50337.53,West,Mobile,21,7.0,1,34.09,1,1,9.17,At Risk,1
308747,2026-06-30,2025-12-27,50,22607.12,Budapest,Store,6,8.0,0,23.15,0,0,151.76,Active,0
302317,2026-06-30,2024-01-12,46,29624.06,West,Mobile,30,8.0,1,0.0,0,0,190.41,Loyal,0
303775,2026-06-30,2025-08-20,41,71345.97,Budapest,Web,10,4.0,1,87.22,0,0,254.95,Active,0
304292,2026-06-30,2025-11-14,35,31736.32,Budapest,Web,7,5.0,1,77.88,0,0,266.96,Active,0
303406,2026-06-30,2024-06-01,22,64473.76,East,Web,25,7.0,0,0.0,0,0,95.39,Active,0
301599,2026-06-30,2025-09-28,47,25747.19,East,Web,9,10.0,2,121.46,0,0,146.13,Loyal,0
305890,2026-06-30,2024-07-09,54,56929.52,North,Mobile,24,10.0,3,201.14,0,0,184.93,Active,0
300301,2026-06-30,2025-05-27,35,114827.49,Budapest,Web,13,8.0,1,68.37,0,0,203.32,Active,0
303020,2026-06-30,2025-10-07,24,22979.68,West,Mobile,9,7.0,0,0.0,0,0,158.64,Loyal,0
307964,2026-06-30,2025-05-26,46,61417.59,Budapest,Mobile,13,12.0,4,277.89,0,0,245.27,Active,0
302151,2026-06-30,2024-03-27,25,54145.4,Budapest,Web,27,12.0,2,119.35,0,0,206.44,Active,0
308431,2026-06-30,2025-01-23,41,84277.49,East,Mobile,17,10.0,2,116.79,0,0,99.18,Active,0
305232,2026-06-30,2025-06-04,24,29916.0,East,Web,13,11.0,5,286.77,0,0,195.29,Active,0
301360,2026-06-30,2024-04-13,33,28237.52,South,Mobile,27,7.0,0,0.0,0,0,282.94,Loyal,0
304465,2026-06-30,2025-07-25,34,39760.34,North,Web,11,7.0,0,0.0,0,0,107.06,Active,0
302642,2026-06-30,2025-05-17,58,15000.0,West,Web,13,10.0,1,60.73,0,0,166.78,Active,0
304664,2026-06-30,2024-12-09,45,87208.64,East,Web,19,8.0,2,119.21,0,0,131.44,Active,0
300487,2026-06-30,2025-01-24,50,29401.46,East,Web,17,8.0,0,0.0,0,0,267.15,Loyal,0
302544,2026-06-30,2025-06-02,44,75288.69,East,Web,13,5.0,0,4.06,0,0,215.7,Active,0
308763,2026-06-30,2024-08-23,64,51230.47,East,Mobile,22,8.0,1,17.78,0,0,189.36,Loyal,0
301153,2026-06-30,2025-01-30,38,29171.64,East,Web,17,7.0,3,55.68,0,0,175.3,Active,0
304415,2026-06-30,2025-11-04,46,15000.0,North,Web,8,5.0,1,44.62,0,0,117.81,Loyal,0
303906,2026-06-30,2024-06-04,48,97843.02,South,Web,25,5.0,3,107.83,0,0,125.55,Active,0
306443,2026-06-30,2025-09-01,26,34290.55,North,Store,10,2.0,0,0.0,1,1,59.57,At Risk,1
308819,2026-06-30,2025-12-19,38,20331.75,South,Web,6,13.0,3,287.43,0,0,198.1,Active,0
307045,2026-06-30,2024-04-13,37,15236.14,North,Web,27,8.0,1,0.0,0,0,165.73,Loyal,0
304829,2026-06-30,2024-01-04,58,46643.3,West,Store,30,9.0,1,103.65,0,0,189.93,Active,0
300666,2026-06-30,2024-07-12,41,86224.91,East,Store,24,8.0,1,51.47,0,0,203.13,Active,0
302305,2026-06-30,2024-04-22,28,41338.95,East,Mobile,26,6.0,2,92.65,0,0,229.56,Active,0
305973,2026-06-30,2025-10-02,34,34758.04,Budapest,Store,9,9.0,2,93.63,0,0,213.77,Active,0
300643,2026-06-30,2025-11-11,37,23520.34,Budapest,Mobile,8,6.0,0,12.95,0,0,93.72,Active,0
300177,2026-06-30,2025-11-02,55,44956.54,East,Mobile,8,7.0,1,103.6,0,0,229.29,Active,0
306542,2026-06-30,2024-03-21,32,62594.02,North,Web,27,5.0,2,52.37,0,0,226.68,Loyal,0
308192,2026-06-30,2025-01-26,64,58478.56,North,Mobile,17,8.0,3,232.15,0,0,192.74,Active,0
300787,2026-06-30,2025-05-12,41,56473.57,Budapest,Web,14,5.0,1,48.87,0,0,187.9,Active,0
305255,2026-06-30,2025-02-09,39,85059.59,Budapest,Mobile,17,15.0,0,0.0,0,0,130.16,Active,0
303786,2026-06-30,2024-02-10,52,66474.5,North,Web,29,5.0,1,53.32,0,0,75.42,Loyal,0
303033,2026-06-30,2025-08-23,33,56874.52,West,Mobile,10,6.0,2,156.63,0,0,195.77,Active,0
300092,2026-06-30,2024-02-13,22,31499.17,West,Web,29,10.0,0,89.46,0,0,169.59,Active,0
304721,2026-06-30,2024-05-02,35,28539.12,Budapest,Web,26,9.0,0,0.0,0,0,184.57,Loyal,0
305703,2026-06-30,2025-03-25,50,40277.73,North,Store,15,5.0,3,165.62,0,0,178.33,Active,0
307318,2026-06-30,2025-03-26,36,15000.0,South,Mobile,15,6.0,1,79.64,0,0,259.58,Loyal,0
301972,2026-06-30,2025-12-22,33,53218.21,West,Mobile,6,10.0,0,0.0,1,0,148.3,Active,0
300531,2026-06-30,2024-04-25,52,37885.49,West,Web,26,8.0,1,75.58,0,0,211.97,Loyal,0
300997,2026-06-30,2024-08-29,33,22214.93,Budapest,Web,22,5.0,4,257.83,0,0,262.48,Active,0
302914,2026-06-30,2024-12-24,42,31293.85,South,Web,18,10.0,0,14.88,0,0,133.42,Active,0
304078,2026-06-30,2024-08-06,43,27739.34,Budapest,Web,23,4.0,0,0.0,0,0,233.73,Active,0
306999,2026-06-30,2025-06-09,38,113515.68,Budapest,Store,13,9.0,1,85.48,0,0,236.03,Active,0
301428,2026-06-30,2025-10-07,43,28581.39,East,Web,9,6.0,0,0.0,0,0,295.08,Active,0
305295,2026-06-30,2025-12-15,42,71106.21,South,Web,6,9.0,0,73.31,0,0,199.01,Loyal,0
308887,2026-06-30,2024-07-23,30,42347.99,Budapest,Web,23,14.0,1,0.0,0,0,234.21,Active,0
302393,2026-06-30,2025-07-13,42,47044.18,Budapest,Store,12,6.0,1,58.05,0,0,157.12,Active,0
304833,2026-06-30,2024-06-15,57,41398.06,South,Web,24,10.0,1,11.74,0,0,239.66,Loyal,0
308406,2026-06-30,2025-09-15,20,26348.77,West,Web,9,10.0,1,30.08,0,0,116.23,Active,0
306922,2026-06-30,2025-11-29,62,116463.34,North,Web,7,10.0,1,89.37,0,0,246.46,Active,0
302834,2026-06-30,2025-11-11,30,27755.65,North,Web,8,6.0,3,173.43,1,0,65.58,Loyal,0
303881,2026-06-30,2024-07-22,40,23794.54,Budapest,Store,23,9.0,3,171.6,0,0,210.05,Loyal,0
305941,2026-06-30,2024-04-09,47,67806.62,Budapest,Mobile,27,7.0,0,0.0,0,0,174.68,Active,0
302969,2026-06-30,2025-01-09,39,29423.83,East,Web,18,12.0,1,132.02,0,0,224.08,Active,0
308807,2026-06-30,2024-05-10,40,41516.4,Budapest,Mobile,26,3.0,0,0.0,0,0,174.26,Active,0
302501,2026-06-30,2025-11-04,21,22539.33,West,Mobile,8,6.0,2,219.44,0,0,175.62,Active,0
303873,2026-06-30,2025-12-25,43,43783.28,Budapest,Mobile,6,4.0,0,0.0,0,0,188.42,Active,0
305698,2026-06-30,2025-07-05,39,15000.0,East,Mobile,12,11.0,2,90.93,0,0,276.22,Active,0
300695,2026-06-30,2025-11-10,37,24597.39,Budapest,Web,8,7.0,0,0.0,0,0,269.38,Active,0
308262,2026-06-30,2024-01-12,33,22586.01,South,Web,30,10.0,0,0.0,0,0,295.79,Active,0
301739,2026-06-30,2025-11-05,34,33935.21,Budapest,Mobile,8,7.0,0,20.06,0,0,208.39,Loyal,0
300168,2026-06-30,2024-02-18,38,40302.0,Budapest,Store,28,7.0,0,3.49,0,0,146.72,Active,0
304043,2026-06-30,2024-12-07,50,94303.68,West,Web,19,8.0,2,65.28,1,1,50.84,At Risk,1
307339,2026-06-30,2025-01-27,39,46789.04,South,Web,17,11.0,0,58.82,1,0,218.38,Active,0
307432,2026-06-30,2025-03-12,46,28785.24,East,Web,16,8.0,0,0.0,0,0,132.11,Active,0
304732,2026-06-30,2025-06-17,40,15000.0,West,Mobile,12,6.0,0,0.0,0,0,170.15,Loyal,0
307868,2026-06-30,2024-07-23,39,45699.6,South,Store,23,9.0,4,290.57,0,0,293.76,Loyal,0
306225,2026-06-30,2025-03-09,40,30718.01,North,Web,16,5.0,3,207.23,0,0,189.0,Active,0
302708,2026-06-30,2024-06-10,54,18679.03,East,Mobile,25,10.0,2,104.06,0,0,176.4,Active,0
304909,2026-06-30,2024-01-21,33,34806.74,West,Web,29,5.0,0,43.71,0,0,194.16,Active,0
305769,2026-06-30,2025-05-28,46,40582.78,East,Store,13,8.0,0,76.06,0,0,202.34,Active,0
306553,2026-06-30,2025-03-29,40,34733.14,West,Mobile,15,5.0,0,0.0,0,0,199.47,Active,0
306533,2026-06-30,2024-06-12,42,24546.54,North,Mobile,25,7.0,3,283.27,0,0,169.01,Active,0
306501,2026-06-30,2024-05-13,32,20824.62,North,Store,26,6.0,1,59.31,0,0,214.62,Active,0
302863,2026-06-30,2024-12-28,40,24204.2,South,Web,18,6.0,0,22.56,0,0,122.34,Active,0
305800,2026-06-30,2025-08-22,48,20618.81,West,Web,10,10.0,1,51.22,0,0,173.6,Active,0
304020,2026-06-30,2025-12-23,57,25207.82,South,Web,6,12.0,1,54.28,0,0,189.72,Loyal,0
300101,2026-06-30,2025-01-25,32,46272.82,Budapest,Mobile,17,7.0,1,85.55,0,0,163.79,Active,0
303323,2026-06-30,2024-05-05,51,45377.82,East,Web,26,6.0,2,259.15,0,1,168.68,Active,0
304801,2026-06-30,2024-10-07,24,46985.93,West,Mobile,21,8.0,1,49.13,0,0,251.94,Active,0
303685,2026-06-30,2025-07-13,44,23450.1,West,Web,12,7.0,2,179.83,1,0,230.85,Loyal,0
307763,2026-06-30,2024-06-02,66,65250.96,East,Web,25,11.0,2,196.89,0,0,257.68,Active,0
304973,2026-06-30,2025-01-26,36,93579.78,East,Web,17,5.0,0,3.77,0,0,154.0,Active,0
308387,2026-06-30,2024-07-22,53,30467.67,East,Web,23,7.0,1,78.76,0,0,207.4,Loyal,0
302408,2026-06-30,2025-12-30,58,28806.64,North,Store,6,7.0,2,215.35,0,0,197.92,Active,0
301466,2026-06-30,2025-05-24,36,20629.65,East,Web,13,8.0,2,194.74,0,0,152.8,Active,0
307579,2026-06-30,2024-02-19,34,30552.8,South,Store,28,10.0,2,58.52,0,0,242.32,Loyal,0
301745,2026-06-30,2024-09-20,58,36832.24,North,Mobile,21,8.0,0,0.0,0,0,211.66,Active,0
304688,2026-06-30,2025-09-07,22,,East,Mobile,10,9.0,1,36.03,0,0,172.97,Active,0
306121,2026-06-30,2024-03-18,54,32791.6,East,Web,27,12.0,1,81.16,0,0,183.57,Active,0
308876,2026-06-30,2025-03-31,51,26248.56,North,Web,15,10.0,2,192.4,0,0,168.22,Loyal,0
302252,2026-06-30,2024-04-09,42,55556.47,South,Web,27,7.0,0,9.91,0,0,170.99,Active,0
307965,2026-06-30,2025-10-06,49,28285.24,East,Web,9,4.0,0,0.0,0,0,274.42,Active,0
308386,2026-06-30,2024-10-14,39,48720.22,North,Store,20,9.0,1,66.82,0,0,228.93,Loyal,0
307206,2026-06-30,2025-09-21,29,40998.59,East,Web,9,2.0,0,0.0,0,0,228.47,Active,0
305631,2026-06-30,2025-08-18,64,38053.62,Budapest,Mobile,10,6.0,2,216.13,0,0,219.63,Active,0
304386,2026-06-30,2025-08-09,38,15000.0,East,Mobile,11,12.0,1,64.4,0,0,188.95,Active,0
308565,2026-06-30,2024-11-23,53,35685.69,Budapest,Mobile,19,7.0,1,57.29,0,0,215.45,Active,0
302122,2026-06-30,2024-09-06,41,41380.58,East,Mobile,22,7.0,0,0.91,0,0,135.41,Active,0
304271,2026-06-30,2025-03-25,32,45329.12,North,Store,15,11.0,3,187.63,0,0,87.72,Loyal,0
306937,2026-06-30,2024-06-10,39,52547.25,Budapest,Mobile,25,5.0,2,92.36,1,0,64.59,At Risk,1
307347,2026-06-30,2024-03-05,38,49521.15,South,Store,28,5.0,4,311.73,0,0,209.18,Active,0
303843,2026-06-30,2024-04-23,31,29626.12,South,Mobile,26,10.0,6,461.28,0,0,273.38,Active,0
306735,2026-06-30,2024-12-25,57,21564.85,Budapest,Mobile,18,12.0,3,240.05,0,0,218.34,Loyal,0
306340,2026-06-30,2024-04-29,39,21672.02,South,Web,26,11.0,2,139.23,0,0,123.17,Active,0
301204,2026-06-30,2025-09-11,45,78556.04,North,Mobile,10,7.0,2,231.71,0,0,281.25,Active,0
303746,2026-06-30,2024-07-04,63,31715.12,South,Mobile,24,9.0,6,739.34,0,0,107.91,Active,0
301927,2026-06-30,2025-12-30,44,40139.57,South,Store,6,7.0,0,0.0,0,0,308.54,Active,0
306028,2026-06-30,2025-01-22,30,26924.84,Budapest,Store,17,9.0,3,103.26,0,0,237.96,Active,0
306400,2026-06-30,2025-07-11,33,22202.33,South,Web,12,7.0,0,46.51,0,0,149.14,Loyal,0
302390,2026-06-30,2024-04-14,25,45220.44,East,Web,27,13.0,3,183.33,0,0,217.24,Loyal,0
306059,2026-06-30,2025-05-16,43,21152.0,West,Web,13,6.0,1,72.66,0,1,221.94,Active,0
303465,2026-06-30,2025-05-18,40,86391.23,Budapest,Mobile,13,8.0,1,41.71,0,0,298.73,Loyal,0
305731,2026-06-30,2025-07-01,47,39939.07,West,Mobile,12,6.0,0,7.93,0,0,152.95,Active,0
303498,2026-06-30,2025-10-12,26,15000.0,Budapest,Web,9,10.0,2,106.15,0,0,231.22,Active,0
300806,2026-06-30,2025-01-20,34,45440.79,East,Web,17,14.0,1,44.2,0,0,253.12,Active,0
303534,2026-06-30,2025-01-13,38,68833.98,West,Store,18,8.0,0,9.21,0,0,163.32,Active,0
305036,2026-06-30,2025-11-20,43,40276.88,East,Web,7,13.0,3,89.54,0,0,142.07,Active,0
303571,2026-06-30,2025-11-10,45,30783.2,North,Web,8,8.0,1,67.52,0,0,264.31,Active,0
304337,2026-06-30,2024-12-24,31,46302.82,North,Mobile,18,8.0,1,100.43,0,0,182.32,Loyal,0
305172,2026-06-30,2025-04-18,38,90937.55,Budapest,Store,14,5.0,0,29.52,0,0,151.0,Active,0
301243,2026-06-30,2024-12-24,29,48511.19,West,Web,18,4.0,1,42.76,0,0,126.43,Loyal,0
305699,2026-06-30,2025-04-05,26,23838.72,South,Web,15,12.0,0,0.0,0,0,118.31,Active,0
305982,2026-06-30,2025-06-13,40,29731.02,Budapest,Mobile,13,7.0,0,0.0,0,0,141.14,Active,0
300548,2026-06-30,2025-02-12,36,60268.37,East,Mobile,17,8.0,0,25.72,0,0,140.57,Loyal,0
300027,2026-06-30,2025-04-22,67,48951.76,East,Web,14,9.0,2,171.64,0,1,196.82,Loyal,0
304012,2026-06-30,2025-12-27,47,40829.46,South,Web,6,11.0,2,211.52,0,0,243.88,Active,0
304166,2026-06-30,2024-06-03,37,26413.98,Budapest,Mobile,25,10.0,2,177.1,0,0,177.44,Active,0
303308,2026-06-30,2024-08-24,46,35599.07,Budapest,Web,22,9.0,0,3.43,0,0,226.89,Active,0
301303,2026-06-30,2025-04-21,38,,North,Store,14,9.0,5,254.36,0,0,206.33,Active,0
306353,2026-06-30,2025-10-05,37,46048.72,Budapest,Web,9,9.0,4,263.84,0,0,231.41,Active,0
303001,2026-06-30,2025-07-02,37,42352.78,North,Store,12,6.0,3,222.55,0,0,248.57,Active,0
303091,2026-06-30,2025-08-23,37,39391.58,West,Web,10,10.0,0,41.21,0,0,234.32,Active,0
301222,2026-06-30,2025-09-22,49,76786.09,West,Web,9,6.0,1,41.61,0,0,204.95,Active,0
307869,2026-06-30,2024-10-30,46,25619.56,East,Web,20,2.0,2,87.93,0,0,141.91,Active,0
300438,2026-06-30,2025-02-15,28,52409.68,Budapest,Web,16,5.0,1,98.98,0,0,223.15,Active,0
303123,2026-06-30,2024-02-14,44,33521.05,South,Mobile,28,12.0,1,122.35,0,0,206.22,Active,0
305013,2026-06-30,2025-02-24,24,17385.74,North,Web,16,14.0,1,40.98,0,1,123.63,Active,0
307916,2026-06-30,2025-02-08,45,59018.58,East,Web,17,6.0,1,86.65,0,0,210.83,Active,0
304849,2026-06-30,2025-10-31,18,29147.32,West,Mobile,8,9.0,0,45.19,0,1,193.61,Active,0
303523,2026-06-30,2025-12-19,37,55882.61,Budapest,Store,6,6.0,1,25.08,0,0,320.88,Active,0
303681,2026-06-30,2025-02-07,54,180000.0,South,Web,17,7.0,2,53.43,0,0,227.22,Loyal,0
307140,2026-06-30,2025-02-12,38,69350.91,South,Web,17,6.0,0,0.0,0,0,189.34,Active,0
305578,2026-06-30,2024-02-20,48,49312.46,East,Store,28,9.0,3,299.13,0,0,140.4,Active,0
300327,2026-06-30,2024-10-02,51,31507.37,East,Mobile,21,4.0,4,335.03,0,0,138.39,Active,0
301040,2026-06-30,2025-01-09,27,25745.22,West,Web,18,8.0,2,126.43,0,0,234.36,Loyal,0
307235,2026-06-30,2024-05-21,39,68953.61,Budapest,Mobile,25,9.0,2,156.12,0,0,316.17,Active,0
306891,2026-06-30,2025-07-22,29,43034.66,South,Web,11,5.0,2,175.7,0,1,0.43,At Risk,1
301871,2026-06-30,2025-08-03,41,17159.11,South,Mobile,11,5.0,0,35.43,0,0,266.78,Active,0
303483,2026-06-30,2024-06-27,51,23874.75,Budapest,Mobile,24,10.0,3,276.23,0,1,196.21,Loyal,0
300535,2026-06-30,2024-03-21,45,18279.18,Budapest,Web,27,6.0,1,39.91,0,0,206.69,Active,0
304054,2026-06-30,2025-12-22,35,37025.99,East,Web,6,8.0,0,44.19,0,0,159.68,Active,0
306033,2026-06-30,2024-06-14,23,65555.23,East,Store,25,12.0,0,0.0,0,0,118.67,Active,0
300586,2026-06-30,2024-10-02,42,46079.92,North,Web,21,5.0,0,20.89,1,0,228.91,Active,0
307684,2026-06-30,2024-05-14,47,,Budapest,Web,26,18.0,3,270.86,0,0,248.68,Loyal,0
301704,2026-06-30,2025-11-18,48,22861.91,Budapest,Store,7,10.0,1,61.44,0,0,186.59,Active,0
303018,2026-06-30,2024-10-02,39,93697.5,East,Web,21,7.0,0,0.0,0,0,211.1,Active,0
304569,2026-06-30,2024-02-01,45,90053.19,North,Web,29,7.0,0,0.0,0,0,228.94,Loyal,0
300492,2026-06-30,2025-09-23,51,42689.98,Budapest,Web,9,5.0,1,61.72,0,0,197.24,Active,0
305939,2026-06-30,2025-04-20,55,21667.75,Budapest,Mobile,14,9.0,3,221.33,0,0,113.99,Active,0
303207,2026-06-30,2025-01-17,43,44038.67,South,Mobile,17,6.0,2,31.39,0,0,231.9,Loyal,0
302267,2026-06-30,2024-09-09,32,74687.93,Budapest,Web,22,7.0,2,60.26,0,0,214.62,Loyal,0
307927,2026-06-30,2025-03-05,50,47607.61,East,Mobile,16,5.0,0,0.0,0,0,116.29,Loyal,0
306740,2026-06-30,2024-08-31,39,50381.92,Budapest,Store,22,8.0,3,189.49,0,0,212.24,Loyal,0
304280,2026-06-30,2024-03-07,37,28835.27,Budapest,Web,28,5.0,0,13.57,0,0,148.58,Active,0
302983,2026-06-30,2024-07-11,39,37990.09,Budapest,Web,24,10.0,1,68.15,0,0,163.38,Active,0
301917,2026-06-30,2025-03-04,39,50896.95,Budapest,Store,16,7.0,2,154.45,0,0,210.83,Active,0
302405,2026-06-30,2025-07-23,42,26962.39,East,Store,11,7.0,3,143.97,0,0,187.47,Active,0
303940,2026-06-30,2024-06-30,57,37210.23,West,Web,24,12.0,3,241.85,0,0,201.36,Active,0
302944,2026-06-30,2024-04-30,20,23581.74,East,Store,26,13.0,3,157.24,0,0,223.71,Active,0
303154,2026-06-30,2025-05-21,49,44177.0,West,Mobile,13,5.0,2,148.99,0,0,199.53,Loyal,0
303579,2026-06-30,2025-06-14,32,20414.55,South,Store,13,6.0,0,10.93,1,1,0.0,At Risk,1
302320,2026-06-30,2024-12-28,60,56973.0,West,Web,18,9.0,0,0.0,0,0,176.14,Loyal,0
300398,2026-06-30,2024-09-21,39,39241.76,North,Mobile,21,8.0,2,108.9,0,1,152.86,Active,0
301318,2026-06-30,2024-05-13,28,65420.48,West,Web,26,4.0,1,12.13,0,0,180.73,Active,0
307208,2026-06-30,2024-09-17,47,51958.92,Budapest,Web,21,7.0,0,0.0,1,0,185.17,Active,0
300122,2026-06-30,2025-03-03,42,30075.47,North,Web,16,8.0,2,105.13,0,0,126.9,Active,0
302681,2026-06-30,2024-11-29,50,71240.81,Budapest,Web,19,6.0,1,118.09,0,0,186.16,Active,0
301567,2026-06-30,2024-03-18,31,21990.0,West,Web,27,8.0,1,22.43,0,0,203.08,Loyal,0
301985,2026-06-30,2025-07-11,45,48917.98,South,Web,12,7.0,0,34.63,0,0,134.52,Active,0
306355,2026-06-30,2025-03-05,48,28079.44,Budapest,Mobile,16,6.0,0,0.0,0,1,165.27,Loyal,0
302174,2026-06-30,2024-10-25,45,39999.57,South,Store,20,9.0,2,175.3,0,0,144.63,Active,0
307247,2026-06-30,2025-06-28,57,19645.34,West,Mobile,12,4.0,0,23.13,0,0,170.23,Loyal,0
307406,2026-06-30,2024-04-26,54,26517.27,Budapest,Web,26,13.0,0,0.0,0,0,197.26,Active,0
300574,2026-06-30,2025-01-19,52,22337.36,South,Store,17,10.0,1,90.27,0,0,174.19,Active,0
306309,2026-06-30,2024-02-17,43,32564.34,West,Web,28,5.0,2,70.48,0,0,286.06,Loyal,0
308240,2026-06-30,2024-12-06,43,64328.86,West,Mobile,19,6.0,4,227.95,0,0,205.88,Active,0
305674,2026-06-30,2025-01-17,37,58787.16,Budapest,Mobile,17,8.0,2,145.63,0,0,244.79,Loyal,0
303155,2026-06-30,2025-02-21,59,37070.65,West,Mobile,16,9.0,0,0.0,0,0,143.9,Loyal,0
301408,2026-06-30,2024-02-25,42,36608.31,North,Web,28,4.0,0,0.0,0,0,230.08,Loyal,0
300536,2026-06-30,2024-04-10,51,28727.17,East,Store,27,13.0,3,150.0,1,0,212.05,Active,0
306399,2026-06-30,2024-08-19,53,33139.45,Budapest,Web,22,8.0,0,44.1,0,0,257.11,Loyal,0
305848,2026-06-30,2025-11-21,48,72031.86,South,Web,7,13.0,4,159.17,0,0,183.29,Loyal,0
301435,2026-06-30,2024-11-11,51,47462.74,West,Web,20,7.0,0,0.0,0,0,232.2,Loyal,0
302883,2026-06-30,2024-01-16,49,,East,Mobile,29,8.0,3,313.2,0,0,194.62,Active,0
301868,2026-06-30,2025-10-10,50,31888.01,Budapest,Web,9,10.0,1,49.46,0,0,185.71,Active,0
301455,2026-06-30,2025-06-02,31,40289.68,West,Mobile,13,12.0,1,135.1,0,0,243.92,Active,0
302875,2026-06-30,2024-10-20,56,40467.55,East,Mobile,20,4.0,2,112.29,0,0,313.2,Active,0
308109,2026-06-30,2025-08-30,46,131176.22,West,Web,10,4.0,2,226.98,0,0,182.5,Active,0
301821,2026-06-30,2025-07-12,37,31538.19,North,Web,12,5.0,1,46.06,0,0,187.26,Active,0
300052,2026-06-30,2025-03-24,31,37260.57,Budapest,Mobile,15,9.0,2,92.2,0,0,164.19,Loyal,0
304685,2026-06-30,2024-07-05,43,24640.77,Budapest,Mobile,24,11.0,3,221.47,0,0,249.97,Active,0
304487,2026-06-30,2025-05-01,58,148252.61,East,Mobile,14,8.0,0,0.0,0,1,163.11,Active,0
300470,2026-06-30,2024-04-24,59,37816.9,East,Mobile,26,12.0,1,57.8,0,0,186.42,Active,0
304249,2026-06-30,2024-09-29,27,58934.24,West,Web,21,9.0,4,317.03,0,0,162.57,Active,0
307404,2026-06-30,2024-01-10,48,,East,Web,30,4.0,1,56.93,0,0,241.84,Active,0
304047,2026-06-30,2025-12-21,39,60448.61,East,Web,6,5.0,0,4.07,0,0,209.14,Loyal,0
306725,2026-06-30,2024-06-01,41,27877.81,North,Web,25,6.0,1,48.71,0,0,170.59,Active,0
307910,2026-06-30,2025-12-13,27,23765.19,North,Mobile,7,10.0,3,110.6,1,0,241.47,Active,0
301859,2026-06-30,2024-10-05,29,30997.81,North,Mobile,21,15.0,2,44.47,0,0,155.44,Active,0
307526,2026-06-30,2024-08-31,32,29005.4,East,Mobile,22,5.0,0,14.76,0,0,237.05,Loyal,0
300866,2026-06-30,2025-12-29,50,83528.8,Budapest,Web,6,6.0,1,79.04,0,0,153.89,Active,0
307789,2026-06-30,2025-07-26,41,40760.47,Budapest,Mobile,11,6.0,1,2.9,0,0,149.5,Active,0
308631,2026-06-30,2024-12-21,34,56341.09,Budapest,Store,18,9.0,2,156.59,1,0,153.22,Active,0
308603,2026-06-30,2024-10-01,18,18693.53,East,Web,21,10.0,2,41.44,0,0,223.26,Active,0
305124,2026-06-30,2024-10-23,46,37777.44,Budapest,Mobile,20,9.0,2,70.5,0,0,271.94,Active,0
306456,2026-06-30,2024-07-31,63,26619.61,Budapest,Web,23,10.0,0,0.0,0,0,150.04,Loyal,0
300426,2026-06-30,2025-01-12,52,83649.02,South,Mobile,18,5.0,0,0.0,0,0,124.32,Loyal,0
300189,2026-06-30,2024-04-16,34,29614.53,West,Mobile,26,6.0,1,48.09,0,0,92.37,Active,0
306362,2026-06-30,2024-10-26,46,40258.87,Budapest,Store,20,8.0,2,60.2,0,0,156.81,Loyal,0
304878,2026-06-30,2024-12-27,35,61749.8,Budapest,Web,18,10.0,1,50.45,0,0,273.63,Active,0
300229,2026-06-30,2025-09-10,41,,East,Web,10,14.0,0,0.0,0,0,298.37,Loyal,0
303709,2026-06-30,2024-05-27,51,103986.23,South,Web,25,7.0,1,0.78,0,0,327.18,Active,0
301042,2026-06-30,2024-09-07,40,24950.93,North,Web,22,7.0,2,185.17,0,0,232.06,Active,0
305028,2026-06-30,2025-01-20,45,45527.57,West,Web,17,7.0,0,1.94,0,0,221.61,Active,0
307018,2026-06-30,2025-09-25,47,33542.92,South,Mobile,9,6.0,1,36.28,0,0,178.91,Loyal,0
303904,2026-06-30,2024-01-26,40,18304.78,Budapest,Store,29,6.0,2,181.52,1,0,189.74,Active,0
301906,2026-06-30,2024-07-10,41,25498.03,South,Store,24,7.0,2,82.71,0,0,275.03,Active,0
307928,2026-06-30,2024-05-15,54,31432.09,Budapest,Mobile,25,10.0,2,103.38,0,0,235.45,Active,0
300802,2026-06-30,2024-06-08,42,33674.4,Budapest,Mobile,25,4.0,3,295.73,0,0,129.4,Active,0
301488,2026-06-30,2024-12-16,56,16202.92,Budapest,Mobile,18,10.0,0,0.0,0,0,131.15,Active,0
307133,2026-06-30,2024-09-13,39,28073.59,North,Mobile,22,7.0,1,140.88,0,0,176.84,Active,0
306850,2026-06-30,2024-11-07,40,31004.6,North,Store,20,6.0,0,86.84,0,0,160.76,Active,0
301129,2026-06-30,2025-10-13,42,26100.09,Budapest,Mobile,9,12.0,1,75.7,0,0,169.45,Loyal,0
305514,2026-06-30,2025-08-15,44,43192.55,East,Web,10,9.0,2,130.0,0,0,174.32,Active,0
306495,2026-06-30,2025-05-21,41,41277.75,North,Web,13,16.0,2,144.13,0,0,269.06,Active,0
302209,2026-06-30,2024-08-01,29,77888.7,East,Store,23,11.0,0,66.63,0,0,227.62,Active,0
302958,2026-06-30,2024-04-15,48,33511.92,West,Web,26,9.0,5,390.59,0,0,162.67,Active,0
307972,2026-06-30,2024-04-14,53,21879.45,West,Web,27,8.0,2,147.36,0,0,199.44,Active,0
307049,2026-06-30,2024-11-06,35,50834.67,East,Web,20,16.0,4,240.38,0,0,191.2,Active,0
307355,2026-06-30,2025-07-08,28,54032.08,Budapest,Mobile,12,6.0,2,85.23,0,0,298.35,Active,0
305097,2026-06-30,2024-12-27,33,48552.85,Budapest,Web,18,6.0,2,92.36,1,1,75.34,At Risk,1
308722,2026-06-30,2025-03-18,50,54917.75,South,Store,15,7.0,1,92.13,0,0,206.04,Active,0
302145,2026-06-30,2024-08-10,21,15000.0,East,Web,23,8.0,2,185.83,0,0,204.12,Loyal,0
306068,2026-06-30,2024-10-16,39,44525.4,Budapest,Web,20,2.0,1,71.96,0,0,261.86,Active,0
306204,2026-06-30,2024-01-23,42,41942.18,South,Web,29,9.0,4,167.57,0,0,165.14,Active,0
301633,2026-06-30,2024-04-20,49,89785.67,East,Mobile,26,7.0,4,286.85,0,0,129.27,Active,0
303150,2026-06-30,2025-07-29,42,17173.71,South,Web,11,7.0,2,133.97,0,0,238.09,Active,0
306064,2026-06-30,2024-10-08,30,58583.96,Budapest,Mobile,21,8.0,1,80.16,1,1,0.0,At Risk,1
300157,2026-06-30,2025-02-23,52,115144.92,East,Web,16,5.0,4,390.86,0,0,112.26,Active,0
302534,2026-06-30,2024-11-30,38,49714.63,West,Web,19,5.0,1,91.82,0,0,112.27,Active,0
302865,2026-06-30,2025-06-18,48,26814.56,East,Mobile,12,12.0,0,0.14,0,0,193.95,Active,0
304225,2026-06-30,2025-10-10,44,146901.84,West,Web,9,11.0,2,137.21,0,0,270.34,Active,0
306614,2026-06-30,2024-03-13,53,38401.46,East,Web,28,7.0,2,187.48,0,0,176.69,Active,0
305275,2026-06-30,2024-11-03,44,25343.94,East,Web,20,12.0,2,42.02,0,0,217.12,Active,0
302440,2026-06-30,2024-03-06,43,15000.0,Budapest,Mobile,28,5.0,0,0.0,0,0,122.57,Loyal,0
306401,2026-06-30,2025-02-09,36,22178.5,South,Web,17,7.0,1,95.57,0,0,172.84,Loyal,0
304640,2026-06-30,2025-01-27,61,16092.11,Budapest,Web,17,5.0,1,5.99,0,0,187.15,Active,0
302373,2026-06-30,2025-07-16,43,26041.78,Budapest,Web,11,3.0,1,23.97,1,0,176.04,Active,0
302760,2026-06-30,2024-07-19,58,76860.31,Budapest,Mobile,23,6.0,0,0.0,1,0,14.83,At Risk,1
307151,2026-06-30,2025-07-21,33,51568.5,South,Mobile,11,5.0,2,112.54,1,1,0.0,At Risk,1
304421,2026-06-30,2025-03-10,33,39009.48,Budapest,Web,16,9.0,4,282.91,0,0,246.15,Active,0
303134,2026-06-30,2024-10-18,48,21104.97,North,Web,20,4.0,1,50.59,0,0,231.13,Loyal,0
302836,2026-06-30,2025-02-18,37,40338.88,East,Web,16,3.0,1,40.4,0,0,264.56,Loyal,0
306081,2026-06-30,2024-01-27,32,39385.82,East,Web,29,6.0,0,0.65,0,0,233.56,Active,0
307779,2026-06-30,2024-12-30,27,25387.14,East,Mobile,18,5.0,0,5.47,0,0,214.75,Loyal,0
300848,2026-06-30,2025-05-27,49,65893.8,Budapest,Mobile,13,7.0,0,10.3,0,0,133.55,Active,0
308662,2026-06-30,2024-09-27,36,47007.21,Budapest,Mobile,21,8.0,2,100.09,0,0,110.63,Loyal,0
307458,2026-06-30,2024-04-03,49,27352.09,North,Store,27,10.0,1,89.98,0,0,187.12,Active,0
303149,2026-06-30,2025-06-07,38,40084.38,Budapest,Mobile,13,7.0,2,155.71,0,0,249.71,Active,0
308837,2026-06-30,2025-06-12,47,46693.39,Budapest,Mobile,13,8.0,2,203.08,0,0,233.83,Active,0
300757,2026-06-30,2024-07-27,43,30460.67,Budapest,Store,23,7.0,4,115.58,0,0,219.71,Active,0
307293,2026-06-30,2025-04-14,44,29136.68,Budapest,Mobile,15,4.0,2,150.38,1,0,221.22,Active,0
305326,2026-06-30,2024-03-07,52,27494.21,North,Mobile,28,8.0,1,102.1,0,0,223.75,Active,0
302920,2026-06-30,2024-01-01,50,27028.09,Budapest,Mobile,30,10.0,2,227.52,0,0,96.65,Active,0
304903,2026-06-30,2025-07-17,40,15000.0,West,Store,11,4.0,1,35.54,0,0,179.87,Loyal,0
307178,2026-06-30,2025-07-10,36,22676.38,East,Mobile,12,9.0,0,0.0,0,0,211.13,Active,0
302062,2026-06-30,2024-10-24,48,48742.86,Budapest,Mobile,20,,1,118.87,0,0,146.67,Active,0
300550,2026-06-30,2025-08-31,35,61331.2,Budapest,Mobile,10,10.0,0,76.29,0,0,275.59,Active,0
303019,2026-06-30,2025-01-25,20,21447.29,North,Web,17,7.0,1,33.37,0,0,128.06,Loyal,0
307774,2026-06-30,2024-04-19,38,20256.92,South,Web,26,7.0,0,0.0,0,0,186.78,Active,0
308145,2026-06-30,2024-05-29,36,43002.1,Budapest,Store,25,5.0,0,28.79,0,0,205.4,Active,0
304975,2026-06-30,2025-01-26,33,32223.55,South,Web,17,9.0,1,88.38,0,0,211.79,Active,0
308427,2026-06-30,2024-10-26,47,71596.01,North,Web,20,4.0,2,108.94,0,0,256.26,Active,0
303015,2026-06-30,2025-02-12,59,18362.33,South,Mobile,17,3.0,0,0.0,0,0,222.39,Active,0
301260,2026-06-30,2025-07-26,53,49077.54,East,Web,11,13.0,5,373.99,1,0,207.31,Active,0
308172,2026-06-30,2025-06-11,61,17234.15,South,Mobile,13,12.0,1,109.79,0,0,236.95,Loyal,0
304690,2026-06-30,2025-10-10,33,24727.03,North,Mobile,9,8.0,1,0.0,0,0,152.19,Loyal,0
308395,2026-06-30,2025-04-06,48,33060.21,South,Web,15,8.0,1,17.21,0,0,179.29,Active,0
301025,2026-06-30,2025-02-09,26,98459.42,East,Web,17,8.0,0,0.0,0,0,170.28,Active,0
300753,2026-06-30,2024-01-23,43,37372.49,Budapest,Store,29,11.0,2,136.34,0,0,91.83,Loyal,0
302884,2026-06-30,2024-03-05,30,36906.7,West,Web,28,5.0,1,125.0,0,0,194.67,Loyal,0
308333,2026-06-30,2025-08-14,52,15000.0,Budapest,Mobile,11,11.0,1,71.42,1,0,191.15,Active,0
301952,2026-06-30,2025-03-03,35,62437.39,Budapest,Store,16,12.0,4,118.76,0,0,256.55,Active,0
304058,2026-06-30,2024-06-13,41,16235.86,Budapest,Store,25,7.0,1,62.59,0,0,194.09,Active,0
300352,2026-06-30,2024-03-11,31,53460.99,South,Mobile,28,13.0,2,111.75,0,0,262.32,Active,0
301512,2026-06-30,2024-10-08,58,62100.12,Budapest,Store,21,6.0,2,172.58,0,0,143.87,Loyal,0
303820,2026-06-30,2025-09-19,42,46329.47,North,Web,9,7.0,1,74.73,0,0,222.78,Active,0
307383,2026-06-30,2024-04-17,55,,Budapest,Web,26,4.0,0,0.0,0,0,240.18,Active,0
302523,2026-06-30,2025-09-19,29,41358.23,East,Store,9,8.0,1,61.95,0,0,185.76,Active,0
300702,2026-06-30,2024-05-15,47,58673.88,Budapest,Web,25,4.0,4,313.78,1,0,257.49,Loyal,0
308078,2026-06-30,2024-12-10,53,19468.66,West,Mobile,19,4.0,0,69.54,0,0,157.46,Active,0
304430,2026-06-30,2024-08-30,52,22650.17,Budapest,Mobile,22,2.0,2,73.48,0,0,202.22,Loyal,0
300562,2026-06-30,2024-09-13,47,22200.36,South,Web,22,8.0,0,0.0,0,0,153.28,Active,0
302319,2026-06-30,2025-06-05,50,43354.91,North,Web,13,3.0,1,66.17,0,0,203.51,Active,0
303980,2026-06-30,2025-03-01,43,19617.36,Budapest,Web,16,8.0,2,95.55,0,0,215.14,Loyal,0
303729,2026-06-30,2024-08-08,44,23186.98,South,Web,23,7.0,1,35.56,0,0,205.09,Active,0
304255,2026-06-30,2025-01-13,33,35555.88,East,Web,18,8.0,3,306.93,0,0,225.09,Active,0
304247,2026-06-30,2025-04-26,71,71338.08,East,Web,14,6.0,2,168.31,0,0,192.74,Loyal,0
302749,2026-06-30,2025-09-29,37,16751.89,North,Mobile,9,11.0,5,341.52,0,0,124.75,Active,0
301048,2026-06-30,2024-03-18,37,49604.99,West,Mobile,27,12.0,2,123.12,0,0,186.19,Active,0
307534,2026-06-30,2024-06-08,32,43218.54,Budapest,Mobile,25,7.0,0,0.0,0,0,251.63,Loyal,0
300415,2026-06-30,2024-02-06,48,28331.64,South,Mobile,29,8.0,4,379.41,0,0,145.1,Active,0
306051,2026-06-30,2025-03-28,44,23071.87,South,Mobile,15,6.0,2,116.9,0,0,197.86,Active,0
302808,2026-06-30,2025-12-30,37,27029.85,Budapest,Web,6,11.0,0,30.67,0,0,266.46,Active,0
305453,2026-06-30,2025-10-21,44,52979.96,Budapest,Web,8,11.0,1,34.84,0,0,198.97,Loyal,0
308785,2026-06-30,2024-03-16,39,15000.0,South,Store,27,8.0,1,23.44,0,0,245.16,Active,0
306034,2026-06-30,2025-06-23,29,37236.92,West,Web,12,10.0,1,57.47,1,0,192.96,Active,0
301470,2026-06-30,2025-06-08,42,44358.76,West,Web,13,11.0,0,4.21,0,0,178.47,Loyal,0
305313,2026-06-30,2025-09-04,24,36626.85,East,Web,10,9.0,4,294.83,0,0,190.86,Active,0
308912,2026-06-30,2024-01-24,49,60598.32,Budapest,Mobile,29,7.0,1,125.17,0,0,159.29,Active,0
307693,2026-06-30,2025-01-21,51,50811.49,Budapest,Web,17,6.0,2,147.47,0,0,194.19,Loyal,0
302272,2026-06-30,2025-12-09,49,27304.53,Budapest,Web,7,11.0,0,0.0,0,0,234.73,Loyal,0
301584,2026-06-30,2024-07-28,36,41981.99,East,Web,23,14.0,3,212.84,0,0,205.2,Loyal,0
301413,2026-06-30,2025-03-01,53,59022.69,Budapest,Mobile,16,7.0,3,213.45,0,0,180.62,Loyal,0
306271,2026-06-30,2024-04-20,34,38666.94,East,Mobile,26,13.0,2,148.62,0,0,210.85,Active,0
302880,2026-06-30,2025-03-17,49,45665.21,North,Web,15,8.0,5,375.09,0,0,105.92,Active,0
301723,2026-06-30,2024-10-28,45,110702.86,Budapest,Mobile,20,5.0,1,68.05,0,0,179.82,Active,0
303026,2026-06-30,2024-09-22,60,48339.56,West,Store,21,7.0,1,68.92,0,0,171.81,Loyal,0
303401,2026-06-30,2025-05-12,45,21534.47,North,Mobile,14,7.0,0,0.0,0,0,154.51,Active,0
301508,2026-06-30,2025-08-23,48,25711.55,North,Web,10,6.0,0,4.39,0,0,140.75,Active,0
304334,2026-06-30,2024-11-25,42,40386.0,East,Store,19,7.0,2,85.27,0,0,245.03,Active,0
308289,2026-06-30,2024-06-30,45,23516.88,Budapest,Web,24,7.0,3,162.49,0,0,210.34,Active,0
301322,2026-06-30,2024-06-20,42,21447.96,West,Web,24,8.0,0,0.0,0,0,213.86,Active,0
300843,2026-06-30,2025-03-10,41,53270.49,North,Web,16,9.0,0,0.0,0,0,231.96,Loyal,0
301147,2026-06-30,2025-07-09,49,56249.46,East,Web,12,3.0,1,13.15,1,0,105.57,Loyal,0
304815,2026-06-30,2025-09-18,50,57497.32,Budapest,Mobile,9,4.0,0,0.0,0,0,139.28,Active,0
308129,2026-06-30,2024-07-22,22,41406.49,South,Store,23,7.0,1,23.65,0,0,187.17,Active,0
300464,2026-06-30,2025-05-04,31,39662.96,West,Web,14,6.0,0,0.0,1,0,194.76,Active,0
304921,2026-06-30,2024-05-12,50,32858.47,North,Web,26,6.0,2,122.6,0,0,206.3,Loyal,0
302649,2026-06-30,2024-12-24,52,35345.48,Budapest,Store,18,7.0,3,156.5,0,0,231.4,Active,0
303449,2026-06-30,2024-06-29,41,43957.01,Budapest,Web,24,9.0,1,83.2,0,0,163.52,Active,0
308595,2026-06-30,2024-10-11,55,35354.32,North,Web,21,10.0,1,8.44,0,0,175.87,Active,0
303166,2026-06-30,2025-12-11,28,26662.37,West,Web,7,6.0,1,78.17,0,0,224.66,Active,0
305022,2026-06-30,2024-11-22,27,100818.73,West,Web,19,6.0,0,4.41,0,0,260.21,Active,0
308120,2026-06-30,2024-09-15,55,78033.24,Budapest,Mobile,21,6.0,3,250.72,1,1,0.0,At Risk,1
300379,2026-06-30,2025-03-20,46,35296.21,West,Web,15,5.0,1,81.04,0,0,196.08,Loyal,0
306745,2026-06-30,2025-08-06,34,17591.27,North,Web,11,6.0,1,97.19,0,0,229.48,Active,0
301336,2026-06-30,2024-11-08,37,95945.3,East,Web,20,4.0,0,25.23,0,0,172.98,Loyal,0
301224,2026-06-30,2024-03-22,25,61112.68,Budapest,Mobile,27,6.0,2,124.83,0,0,268.39,Active,0
302725,2026-06-30,2025-08-10,52,66356.07,Budapest,Mobile,11,4.0,1,120.05,0,0,127.54,Loyal,0
308872,2026-06-30,2024-08-17,41,30776.28,Budapest,Web,22,7.0,0,0.0,0,1,234.57,Active,0
301351,2026-06-30,2025-04-05,47,31677.15,West,Web,15,7.0,2,48.11,0,0,183.52,Loyal,0
307205,2026-06-30,2025-12-01,62,29716.64,West,Store,7,7.0,2,137.51,0,0,198.22,Loyal,0
301812,2026-06-30,2025-09-26,46,23649.88,Budapest,Web,9,4.0,0,0.0,0,0,176.14,Active,0
302795,2026-06-30,2025-06-22,56,24990.35,West,Mobile,12,12.0,0,24.6,0,0,208.92,Loyal,0
304076,2026-06-30,2025-01-28,38,46381.73,South,Mobile,17,12.0,0,0.0,0,0,243.13,Active,0
305187,2026-06-30,2025-05-10,46,42140.15,West,Mobile,14,7.0,5,185.15,0,0,227.02,Active,0
301895,2026-06-30,2024-04-08,46,15787.74,North,Store,27,6.0,1,70.03,0,0,132.28,Loyal,0
305448,2026-06-30,2024-03-28,50,71015.99,West,Mobile,27,6.0,1,63.18,0,0,174.14,Active,0
303133,2026-06-30,2025-02-20,24,44209.41,South,Web,16,7.0,1,78.37,0,0,150.62,Active,0
302627,2026-06-30,2024-11-20,46,54363.0,Budapest,Store,19,9.0,1,62.99,1,0,179.44,Active,0
304158,2026-06-30,2025-08-20,21,23276.95,West,Web,10,9.0,1,84.16,1,0,250.19,Active,0
306178,2026-06-30,2025-07-30,43,95282.02,Budapest,Web,11,10.0,0,31.18,1,0,240.33,Active,0
303334,2026-06-30,2024-01-16,35,87510.9,East,Mobile,29,10.0,1,103.32,0,0,241.55,Active,0
301190,2026-06-30,2025-01-30,65,66852.55,East,Web,17,12.0,1,27.78,0,0,206.08,Active,0
302664,2026-06-30,2025-10-09,27,104397.93,Budapest,Store,9,7.0,2,120.17,1,0,238.93,Active,0
300899,2026-06-30,2025-02-25,39,15000.0,East,Mobile,16,9.0,2,118.83,1,0,226.99,Loyal,0
303621,2026-06-30,2024-01-24,47,36334.03,East,Mobile,29,10.0,1,140.42,1,0,185.22,Active,0
308329,2026-06-30,2024-01-30,50,30148.62,East,Store,29,6.0,1,102.01,0,0,245.46,Active,0
302993,2026-06-30,2024-09-18,35,24751.0,West,Mobile,21,6.0,1,98.26,0,0,156.73,Active,0
304930,2026-06-30,2025-08-31,35,39563.54,Budapest,Web,10,9.0,1,95.3,0,0,170.5,Active,0
307981,2026-06-30,2025-05-06,43,129869.47,East,Store,14,10.0,4,301.54,0,0,231.49,Active,0
308103,2026-06-30,2025-02-06,56,45958.68,East,Mobile,17,7.0,2,167.09,0,0,193.25,Active,0
300929,2026-06-30,2024-11-14,61,22766.89,Budapest,Web,19,7.0,2,136.46,0,0,303.15,Active,0
308990,2026-06-30,2024-12-07,38,48272.01,West,Web,19,8.0,1,68.7,0,0,267.72,Loyal,0
308781,2026-06-30,2024-01-01,34,38400.07,West,Mobile,30,11.0,1,23.87,0,0,160.21,Active,0
306041,2026-06-30,2025-08-06,40,,East,Mobile,11,5.0,1,93.34,0,0,198.47,Active,0
301031,2026-06-30,2024-04-09,42,32675.11,Budapest,Web,27,6.0,0,0.0,0,0,275.48,Active,0
303541,2026-06-30,2024-01-19,29,16579.41,South,Mobile,29,6.0,3,281.75,0,0,171.15,Active,0
308733,2026-06-30,2025-02-10,28,30894.83,West,Web,17,8.0,1,55.12,0,0,251.48,Active,0
305043,2026-06-30,2025-04-25,41,42060.51,East,Web,14,6.0,4,124.47,0,0,196.59,Loyal,0
302859,2026-06-30,2024-02-03,29,,North,Store,29,8.0,4,360.3,0,0,246.0,Loyal,0
301756,2026-06-30,2025-10-16,39,37167.12,South,Web,8,11.0,1,29.0,0,1,232.92,Active,0
303821,2026-06-30,2025-02-19,42,61517.18,Budapest,Mobile,16,9.0,0,2.42,0,0,139.7,Loyal,0
300232,2026-06-30,2024-09-22,59,77555.25,North,Store,21,8.0,2,111.72,0,0,220.59,Active,0
306253,2026-06-30,2024-01-03,54,27131.94,Budapest,Web,30,13.0,2,194.83,0,0,158.56,Active,0
308974,2026-06-30,2025-08-28,31,94710.1,South,Mobile,10,8.0,1,87.22,0,0,248.3,Active,0
306072,2026-06-30,2025-01-30,56,33969.05,Budapest,Web,17,8.0,2,147.13,1,1,92.79,At Risk,1
303032,2026-06-30,2025-12-01,54,30847.88,Budapest,Mobile,7,3.0,0,10.28,0,1,0.0,At Risk,1
308326,2026-06-30,2025-07-10,60,15000.0,East,Store,12,9.0,1,44.66,0,0,267.54,Loyal,0
306647,2026-06-30,2024-06-23,48,15000.0,Budapest,Web,24,8.0,3,228.89,1,1,232.08,Active,0
307016,2026-06-30,2024-04-05,56,70799.93,Budapest,Store,27,6.0,1,52.6,0,0,259.4,Active,0
302318,2026-06-30,2025-08-03,45,45073.0,Budapest,Mobile,11,10.0,2,84.12,0,0,69.16,Loyal,0
306919,2026-06-30,2024-03-04,49,39662.64,East,Web,28,8.0,1,28.65,0,0,93.72,Active,0
301516,2026-06-30,2025-07-14,62,23940.74,West,Web,12,11.0,2,190.74,0,0,124.08,Loyal,0
300217,2026-06-30,2024-03-12,26,26817.84,East,Web,28,15.0,2,82.73,0,0,214.19,Active,0
308226,2026-06-30,2024-07-26,58,96084.27,West,Store,23,10.0,2,204.51,0,0,201.56,Active,0
302264,2026-06-30,2025-08-17,40,75683.4,North,Web,10,6.0,2,136.54,0,0,171.35,Loyal,0
303338,2026-06-30,2024-05-17,32,49599.08,Budapest,Web,25,10.0,1,84.43,1,1,50.55,At Risk,1
305829,2026-06-30,2024-10-09,50,24104.63,West,Web,21,4.0,2,121.34,0,0,135.39,Active,0
305665,2026-06-30,2025-02-21,47,44457.34,East,Web,16,8.0,2,65.49,0,0,152.0,Active,0
300894,2026-06-30,2025-11-25,37,43828.23,Budapest,Web,7,7.0,1,23.82,0,0,265.09,Active,0
303017,2026-06-30,2024-08-08,32,75746.71,East,Web,23,5.0,0,18.97,0,0,230.45,Active,0
301851,2026-06-30,2024-09-18,36,19546.94,East,Mobile,21,9.0,1,73.27,1,1,0.0,At Risk,1
307890,2026-06-30,2025-09-28,33,72827.88,North,Mobile,9,7.0,3,292.2,0,0,169.55,Loyal,0
303551,2026-06-30,2025-10-11,29,39917.12,East,Web,9,5.0,2,76.65,0,0,108.65,Active,0
300325,2026-06-30,2025-10-15,38,41897.9,South,Web,8,9.0,1,52.08,0,0,166.11,Active,0
301216,2026-06-30,2024-10-29,54,28667.59,East,Web,20,4.0,1,78.79,0,0,271.03,Active,0
305647,2026-06-30,2025-08-14,34,86529.84,West,Web,11,8.0,1,112.61,0,0,264.63,Active,0
305060,2026-06-30,2025-10-20,36,33760.24,West,Mobile,8,8.0,1,55.31,0,0,114.86,Loyal,0
301130,2026-06-30,2025-01-22,29,71643.99,Budapest,Web,17,6.0,1,69.79,0,0,192.81,Active,0
303627,2026-06-30,2024-08-31,47,60271.18,West,Web,22,6.0,3,110.98,0,0,267.14,Loyal,0
307169,2026-06-30,2024-06-19,34,31430.47,East,Web,24,3.0,0,49.14,0,0,183.72,Loyal,0
304082,2026-06-30,2024-10-30,48,20594.33,South,Web,20,3.0,0,32.32,0,0,206.88,Active,0
300209,2026-06-30,2024-08-06,32,38532.1,Budapest,Web,23,9.0,1,18.4,0,0,214.36,Active,0
304641,2026-06-30,2024-03-21,46,58278.46,Budapest,Mobile,27,5.0,4,385.81,0,0,171.38,Active,0
300799,2026-06-30,2025-06-07,51,34509.44,West,Store,13,6.0,0,0.0,0,0,324.26,Loyal,0
308268,2026-06-30,2025-07-22,33,106177.2,South,Web,11,3.0,1,64.43,0,0,197.31,Active,0
300735,2026-06-30,2025-06-17,41,55256.73,South,Store,12,11.0,1,118.26,0,0,159.25,Loyal,0
302860,2026-06-30,2025-11-04,39,37029.69,North,Mobile,8,9.0,3,290.25,0,0,306.05,Active,0
302868,2026-06-30,2024-08-08,55,55433.03,Budapest,Web,23,10.0,0,0.0,0,1,45.63,At Risk,1
301175,2026-06-30,2025-03-31,31,22280.96,Budapest,Mobile,15,9.0,1,68.91,0,0,292.76,Loyal,0
302901,2026-06-30,2024-09-28,51,67729.14,West,Web,21,9.0,2,153.86,0,0,144.64,Active,0
307897,2026-06-30,2025-07-09,26,47666.86,Budapest,Web,12,9.0,3,107.92,0,0,147.1,Active,0
301832,2026-06-30,2025-10-09,23,39845.15,South,Mobile,9,5.0,1,0.0,0,0,202.85,Active,0
306551,2026-06-30,2025-09-25,48,63624.32,South,Store,9,5.0,2,170.86,0,0,244.22,Active,0
308923,2026-06-30,2024-10-13,49,65905.63,Budapest,Web,21,9.0,2,178.05,0,0,108.96,Active,0
306915,2026-06-30,2025-09-12,26,89369.83,Budapest,Mobile,10,8.0,2,30.94,0,0,180.98,Active,0
305724,2026-06-30,2024-02-06,38,16275.64,South,Mobile,29,8.0,1,81.63,0,0,195.78,Active,0
300199,2026-06-30,2025-02-10,39,34847.45,Budapest,Store,17,8.0,3,100.11,0,0,168.71,Loyal,0
306940,2026-06-30,2024-10-02,37,90269.72,Budapest,Web,21,9.0,1,54.48,0,0,134.79,Active,0
307396,2026-06-30,2024-02-12,40,40715.53,West,Web,29,9.0,2,140.7,0,0,265.3,Active,0
301098,2026-06-30,2024-05-06,33,43177.99,Budapest,Mobile,26,4.0,2,184.83,0,0,249.75,Active,0
300549,2026-06-30,2024-11-08,36,40618.74,Budapest,Store,20,4.0,0,0.0,0,1,200.41,Active,0
303101,2026-06-30,2024-05-01,57,25658.68,South,Web,26,8.0,1,77.52,0,0,182.68,Active,0
303054,2026-06-30,2025-10-06,42,45633.92,South,Web,9,,2,199.27,0,0,220.37,Active,0
308282,2026-06-30,2025-04-05,23,24069.28,Budapest,Store,15,8.0,0,52.8,0,0,220.92,Active,0
307051,2026-06-30,2025-08-05,54,87030.25,Budapest,Mobile,11,8.0,1,102.26,0,0,257.38,Loyal,0
307632,2026-06-30,2024-10-18,35,48367.25,Budapest,Web,20,6.0,1,20.12,0,1,167.88,Loyal,0
302315,2026-06-30,2025-07-20,37,35838.81,East,Web,11,7.0,0,16.38,0,0,146.08,Active,0
305460,2026-06-30,2025-11-20,46,46526.13,West,Web,7,2.0,1,127.39,0,0,308.39,Active,0
305651,2026-06-30,2025-04-03,48,28661.48,Budapest,Mobile,15,9.0,2,173.56,1,0,171.74,Active,0
304865,2026-06-30,2025-05-11,29,40354.54,South,Mobile,14,9.0,3,148.69,0,0,213.18,Active,0
304455,2026-06-30,2024-10-17,51,45123.87,Budapest,Mobile,20,8.0,4,213.52,0,0,204.54,Active,0
307306,2026-06-30,2025-04-22,38,113885.27,West,Web,14,7.0,3,209.61,0,0,162.73,Active,0
306451,2026-06-30,2025-02-02,39,54784.74,South,Store,17,10.0,1,65.23,0,0,292.9,Active,0
300617,2026-06-30,2025-06-25,53,59259.04,North,Web,12,5.0,3,167.26,0,0,84.56,Loyal,0
301119,2026-06-30,2024-10-02,54,50224.25,North,Mobile,21,7.0,4,113.1,0,0,164.22,Active,0
300938,2026-06-30,2025-03-13,25,20773.6,East,Web,16,7.0,0,28.76,0,0,176.36,Active,0
302573,2026-06-30,2025-10-03,25,25821.14,Budapest,Mobile,9,7.0,0,10.33,0,0,89.78,Loyal,0
300623,2026-06-30,2025-09-17,38,37161.2,Budapest,Store,9,5.0,1,53.03,0,0,214.66,Active,0
307852,2026-06-30,2025-01-31,34,18424.13,East,Web,17,,0,11.05,0,0,174.89,Loyal,0
304512,2026-06-30,2024-08-26,24,56477.2,Budapest,Store,22,6.0,0,0.0,0,0,250.04,Loyal,0
305675,2026-06-30,2024-12-23,21,29765.68,Budapest,Store,18,9.0,1,28.52,0,0,87.93,Loyal,0
304113,2026-06-30,2024-03-27,36,54469.96,South,Store,27,10.0,1,61.0,0,0,210.02,Loyal,0
308177,2026-06-30,2024-09-20,53,43533.94,West,Store,21,6.0,2,157.88,0,0,96.84,Active,0
308738,2026-06-30,2025-03-19,39,22309.02,South,Mobile,15,7.0,2,131.05,0,0,161.52,Loyal,0
304030,2026-06-30,2025-09-07,28,21566.38,Budapest,Mobile,10,7.0,0,25.95,0,0,220.59,Loyal,0
304872,2026-06-30,2025-12-27,25,19294.33,Budapest,Web,6,8.0,0,8.28,0,0,171.74,Active,0
303556,2026-06-30,2024-03-09,45,27644.94,Budapest,Web,28,9.0,3,132.36,0,0,150.66,Loyal,0
302202,2026-06-30,2024-03-27,26,23787.75,East,Web,27,7.0,1,88.38,1,0,202.63,Active,0
301161,2026-06-30,2024-11-26,49,58663.52,South,Mobile,19,6.0,0,7.06,0,0,191.43,Loyal,0
305181,2026-06-30,2025-06-18,49,24351.73,South,Web,12,5.0,2,181.52,0,0,222.05,Active,0
308809,2026-06-30,2025-04-19,37,27422.69,Budapest,Store,14,5.0,5,250.2,0,0,259.63,Active,0
305122,2026-06-30,2024-07-30,31,50211.49,East,Web,23,6.0,1,116.98,0,0,153.5,Active,0
302827,2026-06-30,2024-12-27,28,65725.4,North,Web,18,5.0,0,0.0,0,0,179.16,Loyal,0
300479,2026-06-30,2024-05-07,54,31589.8,North,Store,26,1.0,0,0.0,1,0,278.75,Loyal,0
301353,2026-06-30,2024-09-27,51,34917.61,Budapest,Web,21,4.0,5,344.08,0,0,169.57,Active,0
304092,2026-06-30,2025-12-07,37,,Budapest,Web,7,10.0,1,61.31,0,0,186.93,Active,0
304672,2026-06-30,2024-01-14,30,41723.13,West,Web,30,12.0,4,296.33,0,0,167.23,Active,0
307179,2026-06-30,2024-05-12,59,64447.39,South,Web,26,9.0,3,237.71,0,0,160.72,Loyal,0
308275,2026-06-30,2024-05-10,55,15000.0,East,Store,26,11.0,2,139.18,0,0,249.25,Loyal,0
304202,2026-06-30,2024-10-15,49,132118.65,Budapest,Web,20,8.0,1,35.87,1,0,270.22,Active,0
302945,2026-06-30,2024-06-23,61,15846.47,West,Web,24,7.0,4,128.48,0,0,262.43,Loyal,0
301034,2026-06-30,2025-01-11,36,32747.45,West,Web,18,7.0,0,7.94,0,0,267.95,Loyal,0
303602,2026-06-30,2025-09-15,43,31087.51,North,Web,9,10.0,2,127.76,0,0,154.96,Active,0
304100,2026-06-30,2024-10-07,46,39009.79,Budapest,Web,21,6.0,0,32.08,0,0,261.6,Active,0
302599,2026-06-30,2024-09-25,33,25148.93,Budapest,Store,21,7.0,2,72.18,0,0,193.39,Active,0
302817,2026-06-30,2024-04-20,44,28085.0,South,Store,26,7.0,1,29.88,0,0,290.57,Active,0
304845,2026-06-30,2024-01-16,28,19107.93,Budapest,Store,29,11.0,2,157.23,0,0,265.33,Loyal,0
308964,2026-06-30,2025-07-16,44,40154.09,West,Mobile,11,5.0,2,171.11,0,0,253.03,Loyal,0
303430,2026-06-30,2024-04-10,33,57842.39,Budapest,Web,27,11.0,3,173.12,0,0,183.22,Loyal,0
304581,2026-06-30,2024-03-26,38,36493.47,Budapest,Web,27,11.0,2,193.2,0,0,197.57,Active,0
303384,2026-06-30,2025-06-18,39,29128.33,North,Store,12,11.0,5,204.58,0,0,187.45,Loyal,0
304699,2026-06-30,2025-04-12,22,44485.12,West,Mobile,15,7.0,2,113.6,0,0,93.63,Loyal,0
301426,2026-06-30,2024-07-30,34,47452.82,South,Web,23,12.0,4,272.62,0,0,170.52,Active,0
306585,2026-06-30,2024-01-11,54,26989.77,West,Store,30,10.0,3,271.24,0,0,260.07,Loyal,0
301872,2026-06-30,2024-04-06,35,29828.65,Budapest,Web,27,8.0,2,149.9,0,0,206.16,Active,0
308829,2026-06-30,2025-01-26,56,18910.42,Budapest,Store,17,7.0,0,29.98,0,0,181.7,Loyal,0
308724,2026-06-30,2024-11-16,32,32487.83,Budapest,Mobile,19,6.0,5,300.5,0,0,153.9,Active,0
305485,2026-06-30,2025-06-22,35,36915.92,East,Web,12,10.0,2,203.0,0,0,262.97,Loyal,0
300528,2026-06-30,2025-07-28,52,15000.0,West,Mobile,11,12.0,2,111.64,0,0,166.49,Active,0
308107,2026-06-30,2025-05-18,36,19143.66,West,Web,13,8.0,3,266.21,0,0,112.71,Active,0
304199,2026-06-30,2025-05-22,25,56393.97,Budapest,Mobile,13,8.0,1,54.07,0,0,343.17,Active,0
308197,2026-06-30,2024-10-15,34,46988.39,East,Mobile,20,6.0,1,31.71,0,0,174.62,Active,0
300221,2026-06-30,2024-01-18,62,59956.33,Budapest,Mobile,29,2.0,2,220.98,0,0,226.88,Active,0
308342,2026-06-30,2024-01-15,21,88580.3,Budapest,Web,29,10.0,0,8.15,0,0,240.8,Active,0
303626,2026-06-30,2025-11-27,43,43654.44,Budapest,Mobile,7,9.0,2,220.56,0,0,240.93,Active,0
305258,2026-06-30,2024-04-22,42,48406.25,East,Mobile,26,8.0,1,74.02,0,0,138.93,Active,0
306153,2026-06-30,2024-03-03,32,35002.12,West,Mobile,28,7.0,2,136.38,0,0,203.77,Active,0
304177,2026-06-30,2025-10-04,31,64512.61,South,Mobile,9,10.0,1,24.72,0,0,188.54,Active,0
302861,2026-06-30,2024-10-24,40,50044.69,South,Web,20,5.0,1,31.17,0,0,193.77,Active,0
304856,2026-06-30,2025-03-05,46,67915.78,East,Store,16,7.0,2,75.27,0,0,165.5,Loyal,0
308181,2026-06-30,2025-03-15,42,34497.2,Budapest,Web,16,6.0,0,9.34,0,0,177.44,Active,0
302819,2026-06-30,2025-04-27,54,60702.34,East,Store,14,6.0,0,0.0,0,0,173.29,Active,0
305772,2026-06-30,2025-01-30,36,35594.55,South,Web,17,6.0,0,0.0,0,0,155.6,Loyal,0
307933,2026-06-30,2024-05-18,51,61886.4,West,Web,25,11.0,2,153.35,0,0,148.71,Loyal,0
302392,2026-06-30,2025-04-02,42,26220.27,East,Mobile,15,8.0,0,24.84,0,0,141.36,Active,0
303064,2026-06-30,2024-09-23,52,25048.48,South,Mobile,21,10.0,2,173.71,0,0,247.09,Active,0
307753,2026-06-30,2024-01-01,30,72244.31,West,Mobile,30,9.0,2,113.35,0,0,144.47,Loyal,0
301984,2026-06-30,2025-11-08,27,63707.54,Budapest,Mobile,8,5.0,1,128.89,0,0,220.32,Active,0
308602,2026-06-30,2025-09-17,36,23906.37,North,Web,9,9.0,0,26.12,0,0,228.22,Active,0
301555,2026-06-30,2024-01-01,42,29213.44,East,Store,30,9.0,1,72.08,0,0,153.68,Active,0
308258,2026-06-30,2025-07-13,41,49063.72,South,Store,12,5.0,1,45.99,0,0,164.08,Loyal,0
304185,2026-06-30,2025-01-28,30,15000.0,South,Store,17,11.0,2,117.54,0,0,149.59,Active,0
307258,2026-06-30,2024-09-06,23,34911.3,Budapest,Mobile,22,6.0,3,267.63,0,0,206.46,Loyal,0
303617,2026-06-30,2025-03-31,19,41049.2,West,Store,15,10.0,3,136.58,0,0,281.86,Active,0
303103,2026-06-30,2024-03-25,39,26523.07,East,Mobile,27,11.0,0,0.0,0,0,149.71,Loyal,0
301678,2026-06-30,2024-05-07,62,22524.98,South,Mobile,26,7.0,2,202.2,0,0,131.16,Active,0
303034,2026-06-30,2025-05-20,37,38691.87,East,Web,13,5.0,2,110.89,0,0,211.35,Loyal,0
303144,2026-06-30,2025-10-20,47,22736.11,Budapest,Store,8,8.0,4,266.48,0,0,186.77,Loyal,0
300902,2026-06-30,2025-10-29,31,30735.89,Budapest,Web,8,4.0,1,19.57,0,0,275.1,Loyal,0
305852,2026-06-30,2025-06-25,50,,West,Web,12,8.0,2,45.98,0,0,217.34,Loyal,0
302297,2026-06-30,2025-12-19,46,55237.31,Budapest,Web,6,13.0,1,122.17,0,0,220.99,Active,0
308394,2026-06-30,2024-11-08,27,15000.0,South,Mobile,20,10.0,1,67.81,0,0,229.38,Active,0
300297,2026-06-30,2024-08-29,32,48183.62,West,Mobile,22,9.0,2,83.91,0,0,210.13,Active,0
308043,2026-06-30,2025-07-03,41,15273.61,Budapest,Web,12,13.0,0,40.87,0,0,238.46,Active,0
300058,2026-06-30,2024-03-21,43,16738.44,West,Web,27,9.0,3,236.6,0,0,150.51,Active,0
305940,2026-06-30,2024-04-07,52,44947.76,North,Web,27,4.0,0,0.0,0,0,213.12,Active,0
307089,2026-06-30,2025-04-29,51,41506.82,West,Mobile,14,9.0,0,0.0,0,0,167.43,Loyal,0
307116,2026-06-30,2025-02-10,38,29818.67,Budapest,Web,17,7.0,3,87.84,0,0,252.88,Loyal,0
305697,2026-06-30,2024-08-15,39,38431.98,Budapest,Web,22,4.0,0,41.0,0,0,150.67,Active,0
302677,2026-06-30,2025-02-26,22,47018.27,West,Web,16,7.0,1,45.27,1,0,198.97,Active,0
308575,2026-06-30,2024-06-10,38,43982.99,South,Web,25,9.0,1,71.59,0,0,174.62,Active,0
305572,2026-06-30,2025-08-10,55,37972.07,Budapest,Mobile,11,8.0,1,84.44,0,0,140.88,Loyal,0
308376,2026-06-30,2024-01-09,34,49147.62,Budapest,Mobile,30,10.0,4,282.15,0,0,219.6,Active,0
306281,2026-06-30,2025-05-17,32,58643.68,South,Web,13,8.0,1,124.32,0,0,162.48,Loyal,0
300296,2026-06-30,2024-04-16,57,64135.83,West,Mobile,26,,1,94.16,0,0,200.45,Active,0
302581,2026-06-30,2025-09-07,69,54336.32,East,Store,10,6.0,3,190.98,0,0,239.15,Loyal,0
305835,2026-06-30,2024-12-05,55,27300.26,South,Web,19,5.0,1,68.9,0,0,182.63,Active,0
303317,2026-06-30,2025-07-22,55,23483.46,Budapest,Web,11,6.0,1,56.88,0,0,170.55,Active,0
300649,2026-06-30,2024-11-06,57,27632.7,Budapest,Mobile,20,9.0,1,90.01,0,0,145.07,Active,0
301371,2026-06-30,2024-01-15,42,18914.1,West,Web,29,8.0,4,247.44,0,0,166.34,Active,0
307436,2026-06-30,2024-10-11,27,32179.51,West,Web,21,7.0,1,46.25,0,0,231.39,Loyal,0
305024,2026-06-30,2024-07-01,27,22750.76,Budapest,Store,24,11.0,1,50.42,0,0,137.03,Active,0
308516,2026-06-30,2024-10-10,54,18409.46,West,Mobile,21,7.0,2,86.44,0,0,276.06,Loyal,0
303644,2026-06-30,2025-11-14,35,57774.91,South,Web,7,6.0,2,142.82,0,0,242.64,Loyal,0
305910,2026-06-30,2025-01-16,51,40887.63,Budapest,Mobile,17,5.0,2,73.36,0,0,218.92,Loyal,0
300682,2026-06-30,2025-04-09,38,64970.58,North,Mobile,15,4.0,4,191.91,0,0,237.02,Active,0
300435,2026-06-30,2025-07-31,40,23381.41,South,Mobile,11,5.0,1,34.41,0,0,77.78,Active,0
304602,2026-06-30,2025-08-28,33,44358.8,East,Web,10,14.0,0,0.0,0,0,248.86,Active,0
304880,2026-06-30,2025-11-27,43,15000.0,North,Web,7,7.0,2,106.2,0,0,168.83,Active,0
301490,2026-06-30,2025-05-03,38,22870.32,East,Mobile,14,8.0,2,154.55,0,0,230.42,Loyal,0
300813,2026-06-30,2025-07-26,47,17781.15,North,Web,11,9.0,2,121.77,0,0,219.6,Loyal,0
301883,2026-06-30,2024-04-12,45,54945.71,West,Web,27,9.0,2,146.48,0,0,190.63,Active,0
303366,2026-06-30,2025-10-21,32,39817.03,East,Web,8,7.0,0,39.74,0,0,251.51,Active,0
303986,2026-06-30,2024-08-05,49,65550.83,Budapest,Mobile,23,,1,77.0,0,0,199.34,Active,0
308013,2026-06-30,2025-01-20,50,51531.4,Budapest,Web,17,10.0,1,58.77,0,0,239.67,Loyal,0
301941,2026-06-30,2025-02-04,26,17609.57,Budapest,Web,17,9.0,0,0.0,0,0,256.16,Active,0
305198,2026-06-30,2025-07-20,39,117374.14,East,Web,11,13.0,1,39.23,0,0,201.4,Active,0
303461,2026-06-30,2025-01-05,27,53376.9,East,Mobile,18,9.0,1,52.3,0,0,188.55,Active,0
301613,2026-06-30,2025-12-24,33,15000.0,West,Web,6,5.0,1,54.76,0,0,140.06,Loyal,0
301182,2026-06-30,2024-07-13,32,42313.36,North,Web,24,7.0,2,186.4,0,0,169.03,Active,0
301376,2026-06-30,2025-04-10,43,19108.05,West,Store,15,5.0,0,7.77,0,0,253.94,Active,0
308515,2026-06-30,2024-08-22,40,41214.42,East,Web,22,2.0,3,244.8,0,0,294.12,Active,0
307647,2026-06-30,2025-12-08,34,49840.21,West,Mobile,7,5.0,1,87.37,0,0,232.9,Active,0
300627,2026-06-30,2025-06-16,45,20522.99,Budapest,Mobile,12,9.0,2,105.73,0,0,254.3,Active,0
304428,2026-06-30,2024-01-02,46,15430.01,South,Mobile,30,3.0,0,0.0,0,0,152.28,Loyal,0
301670,2026-06-30,2024-11-09,29,28330.13,Budapest,Web,20,8.0,3,157.25,0,0,183.0,Active,0
302113,2026-06-30,2025-02-24,39,36144.21,North,Web,16,9.0,3,200.19,0,0,190.36,Active,0
303539,2026-06-30,2024-11-11,46,44727.78,South,Store,20,10.0,0,0.0,0,0,226.14,Loyal,0
308104,2026-06-30,2025-04-08,45,24849.53,North,Mobile,15,11.0,2,121.75,0,0,226.13,Active,0
305367,2026-06-30,2024-02-21,42,54388.32,East,Web,28,8.0,3,186.96,0,0,224.65,Active,0
300085,2026-06-30,2025-01-27,45,46966.11,East,Mobile,17,12.0,2,146.43,0,0,253.91,Active,0
308194,2026-06-30,2025-01-16,18,34629.73,South,Mobile,17,9.0,1,47.57,0,0,170.33,Active,0
307564,2026-06-30,2025-02-25,20,30688.94,West,Web,16,8.0,2,124.94,0,0,235.7,Loyal,0
302284,2026-06-30,2025-10-14,41,24659.82,West,Web,9,6.0,1,64.24,0,0,233.7,Active,0
303007,2026-06-30,2025-12-07,40,88945.13,North,Web,7,6.0,1,0.88,0,0,218.46,Active,0
303273,2026-06-30,2025-04-24,50,23220.11,South,Web,14,9.0,1,144.98,0,0,109.65,Loyal,0
300419,2026-06-30,2024-09-28,34,34729.7,West,Web,21,5.0,1,112.59,0,0,224.37,Active,0
307989,2026-06-30,2025-04-06,56,26684.11,South,Mobile,15,1.0,2,69.69,0,0,181.85,Active,0
303998,2026-06-30,2025-11-16,32,44516.94,East,Mobile,7,15.0,1,101.14,0,0,173.39,Active,0
302710,2026-06-30,2024-01-02,18,16402.13,Budapest,Mobile,30,,2,154.8,0,0,229.3,Active,0
302358,2026-06-30,2025-03-29,40,50507.2,Budapest,Web,15,8.0,1,102.55,0,0,145.16,Loyal,0
306192,2026-06-30,2025-01-01,26,35303.7,East,Store,18,7.0,0,0.88,0,0,119.43,Loyal,0
301367,2026-06-30,2024-09-04,37,18920.47,East,Store,22,9.0,1,44.82,0,0,182.43,Loyal,0
300294,2026-06-30,2024-08-20,43,45868.58,East,Mobile,22,11.0,3,216.24,0,0,92.23,Active,0
307098,2026-06-30,2025-09-23,28,37804.28,South,Web,9,4.0,1,43.53,0,0,177.4,Active,0
308593,2026-06-30,2024-03-07,53,29527.52,Budapest,Store,28,5.0,1,133.11,0,0,214.01,Active,0
301507,2026-06-30,2025-04-26,39,49334.08,South,Mobile,14,5.0,0,0.0,0,0,103.0,Loyal,0
308203,2026-06-30,2024-01-16,46,26122.46,East,Web,29,11.0,1,113.14,0,0,249.47,Active,0
306056,2026-06-30,2024-10-02,42,49912.7,Budapest,Store,21,9.0,1,13.3,0,0,281.67,Loyal,0
301635,2026-06-30,2024-07-31,47,30633.09,East,Store,23,12.0,2,28.85,0,0,176.86,Active,0
306118,2026-06-30,2024-09-18,34,40481.76,West,Web,21,11.0,5,376.17,0,0,278.76,Active,0
304561,2026-06-30,2025-07-03,47,48688.55,Budapest,Mobile,12,,1,0.0,0,0,220.28,Loyal,0
302934,2026-06-30,2025-10-29,48,48043.69,West,Web,8,2.0,2,82.84,0,0,256.18,Active,0
304175,2026-06-30,2024-06-26,34,21365.01,Budapest,Web,24,5.0,2,4.23,0,0,116.52,Active,0
301564,2026-06-30,2025-03-16,49,45766.49,Budapest,Mobile,15,5.0,0,0.0,0,0,191.03,Active,0
307551,2026-06-30,2024-01-27,59,55062.92,Budapest,Mobile,29,7.0,1,120.9,0,0,191.91,Loyal,0
304861,2026-06-30,2024-07-31,51,22906.13,East,Web,23,3.0,1,104.22,0,0,220.94,Active,0
301980,2026-06-30,2025-08-27,40,52115.34,West,Web,10,6.0,0,0.0,0,0,248.73,Loyal,0
301884,2026-06-30,2024-08-12,65,38264.67,East,Store,23,8.0,1,128.08,0,0,140.94,Active,0
300439,2026-06-30,2024-03-03,35,19632.05,South,Web,28,7.0,2,92.16,0,0,189.01,Active,0
303535,2026-06-30,2024-05-23,34,27596.21,Budapest,Mobile,25,7.0,2,138.35,0,0,121.48,Active,0
308459,2026-06-30,2024-07-14,34,45683.15,South,Store,24,3.0,0,0.0,0,0,189.06,Loyal,0
306427,2026-06-30,2024-10-13,38,81191.89,East,Web,21,9.0,1,107.19,0,0,165.42,Loyal,0
307683,2026-06-30,2024-12-23,52,35571.86,East,Store,18,9.0,2,100.24,0,0,287.41,Active,0
302281,2026-06-30,2024-11-07,40,42077.37,Budapest,Store,20,9.0,1,0.0,0,0,197.22,Active,0
303536,2026-06-30,2024-03-12,33,19093.64,South,Web,28,6.0,2,182.1,0,0,176.94,Active,0
305419,2026-06-30,2024-06-25,49,60855.7,East,Mobile,24,10.0,0,20.89,0,0,191.37,Active,0
308308,2026-06-30,2024-01-08,30,40910.04,Budapest,Web,30,8.0,1,76.49,0,0,195.28,Loyal,0
300374,2026-06-30,2025-01-02,54,26203.65,Budapest,Mobile,18,11.0,4,294.03,0,0,215.8,Loyal,0
304276,2026-06-30,2025-12-21,56,54397.89,Budapest,Web,6,6.0,0,16.71,0,0,229.01,Loyal,0
302586,2026-06-30,2024-01-24,48,46795.06,Budapest,Web,29,10.0,2,150.78,0,1,0.0,At Risk,1
308492,2026-06-30,2024-07-29,34,24201.19,Budapest,Web,23,3.0,4,180.48,1,1,0.0,At Risk,1
306205,2026-06-30,2025-10-16,45,50268.79,North,Mobile,8,4.0,0,0.0,1,0,126.94,Active,0
302847,2026-06-30,2024-06-04,42,44001.12,East,Web,25,11.0,4,278.83,0,0,194.3,Active,0
303533,2026-06-30,2025-09-30,18,105343.75,West,Store,9,5.0,3,143.85,0,0,113.92,Active,0
301785,2026-06-30,2025-03-07,26,16855.01,North,Web,16,5.0,0,0.0,0,0,199.18,Loyal,0
305401,2026-06-30,2025-10-22,53,76606.41,Budapest,Web,8,9.0,1,65.2,0,0,210.2,Active,0
307519,2026-06-30,2025-11-24,42,24258.23,Budapest,Web,7,6.0,1,33.48,1,1,1.35,At Risk,1
305398,2026-06-30,2024-06-13,36,29030.15,East,Web,25,10.0,0,0.0,0,0,156.32,Active,0
308180,2026-06-30,2025-12-16,32,30711.98,Budapest,Mobile,6,8.0,0,37.32,0,0,102.54,Active,0
308128,2026-06-30,2024-06-27,44,58504.58,West,Mobile,24,9.0,1,58.72,0,0,140.83,Active,0
304950,2026-06-30,2025-03-13,45,33597.27,Budapest,Web,16,8.0,1,48.67,0,1,143.26,Loyal,0
305141,2026-06-30,2025-01-19,45,23322.98,North,Store,17,9.0,1,37.43,0,0,195.88,Active,0
307237,2026-06-30,2024-10-29,51,56030.06,East,Web,20,5.0,1,44.48,0,0,161.64,Active,0
307622,2026-06-30,2025-04-13,33,53055.63,East,Web,15,9.0,2,170.6,1,0,143.73,Loyal,0
304248,2026-06-30,2025-04-02,26,29274.94,Budapest,Mobile,15,6.0,2,128.6,0,0,179.75,Active,0
307529,2026-06-30,2024-06-05,23,56813.26,East,Web,25,,3,105.62,0,0,178.48,Active,0
303025,2026-06-30,2025-10-12,41,23355.48,West,Web,9,7.0,0,0.0,0,0,238.85,Active,0
306681,2026-06-30,2024-06-19,61,50042.89,Budapest,Mobile,24,5.0,4,268.24,0,0,246.72,Active,0
305188,2026-06-30,2024-05-01,35,32698.35,Budapest,Store,26,9.0,3,270.17,1,1,45.08,At Risk,1
305390,2026-06-30,2024-03-20,49,59912.97,Budapest,Web,27,7.0,3,236.83,0,0,162.65,Active,0
301542,2026-06-30,2024-12-09,29,32288.37,South,Mobile,19,6.0,0,0.0,0,0,171.5,Active,0
303284,2026-06-30,2025-02-27,44,35263.61,East,Mobile,16,9.0,0,38.97,0,0,199.1,Active,0
300323,2026-06-30,2025-08-12,48,34511.44,East,Web,11,6.0,2,131.29,0,0,262.81,Active,0
302032,2026-06-30,2025-06-28,43,39276.67,East,Web,12,14.0,4,374.74,1,0,250.4,Active,0
300994,2026-06-30,2024-09-15,40,20780.45,Budapest,Web,21,10.0,3,229.58,0,0,244.39,Loyal,0
304985,2026-06-30,2025-08-06,40,70168.52,Budapest,Web,11,10.0,1,68.53,0,0,184.09,Active,0
308518,2026-06-30,2024-06-13,50,54180.41,West,Mobile,25,10.0,1,59.13,0,0,172.88,Active,0
306202,2026-06-30,2025-11-03,18,67130.77,West,Mobile,8,15.0,3,97.76,0,0,81.22,Active,0
307183,2026-06-30,2024-08-07,36,30140.88,Budapest,Web,23,11.0,1,106.21,0,0,120.73,Active,0
304123,2026-06-30,2025-02-03,38,23969.59,East,Mobile,17,10.0,2,127.29,0,0,227.7,Active,0
306465,2026-06-30,2025-04-30,25,,Budapest,Mobile,14,1.0,3,206.25,0,0,144.26,Loyal,0
302185,2026-06-30,2025-06-03,35,25917.25,Budapest,Mobile,13,6.0,2,119.22,0,0,162.35,Loyal,0
300111,2026-06-30,2025-01-14,49,30127.1,South,Web,17,6.0,1,59.7,0,0,140.5,Active,0
304124,2026-06-30,2025-03-23,49,61484.43,Budapest,Web,15,8.0,1,53.42,0,0,150.34,Active,0
305532,2026-06-30,2024-09-28,35,31190.76,East,Mobile,21,12.0,4,152.3,0,0,192.56,Active,0
301080,2026-06-30,2025-10-05,44,27049.8,East,Mobile,9,1.0,1,0.0,0,0,229.93,Loyal,0
302227,2026-06-30,2024-04-07,43,24803.2,South,Store,27,6.0,4,308.83,0,0,208.19,Active,0
305363,2026-06-30,2024-02-13,38,27887.02,West,Store,29,8.0,1,43.59,0,0,138.22,Loyal,0
308297,2026-06-30,2025-03-09,37,36053.29,East,Store,16,7.0,1,62.25,0,0,216.47,Loyal,0
302706,2026-06-30,2024-02-05,46,38412.93,South,Mobile,29,12.0,0,30.71,0,0,273.45,Loyal,0
305599,2026-06-30,2024-09-18,33,16651.55,West,Web,21,8.0,0,0.0,0,0,258.14,Active,0
307228,2026-06-30,2025-02-01,38,23207.24,Budapest,Web,17,5.0,1,39.94,0,0,240.31,Active,0
301165,2026-06-30,2024-03-12,52,72641.06,Budapest,Mobile,28,13.0,3,163.05,0,0,141.48,Active,0
303818,2026-06-30,2025-07-21,37,47899.29,South,Web,11,4.0,2,187.8,0,0,154.11,Active,0
301451,2026-06-30,2025-10-09,24,87663.08,East,Web,9,10.0,3,232.31,0,0,141.1,Active,0
307612,2026-06-30,2025-07-15,29,29478.49,West,Mobile,11,6.0,0,84.23,0,0,241.85,Loyal,0
306633,2026-06-30,2024-01-15,31,36691.1,East,Web,29,11.0,1,64.0,0,0,181.37,Loyal,0
306409,2026-06-30,2024-07-28,38,44023.97,Budapest,Mobile,23,8.0,2,80.36,0,0,189.62,Active,0
305648,2026-06-30,2025-12-20,38,28828.07,Budapest,Web,6,7.0,2,148.13,0,0,173.4,Active,0
304937,2026-06-30,2024-04-02,28,15000.0,Budapest,Mobile,27,5.0,1,54.28,0,0,243.98,Active,0
303922,2026-06-30,2025-05-21,32,50826.26,West,Mobile,13,8.0,5,451.71,0,0,180.21,Loyal,0
307059,2026-06-30,2025-05-25,58,29716.3,Budapest,Mobile,13,13.0,0,57.13,0,0,164.37,Active,0
303772,2026-06-30,2025-10-25,45,44623.58,East,Web,8,4.0,2,96.24,0,0,264.96,Loyal,0
304369,2026-06-30,2025-01-01,27,15000.0,Budapest,Mobile,18,13.0,1,65.68,0,0,213.21,Active,0
308453,2026-06-30,2024-03-31,35,51809.65,Budapest,Web,27,8.0,4,190.14,0,0,243.8,Active,0
305652,2026-06-30,2025-02-03,34,36950.81,Budapest,Web,17,9.0,0,0.0,0,0,157.46,Active,0
308191,2026-06-30,2025-05-24,33,21145.65,East,Store,13,9.0,1,126.41,0,0,232.89,Active,0
304863,2026-06-30,2025-08-01,26,39077.23,Budapest,Web,11,9.0,1,0.0,0,0,261.99,Active,0
301515,2026-06-30,2025-02-25,58,25802.39,South,Store,16,7.0,2,47.95,0,0,242.81,Loyal,0
302314,2026-06-30,2025-02-11,38,16015.2,East,Mobile,17,7.0,0,0.0,0,0,109.87,Active,0
308313,2026-06-30,2024-02-14,56,42077.15,West,Web,28,7.0,0,0.0,0,0,129.44,Active,0
301452,2026-06-30,2025-03-11,45,34294.87,South,Web,16,8.0,3,226.55,0,0,217.95,Loyal,0
302021,2026-06-30,2025-01-31,34,32913.55,Budapest,Mobile,17,4.0,2,80.05,0,0,257.36,Active,0
303530,2026-06-30,2024-06-03,63,53162.6,Budapest,Mobile,25,10.0,0,0.0,0,0,176.19,Loyal,0
304693,2026-06-30,2024-03-07,25,37431.64,North,Mobile,28,11.0,3,197.62,1,1,101.12,At Risk,1
304818,2026-06-30,2024-01-13,33,38998.1,Budapest,Web,30,7.0,2,96.38,0,0,199.31,Active,0
308821,2026-06-30,2024-08-16,40,29306.7,West,Store,22,13.0,4,233.63,0,0,199.12,Loyal,0
300839,2026-06-30,2025-06-30,18,34656.73,Budapest,Mobile,12,9.0,3,239.63,0,0,171.17,Active,0
304696,2026-06-30,2024-07-18,50,35074.77,Budapest,Web,23,9.0,1,80.45,0,0,140.26,Loyal,0
302375,2026-06-30,2024-04-30,33,59472.96,South,Mobile,26,5.0,4,229.56,0,0,135.8,Loyal,0
304300,2026-06-30,2025-05-20,57,43827.65,East,Web,13,7.0,4,271.19,0,0,270.98,Active,0
305962,2026-06-30,2024-06-09,37,29053.21,East,Mobile,25,3.0,2,170.26,1,0,261.9,Active,0
307265,2026-06-30,2025-12-12,38,37715.36,Budapest,Mobile,7,7.0,3,273.66,0,0,124.43,Active,0
303455,2026-06-30,2025-11-22,48,66269.98,East,Web,7,8.0,3,216.98,1,0,204.42,Active,0
305707,2026-06-30,2025-02-11,31,43976.93,West,Web,17,7.0,1,54.93,0,0,255.64,Active,0
308949,2026-06-30,2024-04-12,33,64337.2,Budapest,Mobile,27,6.0,0,3.96,1,0,242.69,Active,0
300451,2026-06-30,2025-01-30,40,41357.43,West,Store,17,8.0,0,97.88,0,0,145.55,Active,0
304535,2026-06-30,2024-11-10,43,39849.81,Budapest,Mobile,20,6.0,0,76.8,0,0,182.69,Active,0
301715,2026-06-30,2025-10-16,47,29610.29,South,Mobile,8,7.0,1,52.97,1,1,71.33,At Risk,1
306323,2026-06-30,2024-08-17,70,48640.99,South,Mobile,22,6.0,0,15.44,0,0,145.59,Active,0
304822,2026-06-30,2025-12-19,38,31424.54,South,Web,6,12.0,0,13.59,0,0,216.73,Loyal,0
300340,2026-06-30,2025-11-14,36,44298.62,North,Web,7,9.0,2,109.01,0,0,221.43,Loyal,0
303654,2026-06-30,2025-08-01,39,47194.87,Budapest,Mobile,11,11.0,3,159.33,0,0,279.58,Active,0
305071,2026-06-30,2025-02-25,56,75444.29,East,Web,16,10.0,2,160.48,0,0,251.82,Active,0
307175,2026-06-30,2024-10-23,41,43520.73,West,Mobile,20,11.0,0,9.23,0,0,283.61,Loyal,0
307677,2026-06-30,2025-04-30,43,62422.25,Budapest,Web,14,6.0,3,199.84,0,0,280.01,Loyal,0
302671,2026-06-30,2024-02-06,45,23992.52,East,Web,29,11.0,2,107.24,0,0,140.62,Active,0
301420,2026-06-30,2025-04-09,54,40501.42,Budapest,Store,15,7.0,2,148.45,0,0,183.99,Loyal,0
300035,2026-06-30,2025-02-24,48,45892.37,Budapest,Web,16,6.0,2,107.96,0,0,151.26,Loyal,0
307445,2026-06-30,2025-12-08,23,52443.02,West,Web,7,10.0,2,119.03,1,0,229.26,Active,0
305748,2026-06-30,2025-06-09,29,65165.02,East,Mobile,13,9.0,2,126.72,0,0,157.69,Active,0
307655,2026-06-30,2025-01-10,43,36062.47,South,Web,18,7.0,2,110.13,0,0,225.08,Active,0
306145,2026-06-30,2025-09-07,43,18281.36,Budapest,Mobile,10,5.0,0,0.0,0,0,164.57,Active,0
301411,2026-06-30,2024-02-13,37,88263.38,Budapest,Store,29,12.0,0,0.0,0,0,203.98,Active,0
303444,2026-06-30,2025-06-13,45,15541.68,Budapest,Store,13,7.0,1,54.46,0,0,236.91,Active,0
302171,2026-06-30,2024-10-24,47,30455.25,West,Web,20,3.0,2,149.46,0,0,198.92,Active,0
308171,2026-06-30,2024-07-16,45,31834.73,West,Web,23,4.0,0,0.0,0,0,114.05,Loyal,0
300890,2026-06-30,2024-04-24,70,25336.94,Budapest,Store,26,6.0,1,116.12,0,0,183.11,Active,0
308540,2026-06-30,2024-09-28,26,31308.2,West,Web,21,4.0,0,90.63,0,0,180.58,Loyal,0
307081,2026-06-30,2024-11-22,39,46525.21,East,Web,19,6.0,3,205.41,0,0,150.08,Active,0
306005,2026-06-30,2024-03-08,41,32757.9,Budapest,Mobile,28,11.0,3,206.23,0,0,232.54,Active,0
302245,2026-06-30,2024-12-13,43,50686.73,North,Mobile,19,5.0,1,34.15,0,0,225.96,Active,0
304396,2026-06-30,2025-12-23,47,30884.32,Budapest,Mobile,6,5.0,1,30.24,0,0,147.35,Active,0
307835,2026-06-30,2024-08-18,33,35777.95,Budapest,Web,22,7.0,0,0.0,0,0,242.63,Active,0
308403,2026-06-30,2024-01-16,27,18158.11,Budapest,Web,29,8.0,0,0.0,0,0,235.13,Active,0
308598,2026-06-30,2025-06-22,18,94892.68,West,Web,12,5.0,3,87.11,0,1,221.86,Active,0
305810,2026-06-30,2024-01-06,41,55403.86,West,Mobile,30,7.0,1,72.39,0,0,278.49,Loyal,0
300433,2026-06-30,2024-12-24,37,35861.78,Budapest,Web,18,6.0,2,177.37,0,0,173.45,Active,0
301655,2026-06-30,2024-03-30,50,106305.94,West,Web,27,12.0,0,0.0,0,1,215.67,Active,0
300179,2026-06-30,2025-05-16,29,56568.4,West,Web,13,5.0,0,1.99,0,0,215.75,Loyal,0
304120,2026-06-30,2024-02-05,55,49382.62,West,Web,29,8.0,0,0.0,0,0,215.41,Active,0
308707,2026-06-30,2024-04-07,38,39073.98,East,Web,27,6.0,4,198.78,0,0,174.45,Loyal,0
307482,2026-06-30,2025-10-25,48,65797.09,East,Store,8,9.0,2,153.47,0,0,170.98,Active,0
303107,2026-06-30,2024-06-18,32,75005.15,Budapest,Web,24,7.0,2,145.18,0,0,162.31,Loyal,0
301887,2026-06-30,2025-09-22,28,22886.84,East,Web,9,6.0,0,40.02,0,0,162.02,Active,0
308915,2026-06-30,2025-11-10,35,35787.83,East,Mobile,8,5.0,1,49.16,0,0,225.27,Loyal,0
301787,2026-06-30,2025-02-16,21,42590.06,Budapest,Web,16,3.0,0,0.0,1,0,173.62,Loyal,0
304360,2026-06-30,2025-06-10,58,123958.83,West,Web,13,5.0,3,180.54,0,0,208.61,Loyal,0
308737,2026-06-30,2025-03-28,26,15000.0,West,Mobile,15,3.0,2,129.77,0,0,146.24,Loyal,0
307865,2026-06-30,2025-04-17,45,27984.12,South,Web,14,10.0,0,1.25,1,1,277.54,Loyal,0
302182,2026-06-30,2024-09-10,58,44843.91,West,Web,22,3.0,2,179.96,0,0,173.31,Loyal,0
305492,2026-06-30,2025-06-09,32,43617.13,Budapest,Mobile,13,5.0,0,27.13,1,1,0.0,At Risk,1
304954,2026-06-30,2024-10-21,46,64041.83,North,Mobile,20,8.0,2,107.95,0,0,244.37,Active,0
302070,2026-06-30,2025-12-08,43,39993.01,West,Web,7,4.0,4,274.21,0,0,191.73,Active,0
305741,2026-06-30,2024-08-12,43,54793.66,Budapest,Web,23,9.0,4,286.64,0,0,225.38,Active,0
304995,2026-06-30,2024-04-14,32,31276.66,North,Web,27,14.0,1,44.83,0,0,152.65,Loyal,0
305604,2026-06-30,2025-04-21,21,50968.08,East,Web,14,7.0,0,2.79,0,0,197.44,Active,0
300881,2026-06-30,2025-04-11,38,30022.46,West,Store,15,11.0,2,71.14,0,0,214.58,Active,0
307925,2026-06-30,2025-06-13,38,24824.0,South,Store,13,11.0,1,50.56,0,0,259.89,Loyal,0
307310,2026-06-30,2025-05-22,25,47997.63,East,Mobile,13,8.0,3,48.14,0,0,184.8,Loyal,0
304669,2026-06-30,2024-07-26,52,26220.74,North,Web,23,10.0,1,54.93,0,0,171.42,Loyal,0
306817,2026-06-30,2025-10-14,41,48517.06,East,Mobile,9,10.0,0,0.0,0,0,175.56,Active,0
304210,2026-06-30,2024-10-14,29,29544.63,East,Mobile,20,14.0,3,150.56,0,0,163.71,Active,0
306631,2026-06-30,2025-07-06,37,17860.41,Budapest,Web,12,9.0,3,242.14,0,0,228.14,Active,0
303045,2026-06-30,2024-05-26,46,65721.1,South,Web,25,8.0,3,190.8,0,0,173.08,Loyal,0
305264,2026-06-30,2024-05-20,45,49115.78,Budapest,Web,25,8.0,4,291.56,0,0,182.36,Active,0
306365,2026-06-30,2025-02-11,48,23377.76,Budapest,Web,17,6.0,2,206.87,0,0,187.85,Loyal,0
301707,2026-06-30,2025-08-03,48,19129.18,Budapest,Web,11,5.0,3,153.67,0,0,162.65,Loyal,0
301159,2026-06-30,2025-08-31,19,47163.78,North,Web,10,5.0,2,44.11,0,0,134.84,Loyal,0
302307,2026-06-30,2025-04-20,37,73389.95,South,Mobile,14,8.0,1,63.25,0,0,159.23,Active,0
307737,2026-06-30,2024-06-17,56,22047.0,East,Web,24,7.0,2,147.29,0,0,323.85,Loyal,0
307837,2026-06-30,2024-08-23,48,25204.4,East,Mobile,22,9.0,2,98.17,0,0,206.78,Loyal,0
307934,2026-06-30,2024-09-09,52,45075.56,East,Mobile,22,10.0,3,244.18,0,0,138.08,Loyal,0
305591,2026-06-30,2025-10-22,40,22296.54,East,Mobile,8,6.0,3,234.24,0,0,274.21,Loyal,0
308166,2026-06-30,2025-07-17,44,33670.5,West,Web,11,9.0,0,36.98,0,0,176.04,Loyal,0
304186,2026-06-30,2025-01-01,33,56652.0,Budapest,Store,18,8.0,3,144.4,0,0,184.18,Active,0
308768,2026-06-30,2024-05-03,46,34176.22,South,Mobile,26,8.0,2,221.93,1,1,1.69,At Risk,1
306903,2026-06-30,2025-05-08,34,48328.97,North,Store,14,8.0,1,74.02,0,0,289.52,Active,0
304642,2026-06-30,2025-06-01,33,47663.5,South,Web,13,8.0,2,66.4,0,0,194.62,Active,0
301565,2026-06-30,2024-03-28,52,28429.73,West,Web,27,15.0,0,19.92,0,0,168.93,Loyal,0
301783,2026-06-30,2025-02-11,45,49975.83,South,Web,17,7.0,0,15.73,0,0,207.5,Active,0
305227,2026-06-30,2024-12-26,33,54759.22,North,Mobile,18,9.0,2,193.64,0,0,140.91,Active,0
306910,2026-06-30,2025-01-22,34,30544.32,West,Web,17,14.0,1,108.31,1,0,124.29,Active,0
303995,2026-06-30,2025-03-22,41,34085.59,East,Store,15,11.0,2,119.34,0,0,256.65,Active,0
300905,2026-06-30,2024-05-31,22,39187.87,Budapest,Mobile,25,5.0,1,71.8,0,0,288.39,Active,0
308788,2026-06-30,2024-04-18,43,16658.41,East,Mobile,26,5.0,2,26.21,0,0,235.52,Active,0
304195,2026-06-30,2025-02-27,39,33985.12,South,Web,16,6.0,0,33.05,0,0,217.6,Active,0
308833,2026-06-30,2025-05-15,38,41969.13,West,Mobile,14,7.0,2,119.29,0,0,245.9,Active,0
304627,2026-06-30,2024-07-14,33,,South,Web,24,13.0,2,91.26,0,0,161.98,Active,0
302081,2026-06-30,2024-10-23,36,52233.97,Budapest,Web,20,11.0,1,0.0,0,0,230.33,Active,0
301566,2026-06-30,2024-01-21,48,35177.27,West,Mobile,29,12.0,4,392.04,0,0,205.27,Active,0
304906,2026-06-30,2024-06-13,48,35607.06,South,Store,25,7.0,2,200.43,0,0,198.07,Loyal,0
303528,2026-06-30,2025-08-16,62,44731.7,West,Mobile,10,8.0,1,100.04,1,0,172.04,Loyal,0
305339,2026-06-30,2025-08-08,48,58698.82,South,Store,11,12.0,1,106.25,0,0,168.42,Active,0
307212,2026-06-30,2024-04-19,21,23144.94,South,Web,26,2.0,3,148.75,0,0,166.29,Active,0
305077,2026-06-30,2024-10-06,28,24199.09,North,Web,21,9.0,0,0.0,0,0,192.14,Active,0
303965,2026-06-30,2025-03-15,43,29603.45,Budapest,Store,16,12.0,4,4.14,0,0,237.97,Active,0
306109,2026-06-30,2025-05-05,59,42674.12,West,Web,14,3.0,1,46.17,0,0,204.73,Active,0
305282,2026-06-30,2025-08-09,47,39597.15,South,Web,11,10.0,3,191.39,0,0,201.69,Loyal,0
301114,2026-06-30,2024-12-28,40,31826.08,West,Mobile,18,5.0,1,24.48,0,0,207.3,Active,0
302647,2026-06-30,2025-09-14,45,57123.64,Budapest,Web,9,4.0,1,3.78,0,0,151.84,Active,0
303246,2026-06-30,2024-09-16,34,26611.15,East,Web,21,10.0,2,76.9,0,0,293.26,Loyal,0
308932,2026-06-30,2024-10-13,33,50011.12,North,Mobile,21,7.0,2,145.52,0,0,209.19,Active,0
307192,2026-06-30,2025-07-27,30,48503.75,North,Mobile,11,5.0,2,105.87,0,0,230.19,Active,0
305362,2026-06-30,2024-05-20,24,105588.1,East,Web,25,7.0,2,82.15,0,1,316.8,Active,0
302301,2026-06-30,2025-01-30,28,65938.03,Budapest,Mobile,17,10.0,3,215.8,0,0,195.6,Active,0
305749,2026-06-30,2025-10-06,52,42392.75,North,Mobile,9,12.0,0,3.46,0,0,262.95,Loyal,0
300255,2026-06-30,2024-03-11,49,154157.04,South,Mobile,28,7.0,2,164.61,0,0,241.47,Active,0
305410,2026-06-30,2024-11-20,43,34241.7,West,Web,19,5.0,0,0.0,0,0,224.61,Loyal,0
303470,2026-06-30,2024-04-19,42,25784.9,West,Store,26,9.0,1,53.26,0,0,197.05,Loyal,0
304986,2026-06-30,2025-05-01,31,37563.32,South,Web,14,4.0,2,183.05,0,0,231.87,Active,0
306927,2026-06-30,2025-11-17,35,43369.64,Budapest,Mobile,7,3.0,0,18.99,1,1,83.84,At Risk,1
305787,2026-06-30,2024-03-23,46,36135.88,South,Mobile,27,7.0,0,0.0,0,0,188.08,Loyal,0
308642,2026-06-30,2024-11-11,36,26424.26,East,Web,20,9.0,2,124.88,0,0,376.41,Active,0
306499,2026-06-30,2024-12-04,25,,North,Web,19,2.0,3,176.6,0,1,170.84,Active,0
305510,2026-06-30,2024-11-23,24,34613.05,East,Web,19,6.0,1,29.62,0,0,183.11,Loyal,0
302590,2026-06-30,2025-12-14,46,25412.68,Budapest,Mobile,7,9.0,2,96.88,0,0,208.87,Active,0
303065,2026-06-30,2025-05-23,47,26209.24,South,Web,13,8.0,2,93.09,0,0,268.28,Active,0
300304,2026-06-30,2024-04-11,35,49294.59,Budapest,Web,27,5.0,4,264.06,0,0,119.83,Loyal,0
307341,2026-06-30,2025-12-05,32,17486.83,Budapest,Web,7,5.0,3,52.39,0,0,170.58,Loyal,0
303734,2026-06-30,2024-01-07,50,85667.69,Budapest,Mobile,30,4.0,0,0.0,0,0,215.6,Active,0
307087,2026-06-30,2025-07-23,44,60233.98,Budapest,Mobile,11,,1,95.8,0,0,189.63,Loyal,0
303300,2026-06-30,2024-05-11,48,49499.67,East,Web,26,8.0,1,89.59,0,0,222.89,Active,0
303129,2026-06-30,2024-05-25,54,24571.59,South,Web,25,11.0,5,480.92,0,0,113.01,Active,0
301437,2026-06-30,2025-12-10,59,15000.0,West,Web,7,3.0,1,47.83,0,0,255.21,Active,0
306983,2026-06-30,2025-03-12,70,50266.66,West,Web,16,9.0,2,184.58,0,0,222.39,Loyal,0
306559,2026-06-30,2025-01-05,36,30181.03,East,Web,18,6.0,1,52.22,0,0,105.83,Active,0
300377,2026-06-30,2024-11-17,36,42633.06,East,Web,19,9.0,2,152.36,0,0,299.68,Active,0
301870,2026-06-30,2024-09-10,45,25108.88,East,Mobile,22,2.0,1,85.53,0,0,213.24,Loyal,0
308124,2026-06-30,2024-08-29,43,41178.84,West,Store,22,8.0,4,259.34,0,0,155.92,Active,0
304246,2026-06-30,2024-08-13,52,57603.15,Budapest,Web,23,10.0,1,126.59,0,0,209.02,Active,0
301835,2026-06-30,2025-10-12,30,43384.5,Budapest,Web,9,7.0,0,0.0,0,0,229.4,Loyal,0
301659,2026-06-30,2024-11-01,58,29512.98,Budapest,Mobile,20,9.0,1,107.33,1,0,271.45,Loyal,0
300756,2026-06-30,2025-04-27,40,48902.48,South,Mobile,14,8.0,2,82.03,0,0,166.86,Active,0
307019,2026-06-30,2025-08-19,33,47518.33,East,Mobile,10,8.0,3,179.39,0,1,0.0,At Risk,1
304447,2026-06-30,2024-12-02,26,21778.33,West,Mobile,19,10.0,2,167.06,0,0,239.39,Active,0
304302,2026-06-30,2025-05-19,56,67790.43,North,Web,13,6.0,0,0.0,1,1,12.99,At Risk,1
300291,2026-06-30,2025-01-06,61,51152.85,South,Web,18,7.0,0,0.0,0,0,191.99,Loyal,0
302237,2026-06-30,2024-03-05,30,39984.16,Budapest,Store,28,7.0,4,311.06,0,0,193.94,Active,0
306929,2026-06-30,2025-10-12,50,34255.27,Budapest,Mobile,9,4.0,1,61.43,0,0,286.15,Active,0
305667,2026-06-30,2024-03-12,50,37453.47,North,Web,28,8.0,1,152.47,0,0,268.2,Active,0
302119,2026-06-30,2025-07-16,36,26464.6,East,Mobile,11,15.0,1,66.67,0,0,217.06,Active,0
305049,2026-06-30,2025-10-13,34,33437.03,East,Mobile,9,13.0,1,0.0,0,0,141.8,Active,0
308671,2026-06-30,2025-05-02,36,29845.93,South,Store,14,7.0,1,100.12,0,0,146.67,Loyal,0
300502,2026-06-30,2024-03-26,37,52470.83,Budapest,Mobile,27,7.0,2,126.96,0,0,243.99,Active,0
306727,2026-06-30,2025-05-13,38,86733.86,North,Mobile,14,4.0,0,61.78,0,0,224.22,Active,0
305132,2026-06-30,2025-09-12,36,27666.14,North,Web,10,6.0,2,46.46,0,0,255.51,Active,0
304051,2026-06-30,2025-10-27,21,33208.85,West,Web,8,13.0,0,5.37,1,1,0.0,At Risk,1
301540,2026-06-30,2024-06-03,51,27996.77,East,Mobile,25,7.0,1,92.01,0,0,164.28,Loyal,0
305901,2026-06-30,2025-04-08,41,27248.58,West,Web,15,7.0,1,108.87,0,0,254.09,Active,0
301212,2026-06-30,2024-06-09,35,37077.67,Budapest,Mobile,25,10.0,3,235.36,1,0,187.42,Active,0
307704,2026-06-30,2024-04-09,45,25518.25,East,Store,27,8.0,0,28.19,0,0,254.87,Loyal,0
308284,2026-06-30,2024-11-19,32,53902.17,West,Store,19,9.0,2,12.47,0,0,116.39,Active,0
300673,2026-06-30,2024-04-01,51,63444.8,North,Web,27,4.0,2,148.84,0,0,197.49,Loyal,0
306544,2026-06-30,2025-09-19,43,31338.21,East,Web,9,7.0,0,0.0,0,0,153.22,Active,0
305262,2026-06-30,2025-08-07,49,52343.03,South,Mobile,11,7.0,3,217.06,0,0,264.79,Active,0
304802,2026-06-30,2024-07-19,32,120815.7,South,Web,23,13.0,4,260.63,1,1,0.0,At Risk,1
303038,2026-06-30,2025-02-15,58,30153.76,East,Store,16,7.0,1,42.48,0,0,138.39,Active,0
308397,2026-06-30,2025-09-27,38,49014.84,South,Mobile,9,7.0,1,33.05,0,0,274.9,Active,0
307785,2026-06-30,2025-10-19,29,111780.01,East,Mobile,8,10.0,1,15.0,0,0,268.15,Active,0
301465,2026-06-30,2025-08-22,33,39067.97,Budapest,Web,10,4.0,1,81.39,0,0,200.13,Loyal,0
304193,2026-06-30,2024-09-23,34,42727.54,Budapest,Web,21,10.0,1,27.35,0,0,207.31,Active,0
307824,2026-06-30,2024-02-09,39,37037.45,Budapest,Mobile,29,8.0,1,92.19,0,0,175.22,Loyal,0
301193,2026-06-30,2025-11-04,46,51861.99,West,Mobile,8,6.0,2,201.64,0,0,182.39,Loyal,0
303893,2026-06-30,2024-07-29,55,55828.36,Budapest,Web,23,7.0,1,109.54,0,0,272.51,Active,0
302265,2026-06-30,2024-08-31,52,47962.35,Budapest,Web,22,2.0,1,56.53,0,0,107.23,Loyal,0
300422,2026-06-30,2024-02-15,36,82122.48,North,Mobile,28,7.0,1,103.22,0,0,222.94,Active,0
300506,2026-06-30,2025-04-15,30,23726.38,Budapest,Mobile,14,7.0,2,204.16,0,0,220.94,Loyal,0
308088,2026-06-30,2024-01-07,43,127174.21,Budapest,Mobile,30,7.0,0,0.0,0,0,142.82,Active,0
302624,2026-06-30,2024-11-21,50,17632.42,West,Web,19,7.0,1,110.55,0,0,94.23,Active,0
301583,2026-06-30,2025-06-25,35,68943.86,Budapest,Store,12,8.0,1,21.05,0,0,239.58,Active,0
300507,2026-06-30,2025-12-24,44,39691.14,Budapest,Web,6,5.0,0,41.76,0,0,246.71,Loyal,0
303298,2026-06-30,2025-12-11,41,34178.34,North,Web,7,7.0,0,0.0,0,0,217.46,Loyal,0
302406,2026-06-30,2025-10-31,32,63104.76,West,Web,8,6.0,2,108.92,0,0,221.42,Active,0
305501,2026-06-30,2024-07-30,42,45214.7,South,Mobile,23,8.0,2,166.1,0,0,237.58,Loyal,0
305455,2026-06-30,2025-10-11,40,48050.23,Budapest,Store,9,7.0,4,298.99,0,0,186.66,Active,0
300622,2026-06-30,2025-04-30,61,48203.2,Budapest,Mobile,14,5.0,0,0.0,0,0,155.29,Active,0
302127,2026-06-30,2024-03-31,50,45586.95,West,Web,27,6.0,2,156.81,0,0,205.35,Active,0
304304,2026-06-30,2024-01-04,26,27141.05,North,Store,30,12.0,5,282.63,0,0,209.46,Active,0
304088,2026-06-30,2024-04-05,54,16380.54,Budapest,Store,27,7.0,2,121.93,0,0,267.19,Loyal,0
303917,2026-06-30,2024-03-13,50,34630.94,South,Web,28,7.0,1,33.89,0,0,174.94,Loyal,0
307276,2026-06-30,2025-07-21,57,37173.35,West,Web,11,9.0,0,9.91,0,0,234.15,Active,0
308024,2026-06-30,2024-09-24,18,44872.06,Budapest,Store,21,8.0,2,166.71,0,0,203.17,Loyal,0
300348,2026-06-30,2025-02-25,25,20737.77,East,Web,16,7.0,0,4.52,0,0,245.56,Active,0
300798,2026-06-30,2024-03-15,27,66857.11,North,Mobile,27,8.0,1,53.33,0,0,187.63,Active,0
308780,2026-06-30,2025-01-22,25,23111.1,West,Mobile,17,4.0,1,31.72,0,0,251.16,Active,0
302830,2026-06-30,2024-09-11,39,44893.88,South,Mobile,22,8.0,3,167.76,0,0,231.44,Active,0
307008,2026-06-30,2024-06-07,47,33622.78,East,Store,25,6.0,1,82.91,0,0,179.2,Active,0
304032,2026-06-30,2025-09-09,53,48384.39,East,Mobile,10,9.0,0,22.28,0,0,248.69,Active,0
308468,2026-06-30,2025-09-30,56,93387.17,South,Mobile,9,11.0,2,110.03,1,1,0.0,At Risk,1
307699,2026-06-30,2024-05-08,67,43467.45,Budapest,Store,26,5.0,2,118.33,0,0,243.98,Active,0
308778,2026-06-30,2024-10-07,25,46994.21,West,Store,21,10.0,2,95.05,0,0,189.11,Active,0
300313,2026-06-30,2025-12-30,51,34176.67,East,Web,6,11.0,3,201.03,0,0,227.37,Loyal,0
305131,2026-06-30,2025-08-10,46,39067.71,East,Mobile,11,9.0,1,63.18,0,0,236.65,Loyal,0
300747,2026-06-30,2025-01-29,31,35112.6,North,Store,17,10.0,2,121.69,0,0,225.62,Active,0
300791,2026-06-30,2024-12-12,43,45418.03,Budapest,Store,19,8.0,0,11.62,0,0,156.98,Loyal,0
302477,2026-06-30,2025-07-11,47,40555.29,Budapest,Web,12,5.0,1,28.27,0,0,110.8,Active,0
302025,2026-06-30,2025-10-08,33,90809.39,West,Web,9,3.0,2,165.42,0,0,220.22,Active,0
306292,2026-06-30,2025-02-09,37,25895.4,East,Web,17,9.0,1,40.0,0,0,141.05,Active,0
302571,2026-06-30,2024-01-21,43,56764.05,East,Web,29,7.0,1,58.71,0,0,110.2,Active,0
308933,2026-06-30,2024-01-26,46,26095.17,South,Mobile,29,7.0,3,170.6,0,0,219.52,Loyal,0
304330,2026-06-30,2025-11-12,31,29905.0,Budapest,Mobile,8,3.0,2,104.46,0,0,245.55,Active,0
307248,2026-06-30,2025-08-04,55,46700.28,South,Store,11,10.0,4,149.82,0,0,202.25,Active,0
305506,2026-06-30,2024-11-21,59,19271.45,East,Store,19,7.0,2,144.61,0,0,335.51,Active,0
304413,2026-06-30,2025-01-08,39,21072.95,Budapest,Web,18,5.0,0,8.66,0,0,153.06,Active,0
304272,2026-06-30,2025-01-13,35,24270.86,East,Store,18,10.0,1,13.37,0,0,174.16,Loyal,0
300260,2026-06-30,2024-10-18,18,29207.45,Budapest,Web,20,7.0,2,157.23,0,0,265.05,Loyal,0
302164,2026-06-30,2024-02-14,38,29710.65,West,Mobile,28,12.0,0,0.0,1,0,126.11,Active,0
301491,2026-06-30,2025-02-20,36,71454.28,East,Web,16,10.0,2,86.8,1,0,206.61,Active,0
300381,2026-06-30,2024-07-11,49,24942.51,Budapest,Mobile,24,11.0,1,94.71,0,0,242.15,Active,0
304996,2026-06-30,2025-06-03,23,30136.18,Budapest,Web,13,2.0,0,22.45,0,0,274.27,Loyal,0
307554,2026-06-30,2025-02-03,65,39587.82,North,Mobile,17,11.0,3,281.76,0,0,236.18,Active,0
301913,2026-06-30,2024-05-25,40,15000.0,East,Web,25,4.0,1,22.62,0,0,239.11,Loyal,0
306630,2026-06-30,2025-01-20,50,41520.07,East,Web,17,10.0,2,235.07,0,0,215.61,Active,0
300600,2026-06-30,2024-06-04,43,71506.08,South,Store,25,9.0,2,126.74,0,0,169.04,Loyal,0
300046,2026-06-30,2024-04-29,32,46294.91,East,Store,26,11.0,2,196.52,0,0,215.58,Active,0
301445,2026-06-30,2024-04-22,24,37140.78,Budapest,Mobile,26,6.0,0,0.0,0,0,212.49,Active,0
301653,2026-06-30,2025-02-06,57,42705.86,East,Web,17,6.0,4,197.17,0,0,179.73,Loyal,0
302700,2026-06-30,2025-01-21,47,34806.74,South,Mobile,17,10.0,5,225.89,1,0,206.74,Active,0
308070,2026-06-30,2025-06-09,24,70343.95,North,Mobile,13,4.0,1,93.64,0,0,217.86,Active,0
301894,2026-06-30,2025-10-12,31,22488.02,West,Web,9,13.0,0,0.0,0,0,227.92,Active,0
301945,2026-06-30,2025-09-27,49,46983.76,Budapest,Mobile,9,8.0,2,121.49,0,0,157.59,Active,0
302407,2026-06-30,2024-03-26,58,24562.16,North,Web,27,7.0,1,53.95,0,0,269.9,Active,0
305459,2026-06-30,2025-01-22,39,24148.34,Budapest,Web,17,6.0,3,267.39,0,0,217.55,Active,0
308878,2026-06-30,2024-01-11,44,26163.47,North,Mobile,30,,3,243.04,0,0,162.81,Active,0
304238,2026-06-30,2025-01-14,49,27743.03,Budapest,Web,17,10.0,2,77.07,0,0,109.46,Loyal,0
301967,2026-06-30,2025-09-13,40,64453.92,West,Mobile,10,8.0,2,167.51,0,0,205.68,Active,0
303096,2026-06-30,2024-08-13,32,29968.62,West,Web,23,5.0,0,0.0,0,0,142.86,Active,0
307071,2026-06-30,2024-12-23,38,61186.62,South,Store,18,8.0,1,95.16,0,0,208.68,Active,0
307616,2026-06-30,2024-02-07,35,30085.33,North,Store,29,6.0,2,67.66,0,0,267.19,Active,0
305723,2026-06-30,2024-02-04,18,59831.75,South,Store,29,7.0,2,156.71,0,0,253.49,Loyal,0
301601,2026-06-30,2025-06-06,31,109708.28,North,Mobile,13,6.0,0,0.0,0,0,307.19,Active,0
306122,2026-06-30,2024-04-21,35,17815.76,West,Mobile,26,6.0,2,145.26,0,0,144.59,Active,0
301393,2026-06-30,2024-09-13,39,56882.99,South,Mobile,22,9.0,1,64.58,0,0,185.75,Loyal,0
304604,2026-06-30,2025-10-04,54,59356.34,Budapest,Web,9,9.0,1,0.0,0,0,225.59,Active,0
303326,2026-06-30,2024-07-14,40,85204.48,South,Web,24,9.0,2,130.3,0,0,296.61,Active,0
304232,2026-06-30,2024-05-16,45,81807.33,South,Web,25,4.0,2,129.69,0,0,259.46,Active,0
304332,2026-06-30,2025-03-12,32,39497.79,Budapest,Web,16,13.0,4,346.97,0,0,243.67,Active,0
306757,2026-06-30,2024-04-24,53,32600.98,West,Store,26,6.0,0,45.01,0,0,179.41,Active,0
300427,2026-06-30,2025-06-06,33,21465.13,Budapest,Store,13,6.0,0,0.0,0,0,188.59,Active,0
305126,2026-06-30,2024-01-30,27,66512.67,South,Mobile,29,5.0,1,32.38,0,0,253.83,Active,0
302854,2026-06-30,2024-05-27,33,31692.24,Budapest,Store,25,6.0,2,78.9,0,0,277.77,Active,0
300411,2026-06-30,2024-05-17,30,102915.87,West,Mobile,25,5.0,0,0.0,0,0,164.65,Active,0
308269,2026-06-30,2024-03-26,30,28138.27,North,Store,27,6.0,0,0.0,0,0,175.04,Loyal,0
308134,2026-06-30,2024-12-05,41,35845.5,South,Mobile,19,9.0,1,71.45,0,0,152.69,Active,0
303769,2026-06-30,2024-04-30,59,25576.01,South,Web,26,7.0,5,376.78,0,0,215.35,Active,0
302487,2026-06-30,2024-08-21,45,19555.98,South,Mobile,22,8.0,4,215.72,0,0,102.71,Active,0
308913,2026-06-30,2024-01-16,40,103981.27,Budapest,Web,29,8.0,1,74.21,0,0,280.26,Active,0
300780,2026-06-30,2024-08-07,37,18524.69,West,Web,23,8.0,0,0.0,0,0,201.17,Active,0
307378,2026-06-30,2025-01-10,34,30989.67,South,Mobile,18,12.0,0,0.0,0,0,202.45,Active,0
304126,2026-06-30,2025-04-06,26,27242.22,North,Mobile,15,8.0,1,27.24,0,0,125.59,Loyal,0
308690,2026-06-30,2024-01-04,44,25165.53,Budapest,Store,30,9.0,0,29.84,0,0,218.51,Active,0
300211,2026-06-30,2025-09-27,52,32463.09,Budapest,Web,9,5.0,1,41.71,0,0,138.86,Active,0
302488,2026-06-30,2024-07-29,44,70133.92,East,Web,23,7.0,1,156.94,0,0,238.3,Active,0
308425,2026-06-30,2025-10-30,39,29885.68,East,Mobile,8,10.0,2,115.8,1,0,33.53,At Risk,1
306436,2026-06-30,2025-05-29,42,41094.3,Budapest,Web,13,9.0,0,1.55,0,0,261.65,Active,0
307658,2026-06-30,2024-10-28,29,57948.82,North,Web,20,9.0,1,100.95,0,0,185.66,Active,0
308827,2026-06-30,2024-08-30,37,15000.0,Budapest,Web,22,7.0,1,34.97,0,0,183.37,Active,0
301050,2026-06-30,2025-07-30,58,20104.51,North,Store,11,5.0,0,31.32,0,0,124.47,Loyal,0
308221,2026-06-30,2024-08-06,53,23857.57,Budapest,Store,23,4.0,0,0.0,0,0,250.54,Loyal,0
304367,2026-06-30,2025-04-23,28,144048.41,East,Mobile,14,4.0,2,21.58,0,0,167.98,Active,0
302036,2026-06-30,2025-01-09,37,23334.93,Budapest,Web,18,8.0,1,65.89,0,0,199.58,Active,0
306396,2026-06-30,2025-11-10,27,47168.18,Budapest,Mobile,8,9.0,2,130.2,0,0,317.46,Loyal,0
308675,2026-06-30,2025-05-15,51,52022.69,North,Store,14,6.0,1,60.04,0,0,122.01,Active,0
307583,2026-06-30,2025-05-04,23,66583.91,East,Web,14,5.0,1,50.06,0,0,175.67,Active,0
301973,2026-06-30,2024-12-06,36,41130.12,Budapest,Mobile,19,7.0,2,79.84,0,0,168.55,Active,0
305732,2026-06-30,2024-11-10,25,24264.37,Budapest,Mobile,20,8.0,0,0.0,0,0,189.04,Active,0
302100,2026-06-30,2024-11-07,55,45991.27,Budapest,Mobile,20,15.0,2,91.45,0,0,244.13,Active,0
301500,2026-06-30,2024-07-29,42,25872.32,Budapest,Web,23,8.0,2,176.55,0,0,208.4,Active,0
301110,2026-06-30,2024-01-30,20,22250.81,North,Web,29,7.0,1,67.0,0,0,194.94,Active,0
303990,2026-06-30,2025-10-06,52,17821.97,East,Web,9,9.0,3,214.25,0,0,105.75,Active,0
304192,2026-06-30,2025-08-22,46,29481.17,South,Mobile,10,8.0,3,160.22,0,0,144.57,Active,0
300653,2026-06-30,2024-09-02,33,31242.42,West,Mobile,22,8.0,1,151.92,0,0,237.71,Loyal,0
306049,2026-06-30,2024-12-09,36,30918.67,North,Web,19,9.0,1,106.74,0,0,218.87,Active,0
302733,2026-06-30,2024-12-19,51,22427.33,East,Store,18,6.0,0,0.0,1,0,0.0,At Risk,1
303035,2026-06-30,2024-03-04,54,30061.7,Budapest,Store,28,9.0,1,73.11,0,0,157.9,Active,0
300243,2026-06-30,2025-06-30,30,39075.71,South,Mobile,12,11.0,1,62.53,0,0,173.11,Loyal,0
301796,2026-06-30,2024-12-22,54,24909.92,West,Mobile,18,8.0,2,171.95,0,0,252.22,Active,0
301703,2026-06-30,2025-06-30,32,32043.82,Budapest,Web,12,10.0,1,34.2,0,0,191.2,Active,0
305833,2026-06-30,2025-02-18,54,61076.76,South,Web,16,7.0,1,69.29,0,0,265.14,Loyal,0
305720,2026-06-30,2024-02-03,22,47352.99,Budapest,Store,29,3.0,2,113.37,0,0,203.01,Loyal,0
306712,2026-06-30,2025-02-24,42,44317.19,East,Mobile,16,8.0,1,89.33,0,1,276.23,Active,0
301499,2026-06-30,2024-03-03,52,18116.04,North,Mobile,28,3.0,1,61.91,0,0,148.13,Active,0
302757,2026-06-30,2025-02-02,47,36595.52,Budapest,Mobile,17,8.0,2,169.14,0,0,265.6,Active,0
306691,2026-06-30,2025-09-04,64,15000.0,South,Mobile,10,11.0,3,289.24,0,0,214.89,Active,0
305365,2026-06-30,2025-03-14,31,16470.65,West,Store,16,4.0,0,23.99,0,0,163.89,Active,0
302179,2026-06-30,2024-05-11,41,73053.79,West,Store,26,7.0,5,272.19,0,0,150.93,Active,0
308536,2026-06-30,2024-10-08,53,51006.71,South,Mobile,21,13.0,1,62.28,0,0,230.37,Active,0
304253,2026-06-30,2024-06-03,34,23612.84,West,Store,25,15.0,2,197.23,1,0,196.98,Active,0
307949,2026-06-30,2025-11-02,21,32724.2,West,Web,8,7.0,3,166.81,0,1,236.46,Active,0
308365,2026-06-30,2025-07-15,43,41786.79,East,Mobile,11,13.0,4,456.72,0,1,203.75,Active,0
303839,2026-06-30,2024-12-31,39,92382.72,West,Web,18,4.0,2,72.74,0,0,159.46,Loyal,0
300706,2026-06-30,2024-07-06,39,34416.06,West,Web,24,10.0,0,0.0,0,0,279.23,Active,0
301873,2026-06-30,2025-12-07,34,56221.67,South,Web,7,3.0,1,124.79,1,0,151.94,Active,0
303847,2026-06-30,2025-02-10,48,15000.0,East,Store,17,3.0,0,24.65,1,1,0.0,At Risk,1
303932,2026-06-30,2025-07-24,48,18959.05,East,Mobile,11,6.0,1,47.79,0,0,161.68,Active,0
304795,2026-06-30,2024-10-08,55,49871.51,Budapest,Web,21,9.0,1,149.74,0,0,270.44,Active,0
305261,2026-06-30,2025-08-08,29,66549.24,Budapest,Mobile,11,9.0,3,121.87,0,0,233.36,Active,0
308519,2026-06-30,2025-03-25,31,60738.81,South,Mobile,15,6.0,1,102.2,0,0,259.1,Active,0
306594,2026-06-30,2025-08-03,53,61202.79,West,Web,11,5.0,0,46.52,0,0,160.16,Active,0
304382,2026-06-30,2025-10-13,50,27312.79,East,Store,9,11.0,1,38.63,0,0,201.5,Active,0
307686,2026-06-30,2025-03-23,28,21048.53,Budapest,Web,15,8.0,3,184.45,0,0,195.26,Active,0
304254,2026-06-30,2025-10-29,18,15000.0,North,Mobile,8,7.0,3,159.67,0,0,275.82,Active,0
306947,2026-06-30,2025-01-10,42,30430.65,Budapest,Web,18,11.0,0,0.0,0,0,189.73,Active,0
300566,2026-06-30,2024-12-28,34,42468.9,East,Mobile,18,6.0,1,64.96,1,0,232.67,Loyal,0
308698,2026-06-30,2024-01-14,56,15000.0,North,Web,30,8.0,2,101.91,0,0,301.23,Active,0
307840,2026-06-30,2024-05-07,39,111667.83,Budapest,Web,26,10.0,1,57.54,0,0,148.41,Active,0
303356,2026-06-30,2025-07-10,40,26930.84,East,Web,12,7.0,0,0.0,0,0,265.09,Active,0
302988,2026-06-30,2025-04-23,46,37808.38,West,Store,14,5.0,1,34.65,0,0,326.4,Active,0
300641,2026-06-30,2025-11-25,47,27463.85,Budapest,Mobile,7,5.0,1,43.03,0,0,260.75,Active,0
303747,2026-06-30,2025-11-22,57,20664.95,East,Store,7,14.0,2,103.52,0,0,191.42,Active,0
308838,2026-06-30,2024-06-18,53,61608.31,East,Web,24,11.0,2,242.08,0,1,188.25,Loyal,0
302779,2026-06-30,2024-11-07,38,15000.0,North,Web,20,7.0,2,111.34,0,0,243.22,Active,0
300508,2026-06-30,2024-03-25,62,30611.77,Budapest,Store,27,11.0,0,87.55,0,0,167.75,Active,0
308317,2026-06-30,2025-10-05,36,15000.0,Budapest,Mobile,9,3.0,1,8.09,0,0,238.44,Active,0
301965,2026-06-30,2025-12-12,46,54743.91,East,Mobile,7,8.0,3,189.14,0,0,138.77,Loyal,0
308542,2026-06-30,2025-03-30,46,52196.36,West,Web,15,8.0,1,56.22,0,0,242.29,Active,0
301535,2026-06-30,2025-09-09,46,47010.66,West,Mobile,10,10.0,3,202.85,0,0,165.93,Loyal,0
300326,2026-06-30,2024-06-16,47,63068.55,North,Store,24,2.0,3,241.45,0,0,173.29,Active,0
305038,2026-06-30,2024-09-16,50,36979.08,South,Store,21,9.0,0,83.29,0,0,167.61,Loyal,0
302339,2026-06-30,2025-06-24,47,29563.62,Budapest,Mobile,12,10.0,2,103.97,0,0,223.21,Active,0
303529,2026-06-30,2024-12-15,40,53165.48,East,Web,18,7.0,0,11.79,0,0,264.45,Loyal,0
305957,2026-06-30,2024-10-31,25,33845.3,Budapest,Mobile,20,10.0,0,0.0,0,0,163.27,Loyal,0
307823,2026-06-30,2025-12-10,37,80073.78,Budapest,Web,7,10.0,0,0.0,0,0,134.1,Loyal,0
302238,2026-06-30,2024-02-19,42,66319.87,South,Mobile,28,7.0,3,181.79,0,0,235.18,Active,0
308025,2026-06-30,2024-08-19,22,28783.01,Budapest,Web,22,12.0,0,11.74,0,1,325.06,Loyal,0
304683,2026-06-30,2025-02-12,52,45266.54,East,Store,17,5.0,2,47.57,1,1,0.0,At Risk,1
308436,2026-06-30,2024-07-20,39,16190.92,West,Web,23,8.0,3,210.28,0,0,54.82,Active,0
308786,2026-06-30,2025-11-04,59,31897.99,North,Web,8,9.0,0,19.28,0,0,240.6,Loyal,0
305844,2026-06-30,2024-09-07,45,27587.76,South,Web,22,6.0,1,130.25,0,0,183.11,Active,0
308966,2026-06-30,2025-02-09,46,22874.05,South,Web,17,11.0,2,83.41,0,0,184.53,Active,0
300865,2026-06-30,2025-02-04,54,28066.78,North,Web,17,,2,158.05,0,0,185.75,Active,0
308485,2026-06-30,2025-07-29,48,36520.72,East,Web,11,5.0,3,172.64,0,0,199.47,Active,0
308319,2026-06-30,2025-05-07,52,31711.57,East,Store,14,9.0,3,123.7,0,0,124.49,Active,0
303206,2026-06-30,2024-08-24,21,40501.5,South,Store,22,,1,52.14,1,0,97.5,Loyal,0
307708,2026-06-30,2024-05-24,31,68148.21,East,Mobile,25,6.0,0,0.0,0,0,191.0,Loyal,0
302816,2026-06-30,2025-08-15,54,26888.11,South,Web,10,6.0,2,174.44,0,0,88.44,Loyal,0
306616,2026-06-30,2025-09-21,46,34566.47,West,Web,9,6.0,0,0.0,0,0,197.18,Active,0
304285,2026-06-30,2025-11-30,55,45189.52,East,Web,7,8.0,2,119.32,0,0,172.2,Active,0
300372,2026-06-30,2024-01-02,38,50265.23,West,Mobile,30,6.0,2,120.68,0,0,173.77,Active,0
304554,2026-06-30,2024-09-12,24,49796.83,East,Mobile,22,7.0,1,37.56,0,0,207.11,Active,0
306792,2026-06-30,2025-02-16,40,23979.91,South,Web,16,,1,59.51,0,0,217.91,Active,0
303669,2026-06-30,2024-01-26,36,63257.52,West,Web,29,8.0,1,62.48,0,0,191.51,Active,0
302543,2026-06-30,2025-03-07,25,45803.38,Budapest,Web,16,9.0,1,44.25,0,0,139.02,Loyal,0
307881,2026-06-30,2025-12-25,33,23416.42,West,Store,6,5.0,1,61.85,0,0,225.46,Loyal,0
304835,2026-06-30,2025-06-28,46,22236.88,West,Store,12,9.0,0,0.0,0,0,184.63,Active,0
307072,2026-06-30,2024-03-01,50,29715.94,Budapest,Web,28,5.0,1,51.71,0,0,236.79,Active,0
305584,2026-06-30,2024-05-27,30,35747.74,North,Web,25,8.0,2,167.2,0,0,132.99,Loyal,0
308893,2026-06-30,2025-08-16,38,52867.45,Budapest,Mobile,10,5.0,0,34.53,0,0,69.44,Active,0
302365,2026-06-30,2025-04-08,35,63882.26,Budapest,Web,15,6.0,1,53.16,0,0,228.69,Loyal,0
306621,2026-06-30,2025-08-30,26,18809.58,South,Web,10,6.0,3,129.13,0,0,248.1,Active,0
301361,2026-06-30,2024-09-13,57,32314.64,East,Mobile,22,9.0,4,338.78,0,0,182.2,Active,0
300912,2026-06-30,2025-05-25,56,36137.05,Budapest,Mobile,13,4.0,1,114.66,0,0,136.53,Active,0
308213,2026-06-30,2025-02-22,36,41578.29,East,Store,16,5.0,2,79.89,0,0,111.27,Active,0
307542,2026-06-30,2025-05-01,47,33135.61,Budapest,Store,14,9.0,1,25.79,0,0,202.42,Active,0
305352,2026-06-30,2025-08-18,49,39728.66,West,Web,10,7.0,2,114.21,0,0,204.84,Active,0
303845,2026-06-30,2024-04-11,30,48030.5,East,Store,27,6.0,0,8.58,0,0,161.66,Active,0
303667,2026-06-30,2024-12-30,67,31361.24,East,Mobile,18,8.0,2,169.15,1,0,236.97,Active,0
305358,2026-06-30,2024-04-19,38,47751.77,Budapest,Web,26,4.0,2,95.52,0,0,183.5,Active,0
307570,2026-06-30,2024-03-16,46,22803.06,North,Store,27,6.0,2,192.68,0,0,275.78,Active,0
300965,2026-06-30,2025-04-25,45,75534.24,East,Web,14,12.0,2,88.87,0,0,146.21,Loyal,0
308067,2026-06-30,2025-11-19,44,55221.51,Budapest,Mobile,7,8.0,1,16.25,0,0,159.35,Active,0
301424,2026-06-30,2025-04-23,42,34377.32,East,Mobile,14,4.0,2,90.85,0,0,288.65,Loyal,0
300123,2026-06-30,2025-08-30,46,42318.72,West,Mobile,10,9.0,1,63.64,0,0,214.0,Active,0
300480,2026-06-30,2025-12-18,42,30107.95,West,Web,6,7.0,2,133.2,0,0,190.33,Active,0
300663,2026-06-30,2025-06-28,55,21462.07,West,Mobile,12,8.0,0,0.0,0,0,282.01,Active,0
303488,2026-06-30,2025-02-26,54,26990.6,Budapest,Web,16,7.0,2,95.64,1,1,0.0,At Risk,1
307194,2026-06-30,2024-08-11,42,35512.37,Budapest,Mobile,23,13.0,1,78.76,0,0,149.5,Active,0
305553,2026-06-30,2024-10-15,32,20849.22,West,Mobile,20,5.0,0,0.0,0,0,142.43,Active,0
306508,2026-06-30,2025-12-22,50,33541.88,Budapest,Web,6,4.0,0,0.0,0,0,230.16,Loyal,0
302989,2026-06-30,2024-04-11,43,51883.15,East,Mobile,27,9.0,1,41.59,0,0,215.28,Active,0
303275,2026-06-30,2024-05-30,18,18251.21,Budapest,Mobile,25,11.0,2,161.16,0,0,155.66,Loyal,0
302777,2026-06-30,2025-10-21,46,35721.29,East,Mobile,8,13.0,2,157.38,0,0,165.1,Active,0
300440,2026-06-30,2025-02-16,31,31599.53,East,Mobile,16,5.0,2,104.38,0,0,195.86,Loyal,0
301380,2026-06-30,2025-05-04,57,81126.29,Budapest,Web,14,8.0,1,81.73,0,0,221.57,Loyal,0
308624,2026-06-30,2025-09-24,43,42010.46,Budapest,Web,9,7.0,2,52.81,0,0,219.79,Active,0
305594,2026-06-30,2024-03-02,18,29676.94,East,Store,28,9.0,1,71.44,0,0,180.5,Loyal,0
307522,2026-06-30,2024-11-17,38,36750.24,South,Web,19,11.0,2,164.87,0,0,187.49,Active,0
305397,2026-06-30,2025-01-02,31,41154.89,East,Web,18,6.0,1,29.56,0,0,98.79,Active,0
301444,2026-06-30,2024-09-27,53,17685.72,West,Web,21,7.0,0,51.58,0,0,170.62,Active,0
305457,2026-06-30,2024-12-04,41,15554.86,Budapest,Mobile,19,2.0,2,110.39,0,0,126.51,Active,0
306839,2026-06-30,2025-01-29,49,30956.32,Budapest,Web,17,10.0,1,39.61,0,0,171.12,Active,0
301478,2026-06-30,2024-02-07,43,76255.91,Budapest,Store,29,11.0,2,122.31,0,0,223.88,Active,0
302040,2026-06-30,2025-06-13,50,29000.99,South,Store,13,7.0,1,14.79,0,0,135.32,Loyal,0
301174,2026-06-30,2025-06-14,33,15000.0,East,Store,13,7.0,1,73.78,0,0,154.98,Loyal,0
305640,2026-06-30,2025-05-20,37,53128.15,South,Web,13,4.0,1,43.68,0,0,126.5,Active,0
306082,2026-06-30,2025-05-18,31,30369.34,West,Web,13,10.0,3,162.43,0,0,262.96,Loyal,0
308486,2026-06-30,2025-12-13,46,71388.27,South,Web,7,7.0,1,137.68,0,0,187.48,Active,0
303933,2026-06-30,2025-01-26,34,21142.17,East,Web,17,14.0,5,373.25,0,0,152.02,Active,0
305213,2026-06-30,2024-05-30,41,39474.63,Budapest,Web,25,5.0,1,78.13,0,0,248.79,Active,0
304417,2026-06-30,2024-12-18,40,49819.2,Budapest,Web,18,10.0,3,208.02,0,0,202.38,Loyal,0
302894,2026-06-30,2024-12-08,26,42468.65,East,Web,19,7.0,1,48.44,0,0,209.29,Loyal,0
302670,2026-06-30,2025-09-11,39,40650.19,Budapest,Store,10,16.0,2,110.25,0,0,122.19,Active,0
304900,2026-06-30,2024-10-28,51,65877.69,Budapest,Web,20,7.0,0,58.93,0,0,232.97,Active,0
300280,2026-06-30,2025-02-08,51,15000.0,Budapest,Mobile,17,6.0,1,53.62,0,0,172.24,Loyal,0
303951,2026-06-30,2025-06-06,57,36507.68,East,Store,13,6.0,3,191.07,0,0,177.24,Loyal,0
305521,2026-06-30,2025-04-04,41,20514.67,South,Mobile,15,6.0,1,28.97,0,0,207.5,Active,0
308368,2026-06-30,2025-08-07,63,19910.86,West,Mobile,11,10.0,3,263.35,0,0,197.45,Active,0
302572,2026-06-30,2025-05-17,42,34359.43,South,Web,13,5.0,0,0.0,0,0,154.99,Active,0
307849,2026-06-30,2024-12-11,45,19037.12,Budapest,Web,19,5.0,1,59.92,0,0,179.13,Loyal,0
301102,2026-06-30,2025-09-11,18,21086.13,Budapest,Store,10,5.0,1,13.37,0,0,97.18,Active,0
300569,2026-06-30,2025-11-18,21,53770.01,Budapest,Store,7,8.0,2,132.35,0,0,207.22,Active,0
301695,2026-06-30,2024-03-22,33,28773.66,Budapest,Web,27,9.0,0,0.0,1,0,251.76,Active,0
303296,2026-06-30,2024-10-25,39,28319.9,Budapest,Mobile,20,4.0,2,105.43,1,1,55.38,At Risk,1
303899,2026-06-30,2025-11-21,33,34776.05,South,Mobile,7,9.0,0,49.41,0,0,191.28,Active,0
303718,2026-06-30,2025-03-17,41,79655.93,Budapest,Store,15,6.0,1,95.06,0,0,147.06,Active,0
307836,2026-06-30,2025-08-29,52,22665.31,South,Web,10,4.0,0,47.26,0,0,43.41,Active,0
304748,2026-06-30,2025-01-14,54,111833.31,East,Store,17,11.0,1,77.24,0,0,251.07,Loyal,0
300578,2026-06-30,2025-09-12,61,93725.07,Budapest,Mobile,10,6.0,2,160.5,0,0,174.78,Loyal,0
300060,2026-06-30,2025-05-17,55,27404.03,West,Mobile,13,6.0,1,0.0,0,0,191.79,Active,0
303111,2026-06-30,2025-10-21,45,87504.2,East,Mobile,8,2.0,0,0.0,0,0,187.67,Active,0
300788,2026-06-30,2025-05-13,42,27106.41,West,Mobile,14,6.0,0,12.86,0,0,225.67,Active,0
304708,2026-06-30,2025-09-03,33,29347.05,North,Web,10,8.0,0,26.02,0,0,159.23,Active,0
305611,2026-06-30,2024-07-06,26,32732.11,South,Web,24,10.0,1,31.64,0,0,167.91,Active,0
303321,2026-06-30,2024-01-09,48,30815.71,North,Web,30,11.0,3,129.14,0,0,230.71,Active,0
306378,2026-06-30,2024-04-18,28,37196.89,West,Web,26,10.0,1,57.86,0,0,274.45,Active,0
305364,2026-06-30,2025-04-26,37,33299.29,North,Web,14,8.0,2,98.3,0,0,184.85,Active,0
303466,2026-06-30,2025-07-19,30,39468.23,South,Mobile,11,4.0,0,0.0,0,0,257.49,Active,0
308959,2026-06-30,2025-01-21,36,28384.16,West,Mobile,17,7.0,0,0.0,1,0,162.61,Loyal,0
306493,2026-06-30,2025-04-15,42,39036.62,West,Mobile,14,5.0,2,121.47,0,0,177.14,Active,0
306290,2026-06-30,2024-07-31,45,74032.37,Budapest,Web,23,6.0,1,75.02,0,0,191.72,Active,0
303439,2026-06-30,2024-01-13,37,104096.79,North,Web,30,13.0,2,86.32,0,0,230.61,Loyal,0
306812,2026-06-30,2024-08-14,54,51553.51,Budapest,Web,23,8.0,2,99.07,0,0,124.84,Active,0
303232,2026-06-30,2025-04-12,54,51964.84,Budapest,Web,15,5.0,0,0.0,1,0,60.38,At Risk,1
303858,2026-06-30,2024-09-27,44,82700.11,South,Web,21,15.0,2,201.02,0,0,238.18,Active,0
300336,2026-06-30,2024-05-01,52,54928.5,East,Web,26,6.0,0,0.0,0,0,275.88,Active,0
308611,2026-06-30,2025-05-13,25,85784.84,Budapest,Web,14,11.0,1,83.95,0,0,182.83,Active,0
304709,2026-06-30,2025-12-30,48,41276.12,West,Store,6,5.0,3,185.64,1,0,184.41,Loyal,0
306505,2026-06-30,2024-01-22,26,22080.03,North,Mobile,29,9.0,0,25.9,0,0,251.9,Active,0
305027,2026-06-30,2024-02-05,30,34447.1,Budapest,Store,29,12.0,1,60.97,0,0,278.99,Active,0
300468,2026-06-30,2025-10-11,41,78891.72,East,Mobile,9,10.0,1,77.82,0,0,182.54,Active,0
300185,2026-06-30,2025-09-19,34,15019.41,South,Mobile,9,8.0,1,105.57,0,0,142.5,Loyal,0
303781,2026-06-30,2025-12-18,37,86418.97,Budapest,Store,6,13.0,2,190.57,0,0,184.52,Active,0
307637,2026-06-30,2025-06-02,44,53691.25,East,Mobile,13,5.0,2,119.16,0,0,192.34,Loyal,0
300421,2026-06-30,2024-10-24,41,15559.09,South,Store,20,8.0,1,99.25,0,0,209.23,Loyal,0
302351,2026-06-30,2025-07-24,38,48688.09,North,Mobile,11,12.0,1,60.5,0,0,200.19,Loyal,0
300554,2026-06-30,2024-04-07,38,30008.82,South,Mobile,27,5.0,1,77.83,0,0,157.29,Loyal,0
301398,2026-06-30,2025-10-04,37,28767.02,East,Store,9,6.0,4,180.07,0,0,178.71,Active,0
301385,2026-06-30,2025-06-24,45,44460.14,South,Web,12,8.0,1,97.79,0,1,0.0,At Risk,1
308012,2026-06-30,2025-08-05,42,35145.68,East,Web,11,8.0,0,39.37,0,0,246.98,Active,0
308023,2026-06-30,2025-01-30,32,,West,Web,17,7.0,1,34.67,0,0,224.56,Active,0
301761,2026-06-30,2025-03-23,48,50732.5,East,Mobile,15,8.0,1,75.76,0,0,188.53,Active,0
304867,2026-06-30,2024-01-03,21,38285.41,South,Web,30,8.0,1,123.74,0,0,199.42,Active,0
300298,2026-06-30,2024-07-20,38,22448.06,Budapest,Web,23,9.0,0,0.0,0,0,211.41,Active,0
300444,2026-06-30,2025-07-16,55,27214.77,Budapest,Store,11,8.0,4,184.98,0,0,223.92,Active,0
300778,2026-06-30,2024-12-27,53,26590.08,Budapest,Mobile,18,5.0,2,142.18,0,0,307.09,Active,0
301120,2026-06-30,2025-09-21,44,26456.97,Budapest,Web,9,8.0,0,0.0,0,0,207.82,Loyal,0
306131,2026-06-30,2025-02-07,35,33081.31,East,Store,17,10.0,1,35.24,1,1,0.0,At Risk,1
304767,2026-06-30,2025-10-13,42,27152.35,South,Mobile,9,11.0,1,39.19,0,0,153.39,Active,0
306968,2026-06-30,2025-02-21,38,54958.03,East,Store,16,9.0,0,19.29,0,0,161.81,Loyal,0
301922,2026-06-30,2024-04-27,30,28736.25,Budapest,Mobile,26,6.0,2,192.73,0,0,171.4,Active,0
300656,2026-06-30,2024-04-18,25,15000.0,Budapest,Mobile,26,11.0,1,36.94,0,0,148.24,Active,0
306555,2026-06-30,2025-02-25,26,39575.32,West,Mobile,16,9.0,1,76.97,0,0,196.27,Active,0
302230,2026-06-30,2025-10-20,53,91291.98,Budapest,Store,8,5.0,2,89.06,0,0,237.28,Active,0
304687,2026-06-30,2024-03-20,53,28315.05,Budapest,Store,27,7.0,2,101.71,0,0,211.27,Active,0
302843,2026-06-30,2025-09-02,38,43375.67,East,Mobile,10,10.0,2,136.13,0,0,160.45,Loyal,0
302538,2026-06-30,2025-04-08,22,41892.75,West,Store,15,7.0,0,8.75,0,0,229.26,Active,0
307707,2026-06-30,2025-04-11,44,27876.97,Budapest,Web,15,4.0,1,100.95,0,0,196.75,Loyal,0
306907,2026-06-30,2025-01-09,23,22510.53,East,Web,18,4.0,2,30.65,0,0,186.23,Loyal,0
308504,2026-06-30,2024-08-14,53,24785.14,Budapest,Mobile,23,4.0,4,376.39,0,0,186.85,Active,0
302541,2026-06-30,2024-01-03,26,20895.18,North,Web,30,7.0,4,342.05,0,0,286.44,Active,0
304040,2026-06-30,2025-07-02,38,32958.46,South,Web,12,6.0,1,71.94,0,0,143.08,Loyal,0
305283,2026-06-30,2025-02-25,32,37442.44,East,Mobile,16,8.0,0,0.0,0,0,237.67,Active,0
302458,2026-06-30,2025-02-09,43,48136.89,North,Mobile,17,20.0,4,222.89,0,0,222.37,Active,0
302579,2026-06-30,2024-02-13,54,53592.91,Budapest,Mobile,29,10.0,4,395.05,0,0,203.73,Active,0
307733,2026-06-30,2025-04-03,35,48890.45,East,Store,15,4.0,0,0.21,0,0,218.37,Active,0
303574,2026-06-30,2024-11-28,41,31950.92,Budapest,Mobile,19,9.0,0,28.07,0,0,303.62,Active,0
308826,2026-06-30,2025-10-21,31,39935.49,West,Web,8,14.0,0,0.0,0,0,96.34,Active,0
302759,2026-06-30,2025-01-12,56,22722.51,Budapest,Mobile,18,10.0,2,107.94,0,0,173.35,Active,0
306743,2026-06-30,2024-06-06,35,69696.74,East,Web,25,6.0,2,116.08,0,0,107.23,Active,0
307537,2026-06-30,2024-02-23,56,36589.8,West,Mobile,28,12.0,2,103.23,0,0,80.36,Active,0
300559,2026-06-30,2025-06-15,62,31377.34,Budapest,Mobile,12,7.0,1,87.84,0,0,250.07,Active,0
300321,2026-06-30,2024-05-27,45,15000.0,East,Store,25,9.0,4,355.33,0,1,234.72,Loyal,0
303040,2026-06-30,2025-08-06,49,45372.17,East,Web,11,10.0,2,85.27,0,0,277.44,Active,0
301372,2026-06-30,2024-10-06,48,16709.99,South,Web,21,4.0,1,113.29,0,0,190.95,Loyal,0
303297,2026-06-30,2025-10-15,40,21415.82,West,Mobile,8,2.0,0,8.01,1,1,0.0,At Risk,1
304218,2026-06-30,2024-09-17,49,23694.4,South,Web,21,9.0,3,70.09,0,0,217.29,Loyal,0
300908,2026-06-30,2025-02-26,52,45550.51,East,Web,16,4.0,5,317.16,0,0,162.07,Loyal,0
304887,2026-06-30,2024-05-16,32,71263.95,South,Store,25,8.0,5,462.06,0,0,200.53,Active,0
301434,2026-06-30,2025-09-21,47,55732.23,West,Web,9,10.0,1,103.45,0,0,151.86,Active,0
307952,2026-06-30,2025-07-04,43,30695.0,North,Web,12,5.0,2,159.42,1,0,170.66,Loyal,0
305494,2026-06-30,2024-10-14,44,63789.37,Budapest,Web,20,12.0,2,122.63,0,0,244.29,Active,0
304056,2026-06-30,2025-02-23,56,22060.44,South,Web,16,7.0,0,22.86,0,0,166.83,Active,0
307444,2026-06-30,2025-02-08,35,23077.29,West,Web,17,7.0,1,115.8,0,0,170.0,Active,0
304998,2026-06-30,2024-10-17,23,51207.95,South,Web,20,5.0,0,42.67,0,0,228.45,Active,0
303160,2026-06-30,2025-01-22,25,40921.9,South,Mobile,17,10.0,0,20.93,0,0,240.59,Loyal,0
308740,2026-06-30,2024-08-17,33,16055.24,Budapest,Web,22,7.0,0,0.0,0,0,286.16,Active,0
300927,2026-06-30,2024-04-01,47,17164.89,West,Mobile,27,12.0,1,96.96,0,0,157.33,Loyal,0
305041,2026-06-30,2024-05-17,55,34099.04,Budapest,Store,25,5.0,1,61.17,0,0,192.06,Loyal,0
302471,2026-06-30,2024-12-01,31,21223.58,East,Mobile,19,9.0,2,86.34,0,1,256.86,Active,0
300016,2026-06-30,2024-04-10,42,25328.5,North,Web,27,8.0,2,174.25,0,0,196.86,Active,0
300144,2026-06-30,2025-07-25,51,33467.11,North,Web,11,8.0,1,86.73,0,0,150.2,Active,0
307473,2026-06-30,2024-04-22,46,71545.06,East,Web,26,5.0,0,32.25,0,0,335.24,Active,0
302364,2026-06-30,2024-02-02,26,24655.81,West,Mobile,29,10.0,3,188.23,0,0,230.78,Active,0
305359,2026-06-30,2024-06-14,45,56549.28,Budapest,Web,25,10.0,3,50.53,0,0,135.07,Active,0
307123,2026-06-30,2024-05-02,37,20923.62,South,Web,26,5.0,1,44.0,0,0,157.88,Active,0
301162,2026-06-30,2024-06-26,43,56148.42,Budapest,Mobile,24,6.0,1,45.28,0,0,185.24,Active,0
304809,2026-06-30,2025-07-24,69,35109.61,East,Store,11,10.0,2,78.15,0,0,112.96,Loyal,0
308526,2026-06-30,2024-01-07,60,16320.98,West,Mobile,30,5.0,0,66.04,1,0,147.58,Loyal,0
304242,2026-06-30,2024-01-20,41,33220.95,Budapest,Web,29,7.0,0,0.0,0,0,173.31,Active,0
303575,2026-06-30,2025-09-07,27,30633.61,East,Web,10,8.0,4,121.68,0,0,187.7,Loyal,0
301205,2026-06-30,2024-08-31,37,26216.09,West,Mobile,22,9.0,2,114.45,0,1,304.28,Active,0
304079,2026-06-30,2024-06-03,31,31658.96,West,Web,25,6.0,2,119.79,0,0,197.17,Active,0
301363,2026-06-30,2024-11-06,45,55862.36,North,Web,20,10.0,3,137.57,0,0,301.56,Loyal,0
307828,2026-06-30,2024-01-11,47,48648.02,West,Mobile,30,10.0,2,149.35,0,0,292.85,Loyal,0
301213,2026-06-30,2024-06-09,18,22268.67,Budapest,Mobile,25,6.0,1,57.7,0,0,148.6,Active,0
301877,2026-06-30,2024-07-25,53,18526.35,West,Mobile,23,8.0,2,72.21,0,0,151.75,Loyal,0
305372,2026-06-30,2024-12-07,42,180000.0,West,Mobile,19,5.0,1,103.31,0,0,289.56,Active,0
303708,2026-06-30,2024-10-13,27,65694.48,Budapest,Web,21,10.0,2,125.43,0,0,219.35,Active,0
305838,2026-06-30,2025-11-02,34,118250.98,South,Web,8,4.0,2,107.03,0,0,216.28,Loyal,0
307761,2026-06-30,2024-08-28,53,102582.18,North,Mobile,22,7.0,0,0.0,1,1,233.78,Loyal,0
305034,2026-06-30,2024-03-02,41,22046.45,East,Store,28,6.0,1,76.15,0,0,191.86,Active,0
305205,2026-06-30,2024-02-29,32,45489.65,East,Mobile,28,9.0,4,345.77,0,0,235.68,Loyal,0
301171,2026-06-30,2025-10-30,50,20882.92,South,Web,8,4.0,1,48.32,0,0,274.86,Active,0
300580,2026-06-30,2025-09-11,39,37723.97,North,Web,10,,0,68.19,0,0,195.16,Active,0
302183,2026-06-30,2025-05-19,30,69330.96,West,Store,13,2.0,0,0.0,0,0,236.44,Loyal,0
304128,2026-06-30,2025-09-30,23,19041.95,Budapest,Mobile,9,8.0,1,50.69,0,0,170.51,Active,0
306680,2026-06-30,2025-11-21,61,27663.02,East,Store,7,2.0,3,240.95,0,0,247.52,Loyal,0
304948,2026-06-30,2025-08-24,46,79930.48,North,Web,10,11.0,2,166.28,0,0,247.38,Active,0
301834,2026-06-30,2025-08-02,65,52901.59,West,Store,11,11.0,1,80.71,0,0,184.71,Active,0
306854,2026-06-30,2025-02-10,45,21848.27,Budapest,Web,17,5.0,1,32.28,0,0,276.39,Loyal,0
301826,2026-06-30,2024-02-17,47,43523.66,Budapest,Mobile,28,10.0,0,0.0,0,0,213.77,Loyal,0
308578,2026-06-30,2024-03-04,57,33252.02,Budapest,Web,28,11.0,4,250.45,0,0,198.83,Active,0
301860,2026-06-30,2025-01-30,44,34560.21,West,Mobile,17,4.0,2,84.73,1,1,72.16,At Risk,1
303870,2026-06-30,2024-08-13,55,39586.13,East,Web,23,4.0,1,71.99,0,0,174.46,Loyal,0
303740,2026-06-30,2024-03-07,50,40341.47,Budapest,Store,28,7.0,1,21.4,0,0,207.91,Active,0
302686,2026-06-30,2025-04-04,49,17970.17,North,Web,15,5.0,1,46.09,0,0,100.51,Active,0
307756,2026-06-30,2024-06-12,36,53680.29,Budapest,Mobile,25,8.0,0,3.05,0,0,199.29,Active,0
308205,2026-06-30,2024-11-01,37,74786.61,South,Web,20,9.0,3,193.72,0,0,156.84,Active,0
304610,2026-06-30,2024-04-16,39,62632.95,South,Mobile,26,7.0,1,73.04,0,0,245.6,Active,0
303122,2026-06-30,2025-10-30,18,38306.6,Budapest,Web,8,2.0,0,13.63,0,0,242.14,Active,0
300388,2026-06-30,2024-02-14,28,56011.41,Budapest,Web,28,9.0,5,223.98,0,0,170.95,Active,0
306382,2026-06-30,2025-05-22,47,21950.43,West,Web,13,7.0,0,0.0,1,1,0.0,At Risk,1
301033,2026-06-30,2025-03-01,64,43884.69,East,Mobile,16,12.0,3,206.42,0,1,135.71,Active,0
306439,2026-06-30,2024-04-23,47,35042.89,East,Mobile,26,5.0,3,125.92,0,0,221.07,Active,0
302489,2026-06-30,2025-11-15,39,15000.0,South,Web,7,8.0,1,72.46,0,0,128.6,Active,0
302287,2026-06-30,2025-12-16,45,40274.99,Budapest,Mobile,6,5.0,0,34.9,0,0,177.11,Active,0
303188,2026-06-30,2024-12-10,37,40304.48,North,Web,19,4.0,0,0.0,1,0,74.02,Active,0
302630,2026-06-30,2025-06-03,26,53644.19,West,Mobile,13,9.0,0,0.0,0,0,260.49,Loyal,0
303943,2026-06-30,2025-10-17,50,15000.0,Budapest,Store,8,5.0,1,27.45,0,1,240.35,Active,0
305193,2026-06-30,2025-03-09,53,27845.88,North,Store,16,9.0,0,11.77,0,0,184.89,Loyal,0
303059,2026-06-30,2025-09-20,45,46646.95,North,Web,9,6.0,0,0.0,0,0,226.87,Active,0
307488,2026-06-30,2025-07-28,39,19571.19,Budapest,Web,11,4.0,0,8.8,0,0,109.54,Active,0
300932,2026-06-30,2025-11-01,42,38595.18,West,Mobile,8,13.0,0,0.0,0,0,262.74,Loyal,0
304014,2026-06-30,2025-11-22,44,26335.71,West,Web,7,13.0,1,53.65,0,0,215.91,Loyal,0
300692,2026-06-30,2025-07-26,42,15000.0,East,Store,11,11.0,0,0.0,0,0,193.12,Active,0
308842,2026-06-30,2024-05-20,49,17008.24,Budapest,Store,25,11.0,3,155.95,0,0,214.06,Active,0
301892,2026-06-30,2024-06-25,56,69997.42,Budapest,Web,24,7.0,2,176.09,0,0,112.27,Active,0
302269,2026-06-30,2025-04-16,38,86256.73,North,Web,14,6.0,1,83.66,0,0,204.85,Active,0
306524,2026-06-30,2024-03-01,31,35435.29,North,Web,28,12.0,2,143.43,0,0,185.08,Loyal,0
300830,2026-06-30,2025-08-05,30,54614.18,East,Store,11,6.0,1,65.13,0,0,224.31,Active,0
304540,2026-06-30,2024-10-22,28,15000.0,Budapest,Mobile,20,7.0,2,106.41,0,0,202.94,Active,0
307935,2026-06-30,2025-03-10,49,87726.49,East,Mobile,16,15.0,1,75.1,0,0,213.81,Active,0
307718,2026-06-30,2024-04-19,57,54365.8,North,Mobile,26,7.0,2,183.48,0,0,146.34,Active,0
308579,2026-06-30,2024-12-29,31,51140.18,East,Mobile,18,4.0,1,102.34,0,0,240.68,Loyal,0
300045,2026-06-30,2024-06-12,18,58868.86,East,Store,25,6.0,0,0.0,0,0,211.58,Active,0
303102,2026-06-30,2024-08-04,46,47410.74,West,Web,23,8.0,1,42.04,0,0,201.53,Active,0
304307,2026-06-30,2024-04-06,27,134659.51,Budapest,Store,27,11.0,1,50.57,0,0,222.46,Active,0
303013,2026-06-30,2025-02-21,34,52401.82,West,Web,16,5.0,3,118.44,0,0,130.37,Loyal,0
308142,2026-06-30,2024-08-31,69,25099.5,Budapest,Web,22,9.0,1,79.7,0,0,230.14,Active,0
307911,2026-06-30,2024-12-16,38,53444.85,West,Web,18,7.0,2,36.98,0,0,78.82,Loyal,0
300224,2026-06-30,2025-01-07,31,33298.59,Budapest,Mobile,18,2.0,1,85.77,0,0,180.78,Loyal,0
302966,2026-06-30,2025-01-20,24,31986.13,West,Mobile,17,6.0,0,50.08,0,0,214.51,Active,0
301188,2026-06-30,2025-11-01,33,40383.93,East,Web,8,9.0,2,54.12,0,0,176.66,Active,0
306200,2026-06-30,2024-03-25,54,61716.91,Budapest,Store,27,7.0,1,65.33,0,0,324.85,Active,0
300838,2026-06-30,2025-08-17,46,82415.14,Budapest,Web,10,7.0,3,249.43,0,0,189.52,Active,0
303515,2026-06-30,2025-11-18,30,34650.06,Budapest,Mobile,7,10.0,2,98.31,0,0,170.54,Active,0
301684,2026-06-30,2024-07-16,49,30699.16,East,Mobile,23,10.0,1,91.92,0,0,246.39,Active,0
307454,2026-06-30,2024-01-15,55,15000.0,East,Web,29,8.0,1,39.36,0,0,253.29,Active,0
303060,2026-06-30,2025-06-12,43,22478.42,Budapest,Web,13,6.0,3,214.57,0,0,140.41,Active,0
303383,2026-06-30,2025-10-22,48,25136.86,East,Web,8,7.0,1,36.3,0,0,114.01,Active,0
307924,2026-06-30,2025-06-13,37,28456.11,East,Mobile,13,7.0,5,440.58,0,0,216.93,Loyal,0
307076,2026-06-30,2024-06-05,32,15000.0,Budapest,Web,25,14.0,2,126.25,0,0,203.22,Active,0
300064,2026-06-30,2024-01-26,56,20028.6,North,Store,29,13.0,4,328.35,0,0,267.65,Active,0
303093,2026-06-30,2024-04-30,22,70754.81,Budapest,Web,26,10.0,1,53.88,0,0,185.8,Loyal,0
300618,2026-06-30,2025-02-04,36,23078.38,Budapest,Web,17,5.0,2,121.71,0,0,148.77,Active,0
308647,2026-06-30,2025-02-26,36,44036.14,East,Web,16,7.0,3,201.78,0,0,238.23,Active,0
306486,2026-06-30,2025-12-14,37,15000.0,East,Mobile,7,7.0,1,58.92,0,0,150.32,Active,0
300228,2026-06-30,2024-03-25,45,19612.23,West,Web,27,5.0,2,75.13,0,0,181.28,Loyal,0
305130,2026-06-30,2024-03-26,35,75809.78,Budapest,Store,27,12.0,2,231.54,0,0,251.21,Loyal,0
307055,2026-06-30,2024-02-19,42,54014.0,West,Web,28,3.0,2,146.17,0,0,156.16,Active,0
306904,2026-06-30,2025-11-18,45,17103.2,Budapest,Mobile,7,10.0,0,23.24,0,0,86.33,Active,0
306257,2026-06-30,2024-03-19,23,29490.93,West,Web,27,12.0,2,56.8,0,0,161.8,Active,0
303196,2026-06-30,2024-06-25,33,28306.77,Budapest,Web,24,7.0,5,272.55,1,1,0.0,At Risk,1
303796,2026-06-30,2024-11-20,48,,West,Mobile,19,7.0,2,88.98,0,0,206.24,Active,0
303724,2026-06-30,2025-04-04,51,44839.56,West,Store,15,10.0,6,594.05,0,0,219.81,Active,0
304211,2026-06-30,2024-11-19,32,52766.68,East,Web,19,1.0,1,106.91,1,1,89.63,At Risk,1
300970,2026-06-30,2025-01-20,37,45178.48,Budapest,Mobile,17,10.0,2,203.43,0,0,205.29,Active,0
301806,2026-06-30,2024-08-23,42,35252.63,North,Store,22,7.0,1,105.57,0,0,270.95,Active,0
302448,2026-06-30,2025-05-26,36,28776.54,South,Web,13,2.0,0,0.0,0,0,253.56,Active,0
300926,2026-06-30,2024-03-10,40,31491.46,Budapest,Web,28,7.0,2,122.01,0,0,205.29,Loyal,0
303456,2026-06-30,2024-07-13,51,24322.55,South,Web,24,5.0,1,20.98,0,0,236.06,Active,0
304819,2026-06-30,2024-11-12,54,53633.46,Budapest,Web,20,10.0,2,139.6,1,0,131.09,Active,0
307535,2026-06-30,2025-07-18,33,59109.7,Budapest,Mobile,11,11.0,1,39.29,0,0,267.94,Active,0
308091,2026-06-30,2025-01-16,35,42430.87,East,Web,17,5.0,1,62.53,0,0,270.6,Active,0
304614,2026-06-30,2024-09-16,51,26879.95,South,Web,21,11.0,2,229.76,0,0,190.86,Loyal,0
302852,2026-06-30,2025-07-25,47,28677.21,South,Web,11,8.0,1,32.64,0,0,248.18,Active,0
305382,2026-06-30,2025-08-27,19,23596.79,South,Mobile,10,7.0,1,43.35,0,0,210.62,Loyal,0
306561,2026-06-30,2024-06-09,62,51720.54,South,Web,25,7.0,4,367.44,0,0,187.1,Active,0
301861,2026-06-30,2025-03-08,61,40077.3,Budapest,Mobile,16,8.0,2,93.55,0,0,227.53,Active,0
305354,2026-06-30,2024-11-15,39,46012.23,East,Web,19,4.0,0,8.23,0,0,298.67,Active,0
307909,2026-06-30,2025-05-26,47,30970.11,South,Store,13,9.0,1,117.59,0,0,215.09,Active,0
307639,2026-06-30,2024-01-15,36,39508.01,South,Store,29,5.0,1,68.6,0,0,162.57,Active,0
307690,2026-06-30,2025-06-03,41,54340.94,Budapest,Mobile,13,9.0,1,42.96,0,0,208.49,Loyal,0
304221,2026-06-30,2025-10-18,37,57019.27,Budapest,Mobile,8,12.0,3,265.77,0,0,169.76,Active,0
300253,2026-06-30,2024-08-12,56,30434.48,East,Mobile,23,4.0,1,93.67,0,0,224.12,Active,0
305305,2026-06-30,2025-05-28,52,49080.43,South,Mobile,13,6.0,0,0.0,0,0,217.09,Active,0
306477,2026-06-30,2025-11-15,50,109906.03,North,Web,7,7.0,2,226.2,0,0,167.59,Active,0
301790,2026-06-30,2024-04-08,55,113609.11,South,Web,27,11.0,3,263.99,0,0,162.82,Active,0
306875,2026-06-30,2025-02-01,27,17901.85,North,Web,17,4.0,0,0.0,0,0,176.73,Active,0
302060,2026-06-30,2024-04-11,31,29768.02,West,Web,27,9.0,1,81.82,0,0,246.32,Loyal,0
305235,2026-06-30,2024-06-17,50,32577.16,East,Mobile,24,8.0,4,211.32,0,0,111.72,Active,0
303048,2026-06-30,2024-10-20,54,31945.66,South,Mobile,20,9.0,3,242.56,0,0,197.11,Loyal,0
304837,2026-06-30,2025-09-27,34,56650.16,Budapest,Store,9,8.0,1,122.43,0,0,84.02,Active,0
305953,2026-06-30,2025-06-13,27,54229.91,Budapest,Web,13,8.0,2,107.22,0,0,105.84,Loyal,0
301903,2026-06-30,2025-03-15,42,45904.82,South,Mobile,16,6.0,3,143.45,0,0,168.95,Active,0
302751,2026-06-30,2025-04-25,52,21486.45,Budapest,Mobile,14,11.0,2,93.56,0,0,287.96,Loyal,0
303335,2026-06-30,2024-10-22,51,39869.59,East,Web,20,9.0,1,85.17,1,0,265.93,Active,0
302120,2026-06-30,2024-04-29,41,,East,Web,26,9.0,2,143.79,0,0,154.0,Loyal,0
307372,2026-06-30,2025-05-05,51,52657.95,North,Web,14,10.0,3,190.77,0,0,246.73,Active,0
307711,2026-06-30,2025-03-29,23,40781.9,South,Web,15,7.0,0,10.68,0,0,148.45,Active,0
304105,2026-06-30,2025-04-22,42,30610.79,Budapest,Store,14,8.0,0,45.27,0,0,191.17,Active,0
302690,2026-06-30,2025-02-11,52,85344.34,West,Store,17,7.0,0,0.0,0,0,143.56,Active,0
305961,2026-06-30,2024-11-23,47,27066.77,East,Web,19,5.0,0,0.0,0,0,248.56,Active,0
304353,2026-06-30,2025-11-12,29,27327.07,East,Web,8,7.0,1,34.26,0,0,333.19,Active,0
301924,2026-06-30,2024-01-15,47,15000.0,Budapest,Store,29,7.0,2,31.08,0,0,173.11,Active,0
305680,2026-06-30,2025-12-07,46,51467.45,East,Mobile,7,7.0,0,22.26,0,0,191.13,Loyal,0
300076,2026-06-30,2024-03-11,46,15000.0,East,Store,28,10.0,0,72.76,0,0,218.61,Loyal,0
302346,2026-06-30,2024-09-18,18,28820.01,East,Mobile,21,9.0,4,100.9,0,0,208.05,Active,0
302352,2026-06-30,2025-02-21,36,16803.35,West,Mobile,16,9.0,1,30.26,0,0,169.15,Active,0
308500,2026-06-30,2024-06-06,61,49307.37,Budapest,Web,25,11.0,3,303.43,0,0,157.66,Active,0
300431,2026-06-30,2025-09-28,18,47654.81,North,Web,9,5.0,0,0.0,0,0,149.43,Active,0
308038,2026-06-30,2024-01-11,49,65645.9,West,Web,30,6.0,2,75.61,0,0,288.08,Active,0
304470,2026-06-30,2025-04-14,31,44673.18,Budapest,Web,15,6.0,0,0.0,0,0,188.99,Active,0
307516,2026-06-30,2024-07-23,39,23634.91,South,Web,23,5.0,0,0.0,0,0,186.07,Active,0
306324,2026-06-30,2024-02-15,41,32835.91,Budapest,Web,28,11.0,3,215.31,0,0,119.59,Active,0
308543,2026-06-30,2025-09-01,43,62296.36,South,Store,10,7.0,2,74.16,0,0,114.71,Loyal,0
304130,2026-06-30,2025-05-19,18,35151.74,West,Store,13,7.0,2,112.69,0,1,210.31,Active,0
308247,2026-06-30,2024-07-04,42,15000.0,North,Mobile,24,8.0,1,121.3,0,0,170.27,Loyal,0
306805,2026-06-30,2025-05-20,58,32100.94,South,Web,13,9.0,5,227.65,0,0,226.33,Active,0
306795,2026-06-30,2024-12-04,57,96099.25,North,Web,19,9.0,1,72.53,0,0,222.0,Active,0
306849,2026-06-30,2024-10-05,53,56834.15,East,Web,21,5.0,1,63.14,0,0,242.81,Loyal,0
306264,2026-06-30,2024-10-08,20,134972.52,South,Web,21,1.0,0,0.0,0,0,244.46,Loyal,0
300241,2026-06-30,2025-05-09,48,29429.9,South,Web,14,4.0,0,0.0,0,0,201.98,Active,0
300784,2026-06-30,2025-06-24,44,102986.77,South,Web,12,8.0,0,0.0,0,0,150.72,Loyal,0
301355,2026-06-30,2024-10-25,29,68092.9,West,Mobile,20,5.0,1,108.32,0,0,106.26,Active,0
303067,2026-06-30,2024-01-25,46,15000.0,South,Web,29,4.0,3,282.27,0,0,338.23,Loyal,0
308458,2026-06-30,2025-07-07,32,57356.32,East,Web,12,3.0,0,0.0,1,0,194.73,Active,0
300978,2026-06-30,2024-07-05,54,48758.36,North,Mobile,24,6.0,0,1.06,0,0,262.79,Active,0
300810,2026-06-30,2024-07-11,48,68552.4,East,Web,24,13.0,0,0.0,0,0,282.51,Loyal,0
302169,2026-06-30,2024-03-24,35,28456.48,West,Web,27,7.0,1,59.84,0,0,170.54,Active,0
304387,2026-06-30,2024-11-29,46,70845.28,Budapest,Web,19,6.0,5,197.39,0,0,155.73,Loyal,0
304702,2026-06-30,2025-04-16,56,36099.18,East,Web,14,5.0,2,144.46,1,0,194.29,Active,0
301600,2026-06-30,2024-05-31,39,42549.83,South,Store,25,6.0,2,98.43,0,0,244.92,Loyal,0
302942,2026-06-30,2025-04-14,41,64754.16,South,Web,15,8.0,2,131.26,1,1,215.87,Active,0
306596,2026-06-30,2024-06-21,38,39252.19,West,Web,24,6.0,0,0.0,0,0,187.79,Active,0
304766,2026-06-30,2024-11-13,32,24977.83,West,Web,20,4.0,1,16.97,0,0,248.5,Active,0
307200,2026-06-30,2025-10-17,46,22666.32,East,Web,8,8.0,2,74.11,0,0,248.38,Active,0
300685,2026-06-30,2025-12-16,49,28780.84,Budapest,Mobile,6,7.0,0,0.0,0,0,248.49,Active,0
305642,2026-06-30,2024-05-10,60,63058.71,Budapest,Mobile,26,6.0,2,191.36,0,1,209.1,Active,0
306926,2026-06-30,2025-07-30,45,28139.91,North,Mobile,11,8.0,1,68.84,0,0,194.25,Active,0
301621,2026-06-30,2024-12-22,68,54006.8,Budapest,Web,18,5.0,2,95.27,0,0,125.33,Active,0
306717,2026-06-30,2024-01-28,43,56516.78,Budapest,Mobile,29,6.0,0,23.14,0,0,134.58,Active,0
301483,2026-06-30,2024-07-22,38,54249.53,East,Web,23,10.0,0,0.0,0,0,218.28,Active,0
302147,2026-06-30,2025-07-04,33,55269.06,North,Web,12,8.0,1,59.74,0,0,230.1,Active,0
301802,2026-06-30,2024-01-18,18,75358.07,Budapest,Web,29,11.0,0,0.0,0,0,103.11,Active,0
302096,2026-06-30,2025-01-16,38,49412.7,West,Store,17,14.0,2,66.79,0,0,213.82,Active,0
306047,2026-06-30,2024-08-30,27,68508.9,Budapest,Store,22,7.0,3,192.15,0,0,207.44,Active,0
304296,2026-06-30,2025-11-07,29,92071.88,West,Web,8,11.0,0,21.7,0,0,171.37,Loyal,0
301358,2026-06-30,2025-01-03,26,118213.87,Budapest,Web,18,8.0,0,1.08,0,0,179.02,Active,0
306605,2026-06-30,2024-01-25,41,29091.39,East,Web,29,9.0,1,45.56,0,0,229.09,Active,0
304962,2026-06-30,2025-10-11,43,46593.94,North,Web,9,6.0,2,164.17,0,0,134.55,Active,0
304093,2026-06-30,2024-11-27,35,85273.19,East,Web,19,5.0,0,0.0,0,0,175.88,Active,0
304251,2026-06-30,2025-01-05,35,65932.64,West,Mobile,18,9.0,2,92.88,0,0,70.94,Active,0
303985,2026-06-30,2024-04-02,33,25139.79,Budapest,Web,27,12.0,2,29.17,0,0,199.04,Loyal,0
305360,2026-06-30,2025-05-26,39,78625.88,East,Mobile,13,11.0,0,0.0,0,0,144.19,Active,0
307440,2026-06-30,2024-04-21,41,86226.46,South,Web,26,8.0,0,0.0,0,0,189.26,Loyal,0
304467,2026-06-30,2025-02-14,48,44361.28,Budapest,Web,16,11.0,4,258.42,0,0,139.66,Active,0
301610,2026-06-30,2024-07-21,27,19241.24,South,Web,23,6.0,4,117.16,0,0,304.78,Loyal,0
306235,2026-06-30,2024-03-31,33,29362.95,West,Web,27,6.0,1,101.87,0,0,181.37,Active,0
300495,2026-06-30,2024-12-15,56,43811.29,East,Store,18,8.0,2,65.03,0,0,162.32,Active,0
303848,2026-06-30,2025-01-16,30,52466.09,Budapest,Mobile,17,10.0,7,336.29,0,0,135.51,Loyal,0
303320,2026-06-30,2025-12-21,48,43586.07,East,Mobile,6,7.0,1,39.33,1,1,0.0,At Risk,1
305236,2026-06-30,2025-01-31,56,40113.49,Budapest,Mobile,17,11.0,2,211.47,0,0,144.08,Active,0
302018,2026-06-30,2024-07-21,50,22123.77,South,Mobile,23,6.0,0,0.0,0,0,248.57,Active,0
304933,2026-06-30,2024-07-08,35,49221.31,North,Web,24,9.0,1,90.85,0,0,222.7,Active,0
302329,2026-06-30,2025-02-03,54,38320.35,North,Web,17,7.0,1,74.34,0,0,160.94,Active,0
300030,2026-06-30,2024-02-14,40,21875.72,North,Web,28,7.0,2,173.81,0,0,191.41,Active,0
305836,2026-06-30,2024-03-12,38,30185.05,South,Web,28,4.0,1,95.04,0,0,219.71,Loyal,0
304994,2026-06-30,2025-05-24,31,39906.68,North,Web,13,8.0,2,102.02,0,0,182.98,Active,0
308909,2026-06-30,2024-08-26,35,32390.21,East,Web,22,4.0,1,15.3,0,0,215.09,Active,0
303119,2026-06-30,2025-11-21,29,46064.77,West,Web,7,3.0,1,16.51,0,0,210.41,Active,0
301093,2026-06-30,2024-03-24,44,31437.57,Budapest,Mobile,27,12.0,3,299.22,0,0,236.3,Loyal,0
303247,2026-06-30,2025-10-08,26,26038.7,South,Web,9,3.0,2,116.74,0,0,147.83,Active,0
300125,2026-06-30,2025-10-21,61,20656.43,South,Mobile,8,7.0,0,0.0,0,0,177.51,Active,0
305272,2026-06-30,2025-02-16,44,87513.27,Budapest,Web,16,11.0,3,224.83,0,0,253.86,Loyal,0
307297,2026-06-30,2024-08-12,39,59642.58,Budapest,Mobile,23,9.0,2,153.16,0,0,132.23,Active,0
304349,2026-06-30,2025-08-21,49,23943.54,South,Web,10,8.0,2,101.18,0,0,193.26,Loyal,0
306661,2026-06-30,2024-01-13,22,26816.9,Budapest,Web,30,11.0,4,181.73,0,0,305.56,Active,0
308939,2026-06-30,2024-12-29,34,18167.92,East,Mobile,18,10.0,0,10.8,0,0,142.75,Active,0
302299,2026-06-30,2024-09-21,36,110547.09,North,Mobile,21,8.0,1,43.68,0,0,111.9,Active,0
306358,2026-06-30,2024-08-21,63,32099.53,East,Mobile,22,3.0,1,22.76,0,0,212.88,Active,0
301554,2026-06-30,2024-09-21,19,49456.39,East,Mobile,21,8.0,2,168.31,0,0,100.1,Loyal,0
308316,2026-06-30,2024-01-04,31,101534.01,Budapest,Web,30,10.0,3,200.8,0,0,238.49,Loyal,0
303342,2026-06-30,2025-01-23,66,26302.57,North,Web,17,7.0,1,157.83,0,0,174.71,Loyal,0
300599,2026-06-30,2024-07-05,45,16840.36,South,Web,24,15.0,2,41.62,0,0,230.76,Active,0
302124,2026-06-30,2024-10-16,45,15605.23,Budapest,Mobile,20,4.0,0,0.0,0,0,202.41,Active,0
307574,2026-06-30,2025-02-04,41,56930.09,West,Mobile,17,6.0,1,81.21,0,0,163.49,Active,0
301417,2026-06-30,2024-11-11,54,60013.0,East,Web,20,6.0,0,34.08,0,0,172.15,Loyal,0
307470,2026-06-30,2025-01-04,47,23006.23,North,Web,18,6.0,2,107.86,0,0,169.56,Loyal,0
304103,2026-06-30,2024-02-07,35,27471.4,Budapest,Mobile,29,6.0,2,198.96,0,0,152.33,Active,0
305824,2026-06-30,2024-11-16,29,24326.39,East,Store,19,13.0,1,52.35,0,0,171.29,Active,0
308263,2026-06-30,2025-06-27,53,41182.15,Budapest,Web,12,7.0,2,195.86,0,0,298.08,Loyal,0
308231,2026-06-30,2024-12-06,28,37651.66,Budapest,Mobile,19,1.0,0,0.0,0,0,158.41,Active,0
308056,2026-06-30,2025-03-31,32,33773.66,East,Web,15,6.0,2,96.97,0,0,201.71,Active,0
307775,2026-06-30,2025-06-13,28,32839.09,East,Web,13,8.0,0,29.42,0,0,207.99,Active,0
302198,2026-06-30,2025-12-23,54,39196.85,South,Mobile,6,8.0,2,188.35,0,0,185.48,Active,0
307954,2026-06-30,2024-08-02,40,50083.06,Budapest,Store,23,5.0,2,209.49,0,0,316.09,Active,0
303363,2026-06-30,2024-04-19,56,85971.54,East,Web,26,5.0,3,162.36,0,0,181.36,Loyal,0
305621,2026-06-30,2024-09-30,33,36584.7,West,Web,21,7.0,1,164.28,0,0,183.46,Loyal,0
300726,2026-06-30,2025-12-22,37,28232.14,North,Mobile,6,9.0,3,156.17,0,0,112.45,Loyal,0
303981,2026-06-30,2025-01-08,42,22178.43,Budapest,Web,18,7.0,0,13.37,0,0,201.92,Active,0
300979,2026-06-30,2025-02-22,37,59464.13,Budapest,Store,16,7.0,0,42.66,0,0,192.39,Active,0
300809,2026-06-30,2025-08-28,44,42119.55,Budapest,Web,10,13.0,1,74.3,0,0,271.21,Active,0
305653,2026-06-30,2024-02-16,44,52662.84,Budapest,Mobile,28,15.0,0,0.0,0,0,155.21,Loyal,0
306837,2026-06-30,2025-09-13,35,76407.45,North,Mobile,10,6.0,0,16.34,0,0,198.31,Loyal,0
300959,2026-06-30,2025-08-14,35,27883.89,North,Web,11,5.0,0,56.65,0,0,108.29,Active,0
303800,2026-06-30,2024-01-20,40,16843.03,East,Web,29,8.0,4,211.51,1,0,294.09,Active,0
308299,2026-06-30,2025-04-26,63,69911.05,Budapest,Web,14,4.0,1,72.04,0,0,265.2,Active,0
308147,2026-06-30,2025-04-18,43,41106.23,Budapest,Web,14,6.0,2,163.72,0,0,187.44,Active,0
300811,2026-06-30,2025-10-02,63,27558.92,West,Web,9,10.0,1,72.12,0,0,243.88,Active,0
308202,2026-06-30,2024-03-15,27,21715.41,Budapest,Mobile,27,8.0,3,287.69,0,0,201.93,Active,0
300835,2026-06-30,2025-06-08,47,16538.91,South,Web,13,8.0,1,57.62,0,0,161.9,Loyal,0
304206,2026-06-30,2025-02-07,56,38628.84,South,Mobile,17,9.0,2,142.65,0,0,138.58,Active,0
302424,2026-06-30,2025-04-09,35,18895.41,Budapest,Mobile,15,6.0,0,12.16,0,0,130.78,Active,0
305269,2026-06-30,2025-04-13,37,31123.8,West,Web,15,4.0,0,0.0,0,0,211.47,Active,0
303947,2026-06-30,2024-02-01,33,31126.77,West,Web,29,12.0,0,0.0,0,0,231.63,Active,0
301236,2026-06-30,2024-10-25,47,72977.77,East,Web,20,4.0,1,79.89,0,0,210.91,Active,0
301226,2026-06-30,2024-06-12,44,20267.51,Budapest,Mobile,25,7.0,1,13.08,0,0,179.19,Loyal,0
307366,2026-06-30,2024-10-23,37,38614.23,West,Mobile,20,8.0,1,79.18,0,0,178.34,Active,0
308265,2026-06-30,2024-09-30,38,32277.01,West,Mobile,21,9.0,0,0.25,0,0,225.6,Active,0
304339,2026-06-30,2024-03-02,40,15000.0,East,Web,28,4.0,0,12.55,0,0,160.95,Active,0
303788,2026-06-30,2024-12-07,40,27170.23,South,Web,19,5.0,2,152.91,1,0,219.4,Loyal,0
304171,2026-06-30,2025-04-07,39,35607.96,North,Mobile,15,7.0,0,2.43,0,0,213.59,Active,0
303218,2026-06-30,2024-07-30,36,39485.21,Budapest,Web,23,8.0,1,80.76,0,0,184.73,Active,0
306111,2026-06-30,2025-02-19,46,63291.52,East,Mobile,16,11.0,3,304.81,0,0,123.86,Active,0
300288,2026-06-30,2024-08-23,33,58480.33,South,Store,22,9.0,0,0.0,0,0,114.42,Active,0
304111,2026-06-30,2024-12-08,30,35954.89,Budapest,Mobile,19,10.0,1,29.51,0,0,226.98,Active,0
302967,2026-06-30,2025-02-01,53,15955.02,Budapest,Web,17,2.0,0,0.0,0,0,190.26,Active,0
303165,2026-06-30,2024-01-25,44,51920.64,Budapest,Web,29,8.0,1,34.4,0,0,155.57,Active,0
304920,2026-06-30,2025-07-26,37,32378.77,South,Store,11,7.0,1,16.11,0,0,181.93,Loyal,0
306419,2026-06-30,2024-10-26,34,32956.96,West,Mobile,20,12.0,2,189.61,0,0,218.58,Active,0
306866,2026-06-30,2024-04-12,33,55086.22,West,Store,27,10.0,3,231.43,0,0,214.62,Active,0
301658,2026-06-30,2024-08-09,31,28036.33,Budapest,Store,23,7.0,4,290.46,0,0,101.67,Loyal,0
301976,2026-06-30,2024-06-20,36,40216.14,North,Web,24,11.0,1,71.82,0,0,93.98,Active,0
302398,2026-06-30,2024-12-19,33,76809.05,South,Web,18,8.0,0,22.9,0,0,93.08,Active,0
300453,2026-06-30,2025-05-21,50,25192.43,Budapest,Mobile,13,6.0,1,65.68,0,0,163.43,Active,0
306579,2026-06-30,2024-06-15,27,24274.03,East,Mobile,24,9.0,1,34.98,0,0,211.62,Active,0
305826,2026-06-30,2025-11-02,18,17509.72,Budapest,Web,8,7.0,1,33.24,0,1,96.37,At Risk,1
304517,2026-06-30,2024-10-07,38,50085.92,North,Web,21,8.0,0,35.39,0,0,164.48,Active,0
306780,2026-06-30,2024-10-06,56,46444.17,Budapest,Web,21,8.0,2,146.69,0,0,151.31,Active,0
302620,2026-06-30,2024-02-24,28,28159.12,Budapest,Web,28,12.0,3,220.54,0,0,142.85,Active,0
300423,2026-06-30,2024-12-08,35,52605.5,South,Web,19,3.0,0,0.0,0,0,222.97,Active,0
304961,2026-06-30,2025-01-17,64,23876.98,Budapest,Web,17,5.0,2,128.94,0,0,160.29,Active,0
301221,2026-06-30,2025-07-27,22,29852.28,Budapest,Mobile,11,10.0,1,85.89,0,0,207.72,Active,0
302930,2026-06-30,2024-06-21,69,50761.64,South,Web,24,6.0,2,143.94,0,0,273.24,Active,0
300658,2026-06-30,2025-11-09,49,33411.92,Budapest,Mobile,8,9.0,0,0.0,0,0,173.89,Active,0
303302,2026-06-30,2024-07-26,43,32383.9,West,Mobile,23,5.0,1,61.44,0,0,241.19,Loyal,0
308498,2026-06-30,2024-06-22,56,43196.53,North,Mobile,24,9.0,2,90.97,0,0,204.29,Loyal,0
302846,2026-06-30,2024-10-30,53,46133.65,East,Mobile,20,6.0,1,70.21,0,0,197.63,Active,0
303024,2026-06-30,2024-03-04,40,49237.85,East,Web,28,8.0,3,229.44,0,0,151.77,Active,0
306139,2026-06-30,2025-02-09,32,22051.11,East,Web,17,6.0,5,510.53,0,1,209.77,Loyal,0
308758,2026-06-30,2025-03-06,47,40960.22,East,Store,16,10.0,0,43.4,0,0,181.58,Loyal,0
301002,2026-06-30,2024-04-15,18,44300.71,West,Store,26,5.0,3,230.29,0,0,179.29,Active,0
300103,2026-06-30,2024-10-11,49,75825.98,Budapest,Mobile,21,6.0,1,87.75,0,0,215.69,Active,0
302419,2026-06-30,2024-01-02,53,40787.01,East,Mobile,30,8.0,5,413.22,0,0,152.93,Active,0
306126,2026-06-30,2024-07-31,36,22857.28,East,Mobile,23,9.0,1,17.46,0,0,228.31,Active,0
304329,2026-06-30,2025-11-02,54,24551.24,East,Web,8,13.0,3,183.23,0,0,229.1,Active,0
306238,2026-06-30,2024-02-14,56,15000.0,East,Store,28,7.0,0,0.0,0,0,139.0,Loyal,0
306921,2026-06-30,2024-11-21,35,50436.61,South,Mobile,19,4.0,1,97.55,0,0,175.18,Active,0
301581,2026-06-30,2024-11-19,43,61014.38,East,Web,19,13.0,1,3.13,0,0,159.11,Active,0
306856,2026-06-30,2024-08-04,43,35061.97,East,Web,23,6.0,3,157.98,0,0,248.96,Active,0
302249,2026-06-30,2024-03-14,33,53348.74,North,Mobile,28,5.0,0,5.28,0,0,208.79,Active,0
302207,2026-06-30,2024-06-26,47,40892.72,South,Mobile,24,12.0,1,47.04,0,0,197.27,Loyal,0
300171,2026-06-30,2025-03-31,36,15000.0,East,Web,15,10.0,0,0.0,0,0,182.74,Active,0
308987,2026-06-30,2024-06-05,35,48248.14,Budapest,Web,25,7.0,0,6.42,0,0,241.16,Active,0
300136,2026-06-30,2024-05-23,30,16080.52,Budapest,Mobile,25,4.0,0,24.5,0,1,184.38,Loyal,0
300758,2026-06-30,2025-10-11,47,24964.14,Budapest,Web,9,12.0,3,128.5,0,0,165.87,Loyal,0
308622,2026-06-30,2024-02-03,37,20510.52,South,Store,29,9.0,0,32.15,0,0,147.66,Loyal,0
301311,2026-06-30,2024-11-06,57,42883.58,Budapest,Web,20,10.0,2,52.81,0,0,181.17,Active,0
301218,2026-06-30,2024-11-05,46,16992.29,Budapest,Store,20,11.0,0,11.56,0,0,192.82,Active,0
302285,2026-06-30,2025-12-17,42,31298.26,South,Web,6,8.0,0,0.0,0,0,172.08,Active,0
305468,2026-06-30,2025-10-05,43,27539.99,North,Mobile,9,7.0,2,140.39,0,0,120.84,Active,0
302906,2026-06-30,2025-10-30,39,35397.8,North,Store,8,4.0,3,157.48,0,0,143.27,Active,0
305146,2026-06-30,2025-11-28,57,30154.08,Budapest,Mobile,7,4.0,0,4.61,0,0,120.33,Active,0
304668,2026-06-30,2024-10-12,33,26199.57,South,Web,21,5.0,1,94.63,0,0,267.45,Loyal,0
305708,2026-06-30,2025-11-26,52,,East,Mobile,7,5.0,1,55.4,0,0,187.81,Loyal,0
301936,2026-06-30,2025-09-25,26,39280.61,East,Mobile,9,8.0,3,68.66,0,0,225.49,Active,0
303756,2026-06-30,2025-02-01,30,24361.47,West,Web,17,3.0,0,0.0,0,0,182.58,Active,0
301744,2026-06-30,2025-05-30,37,28673.88,South,Store,13,7.0,1,87.08,0,0,192.39,Active,0
306642,2026-06-30,2024-09-11,63,20705.44,North,Web,22,9.0,3,230.1,0,0,213.87,Active,0
300808,2026-06-30,2025-07-04,29,,East,Web,12,7.0,0,0.0,0,0,230.31,Active,0
302046,2026-06-30,2024-12-04,52,45488.53,South,Mobile,19,2.0,3,180.39,0,0,210.6,Active,0
308548,2026-06-30,2024-05-26,40,15000.0,West,Mobile,25,0.0,0,12.0,0,0,158.64,Loyal,0
300463,2026-06-30,2024-09-18,26,24973.63,Budapest,Mobile,21,7.0,3,89.58,0,0,252.56,Active,0
302928,2026-06-30,2025-04-03,34,34072.05,South,Web,15,9.0,0,0.0,0,0,239.46,Active,0
301957,2026-06-30,2025-08-22,39,74932.93,Budapest,Mobile,10,4.0,1,78.75,0,0,188.02,Active,0
302446,2026-06-30,2024-06-04,33,55314.71,Budapest,Web,25,11.0,5,426.98,1,0,277.94,Active,0
307453,2026-06-30,2025-07-08,52,23348.19,Budapest,Web,12,10.0,2,44.76,0,0,191.01,Loyal,0
305439,2026-06-30,2025-07-08,44,26298.42,Budapest,Store,12,5.0,0,0.0,0,0,130.02,Active,0
306241,2026-06-30,2024-09-10,49,27942.34,East,Mobile,22,9.0,1,67.27,1,0,159.01,Active,0
303236,2026-06-30,2025-09-28,36,33566.41,Budapest,Mobile,9,13.0,3,158.87,0,0,179.57,Active,0
300800,2026-06-30,2025-02-18,47,17760.46,West,Web,16,5.0,0,47.93,0,0,191.92,Active,0
302403,2026-06-30,2024-01-28,26,35051.84,South,Web,29,8.0,5,252.59,0,0,229.44,Active,0
307663,2026-06-30,2025-08-11,47,57103.09,North,Store,11,9.0,1,25.16,0,0,158.02,Active,0
301074,2026-06-30,2024-05-13,46,49005.56,Budapest,Mobile,26,5.0,1,57.09,0,0,252.36,Loyal,0
304515,2026-06-30,2025-08-25,31,23315.06,Budapest,Store,10,6.0,0,13.98,1,1,0.0,At Risk,1
305377,2026-06-30,2024-02-14,24,22307.65,Budapest,Mobile,28,8.0,2,104.58,0,0,178.89,Active,0
300145,2026-06-30,2025-02-01,18,19744.68,East,Web,17,5.0,1,34.58,0,0,175.12,Active,0
306730,2026-06-30,2025-11-12,37,47204.15,Budapest,Web,8,5.0,0,0.0,0,0,118.32,Loyal,0
301341,2026-06-30,2024-09-11,34,29147.19,Budapest,Web,22,8.0,0,53.99,1,0,249.48,Active,0
304707,2026-06-30,2025-04-03,54,41319.67,North,Web,15,9.0,0,0.0,1,0,305.59,Active,0
302585,2026-06-30,2024-08-09,33,88763.63,Budapest,Mobile,23,10.0,3,158.28,0,0,173.18,Active,0
302092,2026-06-30,2024-09-28,19,35453.3,West,Mobile,21,6.0,1,82.31,1,0,172.32,Loyal,0
306207,2026-06-30,2025-05-19,50,41329.59,Budapest,Web,13,8.0,1,103.57,0,0,207.7,Active,0
305522,2026-06-30,2024-05-09,20,130541.78,Budapest,Mobile,26,7.0,1,122.73,1,0,196.14,Active,0
305905,2026-06-30,2025-01-27,49,77319.18,Budapest,Store,17,9.0,1,78.39,0,0,166.29,Active,0
305573,2026-06-30,2024-06-12,42,34758.39,South,Mobile,25,11.0,2,52.11,0,1,221.27,Active,0
305936,2026-06-30,2024-02-24,35,19068.31,Budapest,Web,28,7.0,1,116.18,0,0,152.09,Active,0
306598,2026-06-30,2025-08-28,37,38357.79,East,Web,10,10.0,1,69.02,0,0,265.86,Active,0
303661,2026-06-30,2025-03-01,60,30501.98,Budapest,Store,16,5.0,2,228.37,0,0,239.22,Active,0
304826,2026-06-30,2025-06-09,23,27935.05,Budapest,Mobile,13,9.0,2,67.62,1,1,11.4,At Risk,1
305610,2026-06-30,2025-09-10,42,24669.47,East,Mobile,10,8.0,2,163.58,0,0,248.86,Active,0
301004,2026-06-30,2025-05-14,51,17152.56,East,Web,14,9.0,1,27.82,0,0,232.31,Loyal,0
304448,2026-06-30,2025-02-09,42,61761.82,Budapest,Mobile,17,7.0,0,0.0,0,0,161.48,Active,0
308356,2026-06-30,2024-11-02,47,94374.56,North,Web,20,8.0,2,197.91,1,0,104.22,Active,0
305954,2026-06-30,2025-03-02,37,26306.33,South,Mobile,16,9.0,1,47.43,0,0,150.1,Active,0
308089,2026-06-30,2024-12-14,46,18113.12,Budapest,Mobile,18,8.0,2,291.83,0,0,230.68,Loyal,0
303471,2026-06-30,2024-06-23,46,46992.37,East,Mobile,24,3.0,2,59.45,0,0,192.04,Active,0
304348,2026-06-30,2025-09-28,36,74125.27,West,Web,9,8.0,2,111.73,0,0,226.8,Loyal,0
300556,2026-06-30,2024-06-16,51,36011.63,Budapest,Web,24,13.0,2,134.11,0,0,256.05,Active,0
308184,2026-06-30,2024-08-17,41,26420.0,Budapest,Mobile,22,13.0,3,262.39,0,0,263.94,Active,0
304354,2026-06-30,2025-10-22,53,56697.92,Budapest,Store,8,12.0,2,44.97,0,0,174.27,Active,0
308300,2026-06-30,2025-11-24,31,84048.26,West,Web,7,9.0,0,0.0,0,0,156.44,Active,0
301486,2026-06-30,2025-10-08,58,19560.79,West,Mobile,9,9.0,1,109.22,0,0,106.99,Active,0
307931,2026-06-30,2025-04-10,46,28342.62,East,Web,15,7.0,3,266.89,0,0,216.25,Loyal,0
301273,2026-06-30,2024-01-30,42,31202.93,East,Mobile,29,10.0,0,40.35,0,0,250.39,Active,0
305822,2026-06-30,2025-03-28,28,27684.12,Budapest,Mobile,15,10.0,4,305.33,0,0,181.54,Active,0
301412,2026-06-30,2024-08-06,52,29721.2,Budapest,Web,23,10.0,1,50.18,0,0,257.39,Loyal,0
308505,2026-06-30,2024-02-17,49,70277.96,Budapest,Mobile,28,14.0,3,251.43,0,0,179.43,Active,0
300754,2026-06-30,2024-10-14,25,22646.74,East,Web,20,3.0,0,0.0,0,0,166.66,Active,0
301472,2026-06-30,2025-10-11,40,29902.75,Budapest,Web,9,4.0,0,9.26,0,0,111.09,Active,0
304406,2026-06-30,2025-01-22,49,34874.59,South,Store,17,6.0,2,103.06,0,0,210.42,Active,0
308789,2026-06-30,2025-01-13,49,52295.14,Budapest,Mobile,18,5.0,2,123.24,1,0,245.58,Active,0
307580,2026-06-30,2024-05-21,24,28816.51,South,Mobile,25,8.0,1,81.78,0,0,220.38,Loyal,0
306591,2026-06-30,2025-11-29,50,15000.0,South,Web,7,6.0,1,20.57,0,0,225.33,Active,0
305913,2026-06-30,2025-08-05,31,61222.35,East,Web,11,7.0,0,13.98,1,0,0.0,At Risk,1
303077,2026-06-30,2024-12-18,57,26289.87,West,Mobile,18,2.0,3,276.51,0,0,191.47,Active,0
307022,2026-06-30,2024-06-09,45,53709.86,West,Mobile,25,18.0,0,38.24,0,0,208.29,Active,0
306576,2026-06-30,2024-02-29,32,15000.0,Budapest,Mobile,28,10.0,1,36.05,0,0,122.71,Active,0
303289,2026-06-30,2024-07-02,44,34426.24,Budapest,Store,24,11.0,3,216.8,0,0,220.27,Loyal,0
304841,2026-06-30,2025-02-15,36,34031.24,East,Mobile,16,5.0,4,138.7,0,0,231.49,Active,0
305379,2026-06-30,2025-12-19,38,,South,Web,6,7.0,2,108.64,0,0,208.48,Active,0
300982,2026-06-30,2024-03-07,44,15000.0,East,Mobile,28,9.0,1,6.36,0,0,143.54,Loyal,0
308327,2026-06-30,2024-10-26,32,30383.78,Budapest,Web,20,7.0,1,120.15,0,0,162.76,Active,0
307880,2026-06-30,2024-10-08,43,73173.81,South,Web,21,,1,14.38,1,0,241.21,Loyal,0
302723,2026-06-30,2025-02-18,40,45098.77,South,Store,16,12.0,4,316.85,0,0,181.37,Loyal,0
308506,2026-06-30,2024-06-11,56,47257.91,Budapest,Web,25,8.0,2,105.14,0,0,316.87,Active,0
301269,2026-06-30,2025-05-26,18,23739.74,North,Store,13,7.0,0,0.0,0,0,251.2,Active,0
302463,2026-06-30,2025-05-19,39,28707.95,West,Web,13,3.0,0,0.0,0,0,163.52,Active,0
306821,2026-06-30,2024-11-28,35,37305.79,East,Mobile,19,9.0,2,172.96,0,0,288.5,Active,0
300269,2026-06-30,2024-04-03,38,46807.48,Budapest,Web,27,8.0,2,74.74,0,0,215.4,Active,0
303581,2026-06-30,2024-02-28,35,42889.31,East,Mobile,28,10.0,0,39.97,0,0,226.77,Active,0
300655,2026-06-30,2025-06-02,29,40679.78,Budapest,Mobile,13,7.0,1,15.81,0,0,267.5,Active,0
306042,2026-06-30,2024-12-09,42,23090.66,South,Web,19,9.0,2,129.97,0,0,108.83,Active,0
305129,2026-06-30,2025-07-15,48,26146.58,Budapest,Store,11,7.0,2,109.6,0,0,148.0,Loyal,0
308364,2026-06-30,2024-10-23,37,26266.97,Budapest,Store,20,6.0,1,85.87,0,0,244.21,Active,0
303598,2026-06-30,2024-11-03,36,21194.13,Budapest,Mobile,20,7.0,0,0.0,0,0,155.93,Active,0
302414,2026-06-30,2024-03-08,41,50432.17,South,Web,28,8.0,0,18.21,0,0,189.03,Active,0
306120,2026-06-30,2025-10-18,71,27797.86,East,Web,8,7.0,1,7.38,1,0,0.0,At Risk,1
302822,2026-06-30,2025-01-05,42,15000.0,East,Mobile,18,7.0,3,173.58,0,0,127.87,Active,0
300429,2026-06-30,2024-02-26,60,26887.84,North,Store,28,8.0,3,196.0,1,0,182.76,Active,0
300590,2026-06-30,2025-09-19,62,51098.4,South,Mobile,9,5.0,1,44.03,0,0,302.48,Active,0
300496,2026-06-30,2024-10-11,33,22207.06,East,Store,21,9.0,2,134.62,0,0,153.58,Active,0
304133,2026-06-30,2025-03-06,25,76600.57,Budapest,Web,16,11.0,2,150.72,0,0,121.97,Loyal,0
304305,2026-06-30,2024-07-30,41,54758.32,North,Web,23,6.0,2,106.3,0,0,223.26,Active,0
305467,2026-06-30,2024-02-07,48,76333.51,Budapest,Store,29,13.0,3,120.61,0,0,171.49,Active,0
305737,2026-06-30,2025-07-14,39,65802.16,West,Store,12,2.0,0,51.86,0,0,205.92,Loyal,0
306275,2026-06-30,2024-08-25,39,56188.73,East,Store,22,7.0,1,71.03,0,0,281.42,Active,0
306422,2026-06-30,2025-07-27,45,37439.57,Budapest,Mobile,11,3.0,1,82.34,0,0,220.86,Active,0
300529,2026-06-30,2024-11-02,26,36702.79,Budapest,Web,20,9.0,2,147.84,0,0,123.36,Active,0
301809,2026-06-30,2025-08-19,50,15800.35,West,Web,10,4.0,1,95.28,0,0,193.94,Active,0
306876,2026-06-30,2024-02-27,35,40419.51,East,Web,28,7.0,2,109.43,0,0,167.01,Loyal,0
302056,2026-06-30,2025-03-11,39,15000.0,Budapest,Store,16,7.0,1,56.58,0,0,167.14,Active,0
301232,2026-06-30,2024-09-14,19,21884.47,East,Mobile,21,7.0,3,213.97,0,0,245.0,Active,0
302029,2026-06-30,2024-12-17,23,29996.91,East,Mobile,18,13.0,3,227.06,0,0,193.91,Active,0
305595,2026-06-30,2024-06-25,35,24427.81,West,Mobile,24,7.0,1,70.86,0,0,237.81,Active,0
300678,2026-06-30,2025-07-26,34,60270.53,Budapest,Web,11,5.0,0,0.0,0,0,245.71,Active,0
308399,2026-06-30,2025-06-19,42,15000.0,North,Web,12,8.0,0,0.0,0,0,272.04,Loyal,0
306722,2026-06-30,2024-09-20,48,24623.43,West,Store,21,3.0,0,0.0,0,0,159.17,Active,0
304599,2026-06-30,2025-02-25,18,15000.0,East,Web,16,10.0,0,0.0,0,0,200.6,Active,0
308493,2026-06-30,2025-11-13,56,25556.94,West,Web,8,15.0,0,33.16,0,0,200.34,Active,0
305830,2026-06-30,2024-10-16,54,35329.11,East,Mobile,20,4.0,1,7.33,0,0,218.45,Active,0
302742,2026-06-30,2024-06-20,27,25824.63,Budapest,Mobile,24,10.0,4,225.03,0,0,277.72,Active,0
307765,2026-06-30,2024-12-23,36,24840.72,West,Web,18,7.0,0,31.6,0,0,170.49,Loyal,0
304122,2026-06-30,2025-09-07,42,46219.26,West,Mobile,10,8.0,2,187.51,0,0,172.97,Active,0
308424,2026-06-30,2024-03-25,47,59590.82,Budapest,Store,27,12.0,0,0.0,0,0,142.53,Active,0
302433,2026-06-30,2025-06-05,34,52963.62,East,Web,13,6.0,2,84.01,0,0,208.74,Loyal,0
307660,2026-06-30,2025-04-23,68,29219.42,South,Web,14,8.0,3,224.35,1,1,81.24,At Risk,1
305021,2026-06-30,2025-01-11,50,65713.35,East,Mobile,18,8.0,5,546.35,0,0,209.32,Loyal,0
300552,2026-06-30,2025-04-03,38,34837.09,East,Mobile,15,3.0,0,17.34,1,0,191.67,Loyal,0
305112,2026-06-30,2025-12-02,18,44998.54,East,Web,7,6.0,1,63.81,0,0,258.62,Active,0
306799,2026-06-30,2024-06-02,52,56938.05,North,Store,25,5.0,2,173.61,0,0,252.41,Active,0
303913,2026-06-30,2024-10-12,62,43813.82,Budapest,Mobile,21,5.0,2,201.66,0,0,201.16,Active,0
301612,2026-06-30,2025-01-17,38,24467.35,Budapest,Web,17,5.0,0,0.0,0,0,227.21,Active,0
304265,2026-06-30,2025-04-30,48,29942.2,Budapest,Web,14,6.0,3,209.23,0,0,161.58,Loyal,0
305308,2026-06-30,2024-07-21,43,44077.92,Budapest,Mobile,23,7.0,2,149.87,0,0,270.88,Active,0
308331,2026-06-30,2025-04-06,40,57058.88,Budapest,Mobile,15,7.0,4,292.92,1,0,35.1,At Risk,1
305169,2026-06-30,2024-04-20,53,20723.56,North,Web,26,10.0,3,177.64,1,1,44.35,At Risk,1
300674,2026-06-30,2024-09-01,40,33237.16,Budapest,Mobile,22,2.0,1,105.1,0,0,135.39,Active,0
307324,2026-06-30,2025-03-21,29,24413.55,South,Web,15,4.0,0,27.76,0,0,260.66,Active,0
306736,2026-06-30,2025-02-24,40,79432.42,Budapest,Web,16,5.0,2,137.94,0,0,230.21,Active,0
304039,2026-06-30,2025-09-28,57,45843.47,Budapest,Store,9,8.0,1,34.97,0,0,206.48,Active,0
304810,2026-06-30,2025-12-01,38,32796.18,South,Web,7,9.0,4,222.24,0,0,118.36,Active,0
307121,2026-06-30,2025-05-17,40,19404.92,Budapest,Web,13,7.0,2,177.54,0,0,168.21,Active,0
307496,2026-06-30,2024-10-06,55,47958.12,East,Web,21,7.0,1,64.94,0,0,272.07,Active,0
300606,2026-06-30,2025-05-31,39,104359.98,East,Web,13,10.0,3,151.22,0,0,227.51,Active,0
305007,2026-06-30,2025-08-20,49,50693.29,East,Web,10,4.0,2,180.87,0,0,160.62,Active,0
307982,2026-06-30,2024-02-22,46,24897.24,North,Web,28,8.0,3,236.52,0,0,147.9,Active,0
305889,2026-06-30,2024-01-10,54,94372.65,East,Web,30,9.0,1,91.12,0,0,185.53,Loyal,0
301469,2026-06-30,2025-05-16,61,18087.76,South,Web,13,9.0,1,71.05,0,0,222.94,Active,0
307364,2026-06-30,2024-10-11,53,17073.48,West,Store,21,8.0,1,69.77,1,1,0.0,At Risk,1
301983,2026-06-30,2025-07-22,26,25130.11,East,Web,11,8.0,1,0.0,0,0,165.47,Loyal,0
304873,2026-06-30,2024-12-01,24,28723.35,East,Mobile,19,7.0,1,29.91,0,0,212.14,Active,0
300891,2026-06-30,2025-11-25,42,45689.21,Budapest,Web,7,5.0,1,62.79,0,0,167.77,Active,0
306002,2026-06-30,2024-02-20,33,18409.69,East,Web,28,7.0,2,129.09,0,0,165.12,Active,0
306146,2026-06-30,2025-04-18,42,23429.96,East,Web,14,6.0,1,112.13,0,0,203.4,Active,0
300844,2026-06-30,2024-10-30,36,42239.15,Budapest,Web,20,10.0,0,0.0,0,0,207.25,Loyal,0
302156,2026-06-30,2025-01-14,44,35663.88,East,Store,17,9.0,1,2.45,0,0,244.76,Active,0
308553,2026-06-30,2024-05-16,30,74016.39,Budapest,Web,25,7.0,2,237.98,0,0,207.56,Active,0
308884,2026-06-30,2024-01-22,39,77847.29,Budapest,Web,29,6.0,0,15.98,0,0,204.15,Loyal,0
302078,2026-06-30,2025-07-19,46,19534.37,South,Store,11,14.0,2,139.96,0,0,151.62,Active,0
305688,2026-06-30,2024-01-02,45,46616.0,North,Web,30,6.0,1,53.4,0,0,144.86,Loyal,0
305096,2026-06-30,2025-06-08,41,59083.77,West,Mobile,13,9.0,3,146.78,0,0,81.36,Loyal,0
308947,2026-06-30,2024-01-06,18,23008.76,Budapest,Web,30,6.0,2,89.45,0,0,76.04,Active,0
303521,2026-06-30,2024-08-06,38,16082.72,Budapest,Web,23,12.0,3,109.56,0,0,173.25,Active,0
304780,2026-06-30,2025-07-01,31,20391.1,North,Store,12,10.0,1,61.37,0,0,191.07,Active,0
302800,2026-06-30,2025-02-14,22,62197.43,East,Web,16,5.0,3,264.83,0,0,161.72,Active,0
305943,2026-06-30,2024-02-08,50,32881.51,South,Mobile,29,7.0,3,98.94,0,0,156.4,Active,0
300585,2026-06-30,2025-01-07,29,61667.03,South,Mobile,18,5.0,1,31.75,0,0,149.94,Loyal,0
303269,2026-06-30,2025-08-01,53,44325.46,West,Mobile,11,9.0,1,78.25,0,0,137.53,Active,0
304626,2026-06-30,2024-01-26,39,25362.13,South,Web,29,14.0,2,83.38,0,0,143.01,Active,0
301261,2026-06-30,2024-04-09,19,31711.69,North,Web,27,8.0,1,19.21,0,0,112.14,Active,0
308880,2026-06-30,2025-12-01,46,20949.83,West,Web,7,8.0,1,97.62,0,0,197.8,Loyal,0
306437,2026-06-30,2024-08-18,59,15692.14,South,Web,22,6.0,1,95.24,0,0,226.58,Loyal,0
304611,2026-06-30,2024-12-14,34,22957.25,East,Web,18,11.0,2,118.79,0,0,242.92,Active,0
307730,2026-06-30,2024-09-12,40,19473.77,South,Web,22,9.0,1,37.04,0,0,183.97,Active,0
306385,2026-06-30,2024-05-08,49,32186.66,Budapest,Store,26,10.0,2,131.79,0,0,154.94,Active,0
304002,2026-06-30,2025-07-18,49,109180.61,East,Web,11,5.0,3,280.36,0,0,131.78,Active,0
308941,2026-06-30,2024-05-18,44,38704.83,East,Mobile,25,10.0,2,66.44,0,0,186.2,Active,0
306415,2026-06-30,2024-09-04,47,28007.56,North,Store,22,10.0,1,60.63,0,0,308.41,Active,0
304631,2026-06-30,2024-06-29,42,27647.27,Budapest,Web,24,10.0,1,48.92,0,0,160.66,Active,0
307533,2026-06-30,2024-11-01,57,28637.06,North,Mobile,20,9.0,2,182.68,0,0,156.15,Active,0
308914,2026-06-30,2025-04-16,51,92139.02,Budapest,Mobile,14,10.0,1,54.97,1,0,196.29,Loyal,0
302551,2026-06-30,2024-07-16,42,16694.93,Budapest,Web,23,13.0,1,128.29,0,0,256.08,Active,0
303784,2026-06-30,2025-01-04,22,45665.19,South,Web,18,6.0,1,55.49,0,0,189.71,Active,0
307046,2026-06-30,2024-09-13,45,32062.46,East,Mobile,22,9.0,3,158.03,0,0,219.94,Active,0
304615,2026-06-30,2024-12-04,36,24651.2,West,Mobile,19,8.0,2,216.65,1,0,167.97,Active,0
300345,2026-06-30,2024-01-23,35,41578.1,West,Store,29,5.0,1,83.85,0,0,229.55,Loyal,0
302186,2026-06-30,2025-09-04,32,26317.13,East,Mobile,10,9.0,2,111.27,0,0,176.61,Active,0
305091,2026-06-30,2024-07-07,24,36319.52,East,Web,24,8.0,3,95.42,0,1,130.6,Active,0
307154,2026-06-30,2025-05-13,41,40844.87,Budapest,Store,14,6.0,1,65.77,0,0,246.45,Active,0
305776,2026-06-30,2025-08-28,41,58019.53,Budapest,Store,10,7.0,2,105.92,0,0,215.82,Active,0
306826,2026-06-30,2025-04-11,39,37665.02,East,Web,15,5.0,2,77.05,1,1,0.0,At Risk,1
308791,2026-06-30,2025-09-10,51,36250.68,East,Mobile,10,9.0,0,24.5,0,0,148.15,Loyal,0
300872,2026-06-30,2025-07-08,55,67507.99,North,Store,12,6.0,3,144.29,0,0,199.77,Active,0
308475,2026-06-30,2025-05-22,33,63760.09,Budapest,Store,13,12.0,2,141.12,0,0,214.51,Loyal,0
307729,2026-06-30,2025-12-07,49,25656.45,South,Web,7,13.0,2,156.78,0,0,226.28,Active,0
304979,2026-06-30,2024-05-25,27,22886.21,East,Store,25,6.0,1,64.68,0,0,181.33,Active,0
304157,2026-06-30,2025-12-23,69,20356.95,South,Web,6,10.0,1,43.25,0,0,234.61,Loyal,0
300091,2026-06-30,2025-01-26,40,69311.16,Budapest,Store,17,10.0,2,157.96,0,0,270.01,Active,0
304897,2026-06-30,2024-04-13,47,29077.86,West,Web,27,7.0,2,92.23,0,0,227.83,Active,0
305266,2026-06-30,2025-06-25,49,46916.05,North,Web,12,4.0,1,36.61,0,0,107.35,Active,0
306194,2026-06-30,2024-03-25,64,51793.5,South,Web,27,10.0,5,404.77,0,0,269.95,Loyal,0
305301,2026-06-30,2025-05-12,42,27217.88,Budapest,Web,14,6.0,1,77.2,0,1,29.37,At Risk,1
307390,2026-06-30,2025-08-25,30,44432.24,Budapest,Web,10,5.0,1,88.46,1,0,239.39,Loyal,0
306363,2026-06-30,2025-06-11,41,33018.9,North,Web,13,6.0,2,166.42,0,0,124.67,Loyal,0
306612,2026-06-30,2025-07-23,61,35215.48,Budapest,Mobile,11,10.0,4,274.65,0,1,281.67,Loyal,0
302118,2026-06-30,2024-03-24,36,44012.67,East,Mobile,27,9.0,3,205.63,0,0,176.24,Active,0
302938,2026-06-30,2024-12-19,37,63381.61,West,Mobile,18,3.0,1,61.76,0,0,252.69,Active,0
307231,2026-06-30,2024-02-01,50,54096.04,East,Web,29,15.0,3,249.9,0,0,222.84,Loyal,0
308075,2026-06-30,2024-07-06,42,63711.09,East,Mobile,24,8.0,1,124.34,0,0,117.81,Active,0
302837,2026-06-30,2025-12-06,40,23321.03,Budapest,Mobile,7,6.0,0,0.0,0,0,163.44,Active,0
303097,2026-06-30,2025-01-19,29,50684.08,West,Web,17,5.0,0,0.0,0,0,114.43,Loyal,0
305710,2026-06-30,2025-04-03,50,45059.78,Budapest,Web,15,14.0,1,13.93,0,0,155.88,Active,0
304595,2026-06-30,2025-09-03,49,72465.69,North,Mobile,10,4.0,0,10.22,0,0,234.97,Loyal,0
300948,2026-06-30,2025-01-05,30,27877.02,East,Store,18,9.0,1,121.43,0,0,128.86,Active,0
302926,2026-06-30,2025-04-09,51,42618.89,South,Mobile,15,4.0,0,49.29,0,0,222.15,Loyal,0
304418,2026-06-30,2024-09-23,26,15000.0,East,Mobile,21,11.0,1,41.89,0,0,180.61,Active,0
303215,2026-06-30,2024-11-23,46,58296.09,East,Mobile,19,5.0,2,68.56,0,0,159.61,Active,0
304483,2026-06-30,2025-11-17,40,24815.27,West,Web,7,14.0,2,110.31,0,0,133.74,Loyal,0
305286,2026-06-30,2025-05-14,50,37591.64,East,Store,14,7.0,3,123.91,0,0,148.37,Active,0
300884,2026-06-30,2025-04-06,42,27384.24,South,Web,15,9.0,4,282.38,0,0,229.14,Active,0
304511,2026-06-30,2024-09-01,47,23395.28,West,Web,22,7.0,2,136.71,0,0,162.43,Loyal,0
306021,2026-06-30,2024-12-09,46,20784.54,Budapest,Mobile,19,11.0,2,179.96,0,0,226.49,Active,0
307713,2026-06-30,2024-11-09,40,47678.48,East,Mobile,20,10.0,5,244.92,0,0,193.87,Active,0
305782,2026-06-30,2025-01-29,29,37019.7,Budapest,Store,17,13.0,2,165.59,0,0,253.0,Loyal,0
303937,2026-06-30,2024-08-27,57,39320.14,East,Web,22,8.0,1,101.81,0,1,191.21,Active,0
300628,2026-06-30,2025-02-19,36,97663.12,East,Web,16,12.0,1,7.18,0,0,168.72,Active,0
301457,2026-06-30,2024-04-11,51,29496.69,East,Web,27,10.0,1,100.75,0,0,188.88,Active,0
308687,2026-06-30,2024-04-01,44,55772.04,East,Mobile,27,3.0,1,48.38,0,0,223.25,Loyal,0
307377,2026-06-30,2025-11-21,47,24867.97,West,Web,7,5.0,1,83.56,0,0,167.73,Active,0
306683,2026-06-30,2025-06-05,49,19325.68,South,Store,13,6.0,2,145.63,0,0,222.67,Active,0
305639,2026-06-30,2024-03-16,43,23262.52,West,Web,27,6.0,2,199.28,0,0,167.73,Active,0
308729,2026-06-30,2024-02-24,60,37017.03,North,Web,28,4.0,0,0.0,0,0,55.04,Active,0
306665,2026-06-30,2025-05-23,34,47494.72,Budapest,Web,13,6.0,0,10.81,0,0,120.37,Active,0
308718,2026-06-30,2025-09-08,25,50015.62,East,Web,10,8.0,0,11.87,0,0,220.42,Active,0
308871,2026-06-30,2025-10-22,28,29004.57,North,Store,8,10.0,3,217.68,0,0,274.67,Loyal,0
307013,2026-06-30,2024-03-26,44,19877.54,West,Store,27,11.0,0,0.0,0,0,210.27,Loyal,0
302416,2026-06-30,2024-02-19,38,48832.91,West,Web,28,6.0,1,71.51,0,0,151.85,Active,0
304820,2026-06-30,2024-01-20,18,15000.0,Budapest,Store,29,8.0,2,194.96,0,0,177.83,Active,0
307573,2026-06-30,2025-04-20,40,32737.2,South,Web,14,4.0,0,38.35,0,0,127.03,Active,0
308029,2026-06-30,2025-01-02,47,38014.55,East,Web,18,14.0,3,178.47,0,0,185.81,Active,0
304442,2026-06-30,2024-05-26,42,51450.37,North,Mobile,25,4.0,1,38.94,0,0,194.34,Loyal,0
306719,2026-06-30,2025-11-26,42,47921.18,Budapest,Web,7,8.0,1,0.0,0,0,199.44,Loyal,0
305152,2026-06-30,2025-05-28,41,46256.82,West,Web,13,8.0,0,5.72,0,0,209.81,Active,0
302900,2026-06-30,2025-03-28,54,25615.71,West,Web,15,6.0,3,175.73,0,0,146.72,Active,0
300434,2026-06-30,2024-09-26,48,17787.51,South,Web,21,6.0,2,26.56,0,0,146.35,Active,0
302399,2026-06-30,2025-07-13,46,33297.48,North,Web,12,5.0,1,77.04,0,0,206.89,Active,0
302210,2026-06-30,2025-06-07,31,33116.6,North,Mobile,13,,2,54.94,0,0,259.83,Active,0
301711,2026-06-30,2025-06-14,45,18179.76,Budapest,Web,13,8.0,0,0.0,0,0,194.06,Active,0
303354,2026-06-30,2024-08-25,48,24566.29,West,Web,22,9.0,2,194.64,0,0,203.5,Active,0
308557,2026-06-30,2025-01-04,59,49586.61,Budapest,Web,18,4.0,2,139.64,1,1,0.0,At Risk,1
307860,2026-06-30,2024-09-10,42,15000.0,South,Mobile,22,8.0,4,250.46,0,0,197.23,Loyal,0
300105,2026-06-30,2024-07-10,43,34574.85,East,Store,24,11.0,4,251.26,0,0,187.09,Active,0
305866,2026-06-30,2025-06-09,31,108206.61,North,Mobile,13,10.0,1,73.14,0,0,251.76,Loyal,0
301187,2026-06-30,2025-05-12,38,30446.92,South,Mobile,14,7.0,0,14.01,0,0,245.97,Active,0
305541,2026-06-30,2025-11-28,45,73467.97,North,Web,7,9.0,2,98.28,0,0,254.99,Active,0
303185,2026-06-30,2025-06-01,50,25469.88,Budapest,Mobile,13,6.0,1,79.28,0,0,284.75,Active,0
308901,2026-06-30,2025-10-10,38,24027.04,Budapest,Web,9,10.0,0,0.0,0,0,187.03,Active,0
304925,2026-06-30,2024-01-11,18,54470.88,North,Mobile,30,8.0,4,256.51,0,0,324.19,Active,0
307189,2026-06-30,2024-07-10,34,15920.11,East,Web,24,11.0,2,172.97,0,0,209.3,Loyal,0
307599,2026-06-30,2025-05-16,43,22839.5,Budapest,Web,13,6.0,0,3.93,0,0,134.98,Active,0
308988,2026-06-30,2024-06-19,33,19442.12,South,Mobile,24,7.0,1,23.12,0,0,230.33,Active,0
300152,2026-06-30,2025-07-19,18,22099.76,West,Mobile,11,5.0,1,16.86,0,0,253.73,Active,0
303283,2026-06-30,2024-08-26,35,49810.87,East,Web,22,5.0,1,76.46,0,0,180.33,Loyal,0
306287,2026-06-30,2025-02-09,47,47214.48,Budapest,Web,17,8.0,2,148.05,0,0,192.45,Loyal,0
305103,2026-06-30,2024-05-01,28,62267.92,South,Mobile,26,6.0,2,41.53,0,0,183.75,Active,0
300916,2026-06-30,2025-08-26,35,68027.02,North,Mobile,10,8.0,0,0.0,0,0,250.47,Active,0
301306,2026-06-30,2024-04-10,31,90454.91,North,Mobile,27,7.0,2,76.48,0,0,253.67,Active,0
304478,2026-06-30,2024-01-09,24,41434.69,Budapest,Web,30,10.0,5,265.45,0,0,172.29,Loyal,0
303050,2026-06-30,2024-07-22,43,39822.2,South,Mobile,23,5.0,0,0.0,0,0,208.05,Loyal,0
308538,2026-06-30,2024-11-23,34,44589.22,East,Mobile,19,8.0,0,0.0,0,0,239.58,Active,0
306496,2026-06-30,2025-07-04,43,17387.63,South,Store,12,11.0,1,70.81,0,0,284.86,Active,0
308653,2026-06-30,2025-12-14,50,43646.87,Budapest,Store,7,6.0,1,45.35,0,0,278.45,Loyal,0
307173,2026-06-30,2024-12-21,32,56103.16,Budapest,Store,18,5.0,1,24.88,0,0,154.26,Active,0
307627,2026-06-30,2025-08-07,49,26636.69,West,Store,11,5.0,0,0.0,0,0,199.74,Active,0
304711,2026-06-30,2025-02-14,57,53758.41,Budapest,Mobile,16,7.0,0,0.0,0,0,330.41,Loyal,0
304052,2026-06-30,2024-05-29,18,27996.72,West,Web,25,9.0,1,100.97,0,1,189.01,Loyal,0
306600,2026-06-30,2025-01-24,33,37804.39,Budapest,Mobile,17,9.0,2,79.93,0,0,241.42,Active,0
302797,2026-06-30,2025-03-10,47,46718.17,East,Web,16,6.0,3,139.42,0,0,156.53,Active,0
302702,2026-06-30,2024-05-20,51,30636.46,North,Web,25,12.0,1,45.92,0,0,235.2,Active,0
301399,2026-06-30,2024-10-05,39,32110.56,Budapest,Web,21,7.0,3,215.73,0,0,163.0,Active,0
302520,2026-06-30,2025-07-01,38,22681.22,Budapest,Web,12,9.0,1,37.42,0,0,189.96,Active,0
303359,2026-06-30,2025-05-19,56,23113.0,East,Mobile,13,4.0,1,163.67,0,0,290.48,Loyal,0
305762,2026-06-30,2024-02-26,40,24961.63,Budapest,Mobile,28,7.0,1,17.44,0,0,189.91,Loyal,0
300184,2026-06-30,2025-12-17,60,46766.83,North,Web,6,4.0,0,0.0,0,0,214.67,Loyal,0
304141,2026-06-30,2024-04-29,40,47239.21,Budapest,Web,26,16.0,2,179.75,0,0,246.03,Loyal,0
300367,2026-06-30,2024-08-11,42,34999.22,East,Mobile,23,6.0,1,111.76,0,0,213.73,Loyal,0
304514,2026-06-30,2025-02-21,44,35265.82,East,Web,16,4.0,0,22.16,0,1,87.49,At Risk,1
304356,2026-06-30,2024-01-19,32,47758.15,Budapest,Store,29,7.0,2,51.76,0,0,170.57,Active,0
305061,2026-06-30,2024-07-05,45,36985.26,Budapest,Web,24,3.0,1,61.35,0,0,153.89,Loyal,0
306453,2026-06-30,2024-05-19,44,36740.8,North,Web,25,11.0,0,9.48,0,0,195.52,Loyal,0
302418,2026-06-30,2024-05-04,45,55315.73,Budapest,Web,26,9.0,3,271.83,0,0,219.42,Loyal,0
304008,2026-06-30,2024-09-21,35,31417.58,West,Web,21,14.0,1,24.49,0,0,132.87,Loyal,0
300472,2026-06-30,2024-07-15,34,54631.28,Budapest,Web,23,6.0,1,0.77,0,0,142.3,Loyal,0
300968,2026-06-30,2024-08-09,42,28602.86,North,Store,23,6.0,0,9.92,0,0,212.7,Active,0
306673,2026-06-30,2025-08-30,46,47563.18,Budapest,Store,10,5.0,0,38.26,0,0,299.65,Loyal,0
306587,2026-06-30,2024-01-11,42,41143.89,South,Mobile,30,12.0,1,88.49,0,0,188.28,Active,0
302657,2026-06-30,2024-07-22,57,36996.67,East,Mobile,23,11.0,0,65.58,0,0,225.3,Active,0
303880,2026-06-30,2025-01-27,30,35766.49,Budapest,Mobile,17,7.0,0,23.71,0,0,229.92,Active,0
306914,2026-06-30,2024-09-05,31,55303.88,West,Mobile,22,9.0,3,275.19,0,0,248.25,Loyal,0
300210,2026-06-30,2024-02-04,60,34883.26,West,Web,29,3.0,3,218.38,0,0,229.65,Loyal,0
301962,2026-06-30,2024-02-08,49,15240.95,East,Mobile,29,7.0,1,113.7,0,0,199.72,Active,0
300897,2026-06-30,2024-01-04,40,55229.48,Budapest,Web,30,7.0,2,104.72,0,0,236.11,Active,0
308411,2026-06-30,2024-07-19,28,94561.26,East,Store,23,7.0,2,81.39,0,0,239.3,Active,0
303949,2026-06-30,2025-06-25,43,29915.18,South,Mobile,12,10.0,3,114.54,1,0,358.19,Active,0
308545,2026-06-30,2024-04-22,46,15885.53,North,Web,26,14.0,5,415.57,0,0,157.13,Loyal,0
301774,2026-06-30,2024-03-21,45,27602.51,Budapest,Mobile,27,8.0,1,85.42,0,0,178.45,Active,0
305240,2026-06-30,2024-07-10,30,77583.02,East,Web,24,4.0,2,102.18,0,0,94.87,Active,0
302300,2026-06-30,2025-08-22,66,15000.0,Budapest,Store,10,9.0,1,54.7,0,0,187.4,Loyal,0
301210,2026-06-30,2025-09-09,42,58122.57,East,Web,10,11.0,1,81.25,0,0,170.56,Loyal,0
305340,2026-06-30,2024-02-24,24,61712.67,West,Web,28,6.0,1,39.82,0,0,318.52,Active,0
305682,2026-06-30,2025-10-09,38,,North,Web,9,6.0,0,27.39,0,0,312.08,Active,0
306290,2026-06-30,2024-07-31,45,74032.37,Budapest,Web,23,9.0,0,65.24,0,0,191.72,Active,0
301271,2026-06-30,2025-03-02,52,33442.52,Budapest,Store,16,6.0,1,62.63,0,0,219.73,Active,0
301252,2026-06-30,2024-02-14,28,62504.38,East,Web,28,13.0,1,62.45,0,0,228.06,Active,0
303177,2026-06-30,2024-08-28,41,39663.78,Budapest,Web,22,6.0,0,26.11,0,0,217.4,Active,0
304864,2026-06-30,2025-04-10,56,37297.17,North,Web,15,8.0,2,183.04,0,0,148.14,Loyal,0
307619,2026-06-30,2024-01-01,19,53430.27,North,Mobile,30,3.0,1,22.37,0,0,209.08,Active,0
306527,2026-06-30,2024-12-25,40,60759.23,South,Web,18,8.0,2,101.33,0,0,112.12,Active,0
304102,2026-06-30,2025-03-13,43,54053.2,Budapest,Web,16,16.0,2,130.33,1,0,201.83,Active,0
301293,2026-06-30,2025-12-23,38,24748.55,North,Web,6,5.0,0,0.0,0,0,191.06,Loyal,0
306015,2026-06-30,2025-07-26,22,19048.82,Budapest,Store,11,8.0,4,121.05,0,0,138.47,Loyal,0
305361,2026-06-30,2024-10-30,26,27744.04,South,Mobile,20,8.0,2,105.87,0,0,214.56,Active,0
303371,2026-06-30,2025-08-06,55,15000.0,Budapest,Web,11,9.0,4,298.89,0,0,212.37,Active,0
305271,2026-06-30,2025-11-03,39,47987.04,Budapest,Web,8,8.0,1,75.18,0,0,165.36,Active,0
303290,2026-06-30,2024-06-30,31,93424.88,South,Mobile,24,4.0,0,93.31,0,0,183.26,Loyal,0
305287,2026-06-30,2025-01-02,60,36465.12,West,Web,18,9.0,3,127.15,0,0,137.13,Loyal,0
303652,2026-06-30,2024-08-27,52,35428.95,West,Mobile,22,8.0,2,72.9,0,0,214.41,Loyal,0
303316,2026-06-30,2024-05-17,31,28720.21,South,Mobile,25,5.0,2,161.88,0,0,151.83,Active,0
307441,2026-06-30,2025-06-16,29,21703.58,South,Web,12,7.0,0,34.33,0,0,105.29,Active,0
300293,2026-06-30,2024-12-16,25,17797.24,Budapest,Mobile,18,10.0,1,16.26,0,0,276.13,Active,0
308421,2026-06-30,2025-10-26,36,24492.62,East,Mobile,8,6.0,2,110.91,0,0,236.97,Active,0
308357,2026-06-30,2025-02-11,61,70832.05,West,Mobile,17,7.0,3,236.34,0,0,135.34,Active,0
301052,2026-06-30,2024-09-20,57,55724.19,Budapest,Store,21,10.0,2,89.12,0,0,188.12,Loyal,0
302232,2026-06-30,2025-03-08,43,42839.47,West,Mobile,16,8.0,2,103.81,0,0,197.29,Loyal,0
305408,2026-06-30,2025-01-09,49,27192.47,South,Store,18,6.0,2,212.17,0,0,254.71,Loyal,0
304555,2026-06-30,2025-05-01,41,80059.48,West,Mobile,14,7.0,2,127.11,0,0,208.45,Active,0
300273,2026-06-30,2024-10-15,59,50612.84,East,Web,20,6.0,1,24.88,0,0,189.53,Loyal,0
302043,2026-06-30,2025-07-07,50,45177.04,East,Web,12,9.0,1,60.64,0,0,131.21,Active,0
305279,2026-06-30,2025-12-16,65,42117.34,West,Web,6,7.0,4,134.97,0,1,12.08,At Risk,1
304049,2026-06-30,2024-07-14,50,50285.69,Budapest,Store,24,11.0,1,108.28,0,0,162.96,Loyal,0
308449,2026-06-30,2024-07-13,41,34332.69,East,Web,24,9.0,4,158.65,0,0,229.84,Loyal,0
300104,2026-06-30,2025-08-15,37,57030.78,West,Web,10,7.0,3,186.46,0,0,157.99,Active,0
301087,2026-06-30,2025-03-08,46,49220.96,Budapest,Web,16,7.0,1,78.68,0,0,199.32,Loyal,0
305046,2026-06-30,2025-05-12,50,20485.13,South,Web,14,7.0,1,98.7,0,0,154.68,Loyal,0
307966,2026-06-30,2024-10-16,41,36897.3,West,Mobile,20,8.0,0,0.0,0,0,168.16,Active,0
306969,2026-06-30,2024-07-24,40,,West,Web,23,9.0,0,0.0,0,0,211.12,Active,0
308983,2026-06-30,2025-07-04,43,39123.67,Budapest,Mobile,12,9.0,0,51.27,0,0,124.59,Loyal,0
302904,2026-06-30,2024-10-03,34,,South,Web,21,12.0,4,217.6,0,0,208.05,Loyal,0
305479,2026-06-30,2025-08-09,23,88776.76,Budapest,Mobile,11,7.0,0,0.0,0,0,171.23,Active,0
307161,2026-06-30,2025-03-25,43,20619.03,West,Mobile,15,7.0,2,116.86,0,0,217.8,Loyal,0
304142,2026-06-30,2024-07-02,37,22757.03,South,Store,24,6.0,1,54.33,0,0,231.73,Loyal,0
307352,2026-06-30,2025-09-24,43,16609.49,West,Store,9,7.0,1,48.12,0,0,86.47,Loyal,0
306349,2026-06-30,2024-01-09,40,34082.94,Budapest,Mobile,30,8.0,1,57.39,0,0,173.52,Loyal,0
308093,2026-06-30,2024-05-10,18,44626.79,Budapest,Web,26,8.0,1,97.45,0,0,37.82,Active,0
306946,2026-06-30,2024-11-22,47,20011.92,West,Mobile,19,6.0,0,0.0,0,0,218.24,Loyal,0
304529,2026-06-30,2025-10-11,45,42060.16,East,Mobile,9,6.0,0,20.64,0,0,149.25,Active,0
304197,2026-06-30,2025-05-17,46,31863.45,South,Mobile,13,7.0,1,54.21,1,0,214.04,Active,0
306166,2026-06-30,2024-12-22,49,37489.83,Budapest,Mobile,18,10.0,5,399.43,0,0,203.19,Active,0
300614,2026-06-30,2024-11-14,53,26833.46,South,Mobile,19,8.0,1,79.78,0,0,246.0,Loyal,0
304506,2026-06-30,2025-11-26,51,112773.9,North,Web,7,3.0,0,40.28,0,0,202.52,Loyal,0
305355,2026-06-30,2024-04-15,53,49778.95,Budapest,Mobile,26,6.0,0,27.5,1,0,147.07,Active,0
304792,2026-06-30,2024-10-24,44,30029.16,Budapest,Web,20,12.0,1,85.6,0,0,204.63,Loyal,0
305564,2026-06-30,2024-01-14,39,28491.02,Budapest,Web,30,7.0,1,87.06,0,0,176.37,Loyal,0
303479,2026-06-30,2024-04-16,39,39062.3,South,Mobile,26,3.0,2,133.86,0,0,138.4,Loyal,0
305839,2026-06-30,2025-12-10,39,21570.66,West,Store,7,7.0,4,277.59,0,0,171.92,Active,0
308477,2026-06-30,2025-04-20,29,55258.39,North,Mobile,14,11.0,2,70.72,0,0,297.74,Active,0
301749,2026-06-30,2025-06-29,46,53243.51,North,Web,12,6.0,2,136.99,0,0,122.45,Loyal,0
300733,2026-06-30,2025-05-29,22,51388.26,West,Web,13,,5,388.68,0,0,143.01,Loyal,0
307640,2026-06-30,2025-01-09,33,24326.45,East,Web,18,7.0,0,0.0,0,0,159.36,Active,0
304481,2026-06-30,2025-01-05,28,20091.52,Budapest,Store,18,7.0,2,199.55,0,0,246.62,Active,0
304003,2026-06-30,2025-04-29,39,29309.06,East,Web,14,10.0,0,0.0,0,0,197.82,Loyal,0
306240,2026-06-30,2025-11-22,46,16566.91,East,Web,7,3.0,1,33.5,0,0,268.87,Loyal,0
302911,2026-06-30,2025-10-25,60,30844.49,East,Mobile,8,11.0,0,0.0,1,0,254.51,Loyal,0
306319,2026-06-30,2025-09-26,39,18710.64,South,Mobile,9,7.0,0,0.0,0,0,277.5,Active,0
302663,2026-06-30,2025-02-07,41,19540.82,East,Mobile,17,12.0,0,0.0,0,0,212.77,Active,0
305488,2026-06-30,2024-08-20,39,43890.56,Budapest,Mobile,22,10.0,4,173.72,0,0,199.18,Active,0
308407,2026-06-30,2025-05-04,32,44096.58,Budapest,Mobile,14,9.0,2,135.21,0,0,122.31,Loyal,0
303774,2026-06-30,2025-05-21,54,30674.66,East,Web,13,7.0,1,69.44,0,0,170.98,Active,0
303114,2026-06-30,2024-05-26,38,26724.79,North,Store,25,10.0,1,32.05,0,0,223.68,Active,0
303304,2026-06-30,2024-10-28,43,81913.65,Budapest,Web,20,8.0,1,72.59,0,0,140.41,Loyal,0
302155,2026-06-30,2025-04-05,26,37824.8,North,Mobile,15,8.0,1,79.48,0,0,292.92,Active,0
301345,2026-06-30,2025-03-25,40,31617.88,South,Mobile,15,12.0,0,54.66,0,0,159.49,Active,0
308934,2026-06-30,2024-09-08,63,41480.6,Budapest,Store,22,10.0,1,34.86,0,0,192.35,Active,0
303262,2026-06-30,2025-07-26,42,41939.19,Budapest,Web,11,9.0,2,246.9,0,0,239.48,Active,0
307504,2026-06-30,2024-01-06,18,26104.52,East,Mobile,30,10.0,1,56.85,0,0,223.52,Active,0
307736,2026-06-30,2024-04-25,42,18876.16,East,Mobile,26,8.0,3,243.59,0,0,289.55,Active,0
305328,2026-06-30,2025-05-28,57,,East,Web,13,4.0,2,154.31,0,0,213.86,Loyal,0
300953,2026-06-30,2025-03-29,49,20744.41,West,Mobile,15,10.0,3,174.67,0,0,187.87,Active,0
307656,2026-06-30,2025-04-07,39,92333.72,North,Mobile,15,5.0,1,84.0,0,0,146.35,Active,0
303022,2026-06-30,2025-01-25,36,23935.17,East,Web,17,13.0,2,183.74,0,0,206.96,Active,0
303309,2026-06-30,2025-03-01,32,55608.36,North,Mobile,16,7.0,1,38.18,0,0,271.55,Active,0
301505,2026-06-30,2024-05-14,53,86340.53,South,Web,26,5.0,2,131.17,0,0,183.11,Loyal,0
304575,2026-06-30,2024-09-20,51,35870.67,Budapest,Web,21,10.0,1,43.3,0,0,110.59,Loyal,0
301807,2026-06-30,2025-12-25,28,66337.77,East,Store,6,3.0,0,0.0,0,0,137.41,Active,0
305113,2026-06-30,2025-03-02,54,26255.86,Budapest,Mobile,16,7.0,0,0.0,1,0,0.0,At Risk,1
307021,2026-06-30,2024-02-22,48,27038.68,South,Web,28,6.0,1,134.48,0,0,186.16,Loyal,0
303792,2026-06-30,2025-06-24,60,24650.92,East,Web,12,11.0,3,150.9,0,1,161.22,Loyal,0
301122,2026-06-30,2024-06-24,60,23836.56,South,Store,24,10.0,1,118.15,0,0,145.3,Active,0
305630,2026-06-30,2025-09-12,41,54968.12,North,Mobile,10,5.0,0,0.0,0,0,245.47,Active,0
308652,2026-06-30,2024-01-10,34,28111.47,East,Store,30,7.0,1,109.06,0,0,123.23,Loyal,0
306006,2026-06-30,2025-06-16,36,33393.06,West,Store,12,13.0,1,101.8,0,0,208.11,Active,0
304843,2026-06-30,2024-04-01,68,105851.86,West,Web,27,7.0,1,82.38,0,0,172.25,Active,0
304926,2026-06-30,2024-03-06,36,33320.52,East,Web,28,11.0,1,49.03,0,0,173.99,Active,0
307184,2026-06-30,2024-07-29,52,38731.24,North,Mobile,23,8.0,1,88.66,0,0,234.38,Loyal,0
305958,2026-06-30,2025-07-19,21,50116.05,Budapest,Web,11,7.0,1,45.63,0,0,271.71,Active,0
306500,2026-06-30,2025-05-02,48,44782.71,West,Mobile,14,8.0,1,16.16,1,0,210.72,Active,0
301849,2026-06-30,2024-03-26,37,48443.01,Budapest,Store,27,9.0,1,59.29,0,0,162.47,Active,0
300417,2026-06-30,2025-01-11,47,53335.91,Budapest,Web,18,10.0,3,284.92,0,0,58.78,Active,0
302974,2026-06-30,2025-01-31,50,15000.0,East,Store,17,11.0,1,12.43,0,0,207.95,Active,0
305904,2026-06-30,2024-01-09,51,69755.74,Budapest,Web,30,6.0,1,49.78,0,0,211.45,Loyal,0
302432,2026-06-30,2025-05-28,42,19242.86,East,Web,13,9.0,1,63.72,0,0,204.9,Active,0
302519,2026-06-30,2025-11-28,35,25205.67,West,Web,7,7.0,1,77.23,0,0,241.72,Active,0
300565,2026-06-30,2025-11-05,34,60650.33,Budapest,Mobile,8,12.0,3,263.25,0,0,184.06,Active,0
302527,2026-06-30,2025-12-24,34,31999.72,Budapest,Mobile,6,3.0,1,71.27,0,0,127.59,Active,0
308408,2026-06-30,2024-07-01,29,44510.18,East,Web,24,9.0,0,0.0,0,0,94.65,Active,0
304582,2026-06-30,2025-06-30,43,97184.59,West,Web,12,3.0,3,77.77,0,0,196.88,Active,0
303252,2026-06-30,2025-06-20,31,27009.6,North,Store,12,7.0,1,107.02,0,0,151.51,Active,0
301225,2026-06-30,2024-10-18,30,25614.41,Budapest,Store,20,7.0,0,0.0,0,0,139.23,Active,0
300143,2026-06-30,2024-03-05,50,36522.75,South,Mobile,28,10.0,4,188.22,0,0,290.23,Active,0
306754,2026-06-30,2024-06-07,66,22601.74,North,Mobile,25,6.0,1,52.47,0,0,238.62,Active,0
301491,2026-06-30,2025-02-20,36,71454.28,East,Web,16,11.0,1,81.8,1,0,206.61,Active,0
307752,2026-06-30,2024-07-05,70,26474.73,Budapest,Store,24,6.0,1,51.61,0,0,211.03,Active,0
304152,2026-06-30,2025-05-06,41,42856.02,West,Web,14,8.0,5,334.31,0,0,194.19,Active,0
301591,2026-06-30,2025-07-06,44,41674.43,Budapest,Web,12,6.0,2,6.86,0,0,211.12,Active,0
304538,2026-06-30,2025-03-09,33,41875.43,East,Web,16,6.0,1,48.38,0,0,260.14,Active,0
307794,2026-06-30,2025-10-08,41,19023.74,Budapest,Web,9,6.0,2,136.04,0,0,203.53,Active,0
302654,2026-06-30,2025-12-16,40,38968.75,East,Web,6,7.0,0,44.21,0,0,150.05,Active,0
302005,2026-06-30,2025-02-12,43,18668.16,West,Web,17,4.0,1,96.68,0,0,180.91,Loyal,0
301195,2026-06-30,2024-03-03,45,53401.85,West,Mobile,28,11.0,2,117.79,0,0,242.15,Active,0
307549,2026-06-30,2024-06-01,36,26338.47,North,Web,25,8.0,1,77.82,0,0,192.76,Loyal,0
303410,2026-06-30,2025-05-23,27,33887.4,North,Mobile,13,6.0,3,100.41,1,1,77.85,At Risk,1
301118,2026-06-30,2025-06-12,32,23638.0,East,Store,13,10.0,1,57.53,0,0,255.93,Loyal,0
308264,2026-06-30,2025-08-13,53,46402.56,Budapest,Store,11,7.0,0,19.49,0,0,255.47,Loyal,0
301757,2026-06-30,2024-02-09,35,27900.1,Budapest,Mobile,29,4.0,0,0.0,0,0,241.61,Active,0
300498,2026-06-30,2025-01-09,59,15843.09,South,Mobile,18,9.0,3,236.47,0,0,306.94,Active,0
308971,2026-06-30,2025-08-26,60,35327.24,Budapest,Web,10,7.0,2,173.7,0,0,156.38,Loyal,0
300013,2026-06-30,2024-10-11,28,19258.56,North,Web,21,11.0,0,6.49,0,0,148.2,Active,0
300871,2026-06-30,2025-11-24,28,93527.82,Budapest,Web,7,5.0,0,4.21,0,0,147.57,Active,0
303358,2026-06-30,2024-02-03,40,42452.23,East,Mobile,29,10.0,3,187.75,0,0,231.28,Active,0
300913,2026-06-30,2025-12-15,45,60534.77,North,Web,6,6.0,1,77.28,0,0,292.15,Loyal,0
303583,2026-06-30,2024-03-11,65,23644.51,West,Store,28,8.0,2,120.74,0,0,147.71,Active,0
300722,2026-06-30,2025-09-18,40,26716.89,Budapest,Store,9,8.0,2,66.97,0,0,194.68,Active,0
302806,2026-06-30,2024-12-28,49,24705.89,South,Store,18,7.0,2,173.09,1,0,195.01,Loyal,0
308897,2026-06-30,2024-03-15,45,23497.8,South,Mobile,27,7.0,1,139.2,0,0,179.87,Active,0
307274,2026-06-30,2025-03-11,37,25969.62,Budapest,Web,16,10.0,4,208.73,0,0,210.74,Loyal,0
308716,2026-06-30,2024-06-09,58,15094.11,West,Mobile,25,10.0,3,282.13,0,0,108.51,Loyal,0
305404,2026-06-30,2024-10-14,46,46366.71,Budapest,Store,20,4.0,0,7.03,0,0,246.61,Active,0
301497,2026-06-30,2025-12-02,29,29969.12,West,Store,7,8.0,0,32.06,0,0,189.9,Active,0
305884,2026-06-30,2024-05-20,37,32833.68,Budapest,Mobile,25,10.0,2,114.23,0,0,184.02,Loyal,0
301521,2026-06-30,2025-01-04,26,84249.84,West,Web,18,7.0,2,178.01,0,0,175.4,Active,0
306384,2026-06-30,2024-03-11,39,38580.99,East,Web,28,9.0,1,43.75,0,1,127.76,Active,0
306577,2026-06-30,2024-10-07,37,20151.8,East,Web,21,15.0,1,28.01,0,0,151.78,Active,0
306798,2026-06-30,2025-10-06,49,41877.28,East,Store,9,5.0,1,81.31,1,0,241.62,Active,0
302747,2026-06-30,2024-04-29,36,22591.95,West,Web,26,4.0,0,0.0,1,0,270.18,Loyal,0
305706,2026-06-30,2024-10-18,71,19610.05,South,Mobile,20,9.0,4,341.64,0,0,257.49,Loyal,0
308607,2026-06-30,2025-08-27,28,37112.79,East,Web,10,5.0,0,19.75,0,0,148.6,Active,0
300315,2026-06-30,2024-09-10,36,37538.63,Budapest,Web,22,6.0,0,0.0,0,0,146.89,Active,0
307011,2026-06-30,2024-01-24,46,68276.55,North,Web,29,5.0,2,241.38,0,0,213.21,Loyal,0
308132,2026-06-30,2025-08-28,52,24703.31,West,Web,10,2.0,0,12.53,1,1,0.0,At Risk,1
305247,2026-06-30,2025-11-25,55,19852.44,East,Web,7,10.0,1,0.0,0,0,217.73,Active,0
303351,2026-06-30,2025-02-18,39,30010.55,East,Mobile,16,10.0,5,362.54,0,0,204.55,Loyal,0
300109,2026-06-30,2025-07-14,30,19872.96,Budapest,Mobile,12,6.0,1,38.96,0,0,135.63,Active,0
301755,2026-06-30,2025-03-15,55,21031.74,Budapest,Web,16,5.0,1,2.67,0,0,186.28,Active,0
308931,2026-06-30,2025-07-16,32,21403.45,Budapest,Web,11,7.0,1,94.22,1,0,183.47,Loyal,0
301352,2026-06-30,2024-06-23,49,26515.74,North,Web,24,5.0,0,6.98,0,0,245.09,Active,0
303130,2026-06-30,2025-07-03,54,82393.07,South,Web,12,9.0,0,10.84,0,0,213.56,Active,0
303992,2026-06-30,2024-01-05,42,28295.69,Budapest,Web,30,12.0,7,704.91,0,0,203.47,Active,0
308422,2026-06-30,2024-11-20,46,31405.22,East,Mobile,19,6.0,3,95.0,0,0,268.11,Active,0
305629,2026-06-30,2024-09-05,42,56201.12,South,Mobile,22,10.0,0,76.62,0,1,222.82,Active,0
305974,2026-06-30,2024-12-05,57,22129.29,Budapest,Mobile,19,3.0,0,10.37,0,0,222.48,Loyal,0
303969,2026-06-30,2024-10-14,48,15627.19,South,Web,20,9.0,2,110.77,0,0,224.25,Active,0
300481,2026-06-30,2024-11-08,41,27952.02,North,Store,20,11.0,2,108.91,0,0,218.83,Active,0
308101,2026-06-30,2024-03-09,35,43346.01,Budapest,Mobile,28,11.0,1,27.81,0,0,199.91,Active,0
301974,2026-06-30,2024-07-09,42,155584.54,South,Web,24,5.0,0,16.23,0,0,251.68,Active,0
300337,2026-06-30,2025-02-09,57,26165.07,Budapest,Web,17,6.0,2,106.74,1,0,238.69,Active,0
302765,2026-06-30,2025-11-28,35,43646.78,South,Mobile,7,9.0,0,0.0,0,0,193.83,Loyal,0
306278,2026-06-30,2025-08-11,42,35639.14,South,Web,11,11.0,2,153.54,0,0,119.0,Loyal,0
307041,2026-06-30,2025-11-06,47,23606.12,West,Web,8,6.0,0,0.0,0,0,131.53,Active,0
306855,2026-06-30,2025-02-10,37,18496.0,South,Mobile,17,7.0,2,233.94,0,0,256.44,Active,0
307749,2026-06-30,2024-03-13,62,22808.46,East,Store,28,6.0,2,138.42,0,0,236.35,Loyal,0
302986,2026-06-30,2025-03-10,40,54354.72,East,Web,16,10.0,3,222.63,0,0,115.58,Active,0
304632,2026-06-30,2025-05-25,57,36862.97,North,Web,13,10.0,0,31.75,0,0,194.48,Active,0
305677,2026-06-30,2025-08-19,47,36183.29,West,Mobile,10,10.0,2,69.76,0,0,111.96,Active,0
300525,2026-06-30,2024-10-27,40,26955.17,East,Web,20,10.0,2,230.77,0,0,189.8,Loyal,0
306331,2026-06-30,2025-08-28,42,37718.88,East,Mobile,10,7.0,1,70.25,1,0,212.93,Loyal,0
303478,2026-06-30,2025-09-14,35,23309.04,Budapest,Web,9,6.0,1,85.69,0,0,193.0,Active,0
303559,2026-06-30,2025-09-17,25,52279.33,West,Store,9,12.0,2,84.09,0,0,224.69,Active,0
302810,2026-06-30,2024-04-30,47,53966.86,Budapest,Store,26,9.0,0,0.0,0,0,223.76,Active,0
305403,2026-06-30,2024-05-06,73,72402.75,East,Mobile,26,10.0,1,81.76,0,0,149.46,Active,0
306851,2026-06-30,2025-12-07,32,16233.29,Budapest,Mobile,7,8.0,3,169.21,0,0,218.86,Active,0
300308,2026-06-30,2025-11-21,34,20118.57,East,Web,7,10.0,3,223.69,0,0,229.18,Active,0
303909,2026-06-30,2025-12-18,43,67184.53,West,Store,6,5.0,0,24.51,0,0,113.57,Active,0
300349,2026-06-30,2024-01-17,40,85670.77,North,Mobile,29,6.0,1,47.82,0,0,157.12,Loyal,0
307776,2026-06-30,2024-11-17,54,58435.31,South,Web,19,6.0,2,120.03,1,0,145.13,Loyal,0
308634,2026-06-30,2025-09-29,41,25391.37,Budapest,Mobile,9,7.0,1,141.46,0,0,212.55,Active,0
307721,2026-06-30,2025-04-30,56,40495.66,Budapest,Web,14,10.0,1,78.2,0,0,202.76,Active,0
303683,2026-06-30,2025-02-17,68,25360.67,West,Web,16,5.0,1,122.49,1,1,110.4,At Risk,1
304813,2026-06-30,2025-08-21,33,38050.63,West,Web,10,11.0,2,94.68,0,1,241.58,Loyal,0
308440,2026-06-30,2025-02-10,32,60557.77,Budapest,Mobile,17,7.0,2,88.29,0,0,167.16,Active,0
302054,2026-06-30,2024-10-14,38,55274.0,West,Mobile,20,3.0,1,69.73,0,0,188.02,Active,0
300072,2026-06-30,2025-07-18,47,25339.92,West,Web,11,2.0,0,43.83,0,0,163.87,Loyal,0
305278,2026-06-30,2024-11-29,41,32959.1,North,Mobile,19,7.0,1,18.31,1,1,50.83,At Risk,1
305823,2026-06-30,2024-04-21,41,65362.56,South,Mobile,26,9.0,2,73.37,0,0,179.96,Loyal,0
305145,2026-06-30,2025-05-18,26,29335.44,East,Web,13,8.0,3,104.91,0,0,240.93,Active,0
306671,2026-06-30,2025-01-09,35,15000.0,Budapest,Web,18,5.0,0,39.66,0,0,182.42,Active,0
301667,2026-06-30,2025-11-18,42,25170.53,West,Mobile,7,7.0,2,192.7,0,0,194.64,Active,0
305073,2026-06-30,2024-03-31,56,29990.62,East,Web,27,9.0,3,256.4,0,0,265.06,Loyal,0
306573,2026-06-30,2024-06-27,49,21695.67,Budapest,Mobile,24,8.0,1,38.96,0,0,268.69,Active,0
304402,2026-06-30,2024-10-29,42,53922.53,Budapest,Mobile,20,5.0,0,18.91,0,0,156.61,Loyal,0
301446,2026-06-30,2024-12-30,18,48245.61,South,Web,18,5.0,1,15.53,0,0,134.69,Active,0
307160,2026-06-30,2025-10-22,73,35054.06,Budapest,Web,8,7.0,2,165.52,0,0,233.01,Loyal,0
304609,2026-06-30,2025-02-04,37,49833.45,Budapest,Web,17,8.0,5,402.41,0,0,225.38,Active,0
301696,2026-06-30,2025-07-20,41,64956.56,South,Mobile,11,7.0,1,80.36,0,0,211.21,Active,0
302893,2026-06-30,2024-03-12,36,15000.0,Budapest,Store,28,11.0,1,55.81,1,0,294.61,Active,0
308060,2026-06-30,2025-07-02,49,47046.4,Budapest,Store,12,9.0,2,121.59,1,0,235.4,Active,0
303204,2026-06-30,2024-11-26,28,66852.77,West,Web,19,9.0,1,91.67,0,0,163.9,Loyal,0
301631,2026-06-30,2024-12-19,19,31433.48,Budapest,Store,18,8.0,1,74.22,0,0,143.06,Active,0
306511,2026-06-30,2025-06-20,37,23223.26,Budapest,Mobile,12,12.0,0,0.0,0,0,257.52,Active,0
301882,2026-06-30,2025-09-13,32,29809.97,East,Mobile,10,6.0,0,0.0,0,1,3.18,At Risk,1
307114,2026-06-30,2025-03-25,59,25095.42,North,Store,15,5.0,1,21.65,1,1,39.92,At Risk,1
304583,2026-06-30,2025-01-06,51,22885.92,North,Web,18,16.0,3,204.02,0,0,246.56,Active,0
300849,2026-06-30,2024-03-30,41,44422.58,North,Web,27,4.0,1,3.72,0,0,195.06,Active,0
304914,2026-06-30,2024-10-16,40,60519.81,Budapest,Web,20,6.0,3,79.14,0,0,203.13,Active,0
305075,2026-06-30,2025-06-15,37,25393.3,Budapest,Web,12,6.0,1,117.41,0,0,200.09,Active,0
308499,2026-06-30,2024-02-20,58,33101.08,Budapest,Mobile,28,10.0,2,126.64,0,0,172.11,Active,0
302878,2026-06-30,2025-02-07,48,15142.97,North,Mobile,17,9.0,5,298.66,0,1,35.22,At Risk,1
307885,2026-06-30,2024-11-15,38,24029.07,Budapest,Mobile,19,6.0,2,165.43,0,0,111.19,Active,0
303780,2026-06-30,2025-06-08,35,28866.25,West,Web,13,8.0,0,0.0,1,0,187.12,Active,0
301831,2026-06-30,2025-05-09,30,19188.8,Budapest,Mobile,14,7.0,0,0.0,0,0,228.52,Active,0
306701,2026-06-30,2024-06-16,32,24743.04,Budapest,Store,24,6.0,3,221.95,0,0,152.4,Active,0
306211,2026-06-30,2025-03-18,38,31874.98,Budapest,Web,15,6.0,2,165.86,0,0,203.65,Active,0
301235,2026-06-30,2025-02-09,44,15000.0,Budapest,Web,17,7.0,0,0.0,1,1,77.71,At Risk,1
304895,2026-06-30,2024-10-26,31,48667.68,South,Web,20,11.0,0,34.93,0,0,205.72,Loyal,0
303916,2026-06-30,2025-10-28,53,62559.33,Budapest,Store,8,7.0,3,217.01,0,0,228.39,Active,0
300447,2026-06-30,2024-01-16,59,21607.01,East,Web,29,4.0,0,0.0,0,0,243.79,Active,0
300845,2026-06-30,2025-10-12,34,16127.78,Budapest,Web,9,6.0,1,13.84,0,1,197.94,Active,0
305325,2026-06-30,2025-01-24,44,85393.66,North,Store,17,8.0,2,163.76,0,0,283.41,Active,0
307783,2026-06-30,2024-08-01,44,28459.8,South,Mobile,23,9.0,1,79.07,0,0,254.95,Active,0
302441,2026-06-30,2025-06-06,27,34637.78,Budapest,Web,13,5.0,2,163.8,0,0,226.15,Loyal,0
303104,2026-06-30,2025-08-08,31,37487.35,Budapest,Web,11,5.0,0,0.0,0,0,198.24,Active,0
308509,2026-06-30,2024-11-18,40,44495.54,Budapest,Store,19,9.0,0,0.0,0,0,259.38,Loyal,0
304636,2026-06-30,2024-02-04,59,33017.36,East,Mobile,29,5.0,0,72.78,0,0,160.46,Active,0
301295,2026-06-30,2024-10-22,18,42551.21,Budapest,Web,20,9.0,0,2.0,0,0,229.7,Loyal,0
304162,2026-06-30,2024-05-31,34,22758.22,Budapest,Mobile,25,5.0,1,53.72,0,0,294.64,Loyal,0
303443,2026-06-30,2025-06-27,39,52643.54,East,Web,12,8.0,1,31.82,0,0,158.78,Loyal,0
307155,2026-06-30,2025-08-19,37,42730.87,East,Mobile,10,11.0,0,0.0,0,0,166.71,Active,0
305966,2026-06-30,2024-04-25,62,15000.0,East,Store,26,9.0,0,0.0,0,0,236.95,Active,0
305010,2026-06-30,2024-05-15,42,30099.04,Budapest,Store,25,5.0,4,414.14,1,1,27.96,At Risk,1
300777,2026-06-30,2025-06-12,41,23037.66,South,Mobile,13,6.0,0,25.58,0,0,232.7,Active,0
308830,2026-06-30,2025-09-27,49,41906.3,Budapest,Web,9,4.0,0,0.0,1,0,222.62,Loyal,0
302154,2026-06-30,2024-11-01,60,64044.32,Budapest,Mobile,20,5.0,0,5.85,0,1,277.12,Loyal,0
304395,2026-06-30,2024-10-26,47,33446.81,West,Web,20,8.0,1,119.84,0,0,188.82,Active,0
308625,2026-06-30,2024-09-08,37,35111.98,South,Mobile,22,13.0,2,42.26,0,0,226.39,Loyal,0
308272,2026-06-30,2024-11-13,22,30486.92,Budapest,Web,20,5.0,0,0.0,0,0,201.9,Loyal,0
305767,2026-06-30,2025-01-10,34,43170.27,West,Store,18,9.0,1,25.61,0,0,106.44,Active,0
307808,2026-06-30,2025-09-21,32,15000.0,Budapest,Web,9,9.0,2,77.11,0,0,176.7,Active,0
303184,2026-06-30,2024-07-22,39,15000.0,Budapest,Web,23,6.0,2,105.16,0,0,163.32,Loyal,0
305925,2026-06-30,2024-07-18,33,15280.91,East,Store,23,9.0,1,109.98,1,1,17.32,At Risk,1
303200,2026-06-30,2025-04-17,41,45383.14,North,Web,14,6.0,1,86.37,0,0,221.82,Active,0
305764,2026-06-30,2025-01-05,53,44433.14,Budapest,Web,18,8.0,4,193.29,0,0,178.51,Active,0
301290,2026-06-30,2024-01-22,51,86861.14,Budapest,Store,29,7.0,0,0.0,0,0,129.27,Active,0
306565,2026-06-30,2024-04-08,35,51231.14,West,Web,27,7.0,0,0.0,0,0,187.09,Active,0
308037,2026-06-30,2024-09-27,37,83746.1,South,Mobile,21,8.0,4,208.67,0,0,102.52,Active,0
305867,2026-06-30,2025-10-24,50,54786.02,West,Web,8,8.0,1,0.0,0,0,126.29,Active,0
305557,2026-06-30,2024-02-15,27,54934.84,Budapest,Mobile,28,6.0,1,81.3,0,0,314.27,Loyal,0
304107,2026-06-30,2024-06-03,35,24493.75,Budapest,Web,25,7.0,3,179.97,0,0,201.64,Active,0
304127,2026-06-30,2024-03-17,48,20319.28,West,Mobile,27,9.0,1,66.65,0,0,294.3,Loyal,0
306742,2026-06-30,2025-04-13,42,35122.68,North,Mobile,15,8.0,1,43.73,0,0,148.13,Active,0
303967,2026-06-30,2024-09-14,49,29350.79,West,Store,21,9.0,3,323.37,0,0,163.87,Active,0
301880,2026-06-30,2025-03-16,45,23632.25,East,Store,15,15.0,2,126.06,0,0,232.4,Active,0
307249,2026-06-30,2025-01-04,34,43874.31,Budapest,Web,18,5.0,3,171.83,0,1,224.41,Active,0
308689,2026-06-30,2024-04-14,29,26564.02,East,Web,27,8.0,3,129.89,0,0,280.02,Active,0
307743,2026-06-30,2025-02-08,21,107909.57,South,Mobile,17,8.0,1,0.0,0,0,177.58,Active,0
308303,2026-06-30,2025-02-01,57,54904.45,West,Mobile,17,12.0,2,104.81,0,0,201.66,Active,0
306916,2026-06-30,2024-09-28,41,19965.01,West,Mobile,21,8.0,3,194.9,0,0,225.02,Active,0
306452,2026-06-30,2024-01-16,31,55109.06,West,Web,29,9.0,1,123.83,0,0,177.01,Active,0
306756,2026-06-30,2025-02-25,58,15000.0,North,Store,16,8.0,2,151.37,0,0,165.03,Active,0
301037,2026-06-30,2025-02-07,44,62149.5,Budapest,Web,17,11.0,1,91.64,0,0,188.55,Active,0
300637,2026-06-30,2025-10-11,37,17609.64,North,Mobile,9,6.0,0,35.74,1,0,130.66,Loyal,0
304523,2026-06-30,2025-09-20,32,44413.19,North,Web,9,6.0,0,0.0,0,0,254.84,Active,0
304135,2026-06-30,2025-06-25,46,20086.03,North,Web,12,15.0,0,19.68,0,0,146.04,Active,0
304375,2026-06-30,2024-01-04,44,65766.73,East,Store,30,10.0,0,0.42,0,0,251.77,Active,0
301084,2026-06-30,2025-11-13,45,15534.75,East,Web,8,6.0,2,57.07,0,0,200.16,Active,0
300862,2026-06-30,2025-04-19,35,58480.68,Budapest,Web,14,7.0,2,109.35,0,0,217.93,Active,0
300904,2026-06-30,2025-04-02,57,16844.62,North,Web,15,6.0,2,203.64,0,0,218.79,Loyal,0
300192,2026-06-30,2025-05-08,49,39287.41,Budapest,Web,14,8.0,1,89.78,0,0,184.37,Loyal,0
300110,2026-06-30,2024-03-14,45,78234.33,Budapest,Mobile,28,5.0,6,533.27,0,0,102.26,Active,0
301943,2026-06-30,2025-04-29,43,21435.92,Budapest,Mobile,14,5.0,1,77.41,0,0,224.75,Active,0
308487,2026-06-30,2024-05-14,22,49753.83,East,Mobile,26,8.0,0,11.58,0,0,146.22,Active,0
307336,2026-06-30,2025-08-07,50,57006.44,West,Mobile,11,7.0,2,168.74,1,1,0.0,At Risk,1
307117,2026-06-30,2024-01-23,23,46916.9,West,Web,29,7.0,1,103.8,0,0,263.36,Active,0
306520,2026-06-30,2024-08-29,22,21188.32,Budapest,Web,22,7.0,3,173.05,0,0,198.2,Active,0
305622,2026-06-30,2025-10-30,32,40537.72,East,Store,8,7.0,0,0.0,0,0,184.29,Active,0
302776,2026-06-30,2024-01-17,37,48764.7,West,Store,29,5.0,2,185.0,0,0,139.05,Active,0
306806,2026-06-30,2024-09-07,52,29210.74,Budapest,Mobile,22,11.0,0,1.85,0,0,235.65,Active,0
302324,2026-06-30,2025-09-13,25,62120.72,West,Web,10,12.0,2,157.35,0,0,186.25,Active,0
307451,2026-06-30,2024-09-20,55,55196.25,West,Web,21,11.0,1,62.46,0,0,158.56,Active,0
302618,2026-06-30,2025-12-11,46,54879.33,North,Web,7,10.0,1,98.96,0,0,264.41,Active,0
308836,2026-06-30,2025-08-07,40,35120.87,South,Web,11,7.0,1,38.85,0,0,164.53,Active,0
301095,2026-06-30,2024-08-13,32,56376.8,West,Mobile,23,5.0,2,126.52,0,0,230.39,Active,0
305063,2026-06-30,2024-09-21,21,16989.34,South,Web,21,10.0,5,367.12,1,0,212.78,Active,0
304585,2026-06-30,2025-06-23,35,24377.64,South,Web,12,9.0,3,123.48,0,0,192.26,Loyal,0
303136,2026-06-30,2024-01-27,63,15000.0,West,Store,29,10.0,0,25.13,0,0,214.71,Loyal,0
308183,2026-06-30,2025-08-11,38,29417.59,Budapest,Mobile,11,9.0,3,261.46,0,0,246.77,Active,0
303806,2026-06-30,2025-08-17,50,18456.1,East,Mobile,10,9.0,1,44.98,0,0,290.5,Loyal,0
307651,2026-06-30,2024-11-23,36,34601.75,East,Mobile,19,10.0,3,143.42,0,0,190.72,Active,0
302655,2026-06-30,2024-07-09,39,89324.26,South,Store,24,7.0,0,33.03,0,0,204.09,Loyal,0
304351,2026-06-30,2025-05-05,32,65586.25,West,Mobile,14,9.0,1,104.15,0,0,268.34,Loyal,0
308648,2026-06-30,2024-06-03,28,66537.47,Budapest,Web,25,7.0,1,75.72,0,0,239.8,Active,0
307520,2026-06-30,2025-07-26,35,26920.56,Budapest,Store,11,11.0,3,90.15,0,0,205.21,Active,0
305530,2026-06-30,2024-09-08,42,50817.22,West,Store,22,9.0,4,235.84,0,0,219.71,Active,0
306251,2026-06-30,2024-07-11,42,28072.54,North,Web,24,8.0,4,170.18,0,0,259.76,Active,0
304657,2026-06-30,2024-05-09,22,19933.15,Budapest,Web,26,4.0,0,26.12,0,1,107.08,At Risk,1
308804,2026-06-30,2025-04-08,33,41452.15,West,Store,15,8.0,1,74.99,0,0,263.12,Active,0
302203,2026-06-30,2025-09-28,57,99241.85,South,Store,9,7.0,1,66.12,0,0,113.0,Loyal,0
306801,2026-06-30,2024-02-26,47,40676.81,Budapest,Web,28,7.0,1,72.13,0,1,212.94,Active,0
307703,2026-06-30,2025-09-14,50,37816.04,West,Store,9,6.0,1,38.23,1,0,180.65,Active,0
305726,2026-06-30,2025-12-07,33,35066.23,Budapest,Web,7,3.0,2,125.53,0,0,150.21,Loyal,0
300976,2026-06-30,2024-04-29,31,35009.87,East,Web,26,7.0,3,253.37,0,0,215.45,Loyal,0
307111,2026-06-30,2025-01-19,47,56810.81,East,Mobile,17,13.0,2,187.84,0,0,200.6,Active,0
300942,2026-06-30,2024-01-17,44,51219.98,Budapest,Web,29,3.0,2,207.13,0,0,141.5,Active,0
302388,2026-06-30,2024-08-14,18,37854.11,South,Mobile,23,10.0,1,84.85,0,0,203.31,Active,0
303222,2026-06-30,2024-03-03,38,51580.0,West,Web,28,5.0,1,42.34,0,0,231.91,Loyal,0
303883,2026-06-30,2024-10-07,55,49915.98,Budapest,Mobile,21,8.0,4,264.52,1,0,176.13,Active,0
308577,2026-06-30,2025-05-04,52,99948.32,North,Web,14,5.0,2,117.26,0,0,187.78,Loyal,0
305435,2026-06-30,2025-06-01,51,27725.42,North,Web,13,5.0,2,76.18,0,0,256.73,Loyal,0
308571,2026-06-30,2025-05-05,48,59330.68,Budapest,Web,14,5.0,2,95.08,0,0,285.01,Active,0
302790,2026-06-30,2024-03-02,34,28219.47,East,Mobile,28,8.0,1,122.36,0,0,219.19,Loyal,0
300945,2026-06-30,2025-03-26,36,24183.71,Budapest,Web,15,8.0,0,19.43,1,0,164.71,Active,0
307945,2026-06-30,2025-07-08,38,40193.62,Budapest,Web,12,10.0,1,62.9,0,0,322.29,Active,0
301858,2026-06-30,2025-08-07,39,52231.08,East,Web,11,6.0,1,54.33,0,0,199.5,Active,0
307572,2026-06-30,2025-05-17,42,19135.23,Budapest,Store,13,8.0,1,106.23,0,0,158.33,Active,0
304109,2026-06-30,2024-08-19,27,34825.12,East,Store,22,11.0,3,126.74,0,0,99.44,Active,0
307280,2026-06-30,2024-08-27,38,37928.93,Budapest,Web,22,4.0,1,87.68,0,0,182.77,Active,0
303256,2026-06-30,2025-10-22,46,20913.13,East,Store,8,6.0,2,133.55,0,0,131.3,Active,0
302691,2026-06-30,2025-05-29,34,58376.3,East,Mobile,13,9.0,2,161.59,0,0,227.9,Active,0
305574,2026-06-30,2024-05-19,36,35258.99,North,Mobile,25,9.0,0,0.0,0,0,155.42,Loyal,0
301320,2026-06-30,2024-12-31,61,25266.38,Budapest,Mobile,18,4.0,1,85.03,0,0,196.66,Loyal,0
308982,2026-06-30,2025-03-17,64,29462.17,Budapest,Web,15,4.0,1,65.02,0,0,257.09,Active,0
304773,2026-06-30,2024-11-04,18,18592.79,West,Store,20,1.0,0,15.02,1,1,25.54,At Risk,1
305571,2026-06-30,2025-12-27,33,30926.15,West,Mobile,6,5.0,0,0.0,0,0,255.52,Active,0
304884,2026-06-30,2025-06-04,50,131789.91,East,Mobile,13,6.0,1,28.41,1,0,242.83,Active,0
303476,2026-06-30,2024-10-10,33,41794.9,Budapest,Web,21,21.0,3,219.52,0,0,194.28,Active,0
303506,2026-06-30,2024-04-27,31,55081.03,North,Web,26,15.0,3,258.34,0,0,199.62,Active,0
302478,2026-06-30,2025-08-07,49,33945.88,West,Mobile,11,7.0,1,138.81,0,0,162.19,Active,0
306218,2026-06-30,2024-06-12,39,46914.83,East,Web,25,9.0,3,194.47,0,0,220.74,Active,0
305426,2026-06-30,2025-03-14,41,49666.23,Budapest,Store,16,9.0,1,25.81,1,0,121.52,Active,0
306752,2026-06-30,2025-06-11,41,28083.33,Budapest,Mobile,13,9.0,0,16.99,0,0,207.31,Active,0
304380,2026-06-30,2025-03-17,35,26153.72,East,Mobile,15,7.0,0,18.62,0,0,198.02,Active,0
308965,2026-06-30,2024-02-19,34,32151.38,Budapest,Web,28,13.0,2,150.28,0,0,204.65,Loyal,0
301875,2026-06-30,2025-01-30,20,25003.55,North,Mobile,17,7.0,2,74.7,0,0,282.43,Active,0
307284,2026-06-30,2024-01-27,66,35228.86,West,Web,29,7.0,0,4.86,0,0,247.7,Active,0
304316,2026-06-30,2024-10-24,26,65607.85,West,Mobile,20,9.0,0,0.0,0,0,209.57,Loyal,0
302905,2026-06-30,2024-12-08,47,17394.25,North,Store,19,6.0,1,92.97,0,0,167.73,Loyal,0
300571,2026-06-30,2025-06-29,40,15740.86,East,Web,12,6.0,1,56.33,0,0,217.95,Loyal,0
301449,2026-06-30,2024-11-26,60,53223.28,Budapest,Store,19,6.0,1,0.0,1,0,8.79,At Risk,1
308055,2026-06-30,2024-02-11,27,31515.83,South,Store,29,9.0,0,17.6,0,0,184.8,Loyal,0
305119,2026-06-30,2024-10-31,47,34406.26,Budapest,Mobile,20,10.0,0,28.15,0,0,267.42,Active,0
305210,2026-06-30,2025-11-11,44,22018.35,West,Mobile,8,9.0,2,0.0,1,0,221.71,Loyal,0
305598,2026-06-30,2025-07-01,38,38226.55,East,Web,12,8.0,2,125.67,0,0,129.01,Active,0
305350,2026-06-30,2024-07-28,43,70170.55,Budapest,Web,23,9.0,0,0.0,0,0,86.92,Loyal,0
303227,2026-06-30,2025-02-11,44,30818.48,West,Mobile,17,5.0,1,34.48,0,0,228.18,Active,0
308855,2026-06-30,2024-12-08,31,41839.52,Budapest,Web,19,7.0,0,0.0,0,0,257.58,Active,0
303979,2026-06-30,2024-07-09,29,18762.98,South,Web,24,9.0,2,70.67,0,0,135.98,Loyal,0
306269,2026-06-30,2025-08-28,47,26383.97,Budapest,Mobile,10,7.0,4,272.14,0,0,206.66,Active,0
303540,2026-06-30,2025-04-28,24,21886.95,East,Web,14,9.0,1,20.56,0,0,104.62,Active,0
306172,2026-06-30,2024-09-10,52,52281.31,North,Web,22,6.0,2,47.84,0,0,200.01,Active,0
302828,2026-06-30,2024-07-29,52,57859.2,East,Web,23,5.0,3,281.53,0,1,168.41,Active,0
305529,2026-06-30,2024-03-28,44,52182.82,West,Web,27,3.0,0,27.04,0,0,230.83,Active,0
301339,2026-06-30,2025-06-01,36,41862.85,West,Web,13,12.0,1,8.89,0,0,229.46,Loyal,0
303263,2026-06-30,2024-09-06,28,37695.13,West,Web,22,8.0,0,13.85,1,0,11.11,At Risk,1
305242,2026-06-30,2024-01-30,39,35522.38,South,Mobile,29,6.0,1,139.94,0,0,152.74,Active,0
300651,2026-06-30,2024-01-04,48,24724.44,West,Mobile,30,4.0,1,74.55,0,0,262.36,Loyal,0
302903,2026-06-30,2024-07-27,30,22455.19,South,Web,23,12.0,1,71.7,0,0,232.13,Active,0
302259,2026-06-30,2024-12-27,34,17212.02,West,Web,18,9.0,0,0.0,0,0,210.12,Active,0
306062,2026-06-30,2025-05-04,42,61691.27,East,Web,14,7.0,2,137.93,0,0,233.9,Loyal,0
308443,2026-06-30,2025-10-06,18,67411.67,East,Mobile,9,8.0,2,171.29,0,0,239.94,Active,0
302731,2026-06-30,2025-01-27,19,93557.05,East,Web,17,12.0,2,90.61,0,0,159.25,Active,0
304510,2026-06-30,2025-10-05,51,39880.96,West,Web,9,5.0,0,12.71,0,0,212.03,Active,0
307626,2026-06-30,2025-09-01,24,23427.96,East,Web,10,7.0,1,26.2,0,0,186.26,Active,0
305799,2026-06-30,2024-02-29,35,25055.26,North,Mobile,28,12.0,1,37.95,0,0,249.77,Active,0
302585,2026-06-30,2024-08-09,33,88763.63,Budapest,Mobile,23,9.0,2,169.87,0,0,173.18,Active,0
303197,2026-06-30,2025-11-16,45,39350.82,North,Web,7,4.0,0,13.01,0,0,169.06,Loyal,0
307172,2026-06-30,2025-05-28,44,32941.15,Budapest,Mobile,13,9.0,0,14.61,0,0,209.28,Loyal,0
306988,2026-06-30,2024-05-21,44,16224.06,North,Mobile,25,8.0,2,149.64,1,1,23.37,At Risk,1
301259,2026-06-30,2024-02-27,28,28984.18,East,Mobile,28,2.0,3,226.52,0,0,209.23,Active,0
304323,2026-06-30,2025-01-19,36,26677.78,West,Web,17,7.0,2,99.3,0,0,176.83,Active,0
300992,2026-06-30,2024-02-05,65,51412.5,West,Web,29,11.0,4,353.51,0,0,142.57,Active,0
303505,2026-06-30,2024-07-29,19,47632.39,East,Web,23,4.0,0,76.49,0,0,55.97,At Risk,1
300114,2026-06-30,2024-09-26,39,18105.79,South,Web,21,4.0,3,186.55,0,0,192.8,Loyal,0
300920,2026-06-30,2024-05-01,26,56039.86,Budapest,Web,26,7.0,3,171.3,0,0,200.34,Active,0
302510,2026-06-30,2025-02-26,47,49954.06,South,Mobile,16,9.0,4,164.33,0,0,233.74,Active,0
308547,2026-06-30,2025-01-09,35,19537.17,East,Web,18,6.0,1,35.85,0,0,243.16,Active,0
307322,2026-06-30,2024-09-19,60,33603.27,East,Web,21,8.0,1,90.16,0,0,282.13,Loyal,0
304743,2026-06-30,2024-05-23,49,77553.66,East,Mobile,25,6.0,3,202.49,0,0,236.13,Active,0
300950,2026-06-30,2025-08-18,48,108802.46,South,Mobile,10,7.0,0,0.0,0,0,252.99,Active,0
304695,2026-06-30,2024-08-27,57,35567.52,Budapest,Mobile,22,10.0,1,55.23,0,0,134.31,Active,0
303771,2026-06-30,2025-12-17,54,35292.68,North,Web,6,5.0,0,0.0,0,0,163.87,Active,0
307457,2026-06-30,2024-08-05,49,53873.33,Budapest,Web,23,7.0,4,479.12,0,0,198.15,Active,0
302851,2026-06-30,2025-11-26,50,70584.99,South,Mobile,7,9.0,0,0.0,0,1,152.3,Active,0
307475,2026-06-30,2025-09-01,21,31060.69,Budapest,Mobile,10,8.0,3,192.29,0,0,217.11,Active,0
304686,2026-06-30,2025-08-18,41,29310.31,East,Web,10,6.0,2,117.82,0,0,187.09,Active,0
307270,2026-06-30,2024-03-11,20,38837.85,East,Store,28,13.0,1,71.57,0,0,156.66,Active,0
306567,2026-06-30,2025-07-20,29,15000.0,South,Web,11,5.0,3,134.82,0,0,239.77,Loyal,0
302506,2026-06-30,2025-01-11,39,31592.86,Budapest,Web,18,8.0,0,0.0,0,0,187.35,Loyal,0
301115,2026-06-30,2024-07-18,45,34434.18,East,Mobile,23,7.0,1,26.84,0,0,146.99,Active,0
307064,2026-06-30,2025-12-23,35,34027.42,North,Mobile,6,13.0,2,58.98,0,0,136.36,Active,0
300299,2026-06-30,2024-12-16,28,42790.36,South,Web,18,11.0,1,100.5,0,0,156.11,Loyal,0
301676,2026-06-30,2025-07-12,18,15000.0,West,Web,12,10.0,1,48.46,0,0,214.76,Loyal,0
303348,2026-06-30,2025-05-11,36,27605.96,South,Web,14,9.0,2,80.64,0,0,193.6,Active,0
302736,2026-06-30,2024-12-02,35,48166.21,North,Store,19,6.0,1,69.1,0,0,128.85,Loyal,0
306411,2026-06-30,2025-08-13,59,22761.11,West,Mobile,11,8.0,1,54.12,0,0,111.8,Active,0
308148,2026-06-30,2025-02-24,66,49142.03,North,Web,16,10.0,3,179.16,0,0,128.87,Loyal,0
304763,2026-06-30,2025-05-25,25,114946.57,East,Store,13,4.0,0,0.0,1,1,107.93,At Risk,1
304326,2026-06-30,2024-01-03,37,23239.46,South,Web,30,8.0,4,277.69,0,1,0.0,At Risk,1
305926,2026-06-30,2024-11-16,28,43710.01,West,Mobile,19,11.0,0,0.0,0,0,301.32,Active,0
308601,2026-06-30,2024-09-14,43,31560.22,West,Web,21,6.0,0,31.72,0,0,255.46,Loyal,0
306877,2026-06-30,2024-07-09,50,37062.38,Budapest,Web,24,3.0,0,0.0,0,0,207.29,Active,0
306434,2026-06-30,2025-09-19,38,60792.32,North,Web,9,4.0,1,37.15,0,0,198.5,Loyal,0
302104,2026-06-30,2024-04-21,54,63156.23,Budapest,Web,26,9.0,3,193.94,0,0,154.88,Loyal,0
306341,2026-06-30,2024-09-10,48,54586.62,East,Store,22,10.0,1,93.63,0,0,177.43,Active,0
305545,2026-06-30,2024-08-11,21,29380.46,West,Web,23,10.0,2,202.82,0,0,239.85,Loyal,0
306623,2026-06-30,2024-01-01,29,48418.33,East,Web,30,7.0,3,242.56,0,0,264.17,Loyal,0
301838,2026-06-30,2025-10-31,36,30917.92,North,Store,8,5.0,2,96.62,0,0,257.83,Active,0
306476,2026-06-30,2024-12-03,35,19667.88,Budapest,Web,19,10.0,0,0.0,0,0,188.78,Active,0
306935,2026-06-30,2025-02-17,41,21945.87,West,Web,16,10.0,3,159.59,0,0,215.26,Active,0
306690,2026-06-30,2024-03-17,32,22154.38,Budapest,Mobile,27,10.0,0,0.0,1,0,176.0,Active,0
300608,2026-06-30,2024-10-26,45,28840.75,West,Store,20,12.0,4,230.89,0,0,190.05,Active,0
301094,2026-06-30,2024-06-08,39,25071.95,Budapest,Web,25,5.0,1,37.14,0,0,182.96,Active,0
304451,2026-06-30,2024-10-22,44,64563.28,Budapest,Store,20,7.0,1,89.14,0,0,214.78,Active,0
306262,2026-06-30,2024-12-17,37,51847.5,South,Store,18,9.0,1,91.97,0,0,265.2,Active,0
308094,2026-06-30,2025-09-18,38,57806.54,Budapest,Mobile,9,12.0,1,81.84,0,0,217.0,Loyal,0
300161,2026-06-30,2025-10-26,52,38721.38,Budapest,Web,8,2.0,0,6.46,0,0,173.27,Loyal,0
300204,2026-06-30,2024-09-03,54,30588.01,East,Web,22,5.0,1,38.37,0,0,190.62,Loyal,0
307376,2026-06-30,2025-09-02,43,18076.28,West,Web,10,2.0,0,36.22,1,0,52.02,At Risk,1
304830,2026-06-30,2025-04-13,43,45702.62,Budapest,Web,15,5.0,2,95.59,0,1,223.55,Active,0
302935,2026-06-30,2024-07-01,43,73435.78,West,Store,24,13.0,0,4.4,0,0,316.76,Active,0
306001,2026-06-30,2025-05-01,35,56824.54,East,Mobile,14,12.0,2,140.07,0,0,226.79,Active,0
302436,2026-06-30,2025-02-25,47,20994.61,Budapest,Web,16,4.0,0,70.13,0,0,168.72,Active,0
301231,2026-06-30,2024-09-05,30,32353.01,South,Store,22,7.0,2,163.85,1,0,251.23,Active,0
307720,2026-06-30,2024-10-04,46,38819.85,North,Web,21,5.0,1,123.52,0,0,219.8,Loyal,0
306746,2026-06-30,2024-10-15,20,37023.33,Budapest,Web,20,4.0,0,32.71,0,0,218.31,Active,0
308772,2026-06-30,2025-08-16,48,30417.62,West,Store,10,3.0,0,0.0,0,0,192.22,Active,0
306162,2026-06-30,2025-09-16,40,43736.84,Budapest,Store,9,6.0,0,0.0,0,0,283.55,Active,0
306283,2026-06-30,2024-06-13,42,35589.57,Budapest,Web,25,5.0,0,27.17,0,0,175.82,Loyal,0
308287,2026-06-30,2025-09-10,45,59106.15,East,Web,10,7.0,1,77.79,0,0,161.12,Active,0
304252,2026-06-30,2025-02-28,42,29282.76,South,Mobile,16,7.0,1,44.45,0,0,186.68,Active,0
308084,2026-06-30,2024-04-07,24,16428.82,West,Store,27,12.0,4,366.78,0,0,201.55,Loyal,0
304035,2026-06-30,2025-05-16,62,33004.95,South,Web,13,8.0,2,293.6,0,0,0.0,At Risk,1
307744,2026-06-30,2024-06-08,47,31549.88,North,Mobile,25,9.0,2,155.01,0,0,130.27,Active,0
304291,2026-06-30,2024-08-06,35,15761.85,West,Store,23,7.0,2,141.43,0,1,1.33,At Risk,1
304335,2026-06-30,2024-12-06,31,39621.33,Budapest,Web,19,7.0,0,28.21,0,0,242.83,Loyal,0
308150,2026-06-30,2025-06-11,39,21025.6,East,Store,13,6.0,1,101.78,1,1,19.04,At Risk,1
303878,2026-06-30,2025-09-12,19,27633.81,East,Web,10,7.0,3,89.55,0,0,271.62,Active,0
307500,2026-06-30,2025-01-11,40,30829.39,East,Mobile,18,11.0,3,237.48,0,0,280.49,Active,0
300858,2026-06-30,2025-04-26,50,36333.49,Budapest,Web,14,4.0,0,25.18,0,1,289.33,Loyal,0
306075,2026-06-30,2024-05-26,20,20755.87,East,Web,25,8.0,1,71.14,0,0,180.22,Loyal,0
308581,2026-06-30,2024-10-03,33,40237.62,East,Web,21,7.0,0,7.37,1,0,190.05,Active,0
302562,2026-06-30,2025-11-23,29,24504.48,Budapest,Mobile,7,3.0,1,39.41,0,0,216.28,Active,0
303802,2026-06-30,2025-02-01,36,40360.85,Budapest,Mobile,17,4.0,2,142.44,0,0,186.52,Loyal,0
302641,2026-06-30,2025-04-11,35,53481.66,West,Store,15,5.0,1,66.03,0,0,134.11,Active,0
305031,2026-06-30,2024-09-13,19,68447.8,East,Mobile,22,7.0,0,0.0,0,0,237.5,Active,0
302348,2026-06-30,2024-08-02,18,17246.28,Budapest,Mobile,23,11.0,3,155.27,0,0,242.36,Active,0
308154,2026-06-30,2025-12-25,21,36299.34,South,Mobile,6,10.0,1,8.71,1,1,0.0,At Risk,1
302782,2026-06-30,2025-06-02,53,15000.0,Budapest,Web,13,7.0,2,147.95,0,0,301.65,Active,0
305524,2026-06-30,2025-07-04,33,22059.27,North,Mobile,12,4.0,1,32.15,0,0,139.84,Active,0
307338,2026-06-30,2024-03-27,43,62281.64,West,Mobile,27,6.0,3,224.79,0,0,210.77,Active,0
308658,2026-06-30,2025-01-22,37,61268.08,Budapest,Web,17,6.0,2,86.39,1,1,0.0,At Risk,1
300616,2026-06-30,2025-01-22,41,26723.34,Budapest,Mobile,17,6.0,0,0.0,0,0,182.68,Active,0
307149,2026-06-30,2025-11-03,36,24221.65,North,Store,8,4.0,2,45.12,1,0,186.77,Active,0
302576,2026-06-30,2024-02-15,62,36644.83,East,Web,28,5.0,1,75.37,0,0,203.39,Active,0
307867,2026-06-30,2024-11-03,30,24256.62,East,Store,20,11.0,2,72.98,0,0,191.85,Active,0
303341,2026-06-30,2025-03-28,44,62264.51,North,Mobile,15,10.0,1,26.4,0,0,177.34,Active,0
307417,2026-06-30,2024-01-09,48,30020.27,North,Web,30,5.0,0,19.61,0,0,217.09,Active,0
301706,2026-06-30,2025-03-08,42,43402.96,West,Mobile,16,4.0,4,185.86,0,0,203.56,Loyal,0
307094,2026-06-30,2024-02-19,38,20759.23,Budapest,Web,28,9.0,0,0.0,0,0,195.58,Active,0
307696,2026-06-30,2025-12-02,39,31586.94,Budapest,Web,7,8.0,1,16.37,0,0,280.21,Active,0
301494,2026-06-30,2025-11-29,54,50915.41,South,Store,7,7.0,0,45.32,0,0,237.63,Active,0
301764,2026-06-30,2024-05-05,43,59982.39,South,Web,26,4.0,3,292.98,1,1,79.26,At Risk,1
304619,2026-06-30,2025-03-25,42,57693.38,East,Web,15,8.0,0,39.05,0,0,208.26,Loyal,0
300804,2026-06-30,2025-03-17,35,61133.7,West,Web,15,9.0,1,0.0,1,1,0.0,At Risk,1
305689,2026-06-30,2025-03-06,41,39765.72,West,Web,16,12.0,0,0.0,0,0,216.97,Loyal,0
305831,2026-06-30,2025-07-31,32,27136.42,South,Store,11,13.0,1,106.63,0,0,270.59,Active,0
300991,2026-06-30,2025-04-03,33,48857.75,North,Mobile,15,5.0,1,80.97,0,0,171.6,Loyal,0
306726,2026-06-30,2024-12-11,46,58681.79,South,Store,19,13.0,2,93.03,0,0,175.56,Active,0
306114,2026-06-30,2024-10-05,50,40925.83,West,Store,21,5.0,1,103.04,0,0,223.5,Active,0
305267,2026-06-30,2024-03-03,26,82784.8,East,Store,28,4.0,0,0.0,0,0,196.68,Active,0
303514,2026-06-30,2025-10-23,33,35364.68,Budapest,Web,8,10.0,2,131.92,0,0,189.44,Active,0
305431,2026-06-30,2024-08-09,51,43037.7,Budapest,Mobile,23,10.0,0,0.0,0,0,200.33,Active,0
307067,2026-06-30,2025-05-04,29,51227.48,Budapest,Web,14,13.0,2,163.01,0,0,200.93,Active,0
300220,2026-06-30,2024-12-17,55,15000.0,West,Mobile,18,10.0,1,70.93,0,0,264.6,Active,0
305334,2026-06-30,2024-04-07,26,32530.29,Budapest,Store,27,8.0,0,0.0,0,0,168.29,Active,0
301289,2026-06-30,2025-08-25,31,60022.9,East,Mobile,10,4.0,0,48.7,0,0,234.15,Active,0
303164,2026-06-30,2024-06-14,36,48954.53,West,Mobile,25,12.0,1,39.03,0,0,220.4,Loyal,0
302619,2026-06-30,2025-03-19,38,35292.13,Budapest,Store,15,5.0,0,9.78,0,0,233.31,Active,0
303613,2026-06-30,2025-08-23,38,36128.93,East,Store,10,,1,60.55,1,0,269.53,Active,0
300044,2026-06-30,2025-10-15,47,23125.18,North,Web,8,10.0,1,56.88,1,1,76.63,At Risk,1
308552,2026-06-30,2025-06-02,54,21261.71,Budapest,Web,13,5.0,0,0.0,1,0,183.33,Loyal,0
303793,2026-06-30,2024-11-28,50,27582.33,Budapest,Web,19,5.0,0,42.26,0,0,190.28,Active,0
303572,2026-06-30,2024-01-29,39,33600.83,North,Web,29,9.0,0,0.0,1,1,23.21,At Risk,1
308599,2026-06-30,2025-05-17,51,34609.41,Budapest,Web,13,5.0,0,7.08,0,0,124.68,Active,0
301504,2026-06-30,2024-04-03,37,80062.37,Budapest,Web,27,11.0,3,128.06,0,0,225.35,Active,0
306329,2026-06-30,2024-07-16,40,67729.82,Budapest,Web,23,6.0,3,162.44,0,0,123.57,Loyal,0
308936,2026-06-30,2024-09-19,28,51641.89,South,Web,21,7.0,4,150.25,0,0,184.59,Active,0
303440,2026-06-30,2025-08-16,24,83229.72,Budapest,Web,10,10.0,0,0.0,0,0,236.22,Active,0
301893,2026-06-30,2025-08-02,54,19608.45,East,Mobile,11,3.0,1,16.29,0,0,176.11,Active,0
308471,2026-06-30,2025-04-13,53,22675.24,Budapest,Mobile,15,7.0,1,91.66,1,0,170.69,Active,0
301956,2026-06-30,2025-08-02,40,89313.71,West,Mobile,11,6.0,1,20.42,0,0,93.24,Active,0
308981,2026-06-30,2025-02-12,44,42155.5,Budapest,Store,17,9.0,0,11.53,0,0,197.34,Active,0
301506,2026-06-30,2025-04-01,33,45962.84,Budapest,Mobile,15,10.0,3,180.28,0,0,138.72,Active,0
300671,2026-06-30,2024-02-25,18,34969.1,East,Mobile,28,6.0,3,140.44,0,0,237.59,Active,0
308739,2026-06-30,2024-12-01,66,20361.13,West,Web,19,9.0,2,182.18,0,0,239.29,Active,0
306634,2026-06-30,2024-08-05,26,59967.59,East,Store,23,6.0,3,166.08,0,0,218.26,Active,0
300898,2026-06-30,2025-05-10,45,24691.2,Budapest,Mobile,14,6.0,3,152.45,0,0,201.48,Loyal,0
305068,2026-06-30,2024-07-20,49,21657.44,West,Mobile,23,10.0,2,129.09,0,0,199.97,Loyal,0
302667,2026-06-30,2024-10-30,34,64153.07,North,Store,20,7.0,0,0.0,0,0,220.05,Loyal,0
303194,2026-06-30,2024-08-29,40,55022.47,East,Web,22,6.0,0,0.0,0,0,219.53,Loyal,0
302891,2026-06-30,2025-08-05,37,58214.03,East,Store,11,6.0,0,14.56,0,0,154.57,Active,0
302622,2026-06-30,2024-12-09,32,23187.62,West,Store,19,6.0,0,0.0,0,1,0.0,At Risk,1
304924,2026-06-30,2024-01-09,44,26107.79,Budapest,Mobile,30,9.0,1,18.14,0,0,158.52,Active,0
305819,2026-06-30,2024-07-31,45,41321.12,Budapest,Store,23,12.0,1,133.42,0,0,271.37,Active,0
307855,2026-06-30,2025-09-19,35,22016.78,Budapest,Web,9,4.0,0,0.0,0,1,176.0,Active,0
302371,2026-06-30,2025-05-12,55,72536.11,East,Mobile,14,8.0,1,37.7,1,0,323.47,Active,0
306487,2026-06-30,2024-08-21,48,36979.13,West,Mobile,22,10.0,2,21.41,0,0,184.23,Active,0
301770,2026-06-30,2024-02-25,37,48928.3,South,Mobile,28,6.0,3,143.14,0,0,196.85,Active,0
307428,2026-06-30,2024-06-08,54,62360.18,Budapest,Store,25,7.0,3,244.75,0,0,287.8,Active,0
304939,2026-06-30,2024-08-12,46,61031.12,South,Store,23,9.0,3,174.38,0,0,232.58,Active,0
300532,2026-06-30,2024-12-29,46,16670.01,North,Web,18,8.0,1,72.95,0,0,218.13,Active,0
307168,2026-06-30,2024-10-13,28,36472.17,East,Web,21,13.0,2,55.47,0,0,272.93,Loyal,0
307538,2026-06-30,2024-01-08,53,33722.94,South,Mobile,30,5.0,1,82.12,1,0,101.64,Loyal,0
305423,2026-06-30,2025-08-14,51,40132.75,Budapest,Web,11,4.0,0,0.0,0,0,155.42,Active,0
308130,2026-06-30,2025-09-01,37,35948.62,Budapest,Mobile,10,7.0,2,129.8,1,0,202.93,Active,0
308187,2026-06-30,2025-12-28,74,15000.0,East,Web,6,5.0,2,173.59,0,0,233.02,Loyal,0
300732,2026-06-30,2025-07-14,28,46771.49,North,Mobile,12,6.0,3,256.95,1,1,58.68,At Risk,1
303407,2026-06-30,2025-03-27,65,35431.82,West,Mobile,15,7.0,0,0.0,0,0,148.17,Active,0
302340,2026-06-30,2025-10-25,51,18313.65,West,Store,8,8.0,0,45.2,0,0,268.67,Active,0
304892,2026-06-30,2025-06-22,40,69538.19,Budapest,Web,12,10.0,3,145.31,0,0,180.42,Active,0
304787,2026-06-30,2025-05-06,51,28346.4,North,Web,14,5.0,1,24.4,0,0,254.0,Active,0
302566,2026-06-30,2024-04-13,39,59992.02,South,Mobile,27,7.0,1,59.95,0,0,142.46,Loyal,0
306334,2026-06-30,2025-02-18,44,32696.82,South,Mobile,16,5.0,1,79.37,0,0,203.36,Active,0
307918,2026-06-30,2024-08-12,42,19203.86,West,Store,23,9.0,1,42.86,0,0,169.47,Loyal,0
306429,2026-06-30,2024-10-24,54,28924.11,West,Store,20,5.0,0,40.53,0,0,144.6,Active,0
305742,2026-06-30,2025-08-03,21,26451.97,East,Web,11,6.0,2,154.55,0,0,141.72,Active,0
307767,2026-06-30,2024-09-23,26,23846.64,South,Mobile,21,8.0,1,125.5,0,0,200.65,Active,0
304899,2026-06-30,2025-09-28,46,21533.21,Budapest,Mobile,9,8.0,2,93.98,0,0,169.3,Active,0
308110,2026-06-30,2024-06-06,50,34948.39,West,Store,25,14.0,2,187.84,0,0,256.69,Loyal,0
301256,2026-06-30,2024-09-27,40,37221.71,North,Web,21,7.0,4,230.12,0,0,258.41,Active,0
302105,2026-06-30,2024-01-16,42,23303.5,West,Mobile,29,8.0,3,194.54,0,0,278.92,Loyal,0
305493,2026-06-30,2024-11-19,45,37012.67,East,Mobile,19,6.0,0,0.0,0,0,263.85,Active,0
305104,2026-06-30,2025-06-14,28,53799.7,East,Mobile,13,9.0,4,217.75,0,0,142.55,Loyal,0
308730,2026-06-30,2025-04-28,47,25809.31,East,Web,14,9.0,1,69.17,1,0,0.0,At Risk,1
305613,2026-06-30,2025-05-11,18,22790.14,Budapest,Mobile,14,8.0,2,55.82,1,1,0.0,At Risk,1
304788,2026-06-30,2025-03-17,26,51229.12,North,Web,15,11.0,2,153.28,1,0,88.31,Loyal,0
304435,2026-06-30,2025-03-20,50,,North,Mobile,15,5.0,1,105.82,0,0,152.9,Active,0
303485,2026-06-30,2024-01-16,53,29763.72,Budapest,Store,29,12.0,3,292.57,0,0,159.91,Active,0
308626,2026-06-30,2024-01-26,37,21664.95,South,Web,29,5.0,0,41.91,0,0,237.56,Active,0
303817,2026-06-30,2024-06-16,36,28305.29,North,Mobile,24,5.0,1,86.97,0,0,178.69,Active,0
304697,2026-06-30,2025-01-14,39,29713.34,North,Web,17,8.0,1,55.28,0,0,156.38,Active,0
307182,2026-06-30,2025-05-22,41,56318.27,Budapest,Mobile,13,3.0,0,0.0,0,0,144.51,Active,0
306428,2026-06-30,2024-01-27,24,73213.43,Budapest,Mobile,29,5.0,2,180.99,0,0,231.86,Active,0
304551,2026-06-30,2024-02-06,18,18253.5,Budapest,Mobile,29,8.0,6,196.06,1,1,74.16,At Risk,1
301622,2026-06-30,2025-12-19,54,20803.45,North,Store,6,10.0,1,58.45,0,0,184.54,Loyal,0
308566,2026-06-30,2024-04-30,27,28815.96,West,Mobile,26,6.0,2,169.22,0,0,202.03,Loyal,0
305170,2026-06-30,2024-03-20,70,41835.94,East,Web,27,6.0,2,196.04,0,0,184.6,Loyal,0
305118,2026-06-30,2025-06-15,59,43916.36,West,Web,12,5.0,3,210.14,0,0,300.44,Active,0
307973,2026-06-30,2024-12-21,34,45192.15,Budapest,Web,18,10.0,1,123.68,0,0,169.97,Active,0
301097,2026-06-30,2025-08-20,27,45425.21,Budapest,Mobile,10,8.0,2,134.72,0,0,193.58,Active,0
305984,2026-06-30,2025-01-16,44,29631.25,West,Mobile,17,4.0,0,0.0,0,0,210.81,Active,0
308614,2026-06-30,2024-03-02,29,53003.92,Budapest,Store,28,5.0,0,0.0,0,0,182.22,Active,0
302464,2026-06-30,2025-03-13,63,63371.07,Budapest,Store,16,7.0,2,121.79,0,0,222.71,Active,0
307552,2026-06-30,2024-12-17,36,68071.25,West,Web,18,10.0,4,176.56,0,0,177.29,Active,0
301789,2026-06-30,2024-01-26,45,25570.43,West,Web,29,8.0,2,130.1,0,0,252.45,Active,0
307250,2026-06-30,2025-03-13,35,39775.14,Budapest,Web,16,6.0,1,33.85,0,0,165.53,Active,0
306718,2026-06-30,2024-10-31,27,63634.14,Budapest,Web,20,7.0,0,0.0,0,0,165.92,Active,0
308810,2026-06-30,2025-01-19,39,21228.44,West,Web,17,5.0,0,15.35,0,0,108.77,Loyal,0
300193,2026-06-30,2025-05-13,43,46642.13,West,Web,14,10.0,1,42.97,0,1,75.38,At Risk,1
300821,2026-06-30,2024-09-02,60,29003.22,North,Mobile,22,6.0,2,138.29,0,0,193.83,Loyal,0
306038,2026-06-30,2025-04-15,23,24249.1,Budapest,Web,14,13.0,0,0.0,0,0,165.08,Active,0
306931,2026-06-30,2024-03-06,43,24170.38,West,Web,28,5.0,2,81.19,0,0,287.93,Active,0
306010,2026-06-30,2025-05-13,58,19941.9,West,Store,14,11.0,2,98.47,0,0,116.71,Loyal,0
304167,2026-06-30,2024-01-19,36,22746.05,North,Web,29,9.0,2,189.09,0,0,235.57,Loyal,0
302688,2026-06-30,2025-06-25,54,24551.19,Budapest,Mobile,12,7.0,3,129.13,1,0,230.9,Loyal,0
307164,2026-06-30,2024-09-06,38,60635.27,Budapest,Mobile,22,10.0,2,202.94,0,0,222.86,Active,0
306502,2026-06-30,2024-11-16,41,18095.98,West,Store,19,12.0,2,152.31,0,0,223.39,Loyal,0
304901,2026-06-30,2024-09-24,28,46693.46,Budapest,Web,21,3.0,2,94.5,0,0,275.34,Active,0
306627,2026-06-30,2024-03-23,40,30570.01,West,Store,27,7.0,5,262.0,0,0,240.36,Active,0
302608,2026-06-30,2025-08-17,54,28298.65,South,Mobile,10,8.0,2,100.79,0,0,142.63,Loyal,0
306110,2026-06-30,2025-12-16,38,102932.82,Budapest,Web,6,9.0,0,9.11,0,0,103.4,Active,0
300239,2026-06-30,2025-07-30,27,16148.03,West,Mobile,11,11.0,1,96.67,0,0,142.23,Loyal,0
304016,2026-06-30,2025-10-10,27,54069.68,East,Web,9,6.0,3,135.34,0,0,270.42,Loyal,0
308414,2026-06-30,2025-10-18,24,32520.54,North,Mobile,8,7.0,2,152.62,0,0,148.34,Loyal,0
302978,2026-06-30,2025-07-21,47,38569.53,Budapest,Mobile,11,4.0,2,146.51,0,0,174.69,Loyal,0
307664,2026-06-30,2025-02-19,18,39795.35,East,Web,16,4.0,2,86.54,0,0,226.9,Loyal,0
306687,2026-06-30,2025-11-15,43,70108.02,North,Mobile,7,9.0,3,195.89,0,0,267.21,Loyal,0
300946,2026-06-30,2024-03-28,18,71236.82,West,Mobile,27,8.0,3,139.3,0,0,194.13,Loyal,0
305265,2026-06-30,2024-08-19,49,26064.69,West,Web,22,6.0,0,0.0,1,0,167.86,Active,0
307024,2026-06-30,2025-06-23,61,47388.01,Budapest,Web,12,11.0,4,337.89,1,0,213.04,Loyal,0
305582,2026-06-30,2024-04-15,42,23277.91,Budapest,Web,26,7.0,3,112.55,0,0,247.55,Active,0
304750,2026-06-30,2025-04-12,51,22181.1,Budapest,Mobile,15,2.0,0,0.0,0,0,190.65,Loyal,0
303553,2026-06-30,2024-01-15,35,34501.56,West,Web,29,11.0,5,245.53,0,0,160.41,Active,0
303660,2026-06-30,2025-10-18,47,74599.56,East,Store,8,8.0,1,120.63,0,0,290.04,Loyal,0
303361,2026-06-30,2025-11-28,54,38209.75,Budapest,Web,7,8.0,1,21.53,0,0,218.67,Active,0
307109,2026-06-30,2024-10-11,30,34388.04,Budapest,Store,21,,1,84.04,0,0,288.17,Active,0
302411,2026-06-30,2024-10-15,45,101342.18,East,Web,20,2.0,1,83.5,0,0,343.54,Active,0
304508,2026-06-30,2025-11-28,34,77056.01,North,Store,7,10.0,2,138.58,0,0,193.74,Active,0
307181,2026-06-30,2024-11-13,42,25979.13,South,Web,20,12.0,2,106.37,1,0,158.8,Loyal,0
303983,2026-06-30,2025-03-16,39,,Budapest,Web,15,4.0,1,31.41,0,0,191.3,Active,0
300147,2026-06-30,2025-12-12,31,23121.87,South,Mobile,7,13.0,1,104.15,0,0,145.39,Loyal,0
307020,2026-06-30,2024-12-22,45,49766.95,Budapest,Web,18,10.0,2,118.76,0,0,250.49,Loyal,0
302295,2026-06-30,2024-01-30,41,20802.56,Budapest,Store,29,13.0,2,185.66,0,0,184.54,Active,0
307353,2026-06-30,2024-11-16,37,76920.62,Budapest,Store,19,6.0,0,5.91,0,0,155.67,Active,0
303612,2026-06-30,2025-12-23,21,24752.78,South,Web,6,8.0,0,0.0,0,0,207.93,Active,0
301737,2026-06-30,2025-10-17,41,50076.3,North,Mobile,8,5.0,1,41.83,0,0,167.69,Loyal,0
307090,2026-06-30,2024-10-24,51,48236.73,North,Web,20,8.0,1,78.36,0,0,98.4,Loyal,0
300115,2026-06-30,2025-12-13,25,40649.58,West,Mobile,7,8.0,1,7.76,0,0,278.53,Active,0
308466,2026-06-30,2024-10-30,36,18289.26,West,Web,20,7.0,0,31.97,0,0,153.12,Active,0
304635,2026-06-30,2024-11-24,56,29972.51,Budapest,Web,19,7.0,1,72.25,0,0,262.47,Active,0
300499,2026-06-30,2024-11-02,54,69561.4,North,Web,20,9.0,0,0.0,0,0,161.52,Loyal,0
300721,2026-06-30,2025-06-15,67,36084.99,Budapest,Mobile,12,8.0,0,0.0,0,0,184.36,Active,0
308216,2026-06-30,2024-07-18,55,39417.89,Budapest,Store,23,6.0,0,13.9,0,0,237.06,Loyal,0
303090,2026-06-30,2025-07-19,49,60764.49,West,Mobile,11,5.0,2,140.99,0,0,214.37,Active,0
306307,2026-06-30,2025-04-07,18,32139.9,West,Web,15,11.0,1,21.84,0,0,211.18,Active,0
305988,2026-06-30,2024-02-01,41,53607.17,South,Mobile,29,10.0,0,48.95,0,0,186.89,Active,0
300597,2026-06-30,2025-10-12,75,15000.0,Budapest,Store,9,11.0,2,159.58,0,0,187.81,Active,0
308255,2026-06-30,2024-09-01,35,15516.79,East,Web,22,4.0,0,56.52,0,0,214.46,Loyal,0
305000,2026-06-30,2024-02-16,34,,East,Web,28,9.0,2,95.75,0,0,243.92,Active,0
301648,2026-06-30,2025-09-27,38,39581.49,South,Mobile,9,7.0,0,0.0,0,0,127.02,Active,0
305678,2026-06-30,2025-07-09,33,30151.33,East,Web,12,3.0,2,134.75,0,0,95.76,Active,0
302701,2026-06-30,2024-06-11,56,31358.29,West,Mobile,25,7.0,1,74.75,0,0,228.86,Active,0
307198,2026-06-30,2025-11-24,39,38503.79,Budapest,Store,7,4.0,2,139.05,0,0,168.82,Active,0
301701,2026-06-30,2025-02-03,47,21531.34,East,Web,17,12.0,4,368.82,0,0,110.01,Active,0
308047,2026-06-30,2024-10-25,46,16288.16,North,Web,20,9.0,0,0.0,0,0,174.82,Active,0
305921,2026-06-30,2024-09-17,44,30015.01,Budapest,Store,21,9.0,1,76.92,0,0,291.23,Loyal,0
306215,2026-06-30,2025-09-09,35,50887.5,North,Store,10,8.0,1,111.27,0,0,202.3,Loyal,0
302943,2026-06-30,2024-08-22,47,33691.1,Budapest,Mobile,22,8.0,1,86.44,0,0,153.28,Active,0
305293,2026-06-30,2024-10-03,49,140338.73,South,Store,21,5.0,1,59.4,0,0,241.66,Active,0
300087,2026-06-30,2024-10-11,31,62893.97,Budapest,Mobile,21,14.0,0,24.97,0,0,59.0,Active,0
302309,2026-06-30,2025-06-14,19,46878.79,East,Mobile,13,9.0,1,46.46,0,0,143.17,Loyal,0
302678,2026-06-30,2024-03-27,35,33716.13,Budapest,Web,27,4.0,1,74.77,0,0,376.8,Active,0
306747,2026-06-30,2024-05-10,50,21800.67,West,Web,26,9.0,0,0.0,1,0,179.11,Active,0
306337,2026-06-30,2025-10-19,37,57491.48,East,Mobile,8,3.0,1,57.11,0,0,175.68,Loyal,0
302595,2026-06-30,2024-08-04,30,26572.47,South,Web,23,9.0,7,413.6,0,0,109.96,Loyal,0
308276,2026-06-30,2025-05-22,42,49950.48,Budapest,Store,13,8.0,0,37.75,0,0,211.92,Loyal,0
301030,2026-06-30,2025-08-30,54,62823.24,Budapest,Store,10,6.0,2,93.41,0,0,284.45,Active,0
300137,2026-06-30,2025-03-02,38,62917.79,East,Mobile,16,6.0,4,275.13,0,0,211.55,Active,0
307810,2026-06-30,2025-04-14,40,56817.95,South,Web,15,7.0,0,0.0,0,0,174.83,Active,0
305040,2026-06-30,2025-03-09,45,22682.29,West,Web,16,7.0,2,116.81,0,0,137.24,Active,0
307884,2026-06-30,2024-04-20,29,42597.57,East,Mobile,26,8.0,0,12.22,1,0,269.0,Active,0
304410,2026-06-30,2024-04-18,35,21664.64,North,Mobile,26,5.0,1,81.61,0,0,262.82,Active,0
301201,2026-06-30,2024-07-05,29,46325.99,Budapest,Mobile,24,15.0,1,41.49,1,0,177.61,Active,0
308649,2026-06-30,2025-10-25,45,28121.96,West,Mobile,8,2.0,0,15.38,0,0,235.93,Loyal,0
308881,2026-06-30,2024-06-19,36,34926.44,East,Web,24,7.0,1,75.64,0,0,259.02,Loyal,0
300567,2026-06-30,2025-11-22,39,15000.0,West,Store,7,11.0,2,99.82,0,0,165.37,Active,0
305959,2026-06-30,2025-05-11,33,67907.2,North,Web,14,7.0,1,47.95,0,0,186.94,Active,0
303928,2026-06-30,2024-07-18,67,59230.48,Budapest,Web,23,11.0,0,10.97,0,0,168.64,Active,0
304966,2026-06-30,2025-11-07,32,138310.43,North,Web,8,6.0,2,101.74,0,0,248.89,Active,0
306220,2026-06-30,2024-02-24,24,24395.33,Budapest,Mobile,28,11.0,3,188.85,0,0,132.52,Active,0
304646,2026-06-30,2025-11-21,46,51637.98,West,Web,7,11.0,0,18.88,0,0,184.56,Active,0
307384,2026-06-30,2024-08-01,46,68578.2,Budapest,Mobile,23,7.0,0,0.0,0,0,145.6,Active,0
305357,2026-06-30,2025-02-10,52,15692.27,Budapest,Store,17,6.0,5,495.98,0,1,180.52,Loyal,0
306843,2026-06-30,2025-11-11,45,85058.87,East,Web,8,7.0,1,72.23,0,0,166.14,Loyal,0
302331,2026-06-30,2025-12-26,46,30674.83,West,Web,6,10.0,2,122.46,0,0,187.61,Loyal,0
303516,2026-06-30,2024-11-06,45,32147.32,West,Web,20,5.0,1,75.56,0,0,199.21,Active,0
302188,2026-06-30,2024-03-31,60,57383.32,West,Web,27,6.0,1,128.89,0,0,244.59,Active,0
300196,2026-06-30,2024-12-09,43,44149.52,Budapest,Store,19,6.0,3,197.55,0,0,216.49,Loyal,0
307654,2026-06-30,2024-12-31,40,42006.8,East,Web,18,14.0,3,217.24,0,0,108.21,Active,0
300803,2026-06-30,2024-07-20,68,34170.14,Budapest,Web,23,9.0,1,87.15,0,0,169.35,Active,0
306562,2026-06-30,2025-09-06,46,44270.26,West,Web,10,7.0,1,61.66,0,0,180.98,Loyal,0
308418,2026-06-30,2024-11-04,31,47186.77,South,Web,20,6.0,2,95.97,0,0,205.11,Active,0
302069,2026-06-30,2025-06-15,41,25847.55,Budapest,Web,12,6.0,1,39.85,0,0,248.22,Active,0
304739,2026-06-30,2025-10-15,46,50647.98,West,Web,8,7.0,2,196.75,0,0,257.8,Active,0
307712,2026-06-30,2025-12-14,63,51806.32,East,Mobile,7,10.0,1,61.62,0,0,276.11,Loyal,0
300645,2026-06-30,2024-07-19,18,60211.24,West,Mobile,23,10.0,3,149.24,0,0,214.56,Loyal,0
308520,2026-06-30,2024-02-17,46,47204.69,Budapest,Store,28,11.0,2,127.65,0,0,251.34,Loyal,0
306956,2026-06-30,2025-08-24,51,33503.62,East,Web,10,5.0,1,78.31,0,0,212.71,Active,0
300121,2026-06-30,2024-04-27,60,16304.47,South,Store,26,8.0,3,188.26,0,0,159.7,Loyal,0
302982,2026-06-30,2025-09-02,40,67947.94,Budapest,Store,10,7.0,1,46.17,0,0,184.86,Loyal,0
303075,2026-06-30,2025-09-02,26,18881.7,Budapest,Mobile,10,8.0,1,32.77,0,0,151.77,Active,0
308022,2026-06-30,2025-10-15,45,35345.49,Budapest,Mobile,8,6.0,0,0.0,0,0,218.92,Active,0
303279,2026-06-30,2025-09-10,44,15000.0,East,Mobile,10,5.0,2,72.72,0,0,190.37,Active,0
302136,2026-06-30,2025-01-26,26,15702.81,East,Mobile,17,5.0,2,125.57,0,0,179.08,Active,0
306818,2026-06-30,2024-08-15,56,80765.24,South,Mobile,22,12.0,2,201.9,0,0,256.63,Loyal,0
300135,2026-06-30,2024-03-18,43,41715.99,East,Web,27,5.0,2,158.3,0,0,234.18,Active,0
306339,2026-06-30,2025-08-21,60,44522.75,Budapest,Web,10,7.0,1,72.01,0,0,233.92,Loyal,0
308760,2026-06-30,2024-12-27,32,47691.58,South,Mobile,18,6.0,0,0.0,1,1,123.39,At Risk,1
302560,2026-06-30,2025-05-12,34,35154.76,North,Store,14,7.0,0,34.29,0,0,197.47,Active,0
300063,2026-06-30,2025-02-20,41,52635.71,East,Store,16,6.0,1,96.75,0,0,214.61,Active,0
301359,2026-06-30,2024-05-04,29,49978.89,Budapest,Web,26,8.0,0,53.55,0,0,180.95,Loyal,0
307493,2026-06-30,2025-06-20,58,39021.25,West,Web,12,13.0,2,104.4,1,0,237.51,Active,0
302468,2026-06-30,2024-06-13,53,34695.45,Budapest,Mobile,25,8.0,3,208.63,0,0,265.52,Active,0
300680,2026-06-30,2024-10-01,39,59468.93,West,Store,21,6.0,4,317.73,0,0,253.16,Active,0
305575,2026-06-30,2024-06-03,34,38255.69,Budapest,Web,25,6.0,0,5.73,0,0,198.02,Active,0
300742,2026-06-30,2024-09-25,54,29811.17,South,Web,21,5.0,0,25.15,0,0,176.75,Loyal,0
308946,2026-06-30,2025-10-19,28,39905.62,North,Web,8,7.0,0,37.27,0,0,178.37,Active,0
303642,2026-06-30,2025-02-28,28,22958.25,South,Web,16,4.0,0,0.0,0,0,283.39,Loyal,0
306842,2026-06-30,2025-05-27,51,52436.41,East,Web,13,14.0,3,222.3,0,0,247.72,Active,0
306662,2026-06-30,2025-08-22,36,25173.22,South,Web,10,9.0,3,92.84,0,0,287.76,Loyal,0
303259,2026-06-30,2025-05-22,49,15000.0,North,Store,13,7.0,1,103.92,0,0,176.1,Loyal,0
301874,2026-06-30,2025-10-28,43,82195.26,Budapest,Web,8,6.0,3,225.62,0,0,115.87,Loyal,0
302597,2026-06-30,2024-08-16,44,29589.16,Budapest,Mobile,22,14.0,2,235.19,1,0,0.0,At Risk,1
301718,2026-06-30,2025-10-06,47,21308.95,Budapest,Web,9,5.0,2,116.71,0,0,210.15,Loyal,0
302913,2026-06-30,2024-06-26,56,41031.36,East,Store,24,8.0,2,148.94,0,0,231.55,Loyal,0
302844,2026-06-30,2025-05-17,59,47633.89,North,Store,13,8.0,0,0.0,0,0,210.01,Active,0
304028,2026-06-30,2024-07-21,41,44918.56,East,Web,23,7.0,2,116.2,0,0,183.31,Loyal,0
307509,2026-06-30,2024-03-30,41,18343.7,South,Store,27,8.0,2,140.36,0,0,186.32,Active,0
308935,2026-06-30,2025-04-27,18,40135.6,West,Web,14,7.0,1,86.65,1,0,288.05,Active,0
306670,2026-06-30,2024-12-16,51,49552.92,Budapest,Web,18,6.0,0,0.0,0,0,258.48,Active,0
300490,2026-06-30,2024-03-23,50,15000.0,Budapest,Web,27,9.0,2,239.16,0,0,282.91,Loyal,0
300494,2026-06-30,2024-06-04,40,28654.31,North,Mobile,25,10.0,0,21.73,0,0,167.49,Active,0
300691,2026-06-30,2025-03-10,40,64452.16,West,Mobile,16,9.0,1,93.89,0,0,138.9,Active,0
303822,2026-06-30,2024-12-19,36,74165.38,East,Mobile,18,9.0,1,66.83,1,0,247.96,Loyal,0
300603,2026-06-30,2024-01-27,44,23836.14,Budapest,Store,29,8.0,4,329.84,0,0,191.85,Active,0
301912,2026-06-30,2024-03-25,32,36753.57,Budapest,Mobile,27,,0,75.92,0,0,246.83,Active,0
306887,2026-06-30,2025-02-22,67,50961.31,Budapest,Store,16,6.0,1,100.97,1,1,7.74,At Risk,1
306741,2026-06-30,2025-07-18,30,38518.7,North,Web,11,11.0,4,212.99,0,0,191.0,Active,0
307097,2026-06-30,2024-08-18,33,31105.25,Budapest,Mobile,22,7.0,3,118.3,0,0,199.84,Loyal,0
301594,2026-06-30,2025-01-01,51,17586.64,South,Mobile,18,8.0,0,108.07,0,0,167.77,Active,0
303758,2026-06-30,2025-12-23,37,21950.67,Budapest,Web,6,10.0,1,64.51,0,0,133.46,Active,0
302367,2026-06-30,2024-08-22,41,91878.3,Budapest,Web,22,9.0,1,80.79,0,0,165.13,Active,0
304371,2026-06-30,2025-12-06,20,15000.0,West,Web,7,10.0,3,83.12,0,0,168.8,Active,0
305649,2026-06-30,2025-01-28,35,48791.17,South,Web,17,3.0,1,89.5,0,0,252.62,Active,0
305755,2026-06-30,2024-12-06,49,92452.48,West,Web,19,10.0,2,179.07,0,0,190.26,Active,0
301362,2026-06-30,2025-11-08,38,35474.08,West,Web,8,3.0,1,53.79,1,0,258.58,Loyal,0
304904,2026-06-30,2024-08-15,20,22522.49,Budapest,Web,22,8.0,0,0.0,0,1,189.91,Active,0
301527,2026-06-30,2025-12-28,58,57494.96,South,Store,6,15.0,3,249.69,0,0,140.48,Loyal,0
306980,2026-06-30,2025-07-11,54,28093.72,South,Web,12,9.0,0,0.0,0,0,93.08,Active,0
307653,2026-06-30,2025-11-06,63,31817.76,East,Mobile,8,6.0,0,0.0,0,0,161.52,Active,0
305900,2026-06-30,2024-01-24,48,18721.94,West,Web,29,10.0,1,123.1,0,0,245.04,Active,0
301552,2026-06-30,2025-03-24,55,33590.53,East,Store,15,9.0,3,198.5,0,0,201.75,Loyal,0
305138,2026-06-30,2024-02-17,42,40262.64,Budapest,Store,28,9.0,1,93.32,0,0,259.09,Loyal,0
308805,2026-06-30,2024-11-24,18,53308.03,East,Web,19,8.0,2,76.48,1,1,36.57,At Risk,1
301338,2026-06-30,2025-11-10,42,48771.83,Budapest,Mobile,8,9.0,0,0.0,0,0,332.18,Active,0
303902,2026-06-30,2025-07-20,43,45019.37,West,Store,11,9.0,1,74.73,0,0,205.03,Active,0
303011,2026-06-30,2025-01-12,39,44302.55,South,Web,18,8.0,2,184.56,0,0,201.78,Active,0
307847,2026-06-30,2025-07-08,39,23740.6,West,Web,12,7.0,0,19.17,0,0,249.39,Loyal,0
302251,2026-06-30,2025-04-18,18,91437.73,East,Mobile,14,3.0,2,68.53,0,0,232.95,Active,0
302347,2026-06-30,2025-06-03,44,28555.07,South,Store,13,6.0,1,62.78,0,0,187.76,Active,0
308432,2026-06-30,2024-12-12,43,27710.5,Budapest,Web,19,10.0,3,139.31,0,0,226.4,Active,0
302785,2026-06-30,2024-04-25,44,41433.5,East,Store,26,8.0,1,54.46,0,0,187.78,Active,0
308118,2026-06-30,2024-09-21,27,35246.72,East,Mobile,21,2.0,0,0.0,0,0,261.23,Active,0
300151,2026-06-30,2024-05-27,45,24937.54,Budapest,Mobile,25,10.0,0,0.0,0,0,217.01,Active,0
302805,2026-06-30,2024-09-04,40,15000.0,East,Store,22,10.0,2,148.47,1,1,0.0,At Risk,1
305429,2026-06-30,2024-08-03,24,24131.79,West,Mobile,23,7.0,0,0.35,0,0,154.45,Active,0
302087,2026-06-30,2025-06-13,19,61106.26,Budapest,Web,13,3.0,1,63.15,0,0,203.06,Active,0
303752,2026-06-30,2025-08-16,44,,East,Web,10,14.0,3,230.64,1,1,37.31,At Risk,1
302260,2026-06-30,2024-12-16,44,35857.5,Budapest,Mobile,18,9.0,3,278.43,0,0,193.76,Active,0
304018,2026-06-30,2025-11-15,31,26305.51,East,Mobile,7,12.0,2,49.28,0,0,248.29,Active,0
305016,2026-06-30,2024-01-20,39,154974.59,South,Web,29,6.0,1,87.66,0,0,114.08,Active,0
305015,2026-06-30,2024-03-17,26,28205.36,Budapest,Web,27,7.0,0,0.0,0,0,280.14,Active,0
307702,2026-06-30,2024-08-03,41,61369.35,East,Store,23,6.0,2,72.03,0,0,198.44,Active,0
306583,2026-06-30,2025-02-17,47,27763.06,North,Mobile,16,9.0,3,129.27,0,0,132.77,Loyal,0
303857,2026-06-30,2025-07-24,29,27875.32,East,Web,11,5.0,3,110.24,0,0,224.67,Active,0
300860,2026-06-30,2025-06-22,53,38345.32,Budapest,Web,12,4.0,2,110.49,1,0,284.6,Loyal,0
306222,2026-06-30,2024-10-01,21,27566.82,South,Web,21,6.0,0,0.0,0,0,230.59,Loyal,0
306629,2026-06-30,2024-04-15,26,32957.31,West,Mobile,26,8.0,0,20.95,0,0,92.3,Active,0
308527,2026-06-30,2024-06-20,31,130147.42,West,Mobile,24,15.0,2,96.77,0,0,206.73,Loyal,0
307375,2026-06-30,2025-04-12,36,49858.4,Budapest,Mobile,15,9.0,0,0.0,0,0,165.21,Loyal,0
307425,2026-06-30,2024-08-19,44,127814.09,East,Mobile,22,9.0,4,308.19,0,0,209.42,Active,0
304463,2026-06-30,2025-06-20,46,55539.65,East,Web,12,7.0,4,190.84,0,0,248.36,Active,0
307014,2026-06-30,2025-03-20,43,67497.49,West,Mobile,15,6.0,1,81.46,0,0,244.52,Active,0
301780,2026-06-30,2025-05-25,39,21111.62,Budapest,Mobile,13,6.0,2,69.41,0,0,214.1,Active,0
304808,2026-06-30,2024-02-23,44,17181.68,South,Mobile,28,13.0,4,312.6,0,0,231.32,Active,0
305197,2026-06-30,2025-12-04,30,16291.96,Budapest,Store,7,5.0,2,176.09,0,0,256.31,Loyal,0
301819,2026-06-30,2025-07-31,33,52463.17,Budapest,Store,11,7.0,1,52.85,1,1,94.09,At Risk,1
306395,2026-06-30,2025-08-31,63,105166.41,North,Mobile,10,10.0,2,123.73,0,0,95.25,Active,0
302705,2026-06-30,2025-09-06,34,35159.0,East,Web,10,9.0,1,38.8,0,0,242.02,Loyal,0
300176,2026-06-30,2024-03-17,42,,North,Mobile,27,9.0,1,96.13,0,0,175.79,Active,0
302094,2026-06-30,2024-04-20,55,51935.11,Budapest,Web,26,6.0,1,96.65,0,0,234.67,Active,0
307263,2026-06-30,2024-04-27,24,40847.34,West,Web,26,10.0,1,107.32,0,0,114.94,Active,0
303492,2026-06-30,2024-03-22,38,46123.81,East,Mobile,27,12.0,1,33.03,0,0,232.12,Active,0
308004,2026-06-30,2024-11-04,39,25281.86,North,Web,20,11.0,1,74.02,0,0,173.69,Active,0
300083,2026-06-30,2025-05-18,39,70912.2,East,Store,13,8.0,0,0.0,0,0,115.99,Loyal,0
300817,2026-06-30,2025-02-10,62,15000.0,West,Web,17,9.0,2,176.26,0,0,225.0,Active,0
306344,2026-06-30,2025-05-11,44,49953.75,East,Mobile,14,7.0,0,0.0,0,0,263.32,Active,0
307107,2026-06-30,2025-12-14,26,38413.23,North,Mobile,7,4.0,2,116.94,0,0,216.2,Loyal,0
305550,2026-06-30,2025-06-17,47,44902.7,East,Web,12,5.0,0,0.0,0,0,65.17,Active,0
300284,2026-06-30,2024-06-02,44,15000.0,Budapest,Mobile,25,8.0,3,168.56,0,0,81.69,Active,0
307843,2026-06-30,2024-05-18,48,66526.76,North,Web,25,6.0,0,7.68,0,0,193.75,Loyal,0
306124,2026-06-30,2024-02-11,59,23520.57,Budapest,Mobile,29,5.0,1,29.15,0,0,185.5,Active,0
307919,2026-06-30,2025-03-09,43,19828.17,Budapest,Mobile,16,7.0,1,46.57,1,0,227.3,Active,0
302916,2026-06-30,2024-10-05,34,15000.0,South,Mobile,21,10.0,1,60.25,0,0,270.97,Loyal,0
301814,2026-06-30,2024-05-09,59,34863.98,South,Mobile,26,3.0,2,187.03,0,0,207.12,Active,0
301272,2026-06-30,2024-09-29,53,34211.45,South,Mobile,21,7.0,1,130.94,0,0,223.23,Loyal,0
306462,2026-06-30,2025-07-19,57,75633.12,Budapest,Mobile,11,13.0,0,0.0,0,0,136.55,Loyal,0
308719,2026-06-30,2024-03-11,55,67518.46,South,Mobile,28,10.0,2,102.97,0,0,226.07,Loyal,0
307439,2026-06-30,2025-11-14,42,55506.77,West,Web,7,8.0,1,21.46,0,0,278.86,Active,0
308201,2026-06-30,2025-12-10,45,48270.59,North,Web,7,4.0,3,328.9,0,0,204.64,Active,0
302643,2026-06-30,2025-07-09,49,19506.87,Budapest,Web,12,5.0,1,79.99,0,0,249.69,Loyal,0
306570,2026-06-30,2025-08-13,20,32329.93,West,Web,11,11.0,5,259.29,0,0,200.08,Active,0
304509,2026-06-30,2024-11-14,45,31467.6,East,Web,19,8.0,1,32.24,0,0,116.35,Active,0
302306,2026-06-30,2024-11-16,35,40221.44,Budapest,Web,19,14.0,2,113.0,0,0,205.68,Active,0
305983,2026-06-30,2025-05-06,20,23535.68,East,Mobile,14,4.0,2,149.76,1,0,40.31,At Risk,1
304196,2026-06-30,2025-04-11,45,,North,Web,15,7.0,0,0.35,1,0,291.86,Active,0
304656,2026-06-30,2024-10-09,31,45972.88,West,Web,21,7.0,0,1.07,0,0,228.14,Loyal,0
307467,2026-06-30,2024-05-11,28,94460.09,South,Web,26,8.0,2,150.26,0,1,169.38,Active,0
304169,2026-06-30,2024-03-27,30,79249.42,East,Mobile,27,12.0,2,212.38,0,0,188.39,Active,0
303850,2026-06-30,2025-05-09,24,41381.45,South,Mobile,14,9.0,1,38.35,0,0,203.13,Active,0
308952,2026-06-30,2025-04-16,36,49808.92,East,Web,14,6.0,3,118.37,0,0,166.54,Loyal,0
307068,2026-06-30,2024-04-10,50,63097.3,West,Mobile,27,6.0,0,39.98,0,0,215.56,Active,0
306461,2026-06-30,2024-03-31,45,77839.5,Budapest,Mobile,27,9.0,0,0.0,0,0,267.48,Active,0
302415,2026-06-30,2025-03-24,31,53945.76,East,Web,15,4.0,1,81.52,0,1,93.62,At Risk,1
303555,2026-06-30,2025-03-01,45,17059.34,Budapest,Mobile,16,5.0,1,92.9,0,0,199.96,Loyal,0
304692,2026-06-30,2024-10-29,42,63311.3,Budapest,Web,20,9.0,3,186.74,0,0,225.56,Active,0
304499,2026-06-30,2024-07-26,27,49596.06,West,Web,23,5.0,1,58.0,0,0,198.15,Active,0
302196,2026-06-30,2024-03-07,44,38380.81,West,Mobile,28,7.0,2,117.47,0,0,212.38,Active,0
302601,2026-06-30,2025-12-28,38,22285.11,North,Mobile,6,8.0,3,164.39,0,0,139.72,Loyal,0
307007,2026-06-30,2024-12-04,45,61099.12,North,Web,19,9.0,0,11.01,0,0,276.09,Loyal,0
304315,2026-06-30,2025-07-22,58,50739.34,South,Mobile,11,14.0,2,52.89,1,0,264.21,Active,0
303367,2026-06-30,2024-01-22,33,,Budapest,Web,29,8.0,0,14.66,0,0,150.66,Active,0
308385,2026-06-30,2024-07-13,39,55090.27,Budapest,Store,24,5.0,2,154.15,0,0,208.77,Active,0
305399,2026-06-30,2024-03-01,26,48320.6,West,Web,28,6.0,1,52.43,0,0,143.45,Active,0
302634,2026-06-30,2024-01-11,34,40184.42,South,Store,30,12.0,1,0.0,0,0,201.81,Loyal,0
306706,2026-06-30,2025-01-06,23,28681.8,North,Web,18,6.0,3,315.97,0,0,197.17,Active,0
302435,2026-06-30,2025-05-09,41,38248.54,West,Web,14,6.0,0,0.0,0,0,177.54,Active,0
303730,2026-06-30,2024-05-25,34,55015.24,Budapest,Mobile,25,6.0,1,125.96,0,0,202.04,Loyal,0
308587,2026-06-30,2025-09-04,32,57579.53,South,Web,10,5.0,1,23.03,0,0,165.32,Active,0
305846,2026-06-30,2025-09-06,28,,Budapest,Web,10,9.0,2,107.12,0,0,201.25,Loyal,0
304521,2026-06-30,2024-06-28,36,15798.99,East,Web,24,7.0,2,197.67,0,0,145.14,Active,0
303546,2026-06-30,2024-12-19,36,27744.46,Budapest,Store,18,7.0,0,0.0,0,0,197.71,Active,0
307150,2026-06-30,2025-07-22,51,25475.04,South,Web,11,5.0,3,285.66,0,0,198.32,Active,0
307819,2026-06-30,2025-11-15,41,39134.71,East,Mobile,7,11.0,1,69.23,0,0,231.15,Active,0
300518,2026-06-30,2025-12-17,38,48212.67,South,Web,6,7.0,2,143.74,0,0,146.83,Active,0
305014,2026-06-30,2025-09-27,63,51910.5,Budapest,Store,9,9.0,1,87.86,0,0,223.94,Loyal,0
305633,2026-06-30,2025-03-19,53,36035.58,West,Web,15,6.0,1,94.27,0,0,162.18,Loyal,0
301416,2026-06-30,2025-10-17,53,25991.33,South,Mobile,8,14.0,3,232.63,0,0,177.72,Loyal,0
304665,2026-06-30,2024-09-07,38,24139.64,Budapest,Web,22,10.0,2,116.49,0,0,204.28,Loyal,0
304457,2026-06-30,2025-12-03,37,26678.36,Budapest,Web,7,13.0,1,115.0,0,0,136.15,Loyal,0
307975,2026-06-30,2024-01-23,43,41967.19,Budapest,Web,29,8.0,1,68.77,0,0,180.78,Active,0
300128,2026-06-30,2024-06-06,37,39693.02,Budapest,Web,25,10.0,2,139.85,0,0,290.01,Loyal,0
303475,2026-06-30,2024-01-16,28,29595.93,Budapest,Mobile,29,8.0,2,145.33,0,0,158.71,Active,0
306532,2026-06-30,2024-08-31,28,53148.52,East,Mobile,22,11.0,1,31.37,1,0,225.09,Active,0
304311,2026-06-30,2025-06-07,54,15000.0,West,Mobile,13,9.0,0,0.0,0,0,231.09,Active,0
302439,2026-06-30,2025-01-08,45,62140.65,Budapest,Mobile,18,9.0,1,159.56,0,0,214.32,Loyal,0
303766,2026-06-30,2024-03-29,64,31609.83,East,Web,27,7.0,2,132.98,0,1,163.3,Active,0
304783,2026-06-30,2025-06-14,36,40548.23,West,Mobile,13,11.0,1,22.11,0,0,159.9,Loyal,0
305712,2026-06-30,2025-02-05,39,41531.15,South,Web,17,6.0,0,17.66,0,0,209.36,Loyal,0
308879,2026-06-30,2025-05-02,28,44888.45,Budapest,Web,14,5.0,0,55.58,0,0,218.56,Active,0
301474,2026-06-30,2024-08-02,54,36916.13,Budapest,Web,23,10.0,1,64.87,0,0,190.52,Active,0
305673,2026-06-30,2024-02-16,36,35664.05,Budapest,Mobile,28,5.0,1,31.41,1,0,118.0,Loyal,0
303561,2026-06-30,2025-10-31,28,51966.89,West,Store,8,4.0,2,157.07,1,0,162.24,Active,0
303952,2026-06-30,2024-05-09,28,67361.06,North,Mobile,26,9.0,3,80.56,0,0,168.89,Loyal,0
300050,2026-06-30,2024-01-21,18,15000.0,Budapest,Web,29,10.0,1,48.68,0,0,178.41,Loyal,0
307443,2026-06-30,2025-09-11,51,21979.23,North,Web,10,8.0,1,108.28,0,0,229.74,Active,0
300888,2026-06-30,2024-12-20,41,15000.0,West,Mobile,18,3.0,0,36.51,0,0,217.51,Loyal,0
302617,2026-06-30,2024-08-20,24,71774.46,West,Mobile,22,9.0,0,0.0,0,0,162.25,Active,0
300517,2026-06-30,2024-05-12,36,38635.32,East,Mobile,26,7.0,1,59.16,0,0,227.88,Active,0
303169,2026-06-30,2025-11-10,31,15000.0,East,Mobile,8,6.0,0,0.0,0,0,116.35,Active,0
302950,2026-06-30,2025-06-12,35,36795.12,South,Web,13,8.0,2,204.84,0,0,236.61,Active,0
301425,2026-06-30,2025-05-31,50,80537.62,Budapest,Web,13,10.0,0,0.0,0,0,213.6,Active,0
300140,2026-06-30,2025-03-11,37,98295.73,East,Mobile,16,4.0,1,103.79,1,1,101.84,At Risk,1
301925,2026-06-30,2025-10-26,49,68324.47,East,Mobile,8,7.0,1,54.78,1,0,169.08,Active,0
302379,2026-06-30,2025-02-23,55,37510.26,West,Mobile,16,9.0,2,130.54,0,0,239.9,Active,0
303198,2026-06-30,2025-07-09,28,35447.37,Budapest,Mobile,12,13.0,1,70.96,0,0,185.63,Loyal,0
300113,2026-06-30,2025-09-30,40,21154.46,South,Store,9,13.0,7,523.55,0,0,227.49,Active,0
304560,2026-06-30,2024-11-13,48,29962.35,East,Store,20,9.0,1,88.65,0,0,145.68,Active,0
304596,2026-06-30,2025-12-08,66,24057.37,South,Mobile,7,10.0,2,122.9,0,0,171.98,Active,0
303251,2026-06-30,2025-11-04,31,39212.1,Budapest,Web,8,10.0,2,167.34,1,1,41.38,At Risk,1
304691,2026-06-30,2025-09-05,43,50172.93,East,Web,10,11.0,0,2.68,0,0,244.79,Loyal,0
306066,2026-06-30,2024-04-05,46,16274.15,Budapest,Web,27,12.0,1,29.42,0,0,214.94,Active,0
306367,2026-06-30,2025-02-17,33,33956.97,East,Web,16,9.0,0,39.13,0,0,179.64,Active,0
304547,2026-06-30,2024-08-06,29,15741.28,East,Web,23,15.0,0,19.74,0,0,307.23,Active,0
306933,2026-06-30,2025-12-17,49,38898.43,West,Store,6,11.0,1,102.92,0,0,225.51,Active,0
303278,2026-06-30,2025-11-16,53,32821.6,East,Mobile,7,5.0,0,7.18,0,0,182.61,Active,0
305149,2026-06-30,2025-10-21,38,15000.0,East,Store,8,6.0,1,48.15,0,0,299.63,Loyal,0
307670,2026-06-30,2025-10-23,75,19103.41,West,Store,8,9.0,1,63.01,0,0,196.76,Loyal,0
308057,2026-06-30,2025-03-08,66,20460.3,South,Web,16,6.0,2,202.39,0,0,208.0,Loyal,0
305047,2026-06-30,2025-07-08,42,42775.47,Budapest,Web,12,8.0,2,79.27,0,0,222.69,Active,0
307414,2026-06-30,2024-08-10,49,33631.35,Budapest,Web,23,7.0,2,110.54,0,0,148.22,Loyal,0
307295,2026-06-30,2024-05-10,32,21635.3,Budapest,Web,26,14.0,0,26.78,0,0,253.77,Active,0
303223,2026-06-30,2025-07-19,36,24555.18,Budapest,Web,11,11.0,5,266.42,0,0,197.02,Active,0
308346,2026-06-30,2025-09-30,37,59395.96,North,Web,9,8.0,0,0.0,0,0,91.36,Active,0
300452,2026-06-30,2024-02-01,28,66748.22,Budapest,Store,29,4.0,1,44.54,0,0,258.08,Active,0
303732,2026-06-30,2024-06-30,49,25479.72,East,Store,24,4.0,2,174.8,0,0,161.97,Loyal,0
308160,2026-06-30,2025-04-17,33,45211.53,West,Web,14,,2,101.01,0,0,273.84,Active,0
307818,2026-06-30,2024-02-07,34,111262.19,North,Mobile,29,7.0,1,40.07,0,0,182.97,Active,0
302764,2026-06-30,2024-07-12,32,32498.99,Budapest,Web,24,14.0,3,213.0,0,0,235.46,Active,0
300659,2026-06-30,2025-02-15,28,32725.87,West,Store,16,6.0,1,90.2,0,1,173.05,Active,0
306291,2026-06-30,2024-12-10,25,26938.67,Budapest,Mobile,19,7.0,2,146.47,0,0,202.85,Active,0
304621,2026-06-30,2024-09-28,43,61135.79,Budapest,Mobile,21,10.0,4,340.45,0,0,188.86,Active,0
301000,2026-06-30,2025-07-06,31,48189.98,North,Mobile,12,6.0,0,97.17,0,0,144.05,Active,0
300390,2026-06-30,2024-03-01,56,35865.76,East,Web,28,9.0,3,147.4,0,0,221.56,Active,0
303408,2026-06-30,2024-07-08,47,49172.56,Budapest,Web,24,5.0,1,21.36,0,0,181.47,Active,0
301477,2026-06-30,2024-03-04,37,49851.65,South,Web,28,10.0,2,145.5,0,0,233.18,Active,0
302241,2026-06-30,2025-10-15,33,23224.0,Budapest,Store,8,7.0,1,12.4,0,0,209.23,Active,0
302387,2026-06-30,2024-06-17,33,27874.11,South,Mobile,24,8.0,1,15.51,0,1,0.0,At Risk,1
300993,2026-06-30,2025-08-09,55,109057.77,West,Web,11,10.0,3,253.53,0,0,202.84,Loyal,0
303923,2026-06-30,2025-08-06,41,38962.66,North,Store,11,11.0,1,80.69,0,0,245.24,Active,0
302973,2026-06-30,2024-08-06,35,21731.73,Budapest,Store,23,5.0,1,103.45,0,0,262.66,Active,0
303387,2026-06-30,2024-04-26,38,48735.81,Budapest,Web,26,7.0,2,186.24,1,0,227.55,Active,0
305713,2026-06-30,2024-12-12,54,41834.05,East,Mobile,19,8.0,3,263.49,0,0,235.91,Active,0
304770,2026-06-30,2025-11-27,36,34759.38,South,Web,7,1.0,0,30.27,0,0,139.38,Active,0
301294,2026-06-30,2025-02-26,31,54794.72,Budapest,Store,16,6.0,0,10.0,0,0,157.3,Active,0
301825,2026-06-30,2025-10-23,44,29143.24,Budapest,Mobile,8,8.0,1,21.47,0,0,160.61,Loyal,0
302874,2026-06-30,2025-06-08,71,44145.73,West,Mobile,13,13.0,1,52.4,0,0,225.13,Active,0
304174,2026-06-30,2025-03-24,29,57941.33,North,Store,15,3.0,1,95.12,0,0,149.45,Active,0
302536,2026-06-30,2024-01-15,51,41064.42,Budapest,Mobile,29,1.0,1,83.97,0,0,171.24,Active,0
308293,2026-06-30,2025-08-23,28,23717.54,Budapest,Mobile,10,6.0,3,45.74,0,0,202.28,Active,0
301908,2026-06-30,2024-01-02,40,58041.26,South,Web,30,8.0,1,102.01,1,0,284.81,Loyal,0
308220,2026-06-30,2024-03-03,60,129541.48,East,Store,28,11.0,4,474.54,0,0,90.24,Active,0
300369,2026-06-30,2025-05-16,42,57034.16,Budapest,Mobile,13,5.0,1,89.66,0,0,200.95,Active,0
301152,2026-06-30,2025-08-18,49,23933.56,North,Mobile,10,6.0,1,53.61,1,0,225.13,Active,0
307459,2026-06-30,2025-07-22,45,19754.53,North,Web,11,5.0,1,29.35,0,0,145.59,Loyal,0
305229,2026-06-30,2025-05-18,39,31134.4,Budapest,Mobile,13,5.0,0,0.0,0,0,195.74,Active,0
304846,2026-06-30,2024-02-12,43,15000.0,Budapest,Store,29,6.0,1,6.17,0,0,223.19,Active,0
305333,2026-06-30,2024-07-26,49,22293.33,North,Web,23,3.0,2,101.98,0,0,222.73,Active,0
306160,2026-06-30,2024-04-05,42,143278.89,Budapest,Mobile,27,10.0,2,167.86,0,0,185.32,Loyal,0
304161,2026-06-30,2025-01-06,55,29305.4,South,Web,18,8.0,1,56.42,0,0,201.91,Loyal,0
304288,2026-06-30,2024-10-17,43,41214.98,Budapest,Mobile,20,8.0,0,70.62,0,0,251.4,Loyal,0
306374,2026-06-30,2024-07-23,33,37583.94,Budapest,Store,23,5.0,1,63.74,0,0,141.26,Active,0
305555,2026-06-30,2025-11-26,24,22003.98,East,Web,7,5.0,0,18.87,0,0,249.78,Active,0
300175,2026-06-30,2024-09-08,40,15000.0,East,Store,22,8.0,1,84.29,0,0,218.03,Active,0
301904,2026-06-30,2024-12-07,46,72815.88,East,Web,19,2.0,2,132.85,0,0,200.46,Active,0
301100,2026-06-30,2024-12-07,52,32081.39,West,Mobile,19,3.0,1,54.59,0,0,163.5,Active,0
306643,2026-06-30,2024-06-23,28,30217.37,South,Mobile,24,7.0,4,268.68,0,1,171.33,Loyal,0
303409,2026-06-30,2025-07-14,47,18718.3,East,Mobile,12,3.0,0,44.78,0,0,314.08,Active,0
301539,2026-06-30,2024-09-17,35,56551.91,Budapest,Mobile,21,6.0,0,0.0,0,0,207.8,Loyal,0
302293,2026-06-30,2025-09-28,43,26745.73,Budapest,Web,9,11.0,3,243.97,0,0,107.98,Active,0
308450,2026-06-30,2025-09-08,21,25632.75,East,Mobile,10,5.0,1,80.7,1,0,210.99,Loyal,0
301364,2026-06-30,2024-03-03,38,58627.98,West,Mobile,28,9.0,1,86.85,0,0,225.0,Active,0
307719,2026-06-30,2025-01-26,39,31440.52,Budapest,Web,17,8.0,3,206.76,0,0,215.59,Active,0
307252,2026-06-30,2025-08-05,41,36122.83,South,Web,11,8.0,1,2.98,1,1,64.21,At Risk,1
306092,2026-06-30,2024-02-29,35,38683.27,South,Store,28,5.0,0,47.41,0,0,260.79,Active,0
305791,2026-06-30,2024-10-18,50,47595.14,West,Store,20,7.0,1,48.02,0,0,179.58,Active,0
300681,2026-06-30,2025-04-11,54,40526.7,East,Store,15,11.0,0,0.0,0,0,224.87,Active,0
306267,2026-06-30,2024-07-02,35,15000.0,East,Web,24,13.0,1,0.0,0,0,217.43,Active,0
303665,2026-06-30,2025-10-11,33,30246.97,North,Web,9,4.0,2,66.97,0,0,142.89,Active,0
301662,2026-06-30,2025-07-31,57,28167.79,East,Mobile,11,8.0,0,0.43,0,0,249.32,Loyal,0
300509,2026-06-30,2024-07-03,47,30759.53,West,Web,24,7.0,1,2.61,0,0,145.7,Active,0
300167,2026-06-30,2025-09-11,44,131962.68,North,Web,10,5.0,0,1.91,0,0,192.69,Loyal,0
306889,2026-06-30,2024-07-15,41,25875.07,North,Web,23,5.0,2,180.63,0,0,119.34,Active,0
301007,2026-06-30,2025-08-28,45,44978.55,Budapest,Web,10,7.0,1,63.81,0,0,248.67,Loyal,0
306985,2026-06-30,2025-01-07,34,51757.37,West,Web,18,4.0,0,5.36,0,0,103.22,Loyal,0
306934,2026-06-30,2024-05-28,31,41166.58,Budapest,Web,25,11.0,4,289.98,0,0,261.76,Loyal,0
303495,2026-06-30,2024-01-27,35,82528.01,Budapest,Mobile,29,10.0,3,264.35,0,0,235.81,Loyal,0
307354,2026-06-30,2025-12-13,44,47701.98,Budapest,Web,7,8.0,1,60.22,0,0,143.33,Active,0
308861,2026-06-30,2024-10-31,36,18067.56,South,Mobile,20,8.0,1,0.0,0,0,243.25,Active,0
302537,2026-06-30,2024-07-31,31,82083.7,East,Web,23,9.0,0,0.0,1,1,53.17,At Risk,1
301105,2026-06-30,2025-06-20,58,33440.38,West,Store,12,11.0,1,82.61,0,0,129.08,Active,0
303876,2026-06-30,2024-02-26,51,48219.78,East,Mobile,28,4.0,2,56.37,0,0,148.84,Active,0
306158,2026-06-30,2024-02-24,36,37311.55,East,Web,28,5.0,2,154.3,1,1,204.89,Active,0
301753,2026-06-30,2025-06-18,49,37278.8,Budapest,Mobile,12,7.0,0,0.0,0,0,274.73,Active,0
307145,2026-06-30,2025-04-08,37,38663.59,North,Store,15,8.0,3,255.9,0,0,140.12,Active,0
302917,2026-06-30,2024-07-04,25,16920.75,East,Mobile,24,11.0,2,156.47,0,0,108.78,Active,0
306602,2026-06-30,2024-12-03,44,26771.8,South,Web,19,6.0,3,208.78,0,0,218.1,Active,0
300153,2026-06-30,2025-11-07,28,30327.06,West,Web,8,4.0,1,81.45,0,0,151.6,Loyal,0
303908,2026-06-30,2025-11-07,41,18672.89,Budapest,Mobile,8,4.0,1,109.06,0,0,242.82,Active,0
308296,2026-06-30,2025-06-01,35,55940.97,Budapest,Web,13,6.0,1,82.16,0,0,145.63,Loyal,0
302553,2026-06-30,2024-07-19,46,29875.62,South,Web,23,13.0,3,83.12,0,0,215.67,Active,0
302774,2026-06-30,2024-01-05,37,30937.53,South,Web,30,12.0,2,208.89,0,0,218.32,Loyal,0
305681,2026-06-30,2025-03-15,40,32311.43,East,Web,16,7.0,1,109.03,1,0,211.14,Active,0
303552,2026-06-30,2024-08-07,52,50229.04,Budapest,Web,23,9.0,1,70.3,0,0,311.43,Active,0
303723,2026-06-30,2025-11-04,31,49152.54,North,Store,8,8.0,1,86.54,0,0,205.25,Active,0
306560,2026-06-30,2024-10-19,56,24839.71,Budapest,Mobile,20,15.0,3,182.52,0,0,232.62,Active,0
307346,2026-06-30,2024-03-03,34,,Budapest,Mobile,28,16.0,0,0.0,0,0,274.05,Loyal,0
306582,2026-06-30,2024-11-01,22,61925.61,South,Store,20,12.0,0,25.55,0,0,160.34,Active,0
304539,2026-06-30,2025-05-28,45,73261.27,Budapest,Store,13,6.0,1,72.17,0,0,194.38,Active,0
305559,2026-06-30,2025-02-28,47,37157.67,South,Mobile,16,,0,0.0,1,0,164.67,Active,0
301823,2026-06-30,2025-11-08,31,15000.0,Budapest,Mobile,8,9.0,0,16.36,0,0,190.24,Active,0
304087,2026-06-30,2024-10-10,44,34614.48,North,Mobile,21,8.0,2,76.86,0,0,203.8,Active,0
305045,2026-06-30,2025-08-26,33,32801.05,Budapest,Mobile,10,3.0,0,0.0,1,0,228.43,Active,0
307706,2026-06-30,2025-05-01,39,24599.83,South,Web,14,9.0,1,41.76,0,0,251.85,Active,0
306007,2026-06-30,2025-06-19,43,42692.69,Budapest,Mobile,12,12.0,0,0.0,0,0,225.75,Loyal,0
307857,2026-06-30,2025-07-07,44,48596.69,East,Web,12,5.0,1,88.32,0,0,253.98,Active,0
300310,2026-06-30,2024-09-07,19,38975.09,West,Store,22,3.0,1,35.49,0,0,193.6,Active,0
306330,2026-06-30,2024-09-11,32,19790.74,Budapest,Web,22,2.0,1,92.39,0,0,213.0,Active,0
305995,2026-06-30,2024-07-05,57,,West,Web,24,11.0,0,44.22,0,0,138.73,Active,0
303600,2026-06-30,2025-10-13,36,17726.88,North,Web,9,11.0,4,340.27,0,0,194.51,Loyal,0
303623,2026-06-30,2025-06-11,34,23907.91,West,Mobile,13,6.0,0,82.97,0,0,134.46,Active,0
307170,2026-06-30,2024-08-15,25,20792.55,North,Web,22,3.0,1,112.31,0,0,262.12,Loyal,0
303451,2026-06-30,2024-06-27,52,21755.57,South,Mobile,24,10.0,0,19.91,0,0,179.31,Active,0
304592,2026-06-30,2025-08-08,63,54100.0,Budapest,Mobile,11,12.0,1,24.51,0,0,247.33,Active,0
300206,2026-06-30,2025-11-23,40,16441.92,West,Mobile,7,4.0,1,59.85,0,0,249.84,Active,0
301136,2026-06-30,2025-03-11,45,27818.05,West,Web,16,9.0,2,240.33,0,0,131.74,Active,0
302750,2026-06-30,2024-07-13,41,37822.02,West,Mobile,24,4.0,3,185.51,0,0,196.58,Active,0
303614,2026-06-30,2024-03-24,26,18444.61,East,Store,27,7.0,0,8.46,0,0,252.95,Active,0
300306,2026-06-30,2025-04-09,39,,South,Store,15,3.0,1,27.4,1,1,2.93,At Risk,1
301850,2026-06-30,2025-12-27,38,25423.52,South,Web,6,6.0,1,55.46,0,1,234.68,Loyal,0
305285,2026-06-30,2025-03-05,44,36512.39,Budapest,Mobile,16,8.0,3,173.44,0,1,244.3,Active,0
301989,2026-06-30,2024-02-07,44,15000.0,West,Web,29,8.0,1,124.65,0,0,155.11,Active,0
303241,2026-06-30,2024-08-07,36,26921.54,West,Web,23,10.0,1,135.34,0,0,152.77,Active,0
302799,2026-06-30,2025-06-21,29,63204.42,East,Store,12,8.0,2,164.11,0,0,113.14,Loyal,0
304516,2026-06-30,2024-03-18,56,35931.67,Budapest,Mobile,27,5.0,2,187.62,0,0,251.59,Active,0
306325,2026-06-30,2024-11-30,39,29521.31,West,Web,19,7.0,1,66.0,0,0,173.45,Active,0
303110,2026-06-30,2024-10-05,73,28212.97,South,Mobile,21,12.0,3,204.93,1,1,5.42,At Risk,1
304060,2026-06-30,2025-08-02,51,18554.36,Budapest,Web,11,12.0,1,66.41,1,1,24.02,At Risk,1
301988,2026-06-30,2025-01-12,39,57643.28,Budapest,Web,18,4.0,0,0.0,0,1,123.51,Active,0
306728,2026-06-30,2024-03-17,51,54104.24,North,Web,27,4.0,0,0.0,0,0,158.09,Loyal,0
300384,2026-06-30,2024-04-05,33,23266.01,West,Web,27,3.0,1,86.27,0,0,157.96,Loyal,0
304308,2026-06-30,2024-11-10,58,71555.85,West,Web,20,9.0,1,54.69,1,1,0.0,At Risk,1
303389,2026-06-30,2024-12-19,27,47255.15,North,Web,18,7.0,1,91.81,0,0,272.21,Active,0
308014,2026-06-30,2024-07-07,51,23521.73,East,Store,24,8.0,0,0.92,0,0,133.14,Active,0
302728,2026-06-30,2024-10-19,29,34093.19,Budapest,Web,20,6.0,1,68.51,0,0,282.17,Active,0
306215,2026-06-30,2025-09-09,35,50887.5,North,Store,10,8.0,2,112.26,0,0,202.3,Loyal,0
305147,2026-06-30,2024-06-21,43,37273.46,Budapest,Web,24,4.0,3,104.45,0,0,155.18,Loyal,0
307607,2026-06-30,2025-08-15,47,60754.87,Budapest,Store,10,9.0,3,182.16,0,0,236.05,Active,0
304951,2026-06-30,2024-07-25,39,63844.82,South,Mobile,23,10.0,1,58.02,0,0,216.22,Active,0
303833,2026-06-30,2024-02-08,51,25755.42,West,Web,29,8.0,2,172.18,0,0,216.86,Active,0
307908,2026-06-30,2024-04-06,42,70729.65,Budapest,Mobile,27,8.0,2,92.84,0,0,174.95,Loyal,0
304777,2026-06-30,2025-09-20,44,38258.95,West,Mobile,9,10.0,4,299.54,0,0,157.05,Loyal,0
304277,2026-06-30,2024-01-21,52,33470.0,North,Web,29,12.0,2,89.14,0,0,228.22,Loyal,0
300254,2026-06-30,2025-11-21,39,50619.53,Budapest,Web,7,10.0,1,111.66,0,0,290.96,Active,0
308714,2026-06-30,2025-12-09,26,33163.86,South,Web,7,8.0,1,57.11,0,0,173.69,Loyal,0
306074,2026-06-30,2025-11-27,24,37188.91,Budapest,Mobile,7,2.0,0,0.0,1,1,23.8,At Risk,1
300279,2026-06-30,2025-03-25,44,56147.45,West,Store,15,6.0,0,0.0,0,0,207.84,Loyal,0
303253,2026-06-30,2025-05-30,47,15000.0,East,Web,13,7.0,0,16.25,0,0,150.6,Active,0
302481,2026-06-30,2025-10-30,23,32094.82,South,Mobile,8,6.0,1,97.35,0,0,174.26,Active,0
300290,2026-06-30,2024-07-28,61,69322.89,West,Mobile,23,5.0,0,0.0,0,0,196.32,Loyal,0
306085,2026-06-30,2024-01-20,40,20049.95,North,Web,29,9.0,1,116.45,0,0,214.41,Active,0
303076,2026-06-30,2024-05-22,36,18159.82,Budapest,Web,25,6.0,1,107.37,1,0,227.3,Active,0
306635,2026-06-30,2024-03-16,42,23351.74,West,Web,27,9.0,1,20.59,0,0,152.67,Active,0
306228,2026-06-30,2024-11-12,45,26335.26,North,Web,20,8.0,1,48.22,0,0,213.55,Active,0
308694,2026-06-30,2024-08-16,46,107514.83,West,Store,22,6.0,0,42.6,0,0,158.22,Active,0
308433,2026-06-30,2025-07-28,45,34757.24,South,Web,11,10.0,2,50.64,0,0,91.92,Active,0
308831,2026-06-30,2024-02-16,31,46196.87,North,Mobile,28,7.0,2,164.95,0,0,137.62,Loyal,0
308077,2026-06-30,2025-06-18,21,38140.32,West,Web,12,7.0,1,52.79,1,1,13.82,At Risk,1
305023,2026-06-30,2025-04-19,45,18298.84,Budapest,Store,14,6.0,1,60.56,0,0,128.31,Active,0
306356,2026-06-30,2024-08-19,56,36891.34,West,Web,22,9.0,1,78.7,0,0,249.63,Active,0
300271,2026-06-30,2024-08-05,19,69941.83,Budapest,Mobile,23,8.0,0,19.36,0,0,186.66,Active,0
304571,2026-06-30,2024-04-30,42,22709.16,West,Mobile,26,7.0,4,184.81,1,0,218.81,Active,0
306448,2026-06-30,2025-05-06,33,77468.0,South,Store,14,2.0,1,95.59,0,0,109.57,Active,0
306557,2026-06-30,2024-10-13,46,63625.95,East,Mobile,21,12.0,2,101.93,0,0,206.06,Loyal,0
307204,2026-06-30,2025-08-17,38,38158.75,Budapest,Web,10,11.0,2,29.38,0,0,234.41,Active,0
307764,2026-06-30,2024-04-04,37,23856.39,West,Web,27,8.0,1,27.39,0,0,200.59,Active,0
304208,2026-06-30,2025-09-15,37,19673.05,North,Store,9,10.0,4,222.98,0,0,157.55,Active,0
303219,2026-06-30,2025-08-21,64,65076.93,North,Web,10,11.0,4,263.23,0,0,196.03,Active,0
301392,2026-06-30,2025-04-09,47,32251.68,East,Web,15,4.0,0,0.0,0,0,164.74,Active,0
303976,2026-06-30,2024-05-22,40,26735.51,East,Store,25,8.0,2,174.74,0,0,212.19,Active,0
304317,2026-06-30,2025-03-29,25,109326.3,East,Store,15,10.0,0,0.0,0,1,175.79,Active,0
306831,2026-06-30,2025-03-05,55,34759.42,East,Store,16,9.0,3,319.97,0,0,143.52,Active,0
306018,2026-06-30,2025-06-01,53,59034.53,North,Web,13,6.0,1,15.13,0,0,205.33,Active,0
307681,2026-06-30,2024-05-19,42,22224.34,North,Web,25,10.0,2,92.64,0,0,251.01,Loyal,0
300084,2026-06-30,2025-12-11,48,26091.98,South,Web,7,11.0,3,134.08,0,0,216.03,Loyal,0
300874,2026-06-30,2025-05-31,34,30336.71,North,Web,13,7.0,1,119.65,0,0,133.98,Active,0
308728,2026-06-30,2024-10-30,48,26976.57,Budapest,Mobile,20,14.0,0,79.97,0,0,192.69,Active,0
308697,2026-06-30,2024-01-22,29,25969.25,North,Web,29,7.0,1,119.74,0,0,144.23,Active,0
304558,2026-06-30,2024-02-29,50,23747.31,South,Web,28,2.0,0,40.09,0,0,208.79,Active,0
304501,2026-06-30,2025-11-16,40,41695.38,South,Web,7,10.0,2,175.93,0,0,238.74,Active,0
304648,2026-06-30,2024-06-03,43,39442.85,South,Web,25,6.0,1,67.02,0,0,167.45,Loyal,0
302039,2026-06-30,2024-07-02,45,,West,Web,24,11.0,5,415.1,0,0,219.9,Loyal,0
308811,2026-06-30,2025-12-27,39,36041.59,West,Web,6,8.0,0,19.63,0,0,305.17,Loyal,0
308009,2026-06-30,2024-09-19,31,37436.07,West,Mobile,21,11.0,0,30.98,0,0,226.25,Active,0
302451,2026-06-30,2025-06-30,53,42183.64,East,Web,12,8.0,1,112.39,0,0,147.97,Active,0
303955,2026-06-30,2024-11-07,40,22608.65,South,Web,20,5.0,0,0.0,0,0,234.26,Active,0
302330,2026-06-30,2024-06-01,50,27366.17,East,Store,25,9.0,1,69.4,1,0,137.54,Active,0
308286,2026-06-30,2025-01-26,26,22881.39,Budapest,Mobile,17,12.0,5,326.63,0,0,151.09,Loyal,0
305781,2026-06-30,2025-06-01,27,41125.93,South,Mobile,13,7.0,2,92.2,0,0,166.04,Loyal,0
308510,2026-06-30,2025-10-23,41,26645.32,South,Mobile,8,4.0,1,106.54,0,0,124.5,Active,0
304747,2026-06-30,2025-10-03,45,15000.0,Budapest,Web,9,5.0,0,18.1,0,0,233.65,Loyal,0
308513,2026-06-30,2024-04-20,45,47482.02,East,Web,26,12.0,0,0.0,0,0,229.99,Active,0
308524,2026-06-30,2024-12-23,26,81281.98,West,Store,18,6.0,0,7.82,0,1,211.91,Active,0
307147,2026-06-30,2025-09-16,22,31682.48,Budapest,Web,9,11.0,2,129.93,0,0,172.66,Active,0
305216,2026-06-30,2024-01-11,27,73998.72,North,Web,30,11.0,1,107.95,0,0,230.8,Active,0
306720,2026-06-30,2025-05-04,39,40988.16,Budapest,Web,14,10.0,2,92.79,0,0,171.53,Active,0
301217,2026-06-30,2024-08-28,30,33303.72,South,Web,22,10.0,0,12.49,0,0,254.54,Active,0
307628,2026-06-30,2025-04-02,48,24596.07,North,Store,15,11.0,1,64.37,0,0,164.26,Active,0
305634,2026-06-30,2024-03-30,47,34934.71,Budapest,Store,27,4.0,0,4.11,0,0,222.09,Active,0
301065,2026-06-30,2025-01-14,33,71009.26,North,Mobile,17,7.0,4,187.48,0,0,238.64,Loyal,0
303787,2026-06-30,2025-09-10,20,62838.83,North,Web,10,9.0,0,18.08,0,0,200.0,Loyal,0
304411,2026-06-30,2024-02-11,56,50788.42,South,Web,29,9.0,2,196.05,0,0,151.99,Loyal,0
305717,2026-06-30,2024-10-03,43,53966.81,Budapest,Store,21,9.0,0,0.0,0,0,180.08,Loyal,0
307856,2026-06-30,2025-02-19,51,22913.98,Budapest,Web,16,4.0,1,62.9,0,0,202.94,Active,0
308085,2026-06-30,2024-05-31,53,21269.06,West,Mobile,25,7.0,1,117.72,0,0,193.54,Loyal,0
303009,2026-06-30,2024-07-03,45,78280.66,North,Web,24,8.0,1,51.77,0,0,156.05,Active,0
301106,2026-06-30,2025-11-23,30,94967.28,South,Web,7,,0,20.35,0,0,229.42,Loyal,0
305461,2026-06-30,2025-01-03,24,19573.5,West,Mobile,18,6.0,0,41.89,0,0,217.05,Loyal,0
307362,2026-06-30,2025-07-05,41,22744.37,North,Web,12,11.0,1,41.91,0,0,218.47,Active,0
306150,2026-06-30,2025-04-12,55,16144.61,South,Web,15,6.0,0,29.21,0,0,222.65,Active,0
304957,2026-06-30,2024-03-26,36,34889.37,North,Mobile,27,9.0,1,42.89,0,0,333.57,Loyal,0
305412,2026-06-30,2024-05-25,48,25325.83,South,Web,25,16.0,4,273.48,0,0,127.34,Active,0
307220,2026-06-30,2025-07-15,48,66432.14,Budapest,Web,11,4.0,1,24.74,0,0,273.16,Loyal,0
304370,2026-06-30,2024-07-11,35,35597.68,South,Web,24,8.0,0,58.87,0,0,233.24,Loyal,0
302766,2026-06-30,2025-08-09,25,37820.71,Budapest,Store,11,10.0,1,44.19,0,0,110.56,Active,0
303930,2026-06-30,2024-03-24,69,41974.59,Budapest,Store,27,3.0,1,39.43,0,0,167.07,Loyal,0
307987,2026-06-30,2025-01-05,27,36567.9,Budapest,Mobile,18,6.0,3,196.63,0,0,170.06,Active,0
307698,2026-06-30,2025-11-24,34,33851.11,Budapest,Web,7,10.0,2,117.76,0,0,133.02,Loyal,0
306164,2026-06-30,2024-11-27,60,80872.83,Budapest,Mobile,19,7.0,0,15.13,0,0,143.39,Active,0
305248,2026-06-30,2025-09-02,35,27440.41,West,Store,10,5.0,1,74.08,0,0,155.91,Active,0
307782,2026-06-30,2024-06-06,23,20145.58,East,Web,25,7.0,2,138.63,0,0,144.76,Loyal,0
302452,2026-06-30,2025-07-24,38,30886.45,South,Store,11,4.0,2,84.66,0,0,109.59,Active,0
308447,2026-06-30,2024-02-04,38,33112.05,West,Web,29,6.0,2,170.68,0,0,172.51,Active,0
305396,2026-06-30,2024-02-20,47,36320.8,East,Web,28,9.0,1,99.06,0,0,117.33,Loyal,0
303825,2026-06-30,2024-05-20,56,67127.28,East,Mobile,25,8.0,5,321.65,0,0,151.65,Active,0
308116,2026-06-30,2025-10-02,62,38842.83,South,Web,9,10.0,0,28.32,0,1,221.48,Loyal,0
302653,2026-06-30,2024-07-28,21,41661.34,Budapest,Mobile,23,5.0,2,73.22,0,0,172.1,Active,0
308270,2026-06-30,2024-10-14,37,19495.27,South,Mobile,20,6.0,0,0.0,0,0,246.11,Active,0
303744,2026-06-30,2024-09-29,51,102978.59,Budapest,Store,21,7.0,3,343.17,0,0,312.2,Active,0
302177,2026-06-30,2024-03-08,36,15000.0,Budapest,Mobile,28,8.0,2,84.46,0,0,218.7,Active,0
308415,2026-06-30,2025-08-03,39,74677.24,East,Store,11,7.0,2,99.3,0,0,214.59,Active,0
303319,2026-06-30,2025-10-19,55,60452.58,Budapest,Mobile,8,7.0,1,27.71,0,0,164.05,Active,0
307300,2026-06-30,2025-10-21,39,95546.82,North,Mobile,8,7.0,1,40.07,0,0,127.06,Active,0
302788,2026-06-30,2025-11-11,23,65994.79,East,Store,8,9.0,1,43.35,0,0,143.13,Active,0
304106,2026-06-30,2025-03-02,34,,East,Store,16,9.0,1,84.14,0,0,213.29,Loyal,0
305217,2026-06-30,2025-11-22,37,44404.35,West,Web,7,9.0,2,125.67,0,0,233.14,Loyal,0
301677,2026-06-30,2024-06-17,54,40361.51,Budapest,Mobile,24,8.0,2,174.88,0,0,145.29,Loyal,0
303948,2026-06-30,2025-07-21,47,55560.53,South,Mobile,11,7.0,1,108.75,0,0,148.2,Loyal,0
307365,2026-06-30,2025-08-07,35,42252.46,West,Mobile,11,4.0,0,0.0,0,0,118.46,Active,0
308175,2026-06-30,2024-06-26,46,25598.78,East,Mobile,24,6.0,3,298.26,1,0,150.86,Active,0
305466,2026-06-30,2025-12-27,32,67546.16,East,Web,6,8.0,0,0.0,0,0,256.42,Active,0
306366,2026-06-30,2024-01-14,47,66805.02,West,Store,30,4.0,0,1.25,0,0,140.22,Active,0
308585,2026-06-30,2025-03-11,44,58680.04,Budapest,Web,16,5.0,1,60.48,0,0,219.41,Active,0
302504,2026-06-30,2024-01-10,48,26948.48,Budapest,Web,30,10.0,3,110.52,0,0,227.15,Active,0
307223,2026-06-30,2024-04-03,19,143313.63,Budapest,Web,27,9.0,0,0.0,0,0,254.79,Active,0
302370,2026-06-30,2025-04-07,48,59091.6,West,Web,15,10.0,0,23.49,0,0,152.32,Active,0
304968,2026-06-30,2024-07-07,24,29993.17,Budapest,Mobile,24,14.0,2,14.85,0,0,213.47,Active,0
302218,2026-06-30,2024-07-25,38,39697.11,East,Mobile,23,8.0,2,104.34,0,0,229.13,Active,0
302219,2026-06-30,2025-03-28,30,85610.27,North,Mobile,15,11.0,0,0.15,0,0,223.14,Active,0
303327,2026-06-30,2025-01-18,28,26427.74,East,Mobile,17,12.0,1,41.5,0,0,175.96,Active,0
305523,2026-06-30,2024-08-10,46,16529.84,North,Web,23,8.0,0,0.0,0,0,120.71,Active,0
303584,2026-06-30,2024-01-04,33,31197.98,West,Mobile,30,12.0,2,93.63,0,0,107.64,Loyal,0
307830,2026-06-30,2024-03-20,62,17177.88,West,Web,27,6.0,1,111.4,0,0,241.39,Active,0
306713,2026-06-30,2024-05-17,48,77175.46,Budapest,Web,25,2.0,2,136.24,0,0,233.79,Active,0
306318,2026-06-30,2024-10-01,30,22178.33,Budapest,Store,21,,1,108.71,0,0,167.17,Loyal,0
305581,2026-06-30,2025-02-16,59,32675.79,South,Web,16,8.0,2,53.85,0,1,240.25,Active,0
307829,2026-06-30,2024-02-19,44,41470.06,North,Mobile,28,7.0,1,30.48,0,0,134.49,Loyal,0
300086,2026-06-30,2025-12-07,42,48650.51,West,Web,7,14.0,2,72.31,0,0,290.01,Loyal,0
302802,2026-06-30,2024-02-19,42,44033.05,North,Mobile,28,8.0,1,118.16,0,0,255.99,Active,0
303672,2026-06-30,2025-12-07,55,28984.31,East,Web,7,9.0,1,31.01,0,0,267.37,Loyal,0
303668,2026-06-30,2025-09-25,62,27015.28,Budapest,Web,9,14.0,2,109.2,0,0,147.85,Active,0
308948,2026-06-30,2024-03-04,61,20974.83,Budapest,Mobile,28,6.0,1,46.41,0,0,230.43,Active,0
304591,2026-06-30,2025-12-20,69,87859.93,West,Web,6,10.0,3,240.77,0,0,112.76,Active,0
302020,2026-06-30,2024-10-19,30,39769.47,Budapest,Web,20,5.0,3,186.71,0,0,235.46,Active,0
306438,2026-06-30,2025-01-10,49,66457.47,Budapest,Mobile,18,10.0,0,0.0,1,1,17.78,At Risk,1
302526,2026-06-30,2024-11-23,37,,Budapest,Store,19,7.0,1,146.07,0,0,278.63,Loyal,0
305993,2026-06-30,2024-06-24,19,18920.73,Budapest,Mobile,24,5.0,1,91.79,0,0,174.67,Active,0
305108,2026-06-30,2024-05-12,49,34237.92,South,Store,26,4.0,0,47.43,1,1,0.0,At Risk,1
308979,2026-06-30,2024-02-18,51,51519.61,West,Store,28,8.0,1,41.41,0,0,194.19,Loyal,0
307373,2026-06-30,2025-06-12,42,27879.86,West,Web,13,3.0,0,0.0,0,0,189.14,Active,0
307734,2026-06-30,2024-01-12,35,63020.95,South,Web,30,6.0,0,17.81,0,0,134.9,Active,0
302896,2026-06-30,2025-05-06,43,32514.06,West,Store,14,8.0,1,62.44,0,0,180.41,Active,0
307709,2026-06-30,2025-03-29,42,38502.93,West,Web,15,9.0,2,161.66,0,0,187.29,Active,0
304715,2026-06-30,2024-08-23,45,92757.21,South,Web,22,7.0,4,247.67,0,0,195.81,Active,0
308361,2026-06-30,2025-12-08,42,15000.0,West,Mobile,7,7.0,0,0.0,0,0,212.07,Active,0
303426,2026-06-30,2024-10-08,50,32388.84,North,Mobile,21,4.0,0,0.0,0,0,228.75,Loyal,0
305687,2026-06-30,2024-10-06,32,42866.31,Budapest,Web,21,7.0,1,79.17,1,1,168.61,Active,0
305516,2026-06-30,2024-03-13,20,29728.98,East,Web,28,11.0,3,235.22,0,0,168.18,Active,0
307559,2026-06-30,2025-05-10,39,43680.9,East,Web,14,19.0,2,55.7,0,0,202.09,Active,0
306193,2026-06-30,2025-07-12,31,39321.29,Budapest,Web,12,10.0,1,0.0,0,0,224.71,Loyal,0
308523,2026-06-30,2025-11-24,52,23878.43,West,Mobile,7,2.0,1,62.89,0,0,120.84,Active,0
302002,2026-06-30,2025-04-03,38,34868.96,West,Mobile,15,5.0,0,0.0,0,0,237.58,Loyal,0
307464,2026-06-30,2024-07-17,48,26410.73,Budapest,Web,23,8.0,1,114.9,0,0,275.0,Active,0
300870,2026-06-30,2025-07-10,56,51135.31,West,Mobile,12,8.0,0,0.0,1,0,239.77,Active,0
300357,2026-06-30,2024-05-10,47,37671.29,Budapest,Web,26,9.0,4,439.08,0,0,318.66,Loyal,0
306704,2026-06-30,2025-07-05,39,80884.98,North,Store,12,8.0,2,135.83,0,0,237.75,Active,0
306315,2026-06-30,2024-03-08,49,35538.89,Budapest,Mobile,28,8.0,3,245.79,0,0,111.48,Active,0
301276,2026-06-30,2024-10-30,63,16185.82,Budapest,Web,20,8.0,6,269.21,0,0,223.01,Loyal,0
301891,2026-06-30,2025-12-16,32,44042.07,West,Web,6,7.0,0,40.73,0,0,171.25,Loyal,0
307609,2026-06-30,2024-07-17,34,28345.89,East,Mobile,23,7.0,5,189.58,0,0,185.09,Loyal,0
307157,2026-06-30,2025-11-29,25,63744.13,Budapest,Web,7,5.0,1,60.46,0,0,108.69,Active,0
308337,2026-06-30,2024-11-16,44,24011.68,North,Web,19,7.0,1,91.85,0,0,143.92,Active,0
303564,2026-06-30,2024-08-27,45,32615.55,Budapest,Store,22,10.0,4,216.23,0,0,226.43,Active,0
304959,2026-06-30,2025-12-24,26,35278.81,Budapest,Store,6,4.0,2,155.79,0,0,152.54,Loyal,0
306785,2026-06-30,2024-08-10,43,16140.49,South,Mobile,23,5.0,3,183.64,1,1,27.36,At Risk,1
302381,2026-06-30,2025-07-08,48,61085.73,Budapest,Web,12,13.0,1,43.92,0,0,189.44,Active,0
303824,2026-06-30,2024-03-24,32,37772.91,South,Mobile,27,10.0,1,83.28,0,0,0.0,At Risk,1
306970,2026-06-30,2024-06-26,51,42913.18,West,Mobile,24,6.0,3,146.53,0,0,173.93,Active,0
307066,2026-06-30,2024-12-10,32,31756.92,West,Web,19,12.0,1,0.0,0,0,240.35,Active,0
303307,2026-06-30,2024-03-03,47,,Budapest,Web,28,9.0,2,130.63,0,0,181.67,Active,0
305111,2026-06-30,2025-01-19,32,55651.19,East,Mobile,17,9.0,1,77.76,0,0,200.36,Active,0
303500,2026-06-30,2025-04-24,39,29443.1,West,Store,14,12.0,1,47.32,0,0,186.24,Active,0
306152,2026-06-30,2025-06-02,33,19247.95,East,Store,13,14.0,0,5.22,0,0,217.86,Active,0
301117,2026-06-30,2025-01-10,38,15000.0,Budapest,Web,18,6.0,2,165.63,0,0,176.48,Active,0
308969,2026-06-30,2025-01-01,45,40601.58,East,Store,18,10.0,2,89.5,0,0,165.55,Loyal,0
307772,2026-06-30,2024-11-04,45,28828.52,Budapest,Store,20,9.0,0,2.16,0,0,236.57,Active,0
305505,2026-06-30,2024-01-08,54,44596.76,Budapest,Mobile,30,12.0,0,0.0,1,0,284.6,Loyal,0
306765,2026-06-30,2024-11-18,45,50102.57,South,Web,19,12.0,4,182.51,0,0,287.03,Active,0
308922,2026-06-30,2024-12-27,36,25265.45,East,Web,18,10.0,3,260.09,1,0,224.24,Active,0
303646,2026-06-30,2025-02-20,40,62170.01,North,Mobile,16,5.0,4,315.33,0,0,260.89,Loyal,0
302501,2026-06-30,2025-11-04,21,22539.33,West,Mobile,8,4.0,3,266.06,0,0,175.62,Active,0
305341,2026-06-30,2025-04-21,40,57855.53,Budapest,Mobile,14,5.0,1,62.37,0,0,149.1,Loyal,0
302784,2026-06-30,2024-07-21,48,18444.3,South,Store,23,9.0,1,0.0,0,0,223.35,Active,0
303810,2026-06-30,2024-03-14,39,22958.39,Budapest,Web,28,6.0,3,180.65,0,0,232.68,Active,0
307301,2026-06-30,2024-08-07,42,31161.95,Budapest,Mobile,23,5.0,1,77.91,0,0,234.12,Active,0
307531,2026-06-30,2025-01-16,33,36015.69,South,Web,17,8.0,0,0.0,0,0,216.5,Loyal,0
306406,2026-06-30,2024-08-12,35,50410.3,East,Web,23,4.0,2,132.11,0,0,222.66,Loyal,0
301697,2026-06-30,2024-03-01,47,38057.14,Budapest,Mobile,28,7.0,4,148.42,0,0,192.73,Loyal,0
305885,2026-06-30,2024-05-27,58,36980.81,Budapest,Store,25,6.0,1,3.63,1,1,40.2,At Risk,1
302053,2026-06-30,2024-05-08,33,23468.39,North,Mobile,26,10.0,2,77.9,0,0,193.09,Active,0
301777,2026-06-30,2025-08-15,24,114533.01,Budapest,Mobile,10,4.0,0,0.0,0,0,217.29,Active,0
305380,2026-06-30,2024-12-01,39,25304.84,South,Web,19,8.0,3,271.3,0,0,159.54,Active,0
303314,2026-06-30,2024-08-15,71,22115.86,Budapest,Web,22,6.0,1,80.08,1,0,130.55,Loyal,0
304782,2026-06-30,2025-05-31,42,20262.74,Budapest,Mobile,13,7.0,3,87.57,1,0,194.84,Active,0
307190,2026-06-30,2024-07-08,45,15000.0,Budapest,Mobile,24,18.0,3,259.14,1,0,266.25,Active,0
306099,2026-06-30,2024-10-15,30,81290.1,Budapest,Mobile,20,14.0,1,49.18,0,0,191.89,Loyal,0
301593,2026-06-30,2024-02-09,36,24775.74,West,Mobile,29,9.0,2,85.28,0,0,254.04,Active,0
301724,2026-06-30,2025-11-24,46,29627.08,Budapest,Mobile,7,13.0,4,212.85,0,0,169.37,Loyal,0
307817,2026-06-30,2024-02-05,57,32343.18,East,Web,29,5.0,1,76.67,0,0,164.3,Active,0
306979,2026-06-30,2025-03-07,49,24073.15,South,Mobile,16,4.0,1,26.77,0,0,221.4,Active,0
306811,2026-06-30,2024-08-24,36,39849.31,North,Web,22,7.0,2,133.3,0,0,153.56,Loyal,0
300491,2026-06-30,2025-05-27,62,56701.29,Budapest,Store,13,10.0,2,174.85,0,0,105.56,Active,0
308294,2026-06-30,2025-12-03,65,27935.3,Budapest,Mobile,7,6.0,0,0.0,0,1,207.24,Active,0
303484,2026-06-30,2025-12-12,32,40877.72,North,Web,7,9.0,1,91.98,0,0,227.24,Loyal,0
303432,2026-06-30,2024-08-31,50,32258.35,West,Mobile,22,8.0,0,0.0,0,0,145.45,Active,0
306846,2026-06-30,2025-04-16,31,74865.24,Budapest,Mobile,14,4.0,2,162.45,0,0,204.82,Active,0
308139,2026-06-30,2025-02-06,52,39783.57,Budapest,Web,17,6.0,1,23.38,0,0,258.52,Loyal,0
300026,2026-06-30,2024-12-12,65,24659.35,East,Mobile,19,7.0,1,27.63,0,0,103.02,Active,0
303513,2026-06-30,2025-08-31,47,54953.87,South,Web,10,10.0,0,89.6,0,0,211.12,Active,0
302410,2026-06-30,2024-04-08,59,29090.75,West,Web,27,9.0,2,72.19,0,0,248.53,Loyal,0
303271,2026-06-30,2024-04-20,41,51101.31,North,Store,26,10.0,1,121.52,0,0,202.49,Active,0
301553,2026-06-30,2024-10-18,31,48053.69,Budapest,Store,20,7.0,1,3.0,0,0,197.72,Active,0
308351,2026-06-30,2024-04-11,51,20214.34,West,Web,27,9.0,0,6.61,0,0,150.14,Active,0
307476,2026-06-30,2024-03-20,24,55978.24,West,Web,27,9.0,1,63.33,1,0,147.96,Active,0
303872,2026-06-30,2025-05-16,18,23908.53,East,Web,13,8.0,2,190.54,0,0,225.94,Active,0
303403,2026-06-30,2025-08-09,43,45545.7,East,Web,11,7.0,0,0.0,0,0,50.46,Active,0
304530,2026-06-30,2025-06-22,45,17943.11,East,Web,12,9.0,3,243.35,0,0,272.38,Active,0
300980,2026-06-30,2024-08-16,39,33437.98,Budapest,Mobile,22,8.0,0,2.32,0,0,219.0,Active,0
302656,2026-06-30,2024-11-04,25,56069.08,Budapest,Store,20,11.0,0,0.0,0,0,157.45,Active,0
301848,2026-06-30,2024-07-15,50,56358.25,South,Mobile,23,8.0,1,55.59,0,0,145.68,Loyal,0
307442,2026-06-30,2025-04-28,32,43297.38,East,Web,14,9.0,4,268.35,0,0,97.78,Loyal,0
306791,2026-06-30,2024-12-29,23,35559.97,South,Web,18,3.0,2,121.19,0,0,265.58,Active,0
305864,2026-06-30,2024-08-08,49,21855.62,Budapest,Web,23,6.0,0,0.0,1,1,74.58,At Risk,1
307430,2026-06-30,2024-08-13,42,18512.23,West,Web,23,14.0,2,117.78,0,0,172.16,Active,0
305909,2026-06-30,2025-07-28,28,23576.39,Budapest,Web,11,5.0,1,98.05,0,0,267.53,Loyal,0
301103,2026-06-30,2025-11-19,28,56347.34,East,Mobile,7,10.0,3,221.54,0,0,221.06,Active,0
303277,2026-06-30,2025-08-12,26,23173.13,Budapest,Web,11,5.0,3,260.77,0,0,296.23,Active,0
306052,2026-06-30,2024-06-25,38,51193.09,East,Web,24,5.0,1,62.33,0,0,303.9,Active,0
308700,2026-06-30,2025-07-18,30,24875.56,East,Mobile,11,11.0,3,137.59,0,0,213.05,Active,0
306962,2026-06-30,2024-07-06,39,27257.34,East,Web,24,16.0,5,322.41,0,0,282.66,Active,0
303997,2026-06-30,2024-09-08,39,40956.11,Budapest,Web,22,8.0,0,0.0,0,0,268.25,Active,0
300195,2026-06-30,2025-04-22,41,96985.39,South,Web,14,7.0,1,64.23,0,0,194.05,Loyal,0
304712,2026-06-30,2025-05-27,50,46244.64,West,Web,13,7.0,1,82.79,0,0,234.18,Active,0
300644,2026-06-30,2024-03-08,47,40252.44,West,Web,28,4.0,2,122.43,0,0,239.01,Active,0
303286,2026-06-30,2024-08-25,32,,East,Mobile,22,9.0,2,81.22,0,0,217.8,Loyal,0
303117,2026-06-30,2024-01-25,28,40714.6,East,Web,29,6.0,1,81.94,0,0,135.28,Active,0
303576,2026-06-30,2025-06-07,43,19689.78,Budapest,Mobile,13,9.0,1,61.51,0,0,184.01,Loyal,0
308188,2026-06-30,2025-03-22,57,18865.09,Budapest,Store,15,9.0,1,147.46,0,0,181.87,Loyal,0
304321,2026-06-30,2024-04-12,28,58687.88,Budapest,Store,27,7.0,1,90.97,0,0,177.56,Active,0
300928,2026-06-30,2024-11-25,42,61670.96,Budapest,Web,19,12.0,1,55.33,0,0,159.92,Active,0
302208,2026-06-30,2025-03-12,34,19429.13,West,Web,16,4.0,2,163.91,0,0,183.63,Active,0
304553,2026-06-30,2024-11-23,44,20685.66,East,Web,19,6.0,1,87.76,0,0,253.76,Loyal,0
305997,2026-06-30,2024-04-28,43,23945.19,West,Web,26,7.0,3,160.22,0,0,205.52,Loyal,0
303719,2026-06-30,2024-09-27,42,33046.91,East,Web,21,6.0,2,158.6,0,0,175.5,Active,0
300973,2026-06-30,2024-01-06,27,29739.83,South,Web,30,5.0,1,50.87,0,0,186.17,Active,0
307472,2026-06-30,2025-08-23,46,15000.0,West,Mobile,10,8.0,3,232.72,0,0,85.56,Active,0
300720,2026-06-30,2024-05-05,49,68765.26,North,Mobile,26,8.0,0,0.0,0,0,146.75,Active,0
308570,2026-06-30,2024-05-12,52,28587.23,West,Mobile,26,9.0,0,0.0,1,0,142.95,Loyal,0
303897,2026-06-30,2024-04-22,30,148616.48,Budapest,Mobile,26,7.0,1,116.73,0,0,260.98,Active,0
302804,2026-06-30,2025-03-12,33,21433.64,West,Web,16,7.0,3,188.74,0,0,190.48,Active,0
302567,2026-06-30,2024-04-25,18,21704.82,South,Mobile,26,12.0,4,253.62,0,0,242.95,Active,0
304026,2026-06-30,2025-12-27,38,32939.74,Budapest,Mobile,6,12.0,1,33.69,0,0,173.66,Loyal,0
300033,2026-06-30,2024-06-29,52,20387.13,Budapest,Mobile,24,6.0,2,125.99,0,0,106.04,Active,0
306908,2026-06-30,2024-01-21,57,20968.26,South,Store,29,12.0,4,186.49,0,0,131.59,Active,0
307854,2026-06-30,2024-06-07,39,31374.39,Budapest,Mobile,25,7.0,1,0.0,0,0,216.47,Active,0
304064,2026-06-30,2024-02-26,50,19462.69,North,Mobile,28,7.0,2,120.99,0,0,154.51,Active,0
308061,2026-06-30,2024-04-28,44,22461.81,South,Mobile,26,7.0,2,163.96,0,0,147.9,Loyal,0
301698,2026-06-30,2025-08-19,43,70920.31,East,Web,10,10.0,3,193.0,0,0,226.23,Active,0
302793,2026-06-30,2025-06-22,55,38331.83,East,Web,12,19.0,2,137.89,0,0,183.78,Active,0
302223,2026-06-30,2025-07-08,46,36994.37,West,Mobile,12,9.0,0,0.0,0,0,145.97,Loyal,0
303765,2026-06-30,2024-03-15,39,15000.0,West,Web,27,6.0,2,124.06,0,0,138.07,Active,0
303867,2026-06-30,2024-07-15,39,28746.26,South,Store,23,5.0,2,141.13,1,0,259.16,Active,0
307560,2026-06-30,2024-08-18,31,19623.37,Budapest,Mobile,22,10.0,2,43.51,0,0,215.47,Active,0
308042,2026-06-30,2025-05-18,33,17294.48,South,Mobile,13,5.0,0,0.0,0,0,182.95,Active,0
305475,2026-06-30,2024-03-14,39,26970.33,West,Web,28,15.0,2,46.56,0,0,275.44,Loyal,0
308389,2026-06-30,2025-12-05,40,33834.01,Budapest,Mobile,7,6.0,0,0.0,0,0,227.49,Active,0
303759,2026-06-30,2025-03-01,42,15000.0,West,Store,16,8.0,0,13.12,0,0,149.06,Active,0
306674,2026-06-30,2024-11-08,35,56025.18,Budapest,Mobile,20,7.0,0,2.25,0,0,257.18,Active,0
303228,2026-06-30,2024-02-21,55,21164.32,North,Web,28,10.0,0,0.0,1,0,229.7,Loyal,0
308703,2026-06-30,2025-05-14,48,16046.92,Budapest,Web,14,3.0,1,93.25,1,0,258.58,Loyal,0
307025,2026-06-30,2025-10-18,62,41414.1,South,Mobile,8,3.0,3,162.41,0,0,35.55,Active,0
303905,2026-06-30,2024-04-14,39,32448.0,Budapest,Mobile,27,8.0,1,46.28,0,0,218.64,Loyal,0
302278,2026-06-30,2025-04-08,38,56342.88,East,Mobile,15,7.0,1,30.27,0,0,293.81,Loyal,0
307096,2026-06-30,2024-06-03,48,21866.82,East,Mobile,25,,5,330.53,0,0,203.62,Active,0
301402,2026-06-30,2024-12-06,39,88062.91,West,Web,19,9.0,1,6.7,0,0,287.17,Active,0
300740,2026-06-30,2025-08-15,75,36466.77,South,Web,10,6.0,2,134.58,0,0,191.49,Active,0
304267,2026-06-30,2024-11-15,38,54677.72,Budapest,Mobile,19,8.0,0,0.0,0,0,265.72,Active,0
308963,2026-06-30,2025-03-26,22,108708.17,West,Web,15,16.0,2,99.74,0,0,215.79,Active,0
306022,2026-06-30,2025-03-26,36,20776.03,North,Mobile,15,12.0,2,107.13,0,0,208.14,Loyal,0
306113,2026-06-30,2025-02-03,18,23939.4,West,Store,17,9.0,1,25.26,0,0,154.81,Active,0
303852,2026-06-30,2025-01-21,29,42085.92,East,Mobile,17,13.0,1,23.96,0,0,188.19,Loyal,0
307501,2026-06-30,2024-02-26,36,26029.63,Budapest,Store,28,6.0,4,107.85,0,0,161.78,Loyal,0
308045,2026-06-30,2025-04-16,31,39642.58,West,Mobile,14,8.0,2,98.19,0,0,263.53,Loyal,0
306430,2026-06-30,2024-11-25,55,44270.48,Budapest,Web,19,4.0,0,1.02,0,0,150.18,Active,0
305616,2026-06-30,2024-01-31,34,52974.05,Budapest,Web,29,10.0,3,221.61,0,0,182.83,Loyal,0
300675,2026-06-30,2025-05-22,55,43127.92,North,Mobile,13,6.0,0,11.13,0,0,109.95,Loyal,0
305817,2026-06-30,2024-04-13,48,84087.78,North,Mobile,27,15.0,0,0.0,0,0,203.94,Loyal,0
305222,2026-06-30,2025-12-14,41,29872.4,South,Mobile,7,6.0,0,0.0,0,0,195.52,Loyal,0
303842,2026-06-30,2024-03-15,48,30022.6,East,Mobile,27,10.0,2,163.14,0,0,98.77,Loyal,0
301816,2026-06-30,2024-11-22,38,19402.72,North,Web,19,5.0,0,2.29,1,0,217.26,Active,0
308678,2026-06-30,2024-10-13,31,61018.95,East,Web,21,8.0,1,65.08,0,0,224.08,Active,0
308944,2026-06-30,2025-01-09,50,35397.65,South,Store,18,6.0,1,59.97,0,0,222.31,Active,0
308355,2026-06-30,2025-07-12,37,31103.23,East,Web,12,8.0,2,126.53,0,0,230.34,Active,0
304654,2026-06-30,2025-07-07,59,28928.14,East,Store,12,6.0,2,110.65,0,0,206.38,Loyal,0
305994,2026-06-30,2025-07-17,71,,East,Mobile,11,4.0,2,117.34,0,0,251.45,Loyal,0
302101,2026-06-30,2025-03-13,18,27925.49,West,Store,16,9.0,2,137.82,0,0,133.96,Loyal,0
306322,2026-06-30,2025-08-08,44,73297.22,Budapest,Web,11,5.0,3,162.73,0,0,163.61,Loyal,0
301674,2026-06-30,2024-11-16,65,93085.24,Budapest,Web,19,7.0,1,82.26,0,0,172.16,Active,0
302102,2026-06-30,2025-02-08,26,42991.73,South,Web,17,3.0,0,0.0,1,0,234.03,Active,0
304214,2026-06-30,2024-01-15,32,46465.18,East,Store,29,7.0,2,143.28,0,0,153.05,Active,0
305711,2026-06-30,2024-12-05,38,24622.65,East,Web,19,8.0,1,73.01,0,0,142.21,Loyal,0
301549,2026-06-30,2024-10-18,43,95364.83,Budapest,Web,20,9.0,1,131.81,0,0,181.39,Loyal,0
305256,2026-06-30,2024-01-05,46,22845.89,Budapest,Mobile,30,13.0,1,53.34,0,0,216.05,Loyal,0
303324,2026-06-30,2025-12-23,35,39732.99,East,Store,6,9.0,1,86.48,0,0,163.81,Loyal,0
305951,2026-06-30,2025-09-17,30,15000.0,East,Mobile,9,3.0,0,0.16,0,0,224.14,Active,0
300356,2026-06-30,2025-05-28,34,22311.76,East,Store,13,11.0,3,193.15,0,0,179.35,Active,0
305185,2026-06-30,2025-06-08,52,29495.79,West,Mobile,13,9.0,0,7.82,0,0,179.84,Active,0
301462,2026-06-30,2025-09-18,55,26544.85,Budapest,Web,9,5.0,1,66.45,0,0,244.04,Active,0
306249,2026-06-30,2025-01-04,29,39444.09,Budapest,Web,18,5.0,1,40.02,0,0,150.8,Loyal,0
308531,2026-06-30,2024-03-30,43,39367.66,South,Web,27,7.0,4,413.28,0,0,188.11,Active,0
303221,2026-06-30,2025-09-23,27,35202.82,Budapest,Mobile,9,8.0,1,27.48,0,0,289.85,Loyal,0
307143,2026-06-30,2024-05-16,40,20319.98,West,Web,25,10.0,0,50.43,0,0,162.76,Loyal,0
305148,2026-06-30,2025-07-12,52,63687.36,Budapest,Mobile,12,7.0,1,33.37,0,0,182.44,Active,0
306460,2026-06-30,2025-10-22,40,30585.94,West,Mobile,8,4.0,2,91.03,0,0,168.26,Loyal,0
301752,2026-06-30,2024-05-13,27,48784.63,South,Mobile,26,2.0,2,183.47,0,0,95.77,Active,0
306563,2026-06-30,2024-04-25,36,42447.73,Budapest,Mobile,26,12.0,2,37.93,0,0,107.26,Active,0
306227,2026-06-30,2024-08-10,48,36708.65,East,Web,23,6.0,0,24.3,0,0,235.56,Active,0
301773,2026-06-30,2024-08-21,36,53727.01,Budapest,Mobile,22,11.0,0,0.0,0,0,237.53,Loyal,0
301197,2026-06-30,2025-07-24,72,27424.14,Budapest,Mobile,11,6.0,2,124.6,0,0,212.21,Active,0
301879,2026-06-30,2025-07-01,44,30781.18,West,Web,12,8.0,1,57.98,0,0,263.57,Active,0
302669,2026-06-30,2025-07-24,41,15000.0,South,Web,11,4.0,2,175.32,0,0,173.76,Loyal,0
303172,2026-06-30,2025-02-02,32,41561.45,Budapest,Store,17,3.0,1,103.0,0,0,182.14,Loyal,0
302017,2026-06-30,2025-08-02,35,42750.38,East,Web,11,7.0,0,14.64,0,0,234.89,Loyal,0
302006,2026-06-30,2024-01-17,26,33832.72,South,Web,29,9.0,1,82.2,0,0,229.02,Loyal,0
306840,2026-06-30,2024-01-04,51,27243.39,Budapest,Web,30,8.0,3,117.79,0,0,153.31,Active,0
303894,2026-06-30,2025-08-29,48,26185.9,West,Web,10,10.0,2,113.84,0,0,190.22,Loyal,0
303238,2026-06-30,2024-09-16,35,80480.14,Budapest,Mobile,21,12.0,3,88.93,0,0,178.02,Active,0
304425,2026-06-30,2025-01-19,39,24886.04,East,Mobile,17,5.0,1,110.51,0,0,190.59,Loyal,0
304745,2026-06-30,2024-09-11,58,53883.35,East,Mobile,22,7.0,0,0.0,0,0,270.77,Loyal,0
302079,2026-06-30,2025-12-07,29,36008.22,Budapest,Web,7,10.0,2,127.57,0,0,230.91,Active,0
305220,2026-06-30,2025-06-15,19,35647.96,East,Mobile,12,6.0,2,106.91,0,0,295.35,Active,0
300397,2026-06-30,2025-07-27,68,21446.06,South,Mobile,11,9.0,0,5.37,0,0,228.12,Loyal,0
302789,2026-06-30,2024-09-18,45,29930.31,North,Store,21,7.0,1,56.23,0,0,200.99,Loyal,0
306901,2026-06-30,2025-08-17,48,42876.94,West,Store,10,6.0,0,9.17,0,0,265.7,Active,0
305332,2026-06-30,2025-12-30,43,43224.24,Budapest,Web,6,8.0,3,209.37,0,0,181.51,Active,0
304073,2026-06-30,2024-04-09,19,30671.8,West,Web,27,6.0,3,226.59,1,0,0.0,At Risk,1
307017,2026-06-30,2025-01-24,44,49985.31,North,Mobile,17,13.0,2,104.02,0,0,166.27,Active,0
308639,2026-06-30,2025-10-05,34,37088.51,East,Mobile,9,4.0,2,181.37,0,0,113.94,Active,0
308741,2026-06-30,2025-12-18,57,34358.21,North,Mobile,6,4.0,0,4.51,0,0,104.17,Active,0
301520,2026-06-30,2025-09-05,29,37721.97,West,Mobile,10,4.0,1,12.25,0,0,211.37,Active,0
306709,2026-06-30,2025-12-29,46,49643.65,West,Web,6,10.0,0,0.0,0,0,223.72,Active,0
301379,2026-06-30,2024-04-23,50,46270.65,South,Web,26,4.0,1,22.76,0,0,131.35,Active,0
301024,2026-06-30,2025-12-04,33,55176.25,East,Mobile,7,5.0,1,37.73,0,0,202.52,Active,0
302588,2026-06-30,2024-05-26,27,61110.18,Budapest,Mobile,25,9.0,0,0.0,0,0,226.9,Loyal,0
307285,2026-06-30,2024-08-03,31,44074.21,South,Mobile,23,7.0,1,46.31,0,0,209.29,Active,0
305009,2026-06-30,2024-01-07,37,73438.76,West,Store,30,3.0,1,97.27,0,0,151.53,Loyal,0
302858,2026-06-30,2024-11-18,33,27810.47,South,Web,19,4.0,0,0.0,0,0,161.67,Loyal,0
306808,2026-06-30,2024-02-19,44,32742.12,West,Mobile,28,8.0,0,44.43,1,0,174.62,Loyal,0
308374,2026-06-30,2025-01-07,18,18452.22,North,Web,18,4.0,1,17.45,0,0,279.82,Active,0
301630,2026-06-30,2024-03-27,65,19023.75,South,Mobile,27,8.0,1,79.18,0,0,163.95,Active,0
304889,2026-06-30,2025-08-07,45,33291.35,West,Mobile,11,13.0,4,355.47,1,0,123.07,Active,0
304527,2026-06-30,2025-12-27,40,68347.16,Budapest,Mobile,6,6.0,3,241.04,0,0,203.33,Loyal,0
303524,2026-06-30,2025-03-19,46,36336.45,South,Web,15,9.0,1,124.35,0,0,229.25,Active,0
306379,2026-06-30,2024-11-05,32,76054.04,South,Web,20,9.0,2,76.23,0,0,202.02,Loyal,0
303608,2026-06-30,2025-06-28,50,38504.14,Budapest,Web,12,5.0,1,60.03,0,0,204.84,Loyal,0
308561,2026-06-30,2025-10-05,45,25921.34,South,Mobile,9,6.0,3,205.73,0,0,242.01,Active,0
305221,2026-06-30,2025-09-11,34,32555.09,Budapest,Web,10,8.0,0,0.0,0,0,164.64,Loyal,0
300235,2026-06-30,2024-10-09,18,44341.99,North,Web,21,8.0,1,61.91,0,0,200.92,Active,0
308182,2026-06-30,2025-03-05,38,19157.87,East,Store,16,10.0,1,64.4,0,0,200.37,Active,0
303797,2026-06-30,2025-12-21,26,19571.4,Budapest,Web,6,13.0,6,290.89,0,0,279.25,Active,0
304119,2026-06-30,2024-03-26,46,18722.09,North,Mobile,27,5.0,0,8.77,0,0,248.67,Active,0
305002,2026-06-30,2025-07-05,66,39690.62,North,Mobile,12,9.0,0,36.01,0,0,235.01,Active,0
303801,2026-06-30,2025-12-07,21,44510.07,Budapest,Web,7,0.0,0,23.79,0,0,71.12,Active,0
306182,2026-06-30,2025-08-31,46,35462.69,South,Store,10,10.0,3,82.26,0,0,186.5,Loyal,0
307360,2026-06-30,2024-07-31,33,64576.07,Budapest,Mobile,23,8.0,1,79.56,0,0,110.91,Active,0
305025,2026-06-30,2025-10-19,47,16831.45,South,Web,8,5.0,1,22.24,0,0,84.59,Active,0
301949,2026-06-30,2024-09-12,38,30133.34,North,Web,22,10.0,0,0.0,0,0,201.33,Loyal,0
300471,2026-06-30,2024-03-06,33,37262.36,Budapest,Mobile,28,5.0,1,78.79,0,0,150.13,Active,0
306188,2026-06-30,2025-06-21,55,18173.58,Budapest,Mobile,12,7.0,2,84.48,0,0,236.06,Active,0
303493,2026-06-30,2024-01-22,48,24828.63,South,Store,29,4.0,2,182.1,0,0,217.08,Active,0
302672,2026-06-30,2024-01-04,39,43698.19,North,Web,30,10.0,1,65.52,0,0,263.7,Active,0
308907,2026-06-30,2025-05-08,40,38333.64,East,Web,14,9.0,1,73.68,0,0,251.03,Active,0
302225,2026-06-30,2024-07-15,42,55595.99,Budapest,Mobile,23,5.0,1,58.16,0,0,270.52,Active,0
301107,2026-06-30,2025-09-01,45,31968.93,East,Web,10,5.0,0,2.59,0,0,232.48,Active,0
302189,2026-06-30,2025-03-14,47,49385.88,North,Mobile,16,6.0,3,106.12,0,1,175.38,Loyal,0
300819,2026-06-30,2024-07-28,49,67478.93,South,Web,23,4.0,1,102.82,0,0,140.66,Active,0
304524,2026-06-30,2025-12-30,54,54727.94,East,Web,6,8.0,2,172.75,0,0,299.34,Active,0
307780,2026-06-30,2025-03-18,40,23718.88,East,Mobile,15,5.0,0,22.28,0,1,24.09,At Risk,1
307746,2026-06-30,2024-07-12,35,76796.95,Budapest,Web,24,12.0,1,59.72,1,0,188.04,Active,0
305821,2026-06-30,2025-12-20,52,32388.49,North,Store,6,12.0,3,259.62,0,1,184.41,Active,0
308537,2026-06-30,2025-02-15,41,31586.79,South,Mobile,16,7.0,2,164.68,0,0,224.07,Active,0
305999,2026-06-30,2025-08-11,36,37583.53,East,Web,11,10.0,0,39.01,1,0,140.1,Loyal,0
300889,2026-06-30,2025-04-23,32,45819.39,West,Web,14,9.0,3,171.38,1,0,87.54,Active,0
302438,2026-06-30,2024-01-25,33,95489.28,Budapest,Web,29,8.0,2,133.57,0,0,177.94,Loyal,0
300818,2026-06-30,2025-04-28,40,37488.87,West,Web,14,6.0,1,71.66,0,0,230.92,Active,0
307309,2026-06-30,2024-12-18,33,15000.0,Budapest,Store,18,9.0,1,41.15,0,0,195.51,Active,0
303415,2026-06-30,2024-01-24,36,15000.0,East,Web,29,6.0,0,17.23,0,0,174.85,Active,0
302342,2026-06-30,2024-10-04,52,50821.18,West,Web,21,6.0,5,502.88,0,0,163.18,Active,0
308325,2026-06-30,2025-10-16,36,59714.37,Budapest,Web,8,5.0,2,101.18,0,0,259.93,Active,0
303168,2026-06-30,2025-08-29,46,24822.08,East,Store,10,8.0,2,88.54,0,0,209.41,Active,0
307385,2026-06-30,2024-02-17,42,24061.5,South,Mobile,28,3.0,2,115.24,0,0,185.54,Active,0
306584,2026-06-30,2024-11-19,51,52680.66,Budapest,Web,19,5.0,1,111.52,0,0,266.41,Active,0
301265,2026-06-30,2024-04-11,32,22476.43,Budapest,Mobile,27,8.0,2,92.58,0,0,266.36,Loyal,0
305087,2026-06-30,2025-07-20,27,38408.65,East,Store,11,9.0,1,64.37,0,0,208.8,Active,0
305195,2026-06-30,2025-05-30,34,52046.39,East,Web,13,7.0,2,136.3,0,0,143.25,Active,0
304450,2026-06-30,2025-07-27,41,15000.0,East,Web,11,11.0,2,209.54,0,0,179.72,Active,0
304946,2026-06-30,2025-04-17,39,50892.04,Budapest,Mobile,14,7.0,1,103.39,0,0,248.13,Active,0
304046,2026-06-30,2025-01-14,33,64907.38,Budapest,Store,17,6.0,1,96.66,0,0,262.35,Active,0
307217,2026-06-30,2024-09-29,55,16913.54,West,Web,21,13.0,3,228.05,1,0,228.92,Loyal,0
307043,2026-06-30,2024-07-23,34,21653.71,East,Mobile,23,11.0,3,113.18,0,0,224.12,Loyal,0
301229,2026-06-30,2024-11-25,58,99971.55,West,Mobile,19,9.0,0,34.56,0,0,270.41,Active,0
306659,2026-06-30,2025-03-25,39,53942.45,East,Web,15,8.0,2,113.34,0,0,162.97,Loyal,0
305588,2026-06-30,2025-05-29,39,52230.95,Budapest,Mobile,13,13.0,1,82.68,0,0,219.2,Active,0
305142,2026-06-30,2025-04-04,39,66026.11,North,Web,15,3.0,1,79.99,1,0,196.23,Active,0
300053,2026-06-30,2025-10-06,29,36204.92,Budapest,Store,9,10.0,1,66.06,0,0,145.75,Active,0
306004,2026-06-30,2025-11-01,25,18982.85,South,Store,8,8.0,1,72.95,0,0,197.43,Active,0
307062,2026-06-30,2025-08-24,30,19446.21,North,Store,10,6.0,2,83.32,1,0,250.76,Active,0
300160,2026-06-30,2024-03-04,39,31697.05,Budapest,Web,28,12.0,1,0.0,0,0,192.97,Loyal,0
309000,2026-06-30,2025-06-29,52,33259.04,South,Mobile,12,9.0,2,175.49,0,0,205.1,Active,0
301588,2026-06-30,2025-08-11,33,27250.8,West,Web,11,5.0,1,74.98,1,0,140.36,Loyal,0
301590,2026-06-30,2024-05-28,41,27800.17,Budapest,Web,25,5.0,1,49.06,0,0,263.95,Active,0
305686,2026-06-30,2024-05-30,44,16821.47,West,Web,25,2.0,1,94.68,0,0,151.97,Active,0
305715,2026-06-30,2025-12-12,36,21702.79,Budapest,Mobile,7,9.0,0,0.0,0,0,214.84,Active,0
306305,2026-06-30,2024-03-29,47,65741.2,Budapest,Store,27,10.0,2,124.47,0,0,116.77,Active,0
303859,2026-06-30,2025-02-18,44,64050.95,East,Web,16,10.0,2,120.84,1,0,229.5,Loyal,0
307984,2026-06-30,2024-11-16,43,31498.74,East,Web,19,9.0,3,253.18,0,0,139.36,Loyal,0
305490,2026-06-30,2025-04-08,34,38573.03,Budapest,Store,15,7.0,1,53.09,1,0,0.0,At Risk,1
302829,2026-06-30,2025-09-30,41,38389.39,East,Web,9,7.0,1,45.27,0,0,197.06,Active,0
300437,2026-06-30,2025-05-25,32,46901.11,West,Mobile,13,6.0,1,68.34,0,0,222.49,Loyal,0
306685,2026-06-30,2025-06-01,34,52110.03,East,Web,13,5.0,1,52.79,0,0,243.6,Loyal,0
303879,2026-06-30,2024-10-29,18,25999.45,Budapest,Mobile,20,3.0,2,125.03,0,0,218.73,Loyal,0
301589,2026-06-30,2024-01-18,18,120100.92,West,Store,29,9.0,2,117.74,0,0,254.82,Loyal,0
302781,2026-06-30,2025-10-20,41,47701.17,East,Web,8,9.0,3,229.27,0,0,192.9,Active,0
308123,2026-06-30,2025-07-28,31,17406.73,North,Mobile,11,9.0,2,93.15,0,0,277.02,Active,0
307371,2026-06-30,2024-09-28,29,30844.6,South,Mobile,21,8.0,0,83.01,0,0,275.38,Active,0
307350,2026-06-30,2025-08-13,23,78058.47,Budapest,Mobile,11,6.0,0,0.0,0,0,261.06,Active,0
304728,2026-06-30,2024-12-26,27,48124.66,Budapest,Store,18,4.0,2,185.36,0,0,215.47,Active,0
300974,2026-06-30,2025-02-09,33,30424.95,Budapest,Store,17,8.0,0,0.0,1,0,237.65,Loyal,0
301239,2026-06-30,2024-04-15,35,26359.91,East,Mobile,26,9.0,2,203.38,0,0,162.69,Active,0
302952,2026-06-30,2024-04-10,39,17716.17,East,Web,27,7.0,0,0.0,0,0,163.99,Active,0
302343,2026-06-30,2025-04-27,31,107491.97,Budapest,Mobile,14,4.0,1,34.44,0,0,154.22,Active,0
305992,2026-06-30,2024-10-25,43,61817.28,Budapest,Web,20,14.0,1,93.81,0,0,251.4,Loyal,0
302159,2026-06-30,2025-08-12,59,28417.89,West,Mobile,11,7.0,1,67.84,0,0,186.28,Active,0
305406,2026-06-30,2025-02-12,39,49509.26,East,Mobile,17,16.0,2,144.06,0,0,185.38,Active,0
301498,2026-06-30,2025-09-14,18,17000.88,West,Web,9,9.0,1,71.01,0,0,283.0,Active,0
304546,2026-06-30,2024-04-28,43,38035.61,Budapest,Web,26,3.0,3,310.14,0,0,101.66,Loyal,0
304258,2026-06-30,2025-06-06,27,33992.55,West,Web,13,7.0,1,113.67,0,0,276.21,Active,0
302423,2026-06-30,2025-04-23,29,,West,Web,14,7.0,3,189.14,0,0,277.33,Active,0
305186,2026-06-30,2024-09-10,50,63564.33,South,Mobile,22,13.0,2,176.17,0,0,222.89,Loyal,0
300358,2026-06-30,2025-12-01,50,,East,Web,7,6.0,0,18.22,0,0,302.4,Active,0
305243,2026-06-30,2024-01-29,30,41677.51,Budapest,Mobile,29,9.0,3,130.29,0,0,279.92,Active,0
307174,2026-06-30,2024-04-25,44,51330.44,Budapest,Mobile,26,9.0,0,1.25,0,0,265.47,Loyal,0
308392,2026-06-30,2024-01-05,36,23106.9,South,Web,30,7.0,0,0.0,0,0,221.7,Loyal,0
302093,2026-06-30,2025-05-30,40,57215.24,Budapest,Web,13,4.0,1,39.24,0,0,207.26,Loyal,0
302016,2026-06-30,2024-06-22,30,26002.24,Budapest,Mobile,24,8.0,2,97.19,0,0,156.19,Active,0
308224,2026-06-30,2024-02-15,39,18789.04,Budapest,Web,28,8.0,2,142.13,0,0,181.48,Active,0
307614,2026-06-30,2024-07-24,27,60392.48,West,Web,23,6.0,1,94.43,0,0,173.68,Loyal,0
300188,2026-06-30,2024-07-06,44,23002.77,Budapest,Mobile,24,3.0,2,174.08,0,0,250.41,Loyal,0
305843,2026-06-30,2024-02-07,46,33516.18,Budapest,Store,29,6.0,2,180.73,0,0,157.04,Loyal,0
303656,2026-06-30,2025-09-18,46,24219.6,Budapest,Mobile,9,5.0,1,27.19,0,0,149.03,Loyal,0
303427,2026-06-30,2024-08-02,22,68623.22,East,Web,23,14.0,3,129.67,0,0,68.37,Active,0
306394,2026-06-30,2025-04-10,38,62249.25,West,Web,15,12.0,1,61.95,0,0,165.65,Loyal,0
301382,2026-06-30,2025-03-04,28,33046.82,North,Store,16,4.0,1,39.71,1,0,148.38,Active,0
306112,2026-06-30,2025-01-23,29,69130.27,West,Web,17,10.0,3,91.56,0,0,250.12,Active,0
300414,2026-06-30,2024-09-17,48,36375.49,Budapest,Web,21,5.0,2,102.74,0,0,174.54,Active,0
305038,2026-06-30,2024-09-16,50,36979.08,South,Store,21,9.0,1,73.13,0,0,167.61,Loyal,0
304898,2026-06-30,2025-05-14,44,47825.32,East,Mobile,14,4.0,1,33.65,0,0,252.83,Loyal,0
303337,2026-06-30,2025-03-10,43,33115.7,Budapest,Web,16,6.0,0,0.0,0,0,117.09,Active,0
303607,2026-06-30,2025-01-20,45,18253.78,West,Mobile,17,11.0,2,151.92,0,0,109.92,Active,0
303176,2026-06-30,2024-05-22,29,34352.64,West,Web,25,4.0,2,143.62,0,0,244.12,Loyal,0
307282,2026-06-30,2024-09-16,45,110066.72,West,Web,21,6.0,1,32.72,0,0,94.19,Loyal,0
308824,2026-06-30,2025-08-22,36,25076.36,East,Mobile,10,10.0,2,84.77,0,0,322.63,Active,0
306392,2026-06-30,2024-11-06,38,29614.85,West,Web,20,5.0,1,99.98,1,0,200.31,Active,0
300257,2026-06-30,2025-12-07,48,72884.68,Budapest,Web,7,5.0,1,57.13,0,0,150.87,Active,0
305794,2026-06-30,2024-09-01,41,21271.7,West,Store,22,7.0,5,342.37,0,1,205.35,Loyal,0
300201,2026-06-30,2025-06-16,30,97792.87,West,Web,12,3.0,1,37.87,0,0,186.21,Active,0
302236,2026-06-30,2025-01-10,44,66145.93,Budapest,Mobile,18,12.0,5,336.37,0,0,198.17,Active,0
304744,2026-06-30,2025-03-12,36,29212.95,East,Web,16,2.0,0,38.0,0,0,257.29,Active,0
301768,2026-06-30,2024-02-20,49,34346.64,West,Web,28,5.0,4,275.69,0,0,194.67,Loyal,0
304237,2026-06-30,2025-05-05,50,51408.25,West,Store,14,10.0,0,0.0,0,0,157.91,Loyal,0
307152,2026-06-30,2024-07-09,18,91761.57,Budapest,Web,24,7.0,4,277.67,0,0,162.84,Active,0
301573,2026-06-30,2025-03-15,41,20169.67,Budapest,Mobile,16,10.0,3,255.77,1,0,194.31,Active,0
300025,2026-06-30,2025-01-25,48,35175.88,East,Web,17,7.0,1,63.39,0,0,142.56,Loyal,0
307896,2026-06-30,2024-09-25,46,52483.8,South,Mobile,21,2.0,1,132.38,0,0,233.23,Active,0
301089,2026-06-30,2025-03-04,55,43106.89,Budapest,Mobile,16,6.0,0,0.0,0,0,203.47,Active,0
304675,2026-06-30,2025-02-09,53,28952.96,South,Mobile,17,1.0,1,97.76,0,0,222.91,Active,0
302695,2026-06-30,2024-09-19,51,45604.32,North,Web,21,9.0,3,159.28,0,0,208.24,Loyal,0
306214,2026-06-30,2024-10-05,37,61662.79,Budapest,Mobile,21,8.0,1,46.28,0,0,264.94,Active,0
303399,2026-06-30,2025-11-29,36,46604.12,Budapest,Web,7,9.0,1,47.45,0,0,146.44,Active,0
303560,2026-06-30,2025-01-25,48,40654.45,West,Mobile,17,8.0,4,265.88,0,0,148.88,Loyal,0
308315,2026-06-30,2024-05-04,44,53886.13,North,Store,26,13.0,3,263.78,1,0,157.79,Active,0
302842,2026-06-30,2025-09-21,36,56156.9,West,Mobile,9,4.0,1,3.66,1,0,187.0,Active,0
302312,2026-06-30,2024-08-17,28,80682.63,South,Mobile,22,5.0,4,293.68,0,0,293.4,Active,0
306955,2026-06-30,2024-06-07,49,35761.68,Budapest,Mobile,25,6.0,0,2.63,0,0,145.09,Active,0
303235,2026-06-30,2025-10-16,57,25522.06,South,Mobile,8,6.0,0,6.51,0,0,371.83,Active,0
304153,2026-06-30,2025-04-30,42,27163.45,Budapest,Web,14,5.0,0,0.0,0,0,182.85,Active,0
301310,2026-06-30,2025-07-02,46,22113.82,East,Web,12,10.0,0,29.64,0,0,190.38,Loyal,0
300696,2026-06-30,2025-04-24,35,34319.4,Budapest,Mobile,14,7.0,2,133.83,0,0,223.64,Active,0
306750,2026-06-30,2025-08-10,39,50549.57,South,Web,11,11.0,0,0.0,0,0,172.66,Active,0
303753,2026-06-30,2024-08-03,61,21313.55,Budapest,Web,23,11.0,2,207.95,0,0,235.89,Active,0
301228,2026-06-30,2025-10-09,57,75324.81,Budapest,Mobile,9,10.0,1,32.62,0,0,225.64,Loyal,0
302000,2026-06-30,2025-12-17,56,52513.59,North,Store,6,7.0,0,17.72,0,0,251.51,Loyal,0
300277,2026-06-30,2024-06-19,31,27884.53,East,Web,24,11.0,1,103.73,0,0,93.21,Active,0
305552,2026-06-30,2024-04-03,45,47997.59,North,Web,27,10.0,0,0.0,0,0,193.69,Loyal,0
305809,2026-06-30,2024-04-10,38,50936.0,Budapest,Web,27,5.0,1,128.3,0,0,229.08,Loyal,0
307913,2026-06-30,2024-06-02,32,41460.27,South,Mobile,25,5.0,1,89.7,0,0,132.28,Active,0
303638,2026-06-30,2024-07-03,31,42196.02,West,Web,24,8.0,3,171.71,0,0,204.61,Active,0
306772,2026-06-30,2025-05-26,50,40121.96,Budapest,Web,13,7.0,1,36.79,0,0,192.66,Loyal,0
304779,2026-06-30,2025-11-02,51,36992.08,Budapest,Web,8,3.0,1,86.52,0,0,203.73,Active,0
308815,2026-06-30,2024-06-29,41,63635.21,West,Mobile,24,6.0,2,160.8,0,0,225.07,Loyal,0
304118,2026-06-30,2024-10-23,34,29497.33,Budapest,Web,20,11.0,1,83.57,0,0,270.73,Loyal,0
306861,2026-06-30,2025-06-17,25,25591.22,Budapest,Mobile,12,8.0,1,81.08,0,0,153.23,Active,0
301138,2026-06-30,2025-07-21,22,47691.42,North,Web,11,13.0,0,17.56,0,0,141.88,Active,0
302768,2026-06-30,2024-02-11,48,94704.77,Budapest,Web,29,3.0,1,66.5,0,0,370.16,Active,0
308799,2026-06-30,2024-05-02,31,51523.24,Budapest,Mobile,26,6.0,0,51.82,0,0,228.02,Active,0
308318,2026-06-30,2024-12-31,32,,South,Mobile,18,6.0,0,6.13,0,0,177.7,Active,0
300943,2026-06-30,2024-05-06,42,29574.54,South,Mobile,26,5.0,0,0.0,0,0,254.92,Active,0
306302,2026-06-30,2024-10-26,64,15000.0,Budapest,Web,20,8.0,1,157.42,0,0,165.9,Active,0
308052,2026-06-30,2025-02-06,52,74138.6,West,Web,17,4.0,2,103.21,0,0,216.93,Active,0
304936,2026-06-30,2024-01-12,37,29199.94,South,Store,30,6.0,2,115.96,0,0,284.94,Active,0
303936,2026-06-30,2025-12-26,31,47676.74,Budapest,Web,6,8.0,1,34.81,0,0,253.6,Loyal,0
305709,2026-06-30,2025-05-16,37,43412.7,Budapest,Web,13,9.0,1,107.83,0,0,142.86,Active,0
302385,2026-06-30,2025-11-21,33,21363.06,South,Web,7,5.0,0,0.0,0,0,183.78,Active,0
300116,2026-06-30,2024-05-05,50,75161.05,East,Mobile,26,6.0,3,207.69,0,0,277.34,Loyal,0
306990,2026-06-30,2024-11-01,51,35028.72,North,Web,20,9.0,4,216.36,1,0,250.41,Active,0
305261,2026-06-30,2025-08-08,29,66549.24,Budapest,Mobile,11,9.0,4,124.98,0,0,233.36,Active,0
303120,2026-06-30,2025-03-02,46,55247.85,North,Web,16,6.0,3,248.68,1,0,275.73,Active,0
304259,2026-06-30,2025-12-29,49,29794.16,Budapest,Web,6,11.0,2,45.5,0,0,171.92,Loyal,0
305503,2026-06-30,2025-07-15,33,51123.82,West,Store,11,5.0,0,18.5,0,0,140.51,Loyal,0
307195,2026-06-30,2024-11-16,56,76164.47,West,Mobile,19,13.0,3,125.63,0,0,162.17,Active,0
302820,2026-06-30,2025-05-05,40,42087.91,North,Mobile,14,9.0,3,141.02,0,0,295.22,Loyal,0
303823,2026-06-30,2024-10-24,51,25678.67,Budapest,Web,20,5.0,0,0.0,0,0,155.88,Active,0
308253,2026-06-30,2024-11-10,35,41078.62,North,Web,20,7.0,0,0.0,0,0,224.86,Active,0
304700,2026-06-30,2024-05-07,37,19487.84,East,Mobile,26,15.0,1,51.21,0,0,221.85,Active,0
308006,2026-06-30,2025-11-05,52,29504.18,South,Web,8,4.0,1,92.05,0,0,266.38,Loyal,0
303803,2026-06-30,2024-03-02,27,26140.11,West,Mobile,28,6.0,1,45.45,0,0,126.76,Loyal,0
303537,2026-06-30,2024-04-14,45,74116.98,East,Mobile,27,2.0,0,0.0,0,0,237.9,Active,0
303826,2026-06-30,2025-05-18,37,50232.15,Budapest,Web,13,7.0,1,59.97,1,1,0.0,At Risk,1
307525,2026-06-30,2024-06-19,37,45560.49,South,Web,24,8.0,1,38.59,0,0,265.81,Active,0
304419,2026-06-30,2024-10-02,45,55867.62,South,Mobile,21,10.0,0,0.78,0,0,185.96,Active,0
304811,2026-06-30,2024-10-18,49,32654.32,North,Mobile,20,5.0,0,0.0,0,0,137.71,Active,0
301947,2026-06-30,2024-05-27,43,21228.94,Budapest,Store,25,6.0,3,166.82,0,0,150.69,Active,0
306578,2026-06-30,2024-01-20,46,55236.96,Budapest,Mobile,29,6.0,2,139.82,0,0,230.55,Active,0
308924,2026-06-30,2024-08-02,18,88486.03,Budapest,Mobile,23,4.0,0,0.0,0,0,153.49,Active,0
305336,2026-06-30,2025-07-26,43,42333.16,North,Web,11,9.0,1,60.3,0,0,195.84,Active,0
303489,2026-06-30,2024-01-14,34,43721.54,East,Web,30,7.0,1,87.9,0,0,207.0,Active,0
301611,2026-06-30,2025-11-27,49,49165.39,East,Mobile,7,12.0,3,189.89,0,0,269.56,Active,0
307788,2026-06-30,2024-09-19,38,39874.17,Budapest,Web,21,10.0,2,198.05,0,0,204.84,Active,0
307303,2026-06-30,2025-05-10,38,31555.6,West,Mobile,14,7.0,1,37.22,0,0,239.69,Loyal,0
304678,2026-06-30,2025-07-07,47,71821.18,South,Web,12,9.0,1,57.09,0,0,163.86,Active,0
304960,2026-06-30,2024-07-28,40,49280.39,North,Web,23,5.0,2,121.58,0,0,151.69,Loyal,0
307758,2026-06-30,2025-01-21,44,15000.0,Budapest,Web,17,5.0,0,0.0,0,0,228.43,Active,0
304762,2026-06-30,2024-03-07,50,32138.01,Budapest,Web,28,13.0,3,285.58,0,0,95.01,Active,0
302195,2026-06-30,2024-08-08,33,38410.44,Budapest,Mobile,23,8.0,0,0.0,0,0,170.93,Loyal,0
306556,2026-06-30,2025-07-08,54,36195.97,North,Mobile,12,5.0,4,290.63,0,0,187.25,Active,0
305114,2026-06-30,2024-12-24,21,32188.28,East,Web,18,5.0,0,19.85,0,0,95.25,Loyal,0
300558,2026-06-30,2024-04-26,54,34324.33,West,Web,26,11.0,2,169.55,0,0,215.28,Active,0
306606,2026-06-30,2025-06-03,46,24353.43,West,Mobile,13,4.0,2,129.71,0,0,199.41,Active,0
307629,2026-06-30,2025-05-25,52,27118.97,South,Mobile,13,7.0,1,58.45,1,1,0.0,At Risk,1
301208,2026-06-30,2024-11-22,39,56077.34,East,Store,19,18.0,1,60.98,1,1,12.25,At Risk,1
305771,2026-06-30,2025-11-08,18,33132.63,East,Web,8,7.0,0,32.3,0,0,252.43,Loyal,0
305991,2026-06-30,2025-02-06,19,41611.09,Budapest,Web,17,7.0,0,7.88,0,1,117.49,Active,0
301511,2026-06-30,2025-08-10,40,21601.48,South,Web,11,8.0,0,8.26,0,0,275.4,Active,0
303830,2026-06-30,2025-12-22,55,24650.96,Budapest,Mobile,6,11.0,7,791.89,0,0,188.19,Loyal,0
303733,2026-06-30,2024-07-22,27,39345.44,North,Mobile,23,3.0,3,300.03,0,0,174.87,Active,0
306523,2026-06-30,2025-06-02,45,71143.97,Budapest,Web,13,9.0,4,227.03,0,0,80.31,Loyal,0
303212,2026-06-30,2025-02-13,39,32649.55,East,Web,16,7.0,3,210.59,0,0,252.77,Active,0
303631,2026-06-30,2025-10-09,30,44401.8,East,Mobile,9,10.0,1,64.56,0,0,219.69,Active,0
306830,2026-06-30,2024-06-21,41,,East,Web,24,7.0,4,339.69,0,0,206.15,Loyal,0
304096,2026-06-30,2024-07-30,47,15000.0,East,Mobile,23,12.0,1,10.24,0,0,218.43,Active,0
300267,2026-06-30,2025-07-27,20,53764.78,East,Mobile,11,13.0,3,114.39,0,0,149.45,Active,0
301141,2026-06-30,2024-04-23,48,89920.41,East,Store,26,8.0,0,17.31,0,0,255.64,Loyal,0
303163,2026-06-30,2025-10-04,45,38676.43,Budapest,Web,9,5.0,4,108.97,0,0,88.07,Active,0
307112,2026-06-30,2024-11-27,45,93623.76,East,Store,19,11.0,1,0.0,1,0,121.17,Loyal,0
303731,2026-06-30,2024-08-25,48,37142.74,North,Store,22,8.0,1,63.03,0,0,142.68,Active,0
301910,2026-06-30,2025-12-21,60,18423.08,South,Web,6,7.0,2,167.88,0,0,103.98,Active,0
308655,2026-06-30,2024-01-04,31,21167.45,Budapest,Mobile,30,7.0,0,1.78,0,0,268.42,Active,0
302661,2026-06-30,2025-08-21,50,19589.25,West,Web,10,9.0,1,75.26,0,0,194.17,Active,0
300657,2026-06-30,2025-12-17,52,68419.14,East,Web,6,9.0,1,84.87,0,0,209.63,Active,0
307082,2026-06-30,2024-05-01,41,44432.05,West,Web,26,11.0,3,205.03,0,0,231.43,Active,0
306420,2026-06-30,2025-02-12,39,32377.77,West,Store,17,8.0,5,379.48,0,0,151.34,Loyal,0
300999,2026-06-30,2025-10-19,46,61746.51,North,Web,8,5.0,1,105.31,0,0,193.88,Active,0
307268,2026-06-30,2025-09-27,32,18233.25,Budapest,Store,9,10.0,2,179.67,0,0,139.34,Active,0
302835,2026-06-30,2024-09-27,53,69537.51,East,Web,21,12.0,3,311.07,0,0,196.24,Loyal,0
308332,2026-06-30,2025-06-07,36,46850.63,North,Store,13,8.0,1,39.48,1,0,0.0,At Risk,1
301238,2026-06-30,2025-11-03,28,17030.76,Budapest,Mobile,8,11.0,0,0.0,0,0,268.54,Loyal,0
302152,2026-06-30,2024-02-13,22,69296.23,Budapest,Mobile,29,6.0,1,28.63,0,0,132.84,Active,0
308883,2026-06-30,2024-11-04,27,49785.43,East,Web,20,7.0,4,234.34,1,0,158.03,Active,0
302897,2026-06-30,2024-01-17,47,24329.53,East,Web,29,11.0,2,101.97,0,1,232.63,Active,0
305092,2026-06-30,2024-05-20,53,39275.37,Budapest,Mobile,25,11.0,1,101.13,0,0,254.35,Active,0
302187,2026-06-30,2024-03-10,63,61360.37,East,Mobile,28,8.0,2,193.93,0,0,256.39,Loyal,0
301135,2026-06-30,2025-01-09,53,22723.05,East,Mobile,18,10.0,3,326.68,0,0,157.13,Active,0
305005,2026-06-30,2025-01-02,44,34884.2,South,Web,18,6.0,2,94.53,0,0,169.68,Active,0
301304,2026-06-30,2025-02-21,52,57972.61,North,Web,16,8.0,1,31.25,0,0,188.93,Active,0
301628,2026-06-30,2025-03-20,36,25547.27,East,Mobile,15,14.0,2,118.44,0,0,290.94,Active,0
306445,2026-06-30,2024-07-09,22,39318.65,West,Web,24,10.0,2,66.45,0,0,171.0,Loyal,0
301523,2026-06-30,2025-06-16,48,31275.18,Budapest,Web,12,5.0,2,116.78,0,0,246.23,Active,0
308916,2026-06-30,2024-05-02,46,34952.48,North,Web,26,4.0,2,204.18,1,1,1.49,At Risk,1
300359,2026-06-30,2025-04-08,40,41211.73,West,Mobile,15,6.0,1,113.0,0,0,287.08,Loyal,0
300139,2026-06-30,2024-09-25,54,15000.0,North,Mobile,21,6.0,3,223.89,0,0,243.04,Loyal,0
300300,2026-06-30,2025-12-19,42,62202.52,Budapest,Web,6,6.0,0,0.0,0,0,294.09,Active,0
301557,2026-06-30,2024-03-22,42,44955.77,East,Store,27,4.0,0,23.87,0,0,241.71,Active,0
305100,2026-06-30,2025-05-23,33,31278.23,Budapest,Web,13,6.0,0,0.0,0,0,214.16,Active,0
300383,2026-06-30,2025-05-06,46,20849.23,Budapest,Store,14,6.0,2,215.8,0,0,184.99,Active,0
306920,2026-06-30,2025-02-21,30,30722.22,South,Web,16,6.0,1,132.12,0,0,181.63,Loyal,0
305702,2026-06-30,2025-10-16,63,21855.76,South,Mobile,8,11.0,2,141.48,1,1,6.11,At Risk,1
304858,2026-06-30,2025-05-31,48,17875.87,East,Web,13,12.0,2,75.62,0,0,269.37,Loyal,0
307948,2026-06-30,2025-08-30,48,137924.63,South,Web,10,9.0,1,100.03,0,0,193.47,Active,0
307261,2026-06-30,2024-02-17,36,34849.16,East,Mobile,28,11.0,3,195.65,0,0,232.18,Active,0
305853,2026-06-30,2025-11-17,32,43613.94,North,Web,7,8.0,0,26.81,0,0,251.04,Active,0
308082,2026-06-30,2024-11-04,31,26188.32,North,Mobile,20,9.0,1,60.14,0,0,171.26,Loyal,0
306897,2026-06-30,2025-03-24,47,21513.91,Budapest,Web,15,5.0,0,0.0,0,0,211.14,Loyal,0
305499,2026-06-30,2024-10-20,55,30052.18,Budapest,Web,20,11.0,3,270.96,0,0,177.39,Active,0
305805,2026-06-30,2025-03-25,45,20086.92,Budapest,Mobile,15,12.0,0,0.0,0,0,261.61,Active,0
308383,2026-06-30,2024-05-21,49,21028.51,West,Web,25,4.0,2,181.88,0,0,141.52,Active,0
302722,2026-06-30,2025-06-26,18,36769.84,North,Web,12,5.0,1,77.52,0,1,198.58,Active,0
301933,2026-06-30,2024-09-15,28,31434.45,South,Store,21,4.0,0,21.69,0,0,157.33,Loyal,0
306077,2026-06-30,2025-09-17,42,27303.36,Budapest,Store,9,12.0,2,88.66,0,0,249.27,Loyal,0
303237,2026-06-30,2024-12-05,30,30066.21,North,Web,19,8.0,0,0.0,0,0,235.62,Loyal,0
303141,2026-06-30,2024-08-21,33,,East,Mobile,22,8.0,2,81.45,0,0,188.27,Active,0
304164,2026-06-30,2025-04-01,42,46210.61,West,Web,15,9.0,1,59.97,0,0,197.88,Active,0
307955,2026-06-30,2025-10-26,30,29860.08,East,Mobile,8,11.0,3,105.04,0,0,43.86,At Risk,1
303808,2026-06-30,2024-04-18,37,28258.03,Budapest,Web,26,9.0,2,119.61,0,0,130.12,Loyal,0
308612,2026-06-30,2024-02-16,32,41444.58,North,Web,28,9.0,4,309.09,0,0,159.17,Active,0
305730,2026-06-30,2025-11-05,53,22800.61,South,Web,8,6.0,0,0.0,0,0,195.96,Active,0
304155,2026-06-30,2025-02-28,38,19255.91,Budapest,Web,16,11.0,2,75.99,0,0,127.4,Active,0
304173,2026-06-30,2025-03-12,39,78677.81,North,Web,16,14.0,3,177.66,0,0,137.83,Active,0
300797,2026-06-30,2024-07-05,36,46627.79,South,Web,24,8.0,1,55.24,0,0,234.79,Active,0
302417,2026-06-30,2024-05-12,38,51151.71,South,Web,26,12.0,0,0.0,0,0,143.19,Loyal,0
300786,2026-06-30,2024-02-18,40,22645.48,West,Web,28,9.0,1,90.62,0,0,236.48,Loyal,0
303159,2026-06-30,2024-04-11,54,101929.94,South,Web,27,9.0,0,0.0,0,0,223.65,Active,0
300124,2026-06-30,2025-06-14,36,61312.67,Budapest,Mobile,13,12.0,2,124.78,0,0,252.86,Loyal,0
302173,2026-06-30,2025-08-21,50,56939.04,Budapest,Mobile,10,8.0,2,115.74,0,0,233.59,Active,0
307224,2026-06-30,2024-02-17,32,34908.91,East,Mobile,28,11.0,4,247.7,0,0,220.93,Loyal,0
307163,2026-06-30,2024-05-17,44,31571.98,Budapest,Mobile,25,7.0,0,23.54,0,0,140.23,Loyal,0
308860,2026-06-30,2025-09-19,49,23538.61,Budapest,Web,9,13.0,0,1.01,0,0,141.22,Active,0
304341,2026-06-30,2025-11-12,40,46979.13,West,Mobile,8,5.0,1,118.68,0,0,328.8,Active,0
300911,2026-06-30,2025-08-23,44,26424.85,East,Web,10,8.0,0,0.0,0,0,143.15,Active,0
302310,2026-06-30,2024-07-16,53,15000.0,East,Store,23,7.0,1,155.97,0,0,199.58,Active,0
308776,2026-06-30,2025-01-27,38,57865.6,North,Mobile,17,9.0,3,233.33,0,0,237.87,Active,0
303635,2026-06-30,2025-04-05,51,34101.5,Budapest,Mobile,15,7.0,1,42.79,0,0,230.02,Active,0
301258,2026-06-30,2025-12-29,50,52278.42,Budapest,Web,6,2.0,0,0.0,1,0,140.27,Active,0
304459,2026-06-30,2025-12-08,55,70301.59,South,Web,7,8.0,0,20.5,0,0,253.31,Loyal,0
301179,2026-06-30,2024-10-22,51,15000.0,South,Store,20,2.0,1,53.36,0,0,236.93,Active,0
304653,2026-06-30,2024-04-03,22,82068.59,West,Mobile,27,5.0,2,111.5,0,0,138.37,Active,0
303651,2026-06-30,2024-01-20,32,15000.0,Budapest,Store,29,9.0,2,50.27,0,0,219.52,Active,0
300443,2026-06-30,2025-10-30,39,28866.58,Budapest,Store,8,12.0,2,145.19,1,0,154.55,Loyal,0
307662,2026-06-30,2024-08-06,35,40678.78,South,Mobile,23,6.0,4,260.18,0,0,262.52,Active,0
301400,2026-06-30,2024-11-20,51,42627.55,East,Mobile,19,8.0,2,142.51,1,1,100.6,At Risk,1
301458,2026-06-30,2025-04-15,36,28119.39,East,Mobile,14,10.0,0,25.65,0,0,209.9,Active,0
306159,2026-06-30,2024-10-03,43,24756.37,Budapest,Web,21,7.0,0,18.13,0,0,238.1,Active,0
301055,2026-06-30,2025-10-08,52,109785.54,West,Store,9,5.0,0,0.0,0,0,151.84,Active,0
305563,2026-06-30,2024-05-28,45,23881.13,North,Mobile,25,3.0,1,87.9,0,0,240.96,Loyal,0
303276,2026-06-30,2024-08-16,55,48147.65,Budapest,Mobile,22,6.0,0,30.21,0,0,221.2,Active,0
307665,2026-06-30,2024-10-28,47,29430.65,Budapest,Mobile,20,10.0,1,0.0,0,0,200.82,Active,0
303700,2026-06-30,2025-11-07,61,15419.42,South,Mobile,8,3.0,2,175.77,0,1,269.24,Loyal,0
303760,2026-06-30,2024-08-01,42,48071.73,East,Store,23,10.0,2,111.29,0,0,199.64,Active,0
300930,2026-06-30,2024-07-10,58,34574.54,Budapest,Web,24,6.0,0,0.0,0,0,233.4,Active,0
307620,2026-06-30,2024-11-15,40,40024.6,Budapest,Web,19,6.0,1,20.75,0,0,283.89,Active,0
307085,2026-06-30,2024-05-19,18,22703.06,Budapest,Web,25,4.0,2,128.05,0,0,211.58,Loyal,0
301830,2026-06-30,2024-03-09,30,35557.38,West,Mobile,28,2.0,2,169.73,0,0,213.55,Active,0
302929,2026-06-30,2025-01-22,31,19020.94,East,Mobile,17,12.0,2,145.25,0,0,262.92,Active,0
308750,2026-06-30,2024-10-01,42,15000.0,Budapest,Mobile,21,9.0,3,267.66,0,0,68.74,Active,0
304222,2026-06-30,2025-02-06,64,18046.8,Budapest,Web,17,5.0,1,64.07,0,0,236.58,Loyal,0
303547,2026-06-30,2024-04-10,64,32328.56,Budapest,Store,27,5.0,0,0.0,0,0,275.84,Loyal,0
308041,2026-06-30,2025-02-14,34,17337.91,North,Web,16,8.0,1,43.75,0,0,177.23,Loyal,0
306023,2026-06-30,2025-03-19,49,100010.17,North,Web,15,2.0,2,241.45,0,0,194.87,Active,0
306651,2026-06-30,2024-07-03,51,48989.48,East,Web,24,8.0,2,128.04,0,0,148.48,Active,0
302012,2026-06-30,2024-01-07,46,22830.38,Budapest,Web,30,12.0,2,188.12,0,0,275.78,Active,0
308563,2026-06-30,2024-04-17,35,37966.27,East,Web,26,10.0,2,190.06,0,0,238.63,Loyal,0
306803,2026-06-30,2024-01-12,53,15000.0,South,Mobile,30,13.0,5,411.68,0,0,224.63,Active,0
303220,2026-06-30,2024-02-14,41,15210.15,South,Store,28,9.0,0,4.86,0,0,148.11,Loyal,0
302607,2026-06-30,2024-08-03,34,45013.3,West,Store,23,11.0,2,105.91,0,0,140.86,Active,0
303265,2026-06-30,2024-03-01,55,43216.78,Budapest,Mobile,28,8.0,2,123.99,0,0,127.05,Loyal,0
304929,2026-06-30,2024-10-19,63,37103.27,East,Store,20,7.0,0,2.2,0,0,145.73,Loyal,0
307558,2026-06-30,2024-01-26,33,32448.02,South,Store,29,5.0,1,91.45,0,0,235.15,Loyal,0
306654,2026-06-30,2024-10-04,39,32389.92,East,Store,21,9.0,0,0.0,0,0,294.8,Active,0
300007,2026-06-30,2024-01-21,46,36298.94,West,Web,29,9.0,3,256.96,0,0,162.38,Loyal,0
302981,2026-06-30,2024-09-22,52,31784.71,Budapest,Web,21,3.0,3,293.77,1,0,195.0,Loyal,0
303362,2026-06-30,2024-07-13,40,26346.81,Budapest,Mobile,24,9.0,1,58.01,0,0,218.88,Loyal,0
304775,2026-06-30,2024-11-17,37,16716.74,Budapest,Web,19,9.0,1,85.2,0,0,269.58,Active,0
301944,2026-06-30,2024-02-13,51,23982.6,East,Store,29,8.0,2,187.27,0,0,281.35,Active,0
307590,2026-06-30,2025-06-05,22,24437.31,Budapest,Web,13,8.0,3,193.28,0,0,192.83,Active,0
305500,2026-06-30,2025-12-27,49,54446.64,Budapest,Mobile,6,9.0,1,139.08,0,0,195.38,Loyal,0
301636,2026-06-30,2025-09-25,47,38727.1,East,Store,9,9.0,0,0.0,0,0,229.9,Loyal,0
301142,2026-06-30,2025-10-13,47,41946.02,South,Store,9,8.0,0,0.0,0,0,163.7,Active,0
307673,2026-06-30,2024-11-17,19,50984.73,Budapest,Web,19,9.0,2,94.95,0,0,211.31,Loyal,0
306410,2026-06-30,2025-07-17,42,30708.57,South,Store,11,6.0,2,53.39,0,0,161.47,Active,0
302071,2026-06-30,2025-10-18,51,62943.07,North,Mobile,8,9.0,1,95.16,0,0,253.42,Active,0
303135,2026-06-30,2025-11-24,40,20499.96,West,Web,7,13.0,2,145.28,0,0,136.33,Active,0
305161,2026-06-30,2025-06-10,51,25399.84,South,Store,13,6.0,1,110.55,0,0,180.12,Active,0
306361,2026-06-30,2025-03-12,56,15024.54,West,Mobile,16,6.0,0,5.52,0,0,191.8,Loyal,0
306863,2026-06-30,2024-01-05,48,40345.1,North,Web,30,12.0,0,0.0,0,0,188.06,Loyal,0
302243,2026-06-30,2025-05-07,23,37150.33,South,Web,14,8.0,1,72.16,0,0,263.09,Active,0
301475,2026-06-30,2025-05-02,40,20786.46,Budapest,Mobile,14,3.0,1,87.42,0,0,179.24,Loyal,0
308508,2026-06-30,2024-11-20,53,15000.0,Budapest,Web,19,11.0,2,220.69,0,0,115.99,Loyal,0
301890,2026-06-30,2025-04-22,49,16694.8,East,Web,14,10.0,2,151.85,1,0,212.37,Active,0
303436,2026-06-30,2025-07-25,26,45966.07,Budapest,Mobile,11,8.0,1,55.22,0,0,173.19,Active,0
306224,2026-06-30,2024-06-02,43,51409.1,East,Store,25,8.0,1,84.19,0,0,218.35,Active,0
306308,2026-06-30,2024-11-30,38,46394.84,Budapest,Store,19,8.0,0,0.0,0,0,152.46,Active,0
303706,2026-06-30,2025-09-30,48,39681.13,Budapest,Mobile,9,11.0,0,8.04,0,0,206.97,Active,0
302022,2026-06-30,2025-05-13,52,135585.3,West,Mobile,14,11.0,1,39.62,0,0,114.51,Active,0
304021,2026-06-30,2025-07-24,38,31032.09,West,Web,11,13.0,1,49.23,0,0,227.28,Loyal,0
307853,2026-06-30,2024-01-25,44,40145.64,South,Web,29,4.0,0,0.0,0,0,168.94,Loyal,0
307759,2026-06-30,2025-04-17,36,17538.94,North,Web,14,4.0,0,0.0,0,0,204.51,Loyal,0
307692,2026-06-30,2024-10-28,33,23791.98,North,Store,20,4.0,0,10.22,1,0,179.71,Active,0
302659,2026-06-30,2024-05-24,37,,Budapest,Web,25,4.0,3,306.65,0,0,253.78,Active,0
301131,2026-06-30,2024-04-03,36,25462.8,West,Web,27,3.0,0,0.0,0,0,253.59,Active,0
305558,2026-06-30,2025-07-03,30,27535.33,Budapest,Store,12,9.0,3,282.32,0,0,151.39,Loyal,0
306027,2026-06-30,2024-12-11,29,44518.78,Budapest,Store,19,8.0,1,56.88,0,0,250.43,Active,0
301820,2026-06-30,2025-03-01,36,24229.18,West,Mobile,16,6.0,0,18.17,0,0,233.2,Active,0
306127,2026-06-30,2025-09-18,51,44409.16,North,Web,9,5.0,0,10.52,0,0,188.08,Active,0
304319,2026-06-30,2025-07-04,18,61631.23,South,Store,12,6.0,2,83.96,0,0,236.35,Loyal,0
308727,2026-06-30,2024-07-29,49,17162.64,East,Web,23,3.0,1,94.74,1,0,217.66,Active,0
304145,2026-06-30,2025-03-24,41,43834.7,East,Store,15,7.0,1,107.33,0,1,163.82,Active,0
304670,2026-06-30,2024-08-08,38,50470.66,Budapest,Mobile,23,10.0,2,176.46,0,0,176.96,Loyal,0
301237,2026-06-30,2025-10-15,46,54068.23,Budapest,Web,8,6.0,1,109.04,1,0,145.57,Active,0
305477,2026-06-30,2024-01-30,33,26077.15,East,Mobile,29,13.0,0,0.0,0,0,244.4,Active,0
308942,2026-06-30,2024-07-05,35,32598.52,Budapest,Web,24,9.0,3,214.17,0,0,210.32,Loyal,0
301857,2026-06-30,2025-05-28,27,77909.22,East,Mobile,13,7.0,1,49.19,0,0,226.59,Active,0
302283,2026-06-30,2025-03-13,51,38551.48,Budapest,Mobile,16,7.0,0,0.0,0,0,159.4,Active,0
306787,2026-06-30,2024-12-20,43,18621.31,Budapest,Mobile,18,7.0,2,230.84,0,0,61.79,Loyal,0
308469,2026-06-30,2025-12-04,35,66081.09,East,Mobile,7,9.0,2,137.79,0,0,149.28,Loyal,0
304094,2026-06-30,2025-12-17,49,18059.96,Budapest,Mobile,6,9.0,0,0.0,0,0,239.57,Active,0
305796,2026-06-30,2025-03-09,41,36462.71,North,Web,16,7.0,1,115.78,1,1,74.33,At Risk,1
305201,2026-06-30,2024-04-30,39,47372.28,North,Web,26,7.0,1,0.0,0,0,151.8,Loyal,0
303422,2026-06-30,2024-09-13,44,117662.01,Budapest,Web,22,9.0,2,119.35,0,0,227.52,Loyal,0
300387,2026-06-30,2024-05-07,53,57749.82,West,Web,26,9.0,2,160.11,0,0,200.26,Active,0
301629,2026-06-30,2025-01-30,45,33568.31,West,Store,17,8.0,1,78.0,0,0,203.12,Active,0
303586,2026-06-30,2024-09-09,51,35440.66,Budapest,Mobile,22,6.0,1,108.44,0,0,172.9,Active,0
306069,2026-06-30,2024-03-26,45,32998.65,Budapest,Mobile,27,2.0,0,28.53,0,0,213.31,Active,0
302715,2026-06-30,2024-11-26,22,35639.69,East,Mobile,19,7.0,2,159.34,0,0,191.13,Active,0
305881,2026-06-30,2024-06-09,54,24991.64,Budapest,Mobile,25,5.0,1,72.08,0,0,168.95,Active,0
307124,2026-06-30,2025-12-06,40,107706.91,East,Web,7,,3,162.25,0,0,168.58,Active,0
308470,2026-06-30,2024-02-06,58,31296.38,Budapest,Web,29,10.0,2,142.14,0,0,215.33,Active,0
303190,2026-06-30,2024-10-13,18,44672.05,South,Mobile,21,11.0,2,136.93,1,0,168.58,Active,0
308495,2026-06-30,2025-08-28,29,20161.49,West,Web,10,8.0,5,120.23,1,1,0.0,At Risk,1
304306,2026-06-30,2025-09-15,21,20611.18,North,Web,9,12.0,3,118.75,0,0,228.91,Loyal,0
300910,2026-06-30,2024-11-06,49,29971.31,North,Web,20,7.0,3,161.58,0,0,225.22,Active,0
305386,2026-06-30,2025-07-19,43,69088.57,Budapest,Store,11,10.0,2,94.44,0,0,270.78,Active,0
307553,2026-06-30,2024-04-02,38,48672.65,Budapest,Web,27,6.0,2,32.8,0,0,199.2,Active,0
301867,2026-06-30,2024-05-27,28,16815.95,Budapest,Web,25,6.0,0,15.21,0,0,183.65,Active,0
301843,2026-06-30,2025-11-22,30,67494.86,North,Web,7,4.0,1,28.1,0,0,240.87,Loyal,0
302498,2026-06-30,2025-01-03,38,30585.67,South,Web,18,11.0,2,72.7,0,0,241.52,Active,0
308767,2026-06-30,2024-03-05,44,41740.21,West,Web,28,11.0,1,77.07,0,0,235.98,Active,0
306479,2026-06-30,2024-01-20,34,41630.55,East,Mobile,29,3.0,3,248.9,0,0,189.54,Loyal,0
306333,2026-06-30,2025-11-19,22,69042.03,North,Web,7,4.0,0,0.0,0,0,144.14,Loyal,0
305055,2026-06-30,2025-02-28,44,27318.39,East,Mobile,16,10.0,0,21.21,0,0,202.08,Loyal,0
304007,2026-06-30,2024-01-07,20,75167.11,East,Mobile,30,9.0,2,101.63,0,0,156.79,Active,0
302703,2026-06-30,2024-11-07,32,65604.37,East,Web,20,8.0,1,78.85,0,0,212.39,Active,0
303450,2026-06-30,2025-06-12,49,25762.57,Budapest,Web,13,9.0,2,146.43,0,0,226.54,Active,0
300332,2026-06-30,2024-11-02,50,48096.67,West,Mobile,20,11.0,0,31.52,0,1,133.61,Active,0
305858,2026-06-30,2024-06-30,34,23880.05,Budapest,Web,24,10.0,1,0.0,0,0,207.69,Active,0
308086,2026-06-30,2025-08-25,69,32305.08,West,Store,10,3.0,1,36.22,0,0,154.85,Loyal,0
306682,2026-06-30,2024-03-30,30,47365.84,West,Mobile,27,11.0,3,14.12,0,0,134.66,Active,0
305886,2026-06-30,2024-05-23,55,59816.34,West,Web,25,9.0,1,8.29,0,0,253.64,Active,0
302460,2026-06-30,2024-05-31,38,30904.72,Budapest,Web,25,10.0,2,116.46,1,0,199.85,Active,0
301775,2026-06-30,2024-09-15,28,15300.25,Budapest,Web,21,5.0,2,137.91,0,0,253.73,Active,0
306226,2026-06-30,2025-01-16,53,20661.51,South,Web,17,12.0,2,158.16,0,0,168.56,Active,0
307597,2026-06-30,2024-12-24,27,16723.26,West,Mobile,18,4.0,3,140.13,0,0,141.77,Active,0
302687,2026-06-30,2025-05-27,43,28456.01,South,Web,13,11.0,1,67.63,0,0,180.82,Active,0
308306,2026-06-30,2024-10-25,26,37141.67,West,Mobile,20,10.0,3,150.36,0,0,191.38,Active,0
308112,2026-06-30,2024-09-27,64,80586.16,East,Store,21,3.0,0,32.77,1,1,62.31,At Risk,1
306604,2026-06-30,2024-01-08,39,28290.26,North,Store,30,6.0,3,252.77,0,0,179.26,Loyal,0
306975,2026-06-30,2024-03-05,56,77649.35,West,Web,28,9.0,2,132.64,0,0,206.6,Active,0
307348,2026-06-30,2025-11-10,50,27268.16,East,Web,8,11.0,2,81.92,0,0,150.28,Active,0
307762,2026-06-30,2024-11-20,29,45473.57,West,Mobile,19,11.0,1,87.33,0,0,205.62,Active,0
307633,2026-06-30,2024-11-02,49,51379.61,South,Web,20,7.0,3,318.25,0,0,301.05,Loyal,0
307135,2026-06-30,2024-06-29,41,33140.46,East,Web,24,7.0,1,67.89,0,0,255.2,Loyal,0
307518,2026-06-30,2025-11-11,36,25612.49,Budapest,Web,8,7.0,1,61.67,0,0,108.83,Loyal,0
305463,2026-06-30,2025-02-12,43,42037.22,West,Store,17,11.0,4,254.33,0,1,201.67,Loyal,0
300174,2026-06-30,2025-03-15,30,,East,Web,16,8.0,2,109.77,1,1,0.0,At Risk,1
306809,2026-06-30,2025-01-18,34,38999.17,South,Mobile,17,11.0,2,87.33,1,0,231.15,Active,0
304616,2026-06-30,2025-04-19,45,23554.96,Budapest,Store,14,12.0,5,220.37,1,0,141.76,Active,0
303322,2026-06-30,2025-12-30,43,43085.22,East,Web,6,11.0,0,0.0,0,0,174.93,Loyal,0
307345,2026-06-30,2024-02-06,29,15000.0,East,Mobile,29,13.0,4,298.42,1,1,73.02,At Risk,1
303373,2026-06-30,2024-03-19,44,41922.03,East,Web,27,12.0,0,0.0,0,0,241.23,Active,0
303312,2026-06-30,2024-04-28,30,33874.12,West,Web,26,12.0,1,62.45,0,0,221.88,Active,0
307255,2026-06-30,2024-05-19,65,44929.7,North,Mobile,25,16.0,1,47.27,0,0,166.28,Loyal,0
306216,2026-06-30,2025-02-02,54,,East,Web,17,5.0,0,45.72,0,1,13.31,At Risk,1
307826,2026-06-30,2025-10-22,46,25765.47,North,Mobile,8,5.0,1,35.54,0,0,281.57,Active,0
307523,2026-06-30,2025-11-08,42,59060.27,Budapest,Mobile,8,5.0,1,83.01,0,0,175.13,Active,0
304680,2026-06-30,2024-08-31,25,23352.52,West,Mobile,22,9.0,2,189.22,0,0,212.68,Active,0
303404,2026-06-30,2024-08-11,32,33675.22,North,Web,23,8.0,2,201.06,0,0,241.37,Active,0
300019,2026-06-30,2025-05-24,64,85051.99,East,Mobile,13,7.0,3,308.05,0,0,228.29,Active,0
303692,2026-06-30,2025-04-04,48,24961.98,Budapest,Mobile,15,6.0,2,105.41,0,0,151.95,Loyal,0
307546,2026-06-30,2024-02-14,34,27975.17,Budapest,Mobile,28,7.0,1,31.9,0,0,171.21,Active,0
304097,2026-06-30,2024-06-30,20,64949.53,Budapest,Web,24,5.0,1,0.0,0,0,197.06,Active,0
303629,2026-06-30,2024-12-19,69,24117.49,Budapest,Mobile,18,6.0,0,0.0,0,1,16.48,At Risk,1
307905,2026-06-30,2024-08-01,39,42233.33,Budapest,Web,23,6.0,0,0.0,0,0,159.27,Active,0
302175,2026-06-30,2025-01-20,65,32828.2,Budapest,Web,17,8.0,3,188.82,0,0,269.81,Active,0
301357,2026-06-30,2025-10-26,25,47467.11,West,Web,8,10.0,2,164.96,0,0,172.58,Active,0
305003,2026-06-30,2024-01-05,29,23250.43,South,Mobile,30,10.0,1,34.05,0,0,250.76,Active,0
306054,2026-06-30,2025-09-12,57,19718.21,Budapest,Web,10,8.0,2,153.52,1,0,64.72,At Risk,1
308635,2026-06-30,2024-07-01,59,30733.97,West,Mobile,24,9.0,1,59.39,0,0,180.5,Active,0
305671,2026-06-30,2024-08-07,27,29739.22,Budapest,Store,23,11.0,2,90.85,0,0,277.35,Active,0
303113,2026-06-30,2024-03-31,47,35489.09,Budapest,Web,27,6.0,2,87.57,0,0,262.01,Loyal,0
300183,2026-06-30,2024-07-10,33,50843.58,East,Store,24,8.0,2,125.44,0,1,0.0,At Risk,1
307800,2026-06-30,2024-01-08,62,36182.52,South,Store,30,8.0,5,495.88,0,0,194.48,Loyal,0
307898,2026-06-30,2024-01-20,21,22850.89,West,Mobile,29,4.0,2,152.29,0,0,284.43,Active,0
301813,2026-06-30,2024-10-12,38,36265.97,Budapest,Web,21,10.0,1,108.82,0,0,195.88,Active,0
308451,2026-06-30,2025-08-24,21,27919.23,North,Web,10,3.0,1,58.64,0,0,180.64,Active,0
307134,2026-06-30,2025-03-04,37,27050.48,West,Web,16,7.0,2,145.11,0,0,309.2,Loyal,0
304913,2026-06-30,2025-11-20,49,21898.17,North,Mobile,7,9.0,2,121.7,0,0,239.61,Active,0
305669,2026-06-30,2024-11-22,37,37479.11,South,Mobile,19,5.0,0,0.0,0,0,232.08,Active,0
307337,2026-06-30,2025-08-10,48,23117.68,North,Web,11,7.0,2,136.63,0,0,247.44,Active,0
301801,2026-06-30,2025-02-02,45,33866.73,Budapest,Web,17,3.0,1,20.61,0,0,219.9,Active,0
302430,2026-06-30,2024-03-12,45,31996.43,East,Mobile,28,15.0,0,0.0,0,0,160.28,Active,0
305483,2026-06-30,2024-04-21,46,31114.22,East,Web,26,8.0,0,58.05,0,0,186.28,Active,0
307710,2026-06-30,2024-04-25,36,35162.08,Budapest,Web,26,8.0,2,175.99,0,0,247.01,Active,0
306148,2026-06-30,2024-09-30,36,40469.41,Budapest,Web,21,7.0,0,0.0,0,0,175.16,Loyal,0
301969,2026-06-30,2024-02-07,44,35868.19,West,Web,29,12.0,4,298.69,0,0,251.02,Active,0
307915,2026-06-30,2024-04-26,39,22499.0,North,Web,26,7.0,0,19.26,0,0,201.04,Loyal,0
306663,2026-06-30,2024-06-12,18,19154.55,West,Web,25,8.0,3,248.57,0,0,208.11,Active,0
306175,2026-06-30,2025-02-03,55,26004.79,West,Mobile,17,5.0,0,2.4,0,0,216.39,Active,0
304988,2026-06-30,2025-07-01,50,28405.3,East,Web,12,8.0,2,105.33,0,0,143.34,Active,0
308866,2026-06-30,2025-12-13,36,43203.79,East,Web,7,4.0,0,8.3,0,0,174.0,Active,0
304651,2026-06-30,2024-04-09,53,85398.56,Budapest,Mobile,27,6.0,2,152.59,0,0,266.78,Loyal,0
301160,2026-06-30,2025-12-16,46,20585.77,Budapest,Mobile,6,12.0,3,184.19,0,0,243.29,Active,0
301214,2026-06-30,2025-02-04,40,74819.63,East,Mobile,17,10.0,2,107.6,0,0,143.12,Loyal,0
307342,2026-06-30,2025-10-01,29,34147.5,North,Web,9,7.0,3,239.34,0,0,213.1,Loyal,0
301326,2026-06-30,2025-11-03,42,20045.08,North,Web,8,7.0,2,104.75,0,0,256.02,Active,0
306149,2026-06-30,2024-04-25,33,28491.56,East,Web,26,12.0,1,62.7,0,0,196.91,Active,0
306212,2026-06-30,2024-07-15,33,22312.04,North,Web,23,6.0,1,59.05,0,0,188.42,Active,0
304797,2026-06-30,2025-04-24,37,41249.17,West,Store,14,7.0,2,201.17,0,0,171.71,Active,0
301456,2026-06-30,2025-06-08,64,30743.29,North,Mobile,13,4.0,3,264.08,0,0,186.63,Active,0
305411,2026-06-30,2024-04-01,49,23244.08,Budapest,Web,27,10.0,1,79.07,0,1,265.64,Active,0
308314,2026-06-30,2024-06-19,47,43840.09,Budapest,Web,24,11.0,0,0.0,0,0,140.32,Active,0
307110,2026-06-30,2025-01-31,34,56548.66,South,Web,17,8.0,0,0.0,0,0,219.78,Active,0
304963,2026-06-30,2024-05-26,45,17274.92,East,Web,25,8.0,4,243.13,0,0,134.45,Loyal,0
307641,2026-06-30,2024-06-09,41,43970.79,West,Mobile,25,12.0,1,96.5,0,0,193.72,Active,0
301645,2026-06-30,2025-10-11,53,23528.71,West,Store,9,7.0,0,0.0,0,0,144.86,Active,0
302141,2026-06-30,2024-01-16,52,23923.66,East,Mobile,29,9.0,2,102.78,0,0,255.92,Loyal,0
304537,2026-06-30,2025-12-25,26,67363.55,Budapest,Mobile,6,9.0,2,159.27,0,0,259.72,Active,0
304458,2026-06-30,2025-03-02,38,59806.34,Budapest,Web,16,3.0,2,100.83,0,0,180.59,Active,0
308068,2026-06-30,2024-12-10,40,15723.34,Budapest,Web,19,9.0,1,59.86,0,0,233.64,Active,0
305587,2026-06-30,2025-11-22,58,26098.86,Budapest,Web,7,5.0,3,318.28,1,1,102.85,At Risk,1
304379,2026-06-30,2025-12-30,42,60824.76,South,Web,6,2.0,1,23.06,0,0,160.73,Active,0
300730,2026-06-30,2024-06-09,37,57062.68,South,Mobile,25,9.0,2,130.59,0,0,168.27,Active,0
304358,2026-06-30,2025-07-16,42,45020.0,West,Web,11,10.0,1,74.6,0,0,210.28,Active,0
306350,2026-06-30,2025-11-10,22,15000.0,Budapest,Web,8,4.0,2,93.52,0,0,119.11,Active,0
301937,2026-06-30,2024-07-12,46,24268.89,West,Web,24,9.0,1,44.48,0,0,177.69,Active,0
303794,2026-06-30,2024-06-25,46,20658.13,East,Web,24,9.0,1,104.53,1,0,115.1,At Risk,1
303737,2026-06-30,2025-04-04,41,21196.63,Budapest,Web,15,4.0,2,129.92,0,0,246.71,Active,0
302262,2026-06-30,2024-04-17,43,103672.79,West,Mobile,26,9.0,0,0.0,0,0,138.79,Active,0
307136,2026-06-30,2025-11-06,45,70224.0,Budapest,Web,8,6.0,2,150.01,0,0,179.93,Loyal,0
301111,2026-06-30,2025-06-29,49,24937.3,Budapest,Web,12,13.0,2,186.01,0,0,215.01,Active,0
308115,2026-06-30,2025-03-06,36,41734.77,South,Store,16,10.0,2,103.75,0,0,218.34,Active,0
305481,2026-06-30,2025-01-12,53,33029.22,South,Store,18,7.0,2,139.81,0,0,185.56,Active,0
302999,2026-06-30,2025-10-28,30,46060.23,West,Mobile,8,8.0,2,66.33,0,0,211.69,Active,0
302395,2026-06-30,2025-04-23,33,44030.96,West,Web,14,7.0,1,37.66,0,0,220.48,Active,0
301186,2026-06-30,2024-09-30,32,33613.72,East,Mobile,21,9.0,0,0.0,0,0,193.21,Loyal,0
302008,2026-06-30,2025-06-26,44,62806.12,Budapest,Web,12,14.0,2,5.99,0,0,153.18,Active,0
300194,2026-06-30,2024-06-01,32,45188.48,Budapest,Mobile,25,9.0,0,0.0,0,0,151.97,Active,0
305612,2026-06-30,2024-06-24,18,24711.57,East,Web,24,,5,279.62,0,0,197.57,Active,0
307979,2026-06-30,2025-03-28,31,32477.0,South,Store,15,4.0,0,0.0,0,0,164.59,Loyal,0
300579,2026-06-30,2024-06-13,37,23309.61,East,Mobile,25,8.0,1,105.82,0,0,203.79,Active,0
305526,2026-06-30,2025-07-16,41,,Budapest,Web,11,7.0,0,0.0,0,0,255.86,Active,0
300772,2026-06-30,2024-01-13,63,34681.59,Budapest,Web,30,8.0,2,254.86,0,0,209.75,Loyal,0
302396,2026-06-30,2025-02-06,41,20928.08,South,Store,17,5.0,2,119.49,0,0,243.93,Active,0
301479,2026-06-30,2025-05-08,37,72585.5,Budapest,Mobile,14,5.0,1,51.08,0,0,170.45,Active,0
301847,2026-06-30,2024-09-12,44,33550.66,Budapest,Mobile,22,12.0,2,156.17,0,0,179.05,Active,0
308271,2026-06-30,2024-11-11,38,25433.38,West,Mobile,20,11.0,1,40.98,0,0,171.55,Active,0
304275,2026-06-30,2024-08-02,44,68288.42,South,Web,23,8.0,1,34.24,0,0,237.39,Active,0
303741,2026-06-30,2025-09-03,63,53204.12,Budapest,Web,10,6.0,1,47.99,0,0,205.19,Active,0
304601,2026-06-30,2024-06-18,41,39455.72,Budapest,Web,24,12.0,1,25.05,1,0,151.81,Active,0
306417,2026-06-30,2025-11-10,51,60645.47,South,Mobile,8,6.0,1,23.44,0,0,195.13,Loyal,0
306650,2026-06-30,2024-10-25,40,22580.13,West,Mobile,20,10.0,1,49.07,0,0,240.48,Loyal,0
304916,2026-06-30,2024-02-14,18,15000.0,South,Mobile,28,10.0,1,12.25,0,0,208.54,Active,0
302074,2026-06-30,2025-02-02,57,37819.1,West,Mobile,17,8.0,2,108.62,0,0,243.51,Loyal,0
304755,2026-06-30,2024-04-13,35,48647.91,East,Mobile,27,3.0,1,85.06,0,0,250.91,Active,0
301897,2026-06-30,2025-09-02,30,15000.0,West,Mobile,10,7.0,3,272.85,0,0,197.04,Active,0
307356,2026-06-30,2024-04-13,31,25509.2,West,Web,27,12.0,1,82.37,0,0,209.11,Loyal,0
303660,2026-06-30,2025-10-18,47,74599.56,East,Store,8,9.0,2,113.39,0,0,290.04,Loyal,0
302380,2026-06-30,2024-02-24,34,,Budapest,Web,28,9.0,2,125.8,0,0,321.17,Active,0
301448,2026-06-30,2025-02-24,42,57175.78,Budapest,Web,16,10.0,2,142.69,0,0,196.22,Loyal,0
300343,2026-06-30,2025-01-20,50,23789.16,Budapest,Store,17,8.0,1,49.6,0,0,203.5,Loyal,0
305128,2026-06-30,2025-03-17,33,47779.0,Budapest,Web,15,8.0,1,39.05,0,0,221.12,Active,0
303137,2026-06-30,2024-11-11,34,25690.7,North,Web,20,7.0,1,67.3,0,0,247.41,Active,0
302528,2026-06-30,2025-05-24,50,16681.02,East,Mobile,13,11.0,3,242.36,1,0,206.83,Active,0
300728,2026-06-30,2024-01-27,19,28928.13,West,Web,29,10.0,1,66.5,0,0,218.87,Loyal,0
304578,2026-06-30,2025-09-25,40,32132.34,West,Web,9,6.0,0,0.0,0,0,242.78,Active,0
300977,2026-06-30,2024-07-07,39,26891.07,Budapest,Web,24,8.0,0,45.51,0,0,1.66,At Risk,1
307053,2026-06-30,2024-08-20,31,31405.5,South,Web,22,9.0,0,6.92,0,0,134.69,Active,0
305444,2026-06-30,2024-09-13,18,39584.0,Budapest,Web,22,5.0,0,0.0,0,0,219.31,Active,0
303517,2026-06-30,2025-01-06,48,40761.64,East,Mobile,18,4.0,1,31.9,0,0,163.65,Active,0
306536,2026-06-30,2024-01-28,39,90453.61,East,Web,29,8.0,1,113.54,1,0,141.24,Active,0
308896,2026-06-30,2024-05-03,27,22588.84,Budapest,Web,26,4.0,1,28.85,0,0,123.03,Loyal,0
303941,2026-06-30,2025-05-30,53,26108.24,West,Mobile,13,3.0,2,134.1,0,0,91.87,Active,0
301300,2026-06-30,2025-11-18,26,17013.86,North,Store,7,6.0,3,135.96,0,0,250.15,Active,0
308874,2026-06-30,2025-12-09,47,30970.17,South,Web,7,6.0,2,177.9,0,0,216.3,Active,0
301349,2026-06-30,2024-08-04,54,22269.48,South,Mobile,23,9.0,3,232.37,0,0,251.94,Active,0
300661,2026-06-30,2025-08-01,43,73390.0,South,Mobile,11,9.0,3,157.09,0,0,151.81,Loyal,0
301493,2026-06-30,2025-06-23,43,25919.4,West,Store,12,3.0,1,38.45,0,0,149.47,Active,0
306964,2026-06-30,2025-04-23,24,36192.45,Budapest,Mobile,14,11.0,1,58.02,0,0,158.9,Active,0
308032,2026-06-30,2024-12-15,38,26618.44,East,Mobile,18,7.0,2,212.47,0,0,266.24,Active,0
308098,2026-06-30,2025-09-30,43,58827.75,East,Web,9,7.0,2,88.1,0,0,228.98,Loyal,0
305155,2026-06-30,2025-10-25,56,56801.11,Budapest,Web,8,9.0,0,0.0,0,0,198.78,Active,0
302316,2026-06-30,2025-06-06,32,26279.45,South,Mobile,13,7.0,1,74.67,0,1,242.79,Active,0
308735,2026-06-30,2025-08-17,46,16479.24,Budapest,Web,10,6.0,0,26.79,0,0,240.58,Active,0
308702,2026-06-30,2024-09-11,41,19321.22,East,Web,22,11.0,1,100.38,1,1,20.06,At Risk,1
301086,2026-06-30,2024-04-04,41,24708.14,Budapest,Web,27,14.0,3,97.61,0,0,261.68,Active,0
302525,2026-06-30,2025-05-25,49,43776.91,East,Web,13,14.0,2,133.69,0,0,206.36,Loyal,0
307634,2026-06-30,2024-05-06,38,28146.12,Budapest,Web,26,12.0,2,201.79,0,0,192.87,Active,0
305375,2026-06-30,2025-02-26,56,41440.85,East,Web,16,6.0,0,0.0,0,0,205.44,Active,0
303199,2026-06-30,2024-08-20,37,39764.96,South,Web,22,11.0,1,74.36,0,0,208.16,Active,0
305752,2026-06-30,2025-08-31,18,20946.12,Budapest,Web,10,9.0,2,194.13,1,0,117.05,Active,0
306770,2026-06-30,2025-09-02,58,37545.59,South,Web,10,6.0,2,105.72,0,0,170.95,Loyal,0
305718,2026-06-30,2025-02-04,50,33342.86,Budapest,Web,17,4.0,3,195.73,0,0,244.36,Active,0
306786,2026-06-30,2024-08-22,24,40391.16,Budapest,Mobile,22,7.0,1,71.56,0,0,142.72,Loyal,0
300068,2026-06-30,2025-03-22,44,21466.64,East,Web,15,11.0,0,0.0,0,0,239.1,Active,0
307937,2026-06-30,2024-06-14,46,58385.03,West,Store,25,5.0,0,0.0,0,0,263.55,Active,0
302270,2026-06-30,2025-10-30,49,48100.55,North,Web,8,8.0,1,36.58,0,0,188.26,Active,0
307061,2026-06-30,2025-06-28,37,31043.92,North,Web,12,5.0,1,76.67,0,0,197.21,Loyal,0
308844,2026-06-30,2024-09-09,18,61741.97,East,Mobile,22,6.0,1,85.27,0,0,175.76,Active,0
307866,2026-06-30,2025-06-22,31,15000.0,Budapest,Web,12,5.0,0,0.0,0,0,130.96,Active,0
304917,2026-06-30,2025-01-20,18,40832.15,East,Mobile,17,11.0,3,167.16,0,0,240.09,Active,0
305323,2026-06-30,2024-08-05,62,44559.28,South,Store,23,5.0,0,0.0,0,0,192.64,Active,0
307943,2026-06-30,2025-11-03,41,42444.47,East,Mobile,8,5.0,1,70.43,0,0,299.24,Active,0
303448,2026-06-30,2025-05-18,38,88257.64,Budapest,Store,13,5.0,3,116.4,0,0,212.82,Active,0
302368,2026-06-30,2025-12-26,45,16398.74,South,Mobile,6,10.0,2,20.17,0,0,136.94,Loyal,0
305931,2026-06-30,2025-04-07,41,119214.12,West,Web,15,13.0,0,0.0,0,0,185.24,Active,0
306684,2026-06-30,2025-09-21,52,49979.72,Budapest,Mobile,9,6.0,0,0.0,0,0,199.69,Loyal,0
302513,2026-06-30,2025-07-31,51,28575.38,South,Web,11,6.0,0,0.0,0,0,178.58,Active,0
302724,2026-06-30,2024-08-01,31,,West,Web,23,7.0,1,52.59,0,0,205.07,Active,0
308895,2026-06-30,2024-05-13,36,30573.22,North,Mobile,26,11.0,2,118.37,0,0,200.93,Loyal,0
307587,2026-06-30,2024-10-25,37,77184.33,East,Web,20,6.0,2,71.96,0,0,168.78,Active,0
301144,2026-06-30,2024-04-09,33,24918.15,West,Web,27,3.0,1,0.0,0,0,137.2,Active,0
308847,2026-06-30,2024-08-27,60,40780.06,Budapest,Web,22,8.0,1,127.96,0,0,213.93,Active,0
306881,2026-06-30,2024-01-23,35,34177.85,West,Mobile,29,7.0,1,54.94,0,1,159.27,Loyal,0
306873,2026-06-30,2025-11-29,22,15758.63,West,Store,7,6.0,2,98.98,1,0,209.52,Active,0
308373,2026-06-30,2025-11-15,53,53097.31,Budapest,Web,7,5.0,1,82.13,0,1,93.55,Active,0
304729,2026-06-30,2025-09-08,45,18899.02,Budapest,Store,10,2.0,2,122.31,0,0,360.98,Active,0
305495,2026-06-30,2025-05-18,35,27978.11,South,Mobile,13,9.0,3,10.53,0,0,163.16,Active,0
305756,2026-06-30,2024-02-02,60,25088.66,Budapest,Mobile,29,7.0,0,0.0,0,0,222.62,Active,0
306195,2026-06-30,2024-01-09,45,51197.3,East,Mobile,30,2.0,1,84.7,0,0,195.22,Active,0
303790,2026-06-30,2024-06-17,35,19414.85,Budapest,Mobile,24,6.0,1,10.83,0,0,164.27,Active,0
302221,2026-06-30,2025-11-21,38,34085.16,West,Mobile,7,8.0,0,2.55,0,0,188.13,Active,0
305076,2026-06-30,2025-05-07,35,104605.59,South,Web,14,10.0,2,102.8,0,0,154.3,Active,0
302332,2026-06-30,2025-09-18,39,30302.62,South,Web,9,7.0,2,78.87,0,0,235.78,Loyal,0
305395,2026-06-30,2025-07-12,44,68580.02,Budapest,Web,12,8.0,0,52.7,0,0,148.77,Active,0
306089,2026-06-30,2025-06-25,49,31783.63,Budapest,Web,12,6.0,1,47.47,0,0,234.49,Active,0
306608,2026-06-30,2024-09-15,49,61847.39,South,Web,21,11.0,1,0.0,0,0,200.62,Active,0
308484,2026-06-30,2025-12-21,38,21420.4,East,Web,6,6.0,4,183.59,0,0,248.02,Active,0
304089,2026-06-30,2025-06-20,53,45924.49,East,Web,12,11.0,1,32.64,0,0,325.45,Active,0
301968,2026-06-30,2025-09-15,50,39407.51,North,Store,9,6.0,1,102.22,0,0,142.67,Active,0
308135,2026-06-30,2024-06-29,47,67999.89,South,Web,24,,1,10.35,0,0,167.02,Active,0
308074,2026-06-30,2025-08-10,34,64627.5,South,Mobile,11,3.0,0,17.03,0,1,162.09,Loyal,0
308710,2026-06-30,2025-04-19,52,52742.93,North,Web,14,8.0,3,198.49,0,0,231.74,Active,0
304366,2026-06-30,2025-01-24,51,25598.52,Budapest,Mobile,17,7.0,2,164.42,0,0,256.55,Loyal,0
300424,2026-06-30,2024-01-29,44,36089.25,Budapest,Web,29,12.0,2,88.46,0,0,236.25,Loyal,0
300281,2026-06-30,2025-03-24,37,20567.62,Budapest,Mobile,15,10.0,1,4.26,0,0,120.45,Active,0
301905,2026-06-30,2024-03-17,44,24975.09,South,Web,27,4.0,2,143.11,0,0,248.31,Active,0
300596,2026-06-30,2025-08-09,47,66922.25,Budapest,Web,11,6.0,2,48.4,0,0,261.04,Active,0
307397,2026-06-30,2024-12-26,21,109632.78,East,Web,18,10.0,2,85.33,1,1,202.7,Active,0
303918,2026-06-30,2025-06-13,46,37069.82,East,Mobile,13,9.0,0,77.53,0,0,240.69,Active,0
305662,2026-06-30,2025-08-30,55,33315.86,East,Web,10,9.0,1,65.6,1,1,209.93,Active,0
305779,2026-06-30,2024-05-21,43,78530.26,North,Mobile,25,7.0,4,262.49,0,0,189.5,Active,0
303619,2026-06-30,2025-12-02,42,49795.41,South,Mobile,7,5.0,1,99.27,0,0,259.19,Active,0
300840,2026-06-30,2024-04-06,47,35278.59,Budapest,Web,27,10.0,1,42.53,0,0,230.15,Active,0
304597,2026-06-30,2024-12-16,33,63082.73,South,Mobile,18,5.0,0,0.0,0,1,141.28,Loyal,0
306138,2026-06-30,2025-01-15,45,41895.82,Budapest,Web,17,10.0,0,7.05,0,0,136.84,Active,0
300142,2026-06-30,2025-07-18,21,49309.77,South,Mobile,11,5.0,1,49.58,0,0,170.82,Active,0
302598,2026-06-30,2025-09-10,27,38422.44,Budapest,Mobile,10,10.0,3,243.72,0,0,244.14,Loyal,0
301378,2026-06-30,2024-12-12,45,31717.47,South,Store,19,8.0,2,241.0,0,0,270.4,Active,0
303675,2026-06-30,2025-03-24,45,79211.0,South,Web,15,8.0,1,54.13,1,0,109.42,Active,0
307766,2026-06-30,2025-04-12,34,34493.84,North,Web,15,13.0,0,5.92,0,0,239.77,Active,0
308994,2026-06-30,2024-03-15,49,25130.31,Budapest,Web,27,14.0,2,144.77,0,0,214.55,Active,0
304742,2026-06-30,2024-01-29,42,21957.93,West,Web,29,6.0,2,133.76,0,0,160.78,Active,0
303809,2026-06-30,2024-08-26,48,35353.74,North,Web,22,5.0,1,113.55,0,0,142.53,Loyal,0
301139,2026-06-30,2024-06-14,44,56203.44,East,Web,25,4.0,0,0.0,0,0,170.38,Active,0
302258,2026-06-30,2024-09-15,56,23554.73,West,Web,21,7.0,0,58.88,0,0,180.51,Loyal,0
306450,2026-06-30,2024-01-15,29,15879.03,West,Web,29,12.0,0,0.0,0,0,157.08,Loyal,0
301788,2026-06-30,2025-11-02,51,21800.61,South,Web,8,12.0,1,82.05,0,0,272.68,Active,0
303939,2026-06-30,2025-06-21,46,21708.18,East,Mobile,12,5.0,1,46.34,1,1,17.37,At Risk,1
306475,2026-06-30,2025-11-10,39,43356.91,West,Web,8,7.0,0,15.79,1,0,248.49,Active,0
304647,2026-06-30,2025-04-06,46,29268.68,West,Mobile,15,7.0,2,90.4,0,0,123.31,Loyal,0
300460,2026-06-30,2024-10-30,38,21999.18,East,Web,20,5.0,5,521.95,0,0,240.15,Active,0
308670,2026-06-30,2025-12-11,44,78080.34,South,Web,7,8.0,1,65.82,0,0,143.99,Active,0
300949,2026-06-30,2025-04-20,25,50542.82,South,Web,14,4.0,0,0.0,0,0,151.56,Active,0
303701,2026-06-30,2025-04-15,45,66690.2,Budapest,Web,14,6.0,0,14.12,0,0,201.47,Loyal,0
301337,2026-06-30,2025-01-21,34,85649.99,Budapest,Web,17,7.0,0,11.28,0,0,165.92,Loyal,0
304629,2026-06-30,2024-03-18,21,37796.74,Budapest,Mobile,27,8.0,1,60.32,1,1,31.64,At Risk,1
307950,2026-06-30,2024-09-10,43,64927.03,North,Web,22,9.0,1,70.35,0,0,229.41,Loyal,0
301603,2026-06-30,2024-12-02,42,28245.91,North,Mobile,19,8.0,1,83.13,1,0,148.99,Active,0
302239,2026-06-30,2024-03-22,65,25484.9,West,Store,27,5.0,1,31.55,0,0,205.18,Active,0
300640,2026-06-30,2025-07-20,48,63416.94,West,Mobile,11,5.0,1,79.81,0,0,244.9,Loyal,0
308926,2026-06-30,2024-07-18,36,43243.47,South,Web,23,12.0,0,0.0,0,0,191.16,Loyal,0
303831,2026-06-30,2024-03-26,25,25928.36,West,Mobile,27,9.0,4,237.04,0,1,214.34,Active,0
308539,2026-06-30,2025-03-09,35,26029.77,West,Mobile,16,5.0,1,72.74,0,0,227.41,Active,0
308608,2026-06-30,2025-06-07,63,47191.97,Budapest,Mobile,13,8.0,0,28.85,0,0,219.37,Active,0
308217,2026-06-30,2024-09-04,50,61154.38,East,Mobile,22,6.0,2,143.51,0,0,198.76,Loyal,0
306912,2026-06-30,2025-11-26,39,17460.66,South,Mobile,7,13.0,2,111.58,0,0,181.13,Active,0
301959,2026-06-30,2025-02-10,63,46697.38,East,Web,17,11.0,2,171.75,0,0,186.34,Loyal,0
301071,2026-06-30,2024-03-24,34,34620.11,Budapest,Web,27,6.0,1,108.62,0,0,182.36,Loyal,0
300156,2026-06-30,2024-11-11,43,26239.45,West,Web,20,4.0,3,215.36,0,0,322.23,Active,0
302296,2026-06-30,2024-01-01,53,18494.53,South,Web,30,8.0,2,84.47,0,0,216.79,Loyal,0
308967,2026-06-30,2024-05-10,39,27399.21,South,Store,26,4.0,0,0.0,0,0,348.02,Active,0
304579,2026-06-30,2024-10-06,22,15000.0,East,Web,21,11.0,2,106.88,0,0,154.18,Loyal,0
301090,2026-06-30,2025-08-02,54,16954.11,West,Web,11,6.0,1,97.47,0,0,161.39,Active,0
302941,2026-06-30,2025-03-15,52,41317.72,Budapest,Web,16,7.0,3,164.44,0,0,124.24,Active,0
300724,2026-06-30,2024-07-12,38,40618.3,East,Web,24,9.0,1,71.03,0,0,131.66,Active,0
304385,2026-06-30,2025-04-22,57,34629.8,East,Mobile,14,6.0,1,99.66,0,0,246.83,Active,0
300931,2026-06-30,2024-06-12,26,42615.04,South,Store,25,13.0,0,33.61,0,0,149.32,Loyal,0
302910,2026-06-30,2024-12-11,27,34904.4,Budapest,Mobile,19,8.0,1,0.88,0,0,207.71,Active,0
306433,2026-06-30,2024-11-23,33,77061.72,Budapest,Store,19,8.0,2,100.89,0,0,234.32,Loyal,0
300896,2026-06-30,2024-07-28,52,15000.0,North,Store,23,8.0,2,101.21,0,0,190.55,Active,0
303248,2026-06-30,2025-05-24,56,26942.31,South,Web,13,6.0,2,103.68,0,0,239.28,Loyal,0
302327,2026-06-30,2024-11-16,52,63928.86,South,Web,19,10.0,2,97.12,0,0,114.16,Active,0
307421,2026-06-30,2024-03-14,21,30361.64,Budapest,Web,28,,1,71.17,1,0,85.74,Active,0
307874,2026-06-30,2024-12-30,37,19996.06,Budapest,Mobile,18,5.0,1,59.93,0,0,138.95,Active,0
308162,2026-06-30,2025-09-17,33,29382.44,West,Mobile,9,11.0,2,127.58,0,0,218.74,Active,0
305039,2026-06-30,2025-06-19,36,29123.23,Budapest,Web,12,13.0,3,160.09,0,0,197.32,Active,0
304137,2026-06-30,2025-03-22,30,49929.48,Budapest,Web,15,7.0,0,29.42,0,0,147.55,Loyal,0
308400,2026-06-30,2024-08-11,18,20762.17,Budapest,Web,23,11.0,2,71.99,0,0,153.46,Loyal,0
301716,2026-06-30,2024-06-15,39,85456.93,Budapest,Web,24,6.0,4,392.1,0,0,297.05,Loyal,0
301699,2026-06-30,2025-03-11,26,112231.56,North,Store,16,10.0,2,154.58,0,0,230.1,Active,0
308808,2026-06-30,2025-04-11,35,68275.63,East,Mobile,15,8.0,1,48.34,1,0,268.63,Active,0
308677,2026-06-30,2025-07-04,43,15000.0,Budapest,Mobile,12,6.0,3,184.27,1,0,133.23,Loyal,0
308031,2026-06-30,2024-03-21,47,27036.21,East,Mobile,27,8.0,3,81.4,0,0,276.64,Active,0
306762,2026-06-30,2024-08-16,56,38051.12,West,Mobile,22,10.0,0,19.76,0,0,170.91,Loyal,0
303832,2026-06-30,2024-12-10,36,36971.21,South,Mobile,19,4.0,0,1.65,0,0,339.31,Loyal,0
303349,2026-06-30,2025-01-26,46,46512.77,Budapest,Web,17,3.0,2,147.07,0,0,188.82,Active,0
308650,2026-06-30,2025-03-21,28,57308.44,East,Mobile,15,5.0,1,8.19,0,0,151.95,Active,0
300986,2026-06-30,2024-11-25,36,25719.3,West,Store,19,8.0,2,86.29,0,0,230.02,Active,0
301822,2026-06-30,2024-04-25,30,18674.48,Budapest,Mobile,26,7.0,2,239.09,0,0,209.53,Loyal,0
304572,2026-06-30,2025-03-30,18,15000.0,Budapest,Mobile,15,5.0,2,184.75,0,0,128.35,Active,0
300588,2026-06-30,2024-02-14,35,27427.95,East,Mobile,28,6.0,4,245.04,0,0,184.81,Loyal,0
308867,2026-06-30,2025-03-09,43,26722.06,South,Web,16,7.0,2,93.56,0,0,255.49,Active,0
305078,2026-06-30,2024-01-09,49,23367.54,South,Web,30,6.0,0,4.92,0,0,200.95,Active,0
306380,2026-06-30,2025-01-23,39,36157.03,Budapest,Store,17,10.0,0,2.13,0,0,195.95,Active,0
306943,2026-06-30,2024-08-10,49,49453.03,East,Web,23,17.0,2,105.83,0,0,166.97,Loyal,0
308654,2026-06-30,2024-08-11,35,41739.56,Budapest,Web,23,3.0,0,0.0,0,0,164.19,Loyal,0
303557,2026-06-30,2024-08-24,54,36724.22,West,Mobile,22,6.0,0,0.0,0,0,215.83,Loyal,0
305484,2026-06-30,2024-11-28,35,90170.05,Budapest,Web,19,6.0,1,24.07,0,1,69.14,At Risk,1
306348,2026-06-30,2025-06-05,37,18141.54,East,Mobile,13,10.0,1,135.85,0,0,167.53,Active,0
306913,2026-06-30,2024-01-23,45,41736.63,West,Web,29,5.0,3,106.0,0,0,158.55,Loyal,0
305515,2026-06-30,2025-10-19,34,33366.9,Budapest,Web,8,5.0,0,0.0,0,0,230.41,Loyal,0
307922,2026-06-30,2025-11-10,44,20143.43,West,Mobile,8,7.0,0,25.33,1,0,244.77,Active,0
305554,2026-06-30,2025-05-29,49,37718.75,East,Mobile,13,9.0,1,125.67,0,0,264.19,Loyal,0
303558,2026-06-30,2025-07-02,46,33670.57,West,Web,12,5.0,2,199.34,0,0,242.68,Active,0
301396,2026-06-30,2024-01-24,28,47700.23,West,Mobile,29,8.0,2,128.69,1,0,380.1,Loyal,0
300265,2026-06-30,2024-01-26,51,22456.63,East,Store,29,4.0,3,246.23,0,0,264.13,Active,0
303548,2026-06-30,2024-08-23,35,27603.21,Budapest,Store,22,13.0,3,174.59,0,0,148.36,Active,0
308069,2026-06-30,2025-01-16,29,87145.3,West,Web,17,6.0,3,129.62,0,0,222.55,Active,0
303070,2026-06-30,2024-06-11,70,58272.61,Budapest,Mobile,25,12.0,2,274.12,0,0,180.7,Active,0
305026,2026-06-30,2024-11-14,48,32136.74,West,Web,19,10.0,5,388.73,1,0,235.41,Active,0
307106,2026-06-30,2024-06-28,42,24731.04,East,Store,24,6.0,2,76.85,0,0,231.63,Active,0
303865,2026-06-30,2025-04-05,45,31690.32,Budapest,Mobile,15,2.0,0,0.0,0,0,189.22,Loyal,0
308237,2026-06-30,2025-06-17,25,45076.94,Budapest,Mobile,12,7.0,2,104.76,0,0,269.78,Active,0
302401,2026-06-30,2025-03-22,31,35755.94,Budapest,Web,15,7.0,2,84.66,0,0,142.36,Active,0
307227,2026-06-30,2024-10-23,40,42894.24,West,Web,20,11.0,2,74.17,0,0,154.48,Loyal,0
303712,2026-06-30,2024-11-12,44,25957.08,South,Mobile,20,5.0,0,28.65,0,0,147.09,Active,0
300247,2026-06-30,2024-04-16,46,48550.62,East,Mobile,26,8.0,0,0.0,0,0,205.44,Loyal,0
301595,2026-06-30,2024-07-18,42,15964.14,Budapest,Mobile,23,5.0,0,45.66,0,0,188.39,Loyal,0
308800,2026-06-30,2024-01-16,34,48227.23,South,Web,29,9.0,3,221.43,0,0,295.35,Loyal,0
301530,2026-06-30,2024-12-12,40,25898.16,South,Mobile,19,10.0,2,135.77,0,0,197.03,Active,0
306761,2026-06-30,2024-10-14,42,53068.1,East,Web,20,7.0,0,0.0,1,0,194.56,Active,0
300924,2026-06-30,2024-02-08,56,68552.87,East,Mobile,29,6.0,0,53.29,0,0,283.49,Active,0
307844,2026-06-30,2024-12-02,45,44281.75,Budapest,Web,19,7.0,1,44.88,0,0,193.68,Loyal,0
304365,2026-06-30,2025-10-11,18,32606.08,Budapest,Web,9,5.0,1,23.06,0,0,169.09,Loyal,0
300670,2026-06-30,2025-01-11,56,125548.67,North,Web,18,3.0,1,1.62,0,0,272.22,Loyal,0
303605,2026-06-30,2024-12-10,40,54992.85,South,Web,19,5.0,3,115.62,0,0,225.96,Active,0
305109,2026-06-30,2025-10-13,43,,Budapest,Web,9,7.0,1,97.43,0,0,196.83,Active,0
301911,2026-06-30,2024-10-13,46,34649.77,West,Web,21,7.0,1,69.11,0,0,250.67,Active,0
308774,2026-06-30,2024-07-25,51,56512.08,South,Web,23,7.0,2,126.1,0,0,227.52,Active,0
305249,2026-06-30,2025-08-26,60,35417.16,North,Store,10,3.0,0,0.0,1,0,7.55,At Risk,1
303959,2026-06-30,2024-03-08,51,30331.37,Budapest,Web,28,7.0,1,73.19,0,0,233.36,Active,0
305644,2026-06-30,2025-12-13,27,36467.14,East,Store,7,11.0,2,39.46,0,0,204.64,Active,0
302697,2026-06-30,2024-03-02,58,23439.73,North,Web,28,10.0,3,103.71,0,0,142.25,Active,0
302592,2026-06-30,2024-01-21,53,28857.43,West,Store,29,11.0,1,108.59,0,0,155.42,Active,0
305907,2026-06-30,2025-08-04,50,41070.22,East,Store,11,11.0,1,67.77,0,0,228.45,Loyal,0
301782,2026-06-30,2025-03-19,40,47050.87,Budapest,Web,15,8.0,1,47.52,0,0,198.69,Active,0
303014,2026-06-30,2025-10-17,36,47602.32,Budapest,Store,8,5.0,2,120.58,0,0,219.13,Active,0
302308,2026-06-30,2025-07-06,39,44885.88,Budapest,Mobile,12,8.0,0,0.0,0,0,184.05,Active,0
308324,2026-06-30,2025-03-04,32,59841.6,Budapest,Mobile,16,9.0,3,144.48,0,0,248.33,Active,0
303691,2026-06-30,2025-01-02,42,28767.08,West,Web,18,10.0,1,48.19,0,0,203.16,Active,0
300688,2026-06-30,2024-02-03,47,38987.09,Budapest,Web,29,5.0,0,0.0,0,0,250.59,Active,0
300613,2026-06-30,2025-01-06,41,29802.94,West,Web,18,11.0,1,71.86,1,0,65.53,At Risk,1
307054,2026-06-30,2025-01-28,39,28778.87,East,Store,17,10.0,2,155.23,0,0,267.08,Loyal,0
303201,2026-06-30,2025-05-30,27,50838.87,South,Mobile,13,2.0,0,25.87,1,1,34.98,At Risk,1
302268,2026-06-30,2025-10-31,31,19561.13,East,Web,8,5.0,3,161.98,0,0,116.97,Loyal,0
308890,2026-06-30,2024-11-25,46,39341.75,Budapest,Mobile,19,8.0,1,128.72,0,0,258.03,Active,0
307592,2026-06-30,2024-03-15,50,123815.58,East,Mobile,27,6.0,1,63.19,0,0,224.65,Active,0
301899,2026-06-30,2024-08-20,21,29341.92,West,Web,22,10.0,1,17.18,0,0,182.69,Active,0
308661,2026-06-30,2024-01-30,44,67596.28,North,Mobile,29,6.0,2,160.09,0,0,171.56,Active,0
308438,2026-06-30,2024-02-20,53,32275.09,Budapest,Web,28,7.0,0,2.21,0,0,148.12,Active,0
300259,2026-06-30,2024-07-13,22,18101.98,Budapest,Store,24,8.0,2,65.39,0,0,213.42,Active,0
302925,2026-06-30,2024-01-07,28,49404.11,Budapest,Web,30,5.0,3,285.29,0,0,250.42,Active,0
304944,2026-06-30,2024-12-20,60,31021.18,East,Web,18,9.0,2,134.06,0,0,174.1,Active,0
302823,2026-06-30,2025-10-14,46,15000.0,East,Store,9,12.0,2,165.08,0,0,217.22,Loyal,0
303340,2026-06-30,2025-09-08,45,33631.02,East,Mobile,10,3.0,0,0.06,0,0,283.82,Active,0
303526,2026-06-30,2024-02-19,25,42289.89,East,Web,28,7.0,2,42.7,0,0,185.27,Loyal,0
304564,2026-06-30,2024-11-04,68,47292.84,Budapest,Store,20,5.0,3,273.57,0,0,186.23,Active,0
305330,2026-06-30,2025-04-06,45,46384.75,South,Web,15,6.0,0,59.3,0,0,196.4,Loyal,0
305224,2026-06-30,2025-12-20,50,23303.03,South,Web,6,6.0,2,116.88,0,0,201.03,Loyal,0
302286,2026-06-30,2024-11-23,29,16393.34,West,Web,19,14.0,1,76.24,0,0,244.16,Active,0
304655,2026-06-30,2024-01-08,49,40197.61,Budapest,Mobile,30,1.0,3,217.18,0,0,178.56,Active,0
307986,2026-06-30,2024-10-24,52,31399.75,South,Store,20,6.0,0,54.5,0,0,186.3,Active,0
300485,2026-06-30,2024-02-20,40,21208.22,West,Web,28,11.0,1,76.3,0,0,200.89,Active,0
302212,2026-06-30,2025-12-13,21,27112.0,Budapest,Web,7,7.0,0,2.33,0,0,170.62,Active,0
305417,2026-06-30,2024-05-10,49,19036.85,West,Store,26,7.0,4,306.49,0,0,246.0,Active,0
306196,2026-06-30,2024-04-13,32,112239.46,West,Web,27,7.0,0,0.0,0,0,246.41,Active,0
302556,2026-06-30,2025-08-16,18,65627.82,North,Web,10,4.0,0,45.09,0,0,130.73,Active,0
300008,2026-06-30,2024-04-20,32,70039.09,West,Mobile,26,10.0,0,11.02,0,0,231.85,Loyal,0
303658,2026-06-30,2024-12-20,28,36025.72,Budapest,Mobile,18,11.0,2,31.09,1,0,197.47,Active,0
308322,2026-06-30,2025-04-21,28,44951.57,East,Web,14,5.0,0,53.97,0,0,237.44,Loyal,0
304875,2026-06-30,2024-07-25,36,16103.98,Budapest,Mobile,23,6.0,1,101.35,0,0,252.1,Active,0
304403,2026-06-30,2024-09-20,35,19770.13,South,Web,21,10.0,3,151.91,0,0,128.8,Active,0
305547,2026-06-30,2025-08-19,55,72512.91,East,Mobile,10,9.0,2,165.54,1,0,221.21,Loyal,0
308062,2026-06-30,2025-08-05,55,20848.7,West,Mobile,11,6.0,1,1.62,0,0,261.61,Active,0
302427,2026-06-30,2025-08-15,32,34357.2,East,Web,10,8.0,0,37.37,0,0,231.16,Active,0
301815,2026-06-30,2024-08-29,26,39672.58,East,Web,22,4.0,2,111.48,0,0,154.92,Active,0
308745,2026-06-30,2024-07-05,43,31654.01,Budapest,Web,24,14.0,2,93.92,0,0,205.61,Active,0
302275,2026-06-30,2025-12-04,38,30287.22,South,Mobile,7,12.0,2,138.42,0,0,234.54,Loyal,0
301012,2026-06-30,2025-10-26,44,28474.0,North,Web,8,4.0,0,0.0,0,0,125.69,Loyal,0
306771,2026-06-30,2025-12-27,62,56359.61,Budapest,Mobile,6,8.0,0,5.96,0,0,172.55,Active,0
301068,2026-06-30,2024-04-29,73,37713.76,Budapest,Store,26,15.0,9,620.31,0,0,215.13,Active,0
301992,2026-06-30,2024-11-16,18,,Budapest,Web,19,8.0,5,350.06,0,0,165.51,Loyal,0
303971,2026-06-30,2024-08-09,30,28182.35,Budapest,Store,23,8.0,0,49.79,0,0,174.39,Active,0
308238,2026-06-30,2025-06-29,34,93666.76,Budapest,Web,12,14.0,4,361.02,1,0,185.88,Loyal,0
305880,2026-06-30,2025-06-18,40,25533.91,West,Web,12,6.0,2,146.48,0,0,199.44,Loyal,0
308541,2026-06-30,2025-08-29,50,43076.79,West,Store,10,9.0,2,134.97,1,1,9.2,At Risk,1
304543,2026-06-30,2025-03-07,26,61290.92,East,Store,16,,2,21.92,0,0,189.96,Loyal,0
308474,2026-06-30,2024-10-03,34,30649.99,South,Mobile,21,10.0,2,131.22,0,0,248.94,Active,0
303868,2026-06-30,2024-08-17,33,32823.11,Budapest,Web,22,7.0,3,183.1,0,1,53.67,At Risk,1
308558,2026-06-30,2025-02-05,34,28501.36,Budapest,Store,17,11.0,3,166.63,0,0,177.13,Active,0
303049,2026-06-30,2024-07-25,37,55828.24,Budapest,Store,23,11.0,3,143.99,0,0,184.71,Active,0
300782,2026-06-30,2024-05-22,36,93271.17,North,Web,25,6.0,3,195.98,0,0,189.06,Active,0
302676,2026-06-30,2025-11-01,56,51540.81,Budapest,Web,8,15.0,2,124.58,0,0,121.04,Active,0
301750,2026-06-30,2025-05-23,26,39118.34,Budapest,Mobile,13,5.0,0,0.0,0,0,99.88,Active,0
302792,2026-06-30,2024-03-29,35,44763.79,East,Web,27,7.0,2,126.75,0,0,86.96,Loyal,0
305775,2026-06-30,2024-09-26,59,27433.37,Budapest,Web,21,7.0,4,274.97,0,0,260.53,Active,0
304980,2026-06-30,2024-11-08,38,21221.73,West,Web,20,6.0,1,93.46,1,0,219.54,Active,0
306219,2026-06-30,2024-11-22,18,43675.37,Budapest,Web,19,10.0,2,27.44,0,0,194.32,Active,0
301092,2026-06-30,2024-10-11,18,52077.27,East,Web,21,6.0,0,16.41,0,0,146.06,Loyal,0
306909,2026-06-30,2025-06-22,35,36424.37,West,Mobile,12,10.0,3,168.17,0,0,178.76,Active,0
304628,2026-06-30,2025-06-29,40,29168.24,Budapest,Store,12,4.0,2,158.25,0,0,255.76,Loyal,0
302325,2026-06-30,2024-12-18,32,41744.94,Budapest,Web,18,10.0,1,20.79,0,0,188.21,Loyal,0
308105,2026-06-30,2025-04-09,47,15000.0,North,Store,15,8.0,0,0.0,1,0,278.41,Active,0
305056,2026-06-30,2024-02-14,37,24551.72,Budapest,Web,28,6.0,2,189.07,0,0,198.64,Active,0
302609,2026-06-30,2024-12-06,79,18561.99,Budapest,Mobile,19,9.0,2,52.3,0,1,226.94,Active,0
308185,2026-06-30,2025-12-21,38,33678.64,North,Mobile,6,14.0,3,189.41,0,0,170.66,Loyal,0
302291,2026-06-30,2025-05-18,31,39669.25,North,Mobile,13,7.0,1,33.01,0,0,257.32,Active,0
301728,2026-06-30,2024-06-03,44,45589.32,East,Mobile,25,12.0,1,48.82,0,0,315.04,Loyal,0
300611,2026-06-30,2024-09-01,29,25714.93,East,Mobile,22,13.0,2,148.28,0,0,219.61,Active,0
304667,2026-06-30,2024-11-26,52,29096.42,South,Web,19,6.0,3,340.37,0,0,217.22,Active,0
307026,2026-06-30,2025-04-11,53,37970.81,Budapest,Mobile,15,10.0,4,249.78,0,0,201.58,Active,0
300344,2026-06-30,2025-02-26,41,70082.36,South,Mobile,16,7.0,0,0.0,0,0,96.26,Active,0
306992,2026-06-30,2025-07-07,41,22081.23,West,Store,12,6.0,0,0.0,0,0,170.69,Active,0
307787,2026-06-30,2024-08-03,33,77345.5,South,Store,23,10.0,0,0.38,0,0,151.28,Active,0
303751,2026-06-30,2024-06-22,47,121304.59,West,Mobile,24,7.0,2,137.31,0,0,201.61,Active,0
307232,2026-06-30,2025-11-11,51,40735.75,East,Mobile,8,8.0,2,156.61,0,0,140.73,Active,0
308457,2026-06-30,2025-01-31,44,24410.11,South,Store,17,4.0,2,130.08,0,0,107.96,Active,0
306000,2026-06-30,2025-05-31,44,51219.52,North,Mobile,13,8.0,3,124.34,0,0,216.23,Active,0
303216,2026-06-30,2025-12-03,27,15000.0,West,Web,7,4.0,2,108.66,0,0,151.31,Loyal,0
300098,2026-06-30,2025-06-13,47,38290.13,Budapest,Web,13,7.0,0,37.5,1,0,276.39,Active,0
306418,2026-06-30,2025-12-01,42,15000.0,West,Mobile,7,7.0,1,57.42,0,0,217.18,Loyal,0
305177,2026-06-30,2024-08-21,45,57676.51,West,Web,22,5.0,2,105.05,0,0,180.54,Active,0
301538,2026-06-30,2025-01-24,22,32387.98,West,Mobile,17,8.0,0,0.0,0,0,295.58,Active,0
303589,2026-06-30,2025-03-03,51,25742.3,Budapest,Web,16,,0,74.81,0,0,201.29,Active,0
307399,2026-06-30,2025-11-15,27,136257.89,South,Web,7,14.0,2,117.94,0,0,257.76,Active,0
303649,2026-06-30,2024-04-22,54,16390.82,Budapest,Web,26,8.0,2,209.93,0,0,213.5,Active,0
307947,2026-06-30,2024-02-18,50,101736.29,South,Store,28,6.0,1,1.95,0,0,148.83,Active,0
306446,2026-06-30,2025-04-15,48,56405.25,South,Web,14,5.0,1,87.81,0,0,210.86,Active,0
301518,2026-06-30,2024-09-04,41,28386.74,West,Web,22,8.0,1,50.67,0,0,186.64,Active,0
305062,2026-06-30,2025-03-10,19,68150.51,East,Web,16,7.0,4,234.94,0,0,150.04,Active,0
308496,2026-06-30,2024-11-17,29,33692.74,East,Web,19,7.0,1,54.17,0,0,214.78,Loyal,0
304625,2026-06-30,2025-07-13,44,17453.93,Budapest,Store,12,8.0,0,2.15,0,0,227.52,Active,0
304273,2026-06-30,2025-12-12,56,34424.14,North,Web,7,7.0,3,78.05,0,0,237.59,Loyal,0
303670,2026-06-30,2025-03-24,40,37393.05,South,Mobile,15,8.0,3,110.66,0,0,142.37,Loyal,0
305801,2026-06-30,2025-12-05,62,29697.24,North,Web,7,6.0,0,20.43,0,0,125.77,Active,0
302091,2026-06-30,2025-09-26,58,53221.18,Budapest,Web,9,9.0,0,28.89,0,0,272.72,Loyal,0
300573,2026-06-30,2024-09-26,49,23387.29,North,Web,21,8.0,1,56.95,0,0,119.88,Active,0
308686,2026-06-30,2025-01-05,49,28198.17,Budapest,Mobile,18,10.0,2,88.67,0,0,253.94,Active,0
307568,2026-06-30,2024-10-19,40,138037.61,East,Web,20,11.0,2,14.32,0,0,213.14,Loyal,0
308239,2026-06-30,2024-03-02,49,51029.67,Budapest,Mobile,28,13.0,4,137.73,0,0,217.7,Active,0
303063,2026-06-30,2024-09-18,46,36460.05,Budapest,Web,21,13.0,2,64.88,0,0,198.31,Active,0
306338,2026-06-30,2024-12-14,39,34969.26,West,Store,18,4.0,0,7.93,0,0,208.64,Active,0
307239,2026-06-30,2024-06-18,40,36088.58,Budapest,Web,24,8.0,4,331.84,0,0,186.68,Loyal,0
308659,2026-06-30,2025-12-27,42,34816.14,Budapest,Mobile,6,10.0,1,57.57,0,0,185.53,Loyal,0
306474,2026-06-30,2025-03-21,30,98822.26,Budapest,Web,15,7.0,0,0.0,0,0,241.02,Loyal,0
306697,2026-06-30,2025-11-12,39,,North,Web,8,5.0,0,13.42,0,0,242.14,Loyal,0
304480,2026-06-30,2025-08-20,34,49795.81,West,Web,10,6.0,2,87.9,0,0,176.71,Active,0
304949,2026-06-30,2024-09-05,54,51122.21,North,Web,22,7.0,1,71.67,0,0,244.08,Active,0
305977,2026-06-30,2024-08-03,27,49313.88,West,Mobile,23,10.0,2,59.8,0,0,208.94,Active,0
300371,2026-06-30,2025-06-08,35,27972.25,North,Mobile,13,4.0,3,229.32,0,0,213.38,Active,0
301939,2026-06-30,2025-03-13,41,20631.58,East,Mobile,16,6.0,2,148.71,0,0,174.34,Active,0
307075,2026-06-30,2024-12-20,22,26918.11,East,Web,18,9.0,1,82.46,0,0,282.68,Loyal,0
301754,2026-06-30,2025-06-19,19,23312.22,East,Web,12,10.0,4,240.45,0,0,139.4,Active,0
303671,2026-06-30,2024-06-09,43,44435.06,South,Web,25,8.0,1,66.26,0,0,165.54,Active,0
303653,2026-06-30,2024-12-22,62,96807.78,East,Mobile,18,8.0,0,18.9,0,0,153.12,Loyal,0
305202,2026-06-30,2024-02-07,37,36913.05,Budapest,Web,29,10.0,0,26.16,0,0,185.66,Loyal,0
302362,2026-06-30,2024-11-10,29,64854.39,East,Web,20,8.0,0,15.89,0,0,124.82,Active,0
304261,2026-06-30,2024-09-24,50,67405.71,Budapest,Web,21,8.0,4,134.01,0,0,153.3,Active,0
305433,2026-06-30,2025-03-28,41,33894.07,East,Mobile,15,7.0,1,56.16,0,0,217.56,Active,0
304992,2026-06-30,2025-03-15,27,36370.62,East,Store,16,8.0,2,65.22,0,0,202.23,Loyal,0
308360,2026-06-30,2025-10-26,25,22928.22,West,Mobile,8,6.0,1,0.6,0,0,222.49,Loyal,0
308597,2026-06-30,2024-01-19,51,16882.14,Budapest,Web,29,11.0,2,189.32,0,0,187.21,Active,0
303738,2026-06-30,2024-10-28,37,26659.74,Budapest,Mobile,20,6.0,1,86.05,0,0,243.48,Active,0
306156,2026-06-30,2025-11-14,40,51980.64,East,Mobile,7,3.0,1,94.38,0,0,216.56,Active,0
306898,2026-06-30,2024-01-07,29,46952.53,Budapest,Mobile,30,9.0,3,119.8,0,0,206.23,Active,0
308277,2026-06-30,2025-03-11,62,73304.4,Budapest,Web,16,6.0,0,37.04,0,0,202.06,Active,0
305592,2026-06-30,2025-07-10,18,28092.78,East,Web,12,8.0,1,42.37,0,0,131.16,Active,0
301172,2026-06-30,2024-12-12,53,52603.33,South,Web,19,8.0,3,147.62,0,0,306.44,Active,0
307494,2026-06-30,2024-04-22,26,38354.55,Budapest,Web,26,6.0,1,9.87,0,0,188.75,Active,0
301423,2026-06-30,2025-09-02,45,93963.2,East,Mobile,10,7.0,3,170.3,0,0,226.75,Loyal,0
308582,2026-06-30,2025-02-20,54,48279.38,Budapest,Mobile,16,9.0,2,88.22,0,0,226.38,Loyal,0
308497,2026-06-30,2025-09-03,45,22058.3,South,Store,10,3.0,0,0.0,0,0,252.23,Active,0
307408,2026-06-30,2024-03-08,32,22209.14,Budapest,Mobile,28,5.0,2,61.47,0,1,29.0,At Risk,1
308321,2026-06-30,2025-04-13,45,22912.92,North,Web,15,4.0,1,88.69,0,0,234.98,Active,0
300875,2026-06-30,2024-01-30,36,22282.88,North,Web,29,11.0,0,7.15,0,1,206.14,Active,0
302298,2026-06-30,2025-03-21,40,27072.32,North,Mobile,15,7.0,3,220.78,0,0,249.17,Loyal,0
302644,2026-06-30,2024-10-22,37,57512.95,South,Mobile,20,5.0,2,59.57,0,0,179.65,Active,0
306482,2026-06-30,2024-02-05,37,61397.89,East,Store,29,6.0,0,23.15,1,0,115.31,Active,0
301720,2026-06-30,2025-02-18,50,56464.61,Budapest,Store,16,5.0,1,54.51,0,0,160.66,Active,0
305348,2026-06-30,2024-08-25,23,36893.56,South,Mobile,22,4.0,2,166.99,0,0,183.6,Active,0
305933,2026-06-30,2025-01-17,48,36393.2,West,Store,17,11.0,0,0.0,0,0,358.27,Loyal,0
300841,2026-06-30,2025-02-26,54,19589.6,Budapest,Web,16,9.0,3,144.49,0,0,96.6,Active,0
303697,2026-06-30,2025-04-27,53,44309.7,West,Web,14,11.0,3,156.5,0,0,172.7,Active,0
300582,2026-06-30,2024-09-29,37,45785.53,West,Mobile,21,9.0,1,56.4,1,0,314.98,Active,0
300205,2026-06-30,2025-11-30,50,34249.15,East,Store,7,4.0,2,146.1,0,0,163.77,Active,0
301642,2026-06-30,2024-09-19,50,21070.33,Budapest,Mobile,21,5.0,2,127.69,0,0,227.4,Active,0
302015,2026-06-30,2024-02-08,40,45584.89,West,Store,29,8.0,3,236.77,0,0,150.6,Active,0
303254,2026-06-30,2025-12-04,40,28020.72,West,Mobile,7,6.0,0,17.74,0,0,238.75,Active,0
306174,2026-06-30,2024-11-11,45,68997.97,Budapest,Web,20,9.0,3,250.28,0,0,92.03,Active,0
300906,2026-06-30,2025-01-08,39,20075.7,East,Web,18,11.0,0,61.02,0,0,268.8,Loyal,0
300632,2026-06-30,2024-03-03,48,59342.73,Budapest,Mobile,28,9.0,0,0.0,0,0,144.26,Active,0
308898,2026-06-30,2025-12-08,43,39045.12,North,Web,7,4.0,2,178.46,1,1,94.66,At Risk,1
308278,2026-06-30,2024-06-30,40,41583.36,East,Mobile,24,10.0,3,213.51,1,0,180.36,Active,0
301975,2026-06-30,2025-10-30,52,72868.77,East,Store,8,7.0,2,130.4,0,0,195.3,Active,0
300163,2026-06-30,2024-10-18,34,,West,Web,20,8.0,1,96.22,0,0,252.36,Loyal,0
304999,2026-06-30,2024-05-06,21,21362.56,Budapest,Web,26,8.0,2,140.96,0,0,310.5,Active,0
306824,2026-06-30,2025-01-23,52,23203.78,West,Web,17,4.0,1,106.31,0,0,148.71,Active,0
308586,2026-06-30,2025-01-23,27,44007.2,West,Web,17,5.0,0,6.25,0,0,254.92,Active,0
306364,2026-06-30,2025-10-12,46,42789.21,East,Web,9,6.0,0,20.07,0,0,185.64,Active,0
304714,2026-06-30,2025-03-18,40,71114.16,East,Store,15,10.0,3,119.12,0,0,261.26,Active,0
300876,2026-06-30,2025-12-21,18,19978.98,West,Store,6,5.0,0,0.0,0,0,228.61,Active,0
301432,2026-06-30,2025-07-04,28,15000.0,North,Web,12,7.0,0,3.38,0,0,273.41,Loyal,0
304644,2026-06-30,2025-03-22,33,24633.08,Budapest,Mobile,15,4.0,0,15.08,0,0,201.94,Active,0
305081,2026-06-30,2024-01-02,38,48639.15,West,Store,30,15.0,3,89.52,1,1,64.43,At Risk,1
305784,2026-06-30,2025-07-27,46,32882.33,South,Mobile,11,10.0,0,0.0,0,0,197.64,Active,0
308298,2026-06-30,2025-07-03,55,40634.75,South,Store,12,12.0,0,23.63,0,0,90.9,Loyal,0
306243,2026-06-30,2025-01-19,72,57805.86,East,Store,17,3.0,2,118.7,0,0,236.5,Active,0
306588,2026-06-30,2024-07-22,40,46590.94,Budapest,Mobile,23,12.0,0,0.0,0,0,286.81,Active,0
306359,2026-06-30,2025-05-19,52,17273.69,West,Store,13,9.0,3,243.73,0,0,241.96,Active,0
308576,2026-06-30,2025-08-12,44,65957.09,Budapest,Mobile,11,7.0,0,4.09,0,0,196.46,Active,0
302857,2026-06-30,2025-09-03,28,61493.6,South,Mobile,10,7.0,0,1.61,0,0,306.13,Loyal,0
301862,2026-06-30,2025-02-04,22,51452.32,East,Web,17,7.0,1,73.93,0,0,302.84,Active,0
302660,2026-06-30,2024-04-18,49,31350.75,West,Web,26,8.0,3,267.23,0,0,161.81,Active,0
303385,2026-06-30,2025-11-22,32,23928.47,East,Web,7,7.0,0,0.0,0,0,228.55,Active,0
308691,2026-06-30,2024-01-28,53,63627.63,North,Store,29,9.0,0,20.96,0,0,159.09,Active,0
308885,2026-06-30,2024-06-01,34,31772.66,East,Store,25,9.0,1,47.43,0,0,279.8,Active,0
306625,2026-06-30,2025-07-14,43,40460.62,North,Mobile,12,5.0,2,183.14,0,0,191.25,Active,0
306974,2026-06-30,2025-09-15,44,31324.33,Budapest,Web,9,9.0,1,35.64,0,0,98.5,Active,0
304734,2026-06-30,2025-04-27,57,30920.47,South,Store,14,8.0,0,7.89,0,0,184.47,Active,0
303332,2026-06-30,2024-11-08,52,35777.9,East,Web,20,4.0,1,57.84,0,0,233.09,Loyal,0
308164,2026-06-30,2024-10-19,52,35831.81,East,Web,20,19.0,3,213.8,0,0,100.48,Active,0
306147,2026-06-30,2025-09-19,37,65830.71,North,Mobile,9,8.0,5,272.28,1,0,246.67,Loyal,0
306973,2026-06-30,2024-03-07,23,47333.79,East,Web,28,11.0,2,140.21,0,0,259.34,Active,0
302097,2026-06-30,2024-11-16,38,42140.18,East,Mobile,19,8.0,1,107.76,0,0,283.8,Loyal,0
302004,2026-06-30,2024-10-01,50,30099.22,South,Mobile,21,15.0,1,145.03,0,0,273.21,Loyal,0
307079,2026-06-30,2025-05-22,51,58799.13,South,Web,13,4.0,2,113.87,0,0,175.84,Active,0
307742,2026-06-30,2025-02-28,32,23439.36,Budapest,Mobile,16,9.0,0,0.0,0,0,217.54,Active,0
306797,2026-06-30,2025-07-03,61,42313.83,West,Web,12,16.0,5,350.86,0,0,152.15,Active,0
305018,2026-06-30,2025-03-12,61,26697.41,West,Web,16,12.0,3,152.18,0,0,210.21,Active,0
300547,2026-06-30,2024-08-07,48,51785.35,Budapest,Web,23,8.0,0,0.0,0,0,211.68,Active,0
301450,2026-06-30,2024-10-17,28,26545.97,East,Store,20,9.0,2,132.66,0,0,212.14,Active,0
306936,2026-06-30,2025-04-26,47,32648.96,West,Store,14,8.0,0,45.47,0,0,330.56,Loyal,0
302611,2026-06-30,2024-05-20,30,43521.92,Budapest,Web,25,6.0,1,56.98,0,0,291.24,Active,0
301901,2026-06-30,2025-02-16,51,68111.9,East,Mobile,16,4.0,0,0.0,0,0,202.84,Active,0
307863,2026-06-30,2025-07-05,22,31877.02,East,Store,12,5.0,4,305.4,0,1,55.42,At Risk,1
302758,2026-06-30,2024-02-09,33,37898.89,East,Mobile,29,8.0,0,0.0,0,0,213.82,Loyal,0
306125,2026-06-30,2025-05-10,50,65674.89,Budapest,Store,14,4.0,0,0.0,0,0,208.01,Active,0
301886,2026-06-30,2024-01-21,30,83167.43,South,Web,29,12.0,0,0.0,0,0,249.69,Active,0
308929,2026-06-30,2024-07-16,64,15000.0,South,Store,23,11.0,2,108.85,0,0,235.43,Active,0
305739,2026-06-30,2025-06-13,51,39603.56,East,Web,13,11.0,4,302.58,0,0,230.43,Loyal,0
307569,2026-06-30,2024-08-10,47,54760.11,Budapest,Web,23,7.0,5,224.87,0,0,323.5,Active,0
305891,2026-06-30,2024-04-17,34,30658.9,Budapest,Web,26,10.0,0,0.0,0,0,229.45,Active,0
302098,2026-06-30,2024-04-26,41,15000.0,East,Web,26,6.0,0,0.0,0,0,209.68,Active,0
308439,2026-06-30,2024-06-26,59,28720.12,South,Store,24,7.0,4,417.98,0,0,131.84,Active,0
305693,2026-06-30,2025-04-13,46,24652.33,East,Mobile,15,6.0,1,125.62,0,0,125.52,Active,0
300500,2026-06-30,2025-09-04,59,,Budapest,Web,10,7.0,1,64.46,0,0,164.15,Active,0
305625,2026-06-30,2024-11-15,22,43981.52,West,Store,19,9.0,0,0.79,0,1,203.16,Loyal,0
300837,2026-06-30,2024-03-25,32,31078.79,South,Mobile,27,13.0,2,143.27,0,0,226.65,Loyal,0
303472,2026-06-30,2025-08-09,41,,North,Web,11,5.0,1,48.09,0,0,231.96,Active,0
304698,2026-06-30,2025-12-18,47,78055.44,Budapest,Web,6,5.0,0,0.0,1,1,0.0,At Risk,1
308348,2026-06-30,2025-08-01,33,52578.03,West,Web,11,8.0,3,121.01,0,0,190.86,Loyal,0
302172,2026-06-30,2024-04-13,57,40518.46,West,Mobile,27,8.0,2,83.12,0,0,210.66,Active,0
308384,2026-06-30,2025-11-14,66,76358.89,South,Mobile,7,5.0,1,62.22,0,0,126.61,Active,0
305679,2026-06-30,2024-03-14,55,23042.96,South,Web,28,9.0,2,84.13,0,0,272.99,Active,0
308338,2026-06-30,2024-05-23,37,21345.64,West,Web,25,11.0,1,78.42,0,0,183.23,Active,0
300399,2026-06-30,2025-09-20,22,20068.08,East,Mobile,9,11.0,1,0.0,0,0,272.47,Loyal,0
302011,2026-06-30,2025-09-12,45,15022.61,West,Web,10,12.0,0,12.82,0,0,232.42,Loyal,0
305167,2026-06-30,2024-11-07,45,30272.19,Budapest,Mobile,20,5.0,0,0.85,1,0,211.63,Active,0
305872,2026-06-30,2024-11-13,37,23454.99,Budapest,Mobile,20,6.0,3,176.15,0,0,233.96,Active,0
308900,2026-06-30,2025-03-22,32,29165.38,Budapest,Web,15,6.0,0,11.04,0,0,188.11,Active,0
301284,2026-06-30,2024-06-27,34,41112.78,East,Web,24,12.0,3,220.32,0,0,244.34,Loyal,0
307052,2026-06-30,2024-03-08,61,46773.46,East,Mobile,28,8.0,1,160.15,0,0,66.26,Active,0
307307,2026-06-30,2024-02-27,47,92471.17,West,Store,28,11.0,3,153.85,0,0,139.87,Loyal,0
304257,2026-06-30,2024-11-30,45,38838.38,East,Web,19,11.0,3,79.95,1,1,89.14,At Risk,1
301837,2026-06-30,2024-07-07,33,50716.16,Budapest,Web,24,10.0,0,4.32,0,0,247.98,Loyal,0
308720,2026-06-30,2024-12-20,31,37903.55,North,Mobile,18,7.0,1,40.57,0,0,215.4,Active,0
301020,2026-06-30,2025-10-13,46,78589.83,East,Mobile,9,13.0,1,30.36,0,0,227.88,Active,0
307234,2026-06-30,2025-01-21,45,16935.09,South,Mobile,17,11.0,4,259.38,0,0,245.41,Active,0
301327,2026-06-30,2025-09-28,23,23989.4,Budapest,Web,9,8.0,1,66.71,0,0,218.09,Active,0
306197,2026-06-30,2025-08-26,49,21957.0,South,Mobile,10,9.0,1,41.74,1,0,268.04,Active,0
300476,2026-06-30,2025-07-12,20,51022.22,Budapest,Web,12,7.0,0,9.47,0,0,272.16,Active,0
302811,2026-06-30,2025-09-06,43,27185.07,Budapest,Mobile,10,10.0,0,0.0,0,0,253.95,Active,0
307503,2026-06-30,2025-12-26,55,27751.1,East,Mobile,6,8.0,4,139.69,0,0,214.84,Active,0
301652,2026-06-30,2024-04-09,37,30899.61,East,Web,27,13.0,1,125.1,0,0,168.83,Active,0
308732,2026-06-30,2025-03-25,52,38869.62,Budapest,Web,15,5.0,0,9.66,0,0,262.76,Loyal,0
301170,2026-06-30,2025-06-30,55,17797.99,West,Web,12,7.0,4,184.55,1,0,0.0,At Risk,1
302529,2026-06-30,2025-06-05,31,37074.67,East,Mobile,13,6.0,3,120.21,0,0,224.07,Active,0
301207,2026-06-30,2025-08-02,18,27090.11,Budapest,Web,11,8.0,1,56.04,0,0,151.88,Active,0
306498,2026-06-30,2025-03-04,34,25227.31,South,Mobile,16,3.0,1,52.48,0,0,158.63,Active,0
305470,2026-06-30,2024-05-20,34,22083.86,North,Mobile,25,9.0,3,121.67,0,0,146.67,Active,0
308529,2026-06-30,2024-04-02,52,47596.86,South,Mobile,27,10.0,1,75.71,0,0,215.75,Active,0
308825,2026-06-30,2024-10-22,44,27709.86,North,Web,20,10.0,1,59.63,0,0,162.3,Active,0
306311,2026-06-30,2025-08-06,35,36376.22,South,Web,11,9.0,0,0.0,0,0,291.32,Active,0
300868,2026-06-30,2025-02-14,54,63199.61,Budapest,Web,16,7.0,1,59.88,1,0,159.12,Active,0
302975,2026-06-30,2024-09-19,37,47794.88,North,Web,21,6.0,0,1.72,1,0,186.99,Active,0
305237,2026-06-30,2024-05-30,52,25011.65,West,Mobile,25,14.0,1,130.23,0,0,178.29,Loyal,0
305094,2026-06-30,2025-07-29,44,23012.19,Budapest,Mobile,11,6.0,3,215.91,0,0,192.99,Active,0
305434,2026-06-30,2025-05-02,36,42005.55,East,Web,14,8.0,1,55.09,0,0,190.78,Active,0
300542,2026-06-30,2025-01-25,49,37228.92,South,Mobile,17,3.0,3,139.05,0,0,168.98,Loyal,0
305196,2026-06-30,2025-09-14,45,22165.37,Budapest,Mobile,9,6.0,0,0.0,0,0,209.97,Active,0
301133,2026-06-30,2025-05-14,39,49999.17,Budapest,Store,14,6.0,1,102.66,0,0,210.42,Loyal,0
308943,2026-06-30,2025-01-31,44,24213.24,South,Web,17,6.0,1,104.68,0,0,223.31,Loyal,0
307875,2026-06-30,2025-02-07,42,53609.3,Budapest,Mobile,17,6.0,0,13.22,1,0,15.88,At Risk,1
308481,2026-06-30,2024-01-23,29,38666.48,Budapest,Web,29,6.0,1,51.9,0,0,78.99,Loyal,0
303391,2026-06-30,2024-07-21,48,34559.65,Budapest,Web,23,14.0,4,350.33,0,0,241.61,Active,0
308618,2026-06-30,2025-02-03,56,17691.94,West,Web,17,7.0,1,67.87,0,0,211.44,Loyal,0
302963,2026-06-30,2024-01-08,40,48739.36,East,Web,30,5.0,1,92.29,0,0,217.7,Loyal,0
304156,2026-06-30,2024-04-08,55,19316.39,South,Web,27,7.0,2,197.43,0,0,177.42,Loyal,0
303260,2026-06-30,2025-06-30,46,45671.43,Budapest,Web,12,10.0,2,135.38,0,0,173.6,Active,0
306035,2026-06-30,2025-05-27,26,26424.05,West,Web,13,8.0,0,52.31,0,0,277.91,Active,0
306490,2026-06-30,2024-02-26,28,37024.82,West,Mobile,28,9.0,0,47.26,0,0,209.3,Loyal,0
301047,2026-06-30,2025-08-18,50,19929.1,North,Mobile,10,8.0,2,155.71,1,0,283.42,Loyal,0
302584,2026-06-30,2024-12-17,51,21460.16,East,Mobile,18,9.0,0,0.0,0,0,322.14,Active,0
302814,2026-06-30,2025-04-22,42,44010.97,North,Mobile,14,12.0,0,56.35,0,0,172.66,Active,0
307745,2026-06-30,2025-09-06,49,16796.91,Budapest,Mobile,10,8.0,0,87.74,0,0,155.78,Loyal,0
302948,2026-06-30,2024-06-13,45,28044.8,East,Store,25,8.0,2,129.91,0,0,201.28,Active,0
305175,2026-06-30,2024-08-08,47,83365.04,South,Web,23,6.0,0,0.0,0,0,224.04,Active,0
306886,2026-06-30,2025-04-30,46,25342.01,West,Mobile,14,7.0,0,14.97,0,1,70.4,At Risk,1
303587,2026-06-30,2024-08-21,49,15000.0,East,Store,22,13.0,2,122.08,0,0,92.07,Active,0
308381,2026-06-30,2025-11-03,29,17961.27,South,Web,8,10.0,1,129.24,0,0,248.62,Active,0
307465,2026-06-30,2024-08-06,28,57926.03,Budapest,Mobile,23,6.0,5,362.7,0,0,209.77,Active,0
302564,2026-06-30,2024-01-20,48,18894.2,Budapest,Web,29,9.0,2,42.89,0,0,134.85,Active,0
302631,2026-06-30,2024-02-04,50,68696.1,East,Web,29,7.0,1,129.19,1,0,147.5,Active,0
307994,2026-06-30,2025-02-07,46,19697.67,Budapest,Web,17,7.0,0,32.75,0,0,127.43,Loyal,0
306376,2026-06-30,2024-05-27,44,15000.0,North,Store,25,10.0,1,73.16,0,0,290.55,Active,0
305037,2026-06-30,2025-06-18,41,56739.45,North,Store,12,2.0,2,125.0,0,0,191.56,Active,0
301081,2026-06-30,2024-10-17,18,39383.58,Budapest,Mobile,20,6.0,2,114.93,0,0,172.59,Active,0
304284,2026-06-30,2025-09-17,55,35687.12,North,Store,9,13.0,3,193.39,0,0,161.93,Loyal,0
306552,2026-06-30,2025-08-14,41,25872.2,West,Web,11,10.0,3,165.18,0,0,270.55,Active,0
302086,2026-06-30,2025-12-20,58,58753.48,East,Mobile,6,4.0,1,63.83,0,0,300.44,Loyal,0
302453,2026-06-30,2025-07-09,33,30230.69,South,Mobile,12,5.0,0,0.0,0,0,205.24,Active,0
304967,2026-06-30,2024-02-29,48,27405.33,South,Web,28,11.0,2,159.01,1,0,217.17,Active,0
302024,2026-06-30,2025-01-28,41,25793.95,Budapest,Store,17,6.0,1,37.57,0,0,239.02,Active,0
306611,2026-06-30,2024-04-02,31,27635.71,East,Web,27,11.0,2,124.95,1,1,26.19,At Risk,1
308712,2026-06-30,2025-01-03,33,18580.98,Budapest,Store,18,7.0,5,347.3,0,0,167.3,Active,0
307672,2026-06-30,2025-04-28,34,34238.72,Budapest,Web,14,4.0,2,175.28,0,0,163.79,Loyal,0
300227,2026-06-30,2024-02-20,71,24494.21,East,Web,28,2.0,1,113.31,0,0,188.87,Loyal,0
301014,2026-06-30,2024-11-22,44,46245.58,East,Store,19,4.0,2,202.93,1,0,26.06,At Risk,1
301930,2026-06-30,2025-01-06,36,58332.54,Budapest,Web,18,5.0,0,0.0,0,0,193.14,Active,0
308596,2026-06-30,2025-02-12,52,78108.44,East,Web,17,11.0,4,278.07,0,0,141.12,Loyal,0
305252,2026-06-30,2025-08-06,31,21537.29,East,Mobile,11,8.0,1,15.99,0,0,170.89,Active,0
301405,2026-06-30,2024-06-04,42,52240.89,Budapest,Mobile,25,4.0,1,60.31,0,0,239.48,Loyal,0
302180,2026-06-30,2025-11-04,24,93778.69,South,Web,8,13.0,0,0.0,0,0,223.83,Active,0
300698,2026-06-30,2025-03-20,31,38924.08,South,Store,15,9.0,0,0.0,0,0,208.11,Active,0
301125,2026-06-30,2025-08-31,31,65120.8,South,Mobile,10,9.0,0,61.05,0,0,172.08,Active,0
303896,2026-06-30,2024-05-26,35,47239.22,West,Mobile,25,6.0,2,127.14,0,0,200.13,Active,0
306748,2026-06-30,2025-04-11,20,61834.17,North,Mobile,15,12.0,3,164.62,0,0,200.79,Loyal,0
305111,2026-06-30,2025-01-19,32,55651.19,East,Mobile,17,6.0,1,79.54,0,0,200.36,Active,0
301779,2026-06-30,2024-11-10,56,25560.47,North,Mobile,20,9.0,1,93.2,0,0,210.22,Active,0
306383,2026-06-30,2025-07-05,43,22027.86,Budapest,Mobile,12,8.0,0,3.03,0,1,25.78,At Risk,1
302635,2026-06-30,2024-09-14,31,16880.06,South,Web,21,12.0,1,85.85,0,0,120.97,Loyal,0
303490,2026-06-30,2025-01-31,73,32829.68,South,Store,17,7.0,2,141.98,0,0,151.79,Active,0
306816,2026-06-30,2024-02-04,28,,Budapest,Mobile,29,4.0,2,106.75,0,0,203.25,Active,0
301038,2026-06-30,2025-11-16,51,23163.92,North,Mobile,7,10.0,1,55.52,0,0,252.73,Loyal,0
306094,2026-06-30,2024-07-18,39,31758.06,East,Web,23,8.0,2,125.44,0,0,148.67,Active,0
302257,2026-06-30,2024-11-26,44,32621.57,Budapest,Web,19,6.0,1,66.31,0,0,253.35,Active,0
306700,2026-06-30,2025-07-13,34,41010.01,Budapest,Mobile,12,5.0,4,201.56,0,0,194.69,Loyal,0
302614,2026-06-30,2025-10-19,26,27517.69,Budapest,Mobile,8,6.0,0,0.0,0,0,106.19,Active,0
300314,2026-06-30,2025-05-01,40,31036.93,Budapest,Web,14,9.0,4,291.11,0,0,146.15,Active,0
302650,2026-06-30,2024-11-25,53,39541.89,North,Web,19,14.0,2,209.64,0,1,143.82,Loyal,0
302282,2026-06-30,2025-01-27,50,59747.78,West,Web,17,8.0,1,93.31,0,0,153.55,Active,0
307166,2026-06-30,2025-03-01,50,15180.15,South,Web,16,7.0,3,270.66,0,0,202.79,Active,0
302548,2026-06-30,2025-03-16,47,20283.82,Budapest,Mobile,15,10.0,3,0.0,0,0,196.2,Active,0
305513,2026-06-30,2024-12-28,29,21875.24,East,Web,18,2.0,0,0.0,0,0,165.38,Active,0
305133,2026-06-30,2024-03-19,21,52430.08,Budapest,Store,27,7.0,3,89.42,0,0,254.45,Active,0
302160,2026-06-30,2025-12-08,36,21367.21,Budapest,Mobile,7,10.0,2,110.1,1,0,189.32,Loyal,0
303138,2026-06-30,2025-11-15,30,38912.18,Budapest,Web,7,9.0,0,30.28,0,0,243.01,Active,0
308244,2026-06-30,2025-05-12,53,35300.18,South,Web,14,11.0,1,30.0,0,0,245.59,Active,0
305851,2026-06-30,2025-09-30,42,24606.74,Budapest,Store,9,5.0,0,0.72,0,0,231.56,Active,0
303968,2026-06-30,2025-03-25,36,28035.98,Budapest,Mobile,15,9.0,2,81.23,0,0,243.33,Active,0
301429,2026-06-30,2024-06-05,42,73337.72,East,Mobile,25,7.0,1,100.66,0,0,145.73,Active,0
307862,2026-06-30,2024-03-04,35,42961.12,Budapest,Mobile,28,5.0,0,61.8,0,0,188.22,Loyal,0
302521,2026-06-30,2025-09-20,31,22761.42,East,Mobile,9,8.0,0,0.0,0,0,149.35,Active,0
306426,2026-06-30,2025-11-13,40,33733.42,North,Mobile,8,5.0,4,175.37,0,0,160.61,Loyal,0
307236,2026-06-30,2025-12-28,42,40395.15,North,Mobile,6,10.0,0,49.57,0,0,258.38,Loyal,0
307389,2026-06-30,2025-07-20,55,41609.4,West,Web,11,13.0,3,197.63,0,0,240.3,Active,0
307507,2026-06-30,2025-11-04,28,28483.41,Budapest,Web,8,6.0,1,6.22,0,0,302.46,Loyal,0
305603,2026-06-30,2024-05-12,55,43707.64,East,Mobile,26,6.0,1,139.54,0,0,204.51,Active,0
308970,2026-06-30,2025-04-04,28,53497.71,Budapest,Web,15,3.0,2,129.83,0,0,50.62,Loyal,0
300449,2026-06-30,2025-09-04,33,65481.45,South,Mobile,10,7.0,2,23.54,0,0,183.5,Active,0
308592,2026-06-30,2024-03-31,42,63142.13,East,Web,27,8.0,4,273.74,0,0,141.66,Loyal,0
301285,2026-06-30,2024-10-15,42,15000.0,Budapest,Store,20,10.0,3,288.96,0,0,180.87,Loyal,0
305996,2026-06-30,2024-06-25,46,40407.56,East,Web,24,3.0,2,207.33,0,0,198.07,Active,0
306473,2026-06-30,2025-01-31,40,18843.44,Budapest,Web,17,13.0,2,124.76,0,0,244.59,Active,0
303728,2026-06-30,2024-07-31,49,41788.08,South,Web,23,7.0,0,26.93,0,0,197.96,Active,0
300362,2026-06-30,2025-11-26,18,45605.97,East,Mobile,7,5.0,1,94.89,0,0,239.16,Active,0
306280,2026-06-30,2025-10-12,30,16181.61,South,Web,9,8.0,2,84.24,0,0,139.11,Active,0
305231,2026-06-30,2024-10-03,26,28655.38,East,Store,21,6.0,3,165.22,0,0,160.54,Active,0
308046,2026-06-30,2025-09-11,53,57561.69,East,Mobile,10,2.0,1,83.75,0,0,196.84,Loyal,0
307959,2026-06-30,2025-05-11,60,57521.25,East,Mobile,14,6.0,0,0.0,0,0,155.57,Active,0
306252,2026-06-30,2024-11-21,31,47540.24,South,Web,19,4.0,0,17.75,0,0,155.15,Active,0
305927,2026-06-30,2024-03-25,39,15000.0,Budapest,Mobile,27,8.0,0,0.0,0,0,131.52,Active,0
305150,2026-06-30,2024-06-04,26,24330.6,Budapest,Store,25,13.0,3,157.9,0,0,70.01,Loyal,0
302461,2026-06-30,2025-09-25,51,25507.15,East,Web,9,4.0,0,0.0,0,0,196.52,Loyal,0
300023,2026-06-30,2025-05-27,27,34738.98,East,Store,13,8.0,0,9.18,0,0,190.92,Active,0
302067,2026-06-30,2024-11-06,42,32080.91,Budapest,Mobile,20,4.0,0,0.0,0,0,191.76,Active,0
301654,2026-06-30,2024-03-05,40,25938.21,Budapest,Mobile,28,6.0,1,132.37,0,0,195.38,Loyal,0
300703,2026-06-30,2024-11-28,40,50592.57,East,Store,19,5.0,2,121.36,0,0,220.16,Active,0
307238,2026-06-30,2025-10-26,41,104151.61,Budapest,Web,8,6.0,2,172.05,0,0,197.41,Active,0
302744,2026-06-30,2024-03-04,53,79274.66,East,Web,28,4.0,1,94.93,0,0,167.52,Active,0
301377,2026-06-30,2025-03-20,24,44489.81,Budapest,Web,15,5.0,0,0.0,0,0,220.97,Active,0
308119,2026-06-30,2024-01-21,52,58450.47,East,Store,29,12.0,1,58.56,0,0,238.65,Active,0
302469,2026-06-30,2025-11-09,49,32585.0,Budapest,Mobile,8,8.0,0,29.52,0,0,227.23,Active,0
303755,2026-06-30,2024-07-17,54,30139.39,Budapest,Mobile,23,8.0,3,155.4,0,0,118.27,Active,0
302326,2026-06-30,2025-12-07,49,55867.07,East,Web,7,10.0,1,122.74,0,0,158.68,Active,0
300461,2026-06-30,2024-08-24,38,42892.77,Budapest,Mobile,22,2.0,1,17.78,0,0,192.69,Loyal,0
305164,2026-06-30,2024-10-22,37,23563.38,Budapest,Web,20,6.0,2,170.99,0,0,156.02,Active,0
304184,2026-06-30,2025-06-21,36,44092.69,Budapest,Mobile,12,6.0,3,51.61,0,0,235.92,Loyal,0
305527,2026-06-30,2024-04-11,30,50684.11,West,Store,27,14.0,1,50.28,0,0,92.41,Active,0
304083,2026-06-30,2024-04-12,45,19429.33,Budapest,Mobile,27,9.0,3,64.23,0,0,177.63,Active,0
301487,2026-06-30,2024-08-05,44,33803.74,West,Web,23,12.0,2,116.58,0,0,183.6,Active,0
303679,2026-06-30,2025-08-25,20,24895.93,North,Store,10,10.0,3,240.43,0,1,211.19,Active,0
300283,2026-06-30,2024-03-10,49,35528.85,Budapest,Web,28,5.0,3,292.95,0,0,137.37,Active,0
304559,2026-06-30,2025-03-22,55,20374.79,Budapest,Web,15,7.0,0,53.48,0,0,125.75,Active,0
304309,2026-06-30,2024-07-15,28,68327.81,East,Mobile,23,9.0,0,0.0,0,0,188.21,Loyal,0
304866,2026-06-30,2025-01-03,40,15070.42,West,Web,18,12.0,2,167.74,0,0,215.83,Active,0
303538,2026-06-30,2024-03-16,56,118380.43,South,Web,27,5.0,1,113.02,0,0,209.46,Active,0
307033,2026-06-30,2025-09-09,42,49015.65,East,Web,10,8.0,0,30.57,0,0,247.06,Loyal,0
302582,2026-06-30,2024-08-31,31,23458.86,East,Mobile,22,12.0,0,46.77,0,0,151.14,Loyal,0
301369,2026-06-30,2024-04-06,42,21877.7,West,Store,27,12.0,2,138.0,0,0,229.58,Active,0
308604,2026-06-30,2024-07-10,53,111291.81,East,Mobile,24,10.0,4,173.05,0,0,315.83,Active,0
306716,2026-06-30,2025-12-17,31,61619.99,Budapest,Web,6,10.0,2,54.73,0,0,169.53,Active,0
300598,2026-06-30,2024-08-15,68,38509.9,West,Mobile,22,13.0,2,228.28,0,0,177.41,Active,0
304352,2026-06-30,2025-12-26,40,31147.99,North,Mobile,6,11.0,4,233.76,0,0,253.99,Active,0
308114,2026-06-30,2025-08-05,51,40870.74,South,Mobile,11,9.0,2,113.92,0,0,173.96,Active,0
304759,2026-06-30,2024-05-28,39,15000.0,Budapest,Store,25,12.0,0,38.2,0,0,248.44,Active,0
300647,2026-06-30,2024-06-15,52,58293.38,Budapest,Mobile,24,6.0,1,89.07,0,0,162.69,Active,0
308814,2026-06-30,2024-06-11,39,18213.5,South,Mobile,25,8.0,1,16.66,0,0,212.72,Active,0
306024,2026-06-30,2024-01-25,29,36971.92,West,Mobile,29,7.0,1,0.0,1,1,55.58,At Risk,1
306521,2026-06-30,2024-01-05,35,30105.97,Budapest,Mobile,30,9.0,1,40.83,0,0,173.73,Active,0
303469,2026-06-30,2024-11-25,29,20104.62,West,Web,19,10.0,4,301.52,0,0,222.88,Active,0
306393,2026-06-30,2024-05-02,20,68243.66,Budapest,Mobile,26,6.0,2,127.82,0,0,203.97,Active,0
302991,2026-06-30,2025-11-06,29,15076.09,North,Mobile,8,3.0,1,78.41,0,0,185.56,Active,0
308550,2026-06-30,2024-10-02,50,15375.39,East,Web,21,9.0,2,182.25,0,1,235.39,Active,0
304876,2026-06-30,2025-02-25,38,40829.36,Budapest,Web,16,9.0,1,75.28,0,0,163.98,Active,0
302545,2026-06-30,2024-01-24,37,26966.16,West,Web,29,9.0,2,173.89,0,0,173.02,Loyal,0
307426,2026-06-30,2024-11-15,36,32066.45,Budapest,Web,19,10.0,2,106.73,0,0,190.5,Active,0
305342,2026-06-30,2025-09-11,42,36999.59,East,Web,10,12.0,1,0.0,1,1,51.39,At Risk,1
307657,2026-06-30,2025-02-19,43,64220.21,West,Web,16,9.0,1,89.88,0,0,287.54,Active,0
303330,2026-06-30,2025-10-04,27,19763.37,South,Web,9,11.0,1,91.56,0,0,108.85,Active,0
304067,2026-06-30,2025-07-19,51,48605.83,South,Web,11,3.0,2,103.71,0,0,151.38,Loyal,0
303989,2026-06-30,2025-10-27,42,45837.67,Budapest,Store,8,17.0,1,64.26,0,0,132.7,Active,0
302161,2026-06-30,2025-12-17,42,37764.32,West,Store,6,7.0,2,113.46,0,0,152.21,Active,0
300686,2026-06-30,2025-10-24,50,49224.86,Budapest,Mobile,8,9.0,1,66.23,0,0,130.03,Active,0
306381,2026-06-30,2024-11-21,45,26577.5,East,Web,19,5.0,1,123.98,0,0,229.62,Loyal,0
303244,2026-06-30,2025-10-04,31,42702.05,East,Web,9,8.0,1,54.79,0,0,219.94,Active,0
308488,2026-06-30,2025-08-08,47,30623.87,Budapest,Web,11,5.0,2,145.9,0,0,333.31,Active,0
306689,2026-06-30,2025-09-02,38,35774.14,West,Mobile,10,11.0,1,5.17,0,0,212.69,Loyal,0
307726,2026-06-30,2025-05-22,30,39062.61,South,Mobile,13,8.0,2,248.53,0,0,191.69,Active,0
304084,2026-06-30,2024-08-29,48,99299.47,West,Web,22,8.0,3,103.93,1,0,144.56,Loyal,0
302838,2026-06-30,2024-11-28,42,65862.14,North,Web,19,4.0,2,70.44,0,0,94.33,Active,0
303698,2026-06-30,2025-09-12,18,39272.93,Budapest,Mobile,10,4.0,2,125.24,0,0,170.91,Active,0
306268,2026-06-30,2024-12-02,49,30974.21,North,Mobile,19,9.0,1,36.76,0,0,173.18,Active,0
304942,2026-06-30,2025-04-18,28,146263.07,South,Web,14,6.0,1,44.06,1,0,160.4,Loyal,0
305947,2026-06-30,2024-05-21,34,56757.63,Budapest,Mobile,25,9.0,3,211.84,1,0,230.05,Active,0
304584,2026-06-30,2024-01-14,36,38481.15,Budapest,Web,30,13.0,4,251.08,1,0,191.78,Active,0
305785,2026-06-30,2024-02-23,59,15000.0,South,Store,28,7.0,1,82.4,0,0,178.24,Active,0
304041,2026-06-30,2024-02-21,52,16321.16,Budapest,Web,28,4.0,1,122.08,0,0,157.27,Active,0
302231,2026-06-30,2025-02-04,45,25708.83,North,Store,17,12.0,0,21.91,0,1,70.82,At Risk,1
307296,2026-06-30,2024-10-09,46,19354.86,Budapest,Web,21,9.0,2,132.2,0,0,137.73,Active,0
302321,2026-06-30,2025-04-05,38,15000.0,South,Web,15,3.0,0,0.0,1,0,127.02,Active,0
304879,2026-06-30,2025-02-20,56,16158.98,North,Web,16,11.0,1,75.55,0,0,242.89,Loyal,0
300522,2026-06-30,2025-01-21,34,105744.65,West,Mobile,17,10.0,2,80.15,0,0,231.4,Loyal,0
300523,2026-06-30,2024-04-27,51,78079.38,East,Web,26,14.0,1,91.06,0,0,168.02,Active,0
305346,2026-06-30,2024-01-06,45,94574.92,Budapest,Mobile,30,6.0,0,0.0,0,0,209.16,Active,0
307795,2026-06-30,2024-08-08,49,39761.4,East,Web,23,12.0,5,304.63,0,0,254.36,Loyal,0
308034,2026-06-30,2024-04-22,51,27145.66,Budapest,Web,26,5.0,1,78.12,0,0,264.75,Active,0
308030,2026-06-30,2025-08-30,55,58872.45,North,Mobile,10,5.0,1,57.06,0,0,310.91,Active,0
308688,2026-06-30,2025-12-30,44,26381.3,Budapest,Web,6,13.0,2,109.27,0,0,194.08,Active,0
307536,2026-06-30,2024-10-11,34,47537.2,West,Mobile,21,4.0,1,27.83,0,0,173.37,Active,0
300781,2026-06-30,2025-05-08,31,31511.96,North,Web,14,10.0,1,34.62,0,0,178.83,Active,0
307809,2026-06-30,2025-11-09,34,20036.59,West,Mobile,8,7.0,1,32.71,0,0,155.62,Active,0
308951,2026-06-30,2025-09-09,31,33365.1,Budapest,Web,10,5.0,1,20.83,0,0,226.52,Active,0
305608,2026-06-30,2024-10-11,39,63602.7,Budapest,Store,21,5.0,1,44.14,0,0,144.88,Loyal,0
305979,2026-06-30,2024-08-18,30,28630.0,North,Web,22,8.0,0,32.65,0,1,291.25,Active,0
300652,2026-06-30,2025-10-14,50,33806.68,West,Mobile,9,7.0,2,61.81,0,1,206.43,Active,0
307452,2026-06-30,2024-05-22,22,35500.17,South,Mobile,25,8.0,1,42.69,0,0,232.4,Active,0
302197,2026-06-30,2025-10-20,23,42407.48,Budapest,Web,8,10.0,1,0.0,0,0,235.94,Active,0
307095,2026-06-30,2024-04-09,60,41271.8,Budapest,Mobile,27,3.0,1,88.57,0,0,198.9,Active,0
300370,2026-06-30,2024-09-21,50,54970.17,West,Web,21,6.0,3,129.59,0,0,172.95,Loyal,0
307489,2026-06-30,2025-06-04,61,33020.79,West,Mobile,13,11.0,0,0.0,0,0,209.94,Active,0
304215,2026-06-30,2025-03-14,39,30302.38,South,Web,16,4.0,0,16.32,0,0,187.19,Loyal,0
300378,2026-06-30,2025-04-19,36,33969.59,Budapest,Web,14,6.0,0,15.37,0,0,168.43,Active,0
307034,2026-06-30,2024-06-03,32,67662.21,South,Mobile,25,6.0,1,49.34,0,0,127.25,Active,0
302217,2026-06-30,2025-10-06,34,24742.53,Budapest,Web,9,4.0,0,5.54,0,0,266.97,Active,0
307604,2026-06-30,2024-10-01,26,18586.2,North,Web,21,10.0,2,222.34,0,0,225.06,Active,0
301614,2026-06-30,2024-08-16,34,47318.57,East,Web,22,11.0,2,147.19,0,0,167.17,Active,0
301828,2026-06-30,2025-02-10,29,47830.9,Budapest,Store,17,8.0,2,151.35,0,0,116.93,Loyal,0
303633,2026-06-30,2025-07-10,34,30195.16,North,Web,12,9.0,1,32.03,0,0,205.31,Active,0
300963,2026-06-30,2024-03-19,53,73956.11,West,Mobile,27,8.0,2,95.63,0,0,212.72,Loyal,0
302994,2026-06-30,2025-12-10,35,48148.88,East,Mobile,7,5.0,0,0.0,0,0,228.04,Active,0
308790,2026-06-30,2025-04-08,40,58102.38,West,Mobile,15,17.0,0,0.0,0,0,72.8,Active,0
307610,2026-06-30,2024-09-14,59,32203.91,Budapest,Mobile,21,8.0,4,137.11,0,0,155.02,Active,0
308412,2026-06-30,2024-01-01,35,54231.07,Budapest,Web,30,11.0,0,0.0,0,0,183.06,Active,0
300360,2026-06-30,2024-08-10,45,69253.25,West,Store,23,8.0,3,328.22,0,0,235.8,Active,0
303840,2026-06-30,2024-04-24,19,22819.73,North,Web,26,5.0,4,251.96,0,0,142.25,Active,0
306696,2026-06-30,2024-09-11,44,23354.69,Budapest,Store,22,13.0,1,0.0,0,0,188.18,Loyal,0
301247,2026-06-30,2024-03-19,68,35711.3,South,Store,27,8.0,1,72.69,0,0,125.87,Active,0
306976,2026-06-30,2025-03-17,52,22734.21,North,Mobile,15,4.0,0,40.91,0,1,128.27,At Risk,1
305088,2026-06-30,2025-10-20,52,69163.08,West,Mobile,8,13.0,0,0.0,1,0,208.2,Active,0
303695,2026-06-30,2025-04-12,33,56357.73,West,Mobile,15,3.0,2,200.73,0,0,199.09,Active,0
301574,2026-06-30,2025-05-29,25,15000.0,South,Web,13,11.0,3,152.55,0,0,347.77,Active,0
306282,2026-06-30,2024-08-09,44,39008.74,East,Web,23,13.0,3,253.52,0,1,254.45,Loyal,0
308232,2026-06-30,2024-03-10,30,58525.11,Budapest,Web,28,4.0,4,201.99,0,0,88.89,Active,0
302568,2026-06-30,2025-12-13,50,22586.72,North,Mobile,7,4.0,0,27.44,0,0,251.12,Active,0
303424,2026-06-30,2024-06-12,43,43719.16,North,Web,25,6.0,3,319.89,0,0,201.2,Active,0
302038,2026-06-30,2025-07-08,35,25029.42,North,Web,12,9.0,0,0.0,0,0,181.54,Loyal,0
300773,2026-06-30,2025-02-03,58,15000.0,West,Web,17,12.0,3,251.05,0,0,191.2,Active,0
305381,2026-06-30,2024-03-16,22,42754.14,East,Mobile,27,9.0,0,0.0,0,0,226.83,Loyal,0
308693,2026-06-30,2025-04-14,48,19418.37,West,Mobile,15,6.0,3,158.76,0,0,243.9,Active,0
303563,2026-06-30,2025-10-28,25,27077.32,West,Web,8,7.0,2,172.85,0,0,114.44,Active,0
300563,2026-06-30,2025-04-20,41,29789.21,Budapest,Web,14,5.0,3,205.09,0,0,162.37,Active,0
302547,2026-06-30,2025-12-13,41,32229.68,East,Store,7,6.0,1,81.65,0,0,90.72,Active,0
305511,2026-06-30,2024-09-29,44,50542.43,Budapest,Store,21,7.0,2,99.59,0,0,69.65,Active,0
305331,2026-06-30,2024-06-15,59,21871.03,Budapest,Web,24,13.0,3,287.24,0,0,201.01,Active,0
306628,2026-06-30,2025-01-04,50,42926.77,Budapest,Web,18,5.0,2,188.02,1,1,0.0,At Risk,1
304532,2026-06-30,2024-05-27,58,56741.22,East,Store,25,7.0,2,191.42,1,1,43.73,At Risk,1
301675,2026-06-30,2025-06-19,32,48581.28,East,Mobile,12,6.0,1,46.97,0,0,149.76,Active,0
300366,2026-06-30,2024-06-18,40,40593.74,Budapest,Web,24,10.0,0,0.0,0,0,107.96,Active,0
306569,2026-06-30,2025-10-15,58,18375.22,North,Web,8,6.0,0,41.91,0,0,213.12,Loyal,0
306467,2026-06-30,2025-09-20,33,37185.76,East,Mobile,9,6.0,1,86.7,0,0,179.86,Loyal,0
304328,2026-06-30,2024-01-14,60,55011.5,Budapest,Web,30,4.0,2,186.79,0,0,192.05,Active,0
300037,2026-06-30,2025-06-16,49,25791.6,Budapest,Store,12,17.0,2,94.16,0,0,188.57,Active,0
300148,2026-06-30,2024-03-25,39,31179.05,East,Web,27,9.0,2,182.6,0,0,238.03,Active,0
301669,2026-06-30,2024-07-10,44,15000.0,East,Mobile,24,14.0,0,0.0,0,0,203.34,Active,0
303089,2026-06-30,2024-06-22,47,21910.8,North,Web,24,10.0,2,127.05,0,0,295.67,Active,0
307877,2026-06-30,2025-07-11,64,21640.62,West,Web,12,9.0,3,263.37,0,0,280.67,Loyal,0
300408,2026-06-30,2024-06-22,68,34813.67,East,Web,24,5.0,2,57.78,0,0,158.38,Loyal,0
308708,2026-06-30,2025-10-18,18,24688.85,East,Web,8,10.0,2,123.97,0,0,174.68,Active,0
303457,2026-06-30,2024-07-24,44,26768.12,West,Web,23,14.0,2,218.8,0,0,218.78,Loyal,0
306187,2026-06-30,2025-08-11,36,48134.99,North,Mobile,11,8.0,5,328.14,0,0,117.85,Loyal,0
304183,2026-06-30,2025-05-02,45,21623.05,East,Mobile,14,9.0,1,45.67,0,0,235.1,Active,0
303577,2026-06-30,2024-10-18,34,21697.8,East,Mobile,20,7.0,1,105.93,0,0,169.02,Loyal,0
303272,2026-06-30,2024-10-06,29,15000.0,South,Store,21,4.0,1,82.6,1,0,170.46,Loyal,0
304941,2026-06-30,2025-03-13,36,55882.06,East,Mobile,16,6.0,1,67.71,1,1,0.0,At Risk,1
301032,2026-06-30,2025-12-16,45,42727.96,Budapest,Web,6,8.0,0,52.92,0,0,164.09,Loyal,0
306549,2026-06-30,2024-04-14,31,15000.0,Budapest,Web,27,10.0,3,220.7,0,0,238.17,Active,0
308066,2026-06-30,2024-07-09,58,33517.37,Budapest,Web,24,5.0,3,263.54,0,0,197.3,Loyal,0
308917,2026-06-30,2025-03-21,48,37520.85,East,Store,15,6.0,2,122.86,0,0,172.37,Active,0
300856,2026-06-30,2025-07-10,44,22894.6,East,Web,12,5.0,0,0.0,0,0,153.69,Active,0
303927,2026-06-30,2025-06-04,25,15000.0,East,Mobile,13,7.0,4,285.44,0,0,178.77,Loyal,0
300079,2026-06-30,2024-11-03,31,50121.45,South,Mobile,20,13.0,1,86.34,0,0,144.24,Active,0
302248,2026-06-30,2024-09-20,18,25083.08,Budapest,Mobile,21,10.0,2,74.82,0,0,342.67,Active,0
307402,2026-06-30,2024-02-12,51,20463.28,Budapest,Mobile,29,11.0,2,126.88,0,0,263.27,Active,0
300017,2026-06-30,2025-05-20,30,30159.59,Budapest,Mobile,13,12.0,0,92.27,0,0,286.27,Active,0
308696,2026-06-30,2025-08-25,38,42525.25,East,Web,10,5.0,0,0.0,0,0,249.63,Active,0
308674,2026-06-30,2025-07-05,52,32986.74,West,Web,12,5.0,1,62.82,0,0,218.76,Active,0
306880,2026-06-30,2024-02-11,30,33017.31,Budapest,Mobile,29,10.0,2,145.23,0,0,208.39,Active,0
300789,2026-06-30,2025-05-20,37,41816.26,South,Mobile,13,10.0,1,79.88,0,0,182.31,Active,0
302280,2026-06-30,2024-03-09,30,58367.87,North,Web,28,13.0,2,58.6,0,0,131.46,Active,0
304096,2026-06-30,2024-07-30,47,15000.0,East,Mobile,23,11.0,0,0.0,0,0,218.43,Active,0
303898,2026-06-30,2024-04-06,33,24083.39,South,Mobile,27,8.0,1,94.98,0,0,237.27,Active,0
306513,2026-06-30,2025-06-25,35,28737.3,North,Web,12,10.0,1,19.48,0,0,188.59,Active,0
308241,2026-06-30,2024-03-29,60,39479.96,South,Web,27,9.0,0,29.58,0,0,176.58,Active,0
308588,2026-06-30,2025-03-06,32,180000.0,East,Store,16,11.0,2,134.95,0,0,194.89,Active,0
303632,2026-06-30,2025-10-12,33,45979.02,West,Mobile,9,4.0,0,6.13,1,0,222.33,Active,0
307481,2026-06-30,2025-02-06,50,35276.61,Budapest,Web,17,15.0,0,28.79,0,0,249.01,Loyal,0
306273,2026-06-30,2024-03-02,47,24123.87,West,Web,28,6.0,1,93.13,0,0,162.68,Loyal,0
300425,2026-06-30,2024-12-21,34,47795.69,West,Web,18,7.0,2,94.78,0,0,187.98,Loyal,0
300393,2026-06-30,2024-08-14,47,23097.41,Budapest,Store,23,8.0,2,131.53,0,0,285.75,Active,0
307460,2026-06-30,2025-06-25,36,53528.09,West,Web,12,4.0,1,44.21,0,0,241.7,Active,0
300017,2026-06-30,2025-05-20,30,30159.59,Budapest,Mobile,13,10.0,1,68.01,0,0,286.27,Active,0
307469,2026-06-30,2024-05-16,40,20428.68,West,Mobile,25,4.0,2,116.06,0,0,150.58,Active,0
304201,2026-06-30,2024-07-21,42,59789.53,West,Web,23,7.0,1,57.87,1,0,204.27,Loyal,0
302673,2026-06-30,2024-11-19,27,93687.01,Budapest,Mobile,19,6.0,1,71.12,0,0,213.6,Active,0
302445,2026-06-30,2024-08-24,19,46830.76,South,Web,22,8.0,3,303.61,0,0,219.97,Loyal,0
307153,2026-06-30,2024-01-05,45,45925.12,West,Web,30,8.0,3,122.54,0,0,230.46,Active,0
306760,2026-06-30,2024-06-14,56,36865.68,North,Web,25,7.0,2,183.53,1,0,170.88,Loyal,0
303494,2026-06-30,2025-01-22,53,46832.63,East,Mobile,17,10.0,1,57.45,0,0,187.78,Active,0
306045,2026-06-30,2024-11-10,30,23506.08,East,Web,20,10.0,2,54.15,0,0,220.77,Active,0
301460,2026-06-30,2025-07-27,19,30152.34,South,Web,11,11.0,6,195.38,0,1,0.0,At Risk,1
307218,2026-06-30,2024-10-09,52,57814.82,South,Web,21,6.0,2,172.53,0,0,159.17,Active,0
307289,2026-06-30,2024-11-19,49,37179.77,South,Store,19,12.0,2,175.09,0,0,110.95,Loyal,0
306755,2026-06-30,2025-05-28,47,25870.95,Budapest,Mobile,13,10.0,3,241.48,0,0,212.45,Loyal,0
306640,2026-06-30,2024-07-25,50,84899.09,South,Web,23,12.0,0,0.0,0,0,188.81,Active,0
303836,2026-06-30,2024-10-24,42,52762.06,West,Web,20,12.0,2,91.56,0,0,52.8,Loyal,0
308463,2026-06-30,2024-12-24,52,24017.1,Budapest,Mobile,18,3.0,1,0.0,0,0,263.68,Active,0
305684,2026-06-30,2024-09-06,23,57045.55,Budapest,Store,22,6.0,1,3.75,1,0,184.71,Active,0
307727,2026-06-30,2024-03-14,22,46297.93,West,Mobile,28,10.0,4,198.68,0,0,141.84,Active,0
305828,2026-06-30,2024-08-18,25,46064.15,South,Mobile,22,4.0,3,222.69,0,0,261.3,Active,0
308859,2026-06-30,2025-11-13,55,34835.39,Budapest,Store,8,10.0,0,38.26,0,0,131.27,Active,0
304725,2026-06-30,2025-08-19,49,21997.25,North,Mobile,10,9.0,2,104.69,0,0,212.85,Active,0
307750,2026-06-30,2025-08-11,56,39442.15,Budapest,Mobile,11,7.0,0,41.34,0,0,259.3,Active,0
305888,2026-06-30,2025-08-31,46,41769.17,South,Mobile,10,9.0,1,87.8,0,0,184.77,Loyal,0
302356,2026-06-30,2025-09-14,56,41041.75,South,Mobile,9,6.0,0,0.0,0,0,150.43,Active,0
306037,2026-06-30,2025-10-22,38,44779.19,Budapest,Web,8,5.0,1,77.98,0,0,161.17,Loyal,0
304799,2026-06-30,2025-12-06,56,43168.64,South,Store,7,11.0,4,351.94,0,0,183.74,Active,0
302443,2026-06-30,2024-10-14,34,33693.12,West,Mobile,20,15.0,1,97.92,0,0,279.3,Active,0
306766,2026-06-30,2024-10-12,43,82955.23,East,Store,21,11.0,2,146.82,0,0,262.02,Active,0
304593,2026-06-30,2025-01-13,40,36576.77,West,Web,18,10.0,1,78.99,0,0,252.38,Active,0
307768,2026-06-30,2025-01-14,34,81295.73,West,Mobile,17,8.0,1,77.88,0,0,231.89,Active,0
300465,2026-06-30,2025-04-07,53,54149.39,South,Web,15,12.0,0,17.47,0,0,256.23,Loyal,0
300164,2026-06-30,2025-12-20,25,40113.98,West,Mobile,6,7.0,0,32.28,1,0,234.7,Loyal,0
308413,2026-06-30,2025-06-28,24,58400.94,Budapest,Web,12,9.0,1,77.4,0,0,234.48,Loyal,0
308573,2026-06-30,2025-09-10,60,33468.42,North,Web,10,6.0,1,26.98,0,0,330.75,Loyal,0
307077,2026-06-30,2025-12-18,36,77326.62,East,Mobile,6,5.0,1,23.78,0,0,137.94,Active,0
308886,2026-06-30,2025-03-10,26,23019.4,East,Mobile,16,12.0,1,107.18,0,0,193.47,Loyal,0
300242,2026-06-30,2024-04-21,30,35307.77,Budapest,Mobile,26,4.0,1,84.65,0,0,197.53,Loyal,0
302010,2026-06-30,2025-05-15,36,19727.26,East,Web,14,4.0,0,55.15,0,0,226.96,Active,0
306357,2026-06-30,2024-09-22,49,30736.35,East,Store,21,9.0,2,152.3,0,0,210.8,Active,0
303085,2026-06-30,2024-08-03,37,21691.4,North,Web,23,4.0,0,0.0,0,0,298.13,Active,0
306209,2026-06-30,2025-07-12,55,31184.42,Budapest,Web,12,11.0,3,158.29,0,0,190.03,Active,0
300901,2026-06-30,2025-06-27,33,26200.31,West,Mobile,12,8.0,1,33.95,0,0,190.21,Active,0
305543,2026-06-30,2025-04-13,31,39257.87,Budapest,Web,15,4.0,1,120.53,0,0,144.19,Active,0
307638,2026-06-30,2025-10-04,25,29878.59,Budapest,Web,9,9.0,1,35.71,0,0,270.75,Active,0
307813,2026-06-30,2024-03-22,53,65163.46,West,Mobile,27,11.0,4,518.93,0,0,178.44,Active,0
304838,2026-06-30,2024-07-25,43,18037.64,West,Web,23,9.0,2,189.32,0,0,264.08,Active,0
302294,2026-06-30,2024-05-31,46,24170.86,Budapest,Web,25,12.0,3,139.32,0,0,144.93,Active,0
306538,2026-06-30,2025-04-11,18,32989.31,East,Store,15,6.0,1,40.2,0,0,180.42,Active,0
304482,2026-06-30,2025-12-28,40,22894.65,South,Web,6,4.0,0,17.99,0,0,107.58,Active,0
305303,2026-06-30,2025-07-06,39,23793.19,East,Web,12,5.0,0,0.0,0,0,201.78,Active,0
304606,2026-06-30,2025-10-25,65,53918.37,West,Store,8,4.0,1,119.81,0,0,131.69,Active,0
303717,2026-06-30,2025-04-28,50,59523.05,East,Web,14,4.0,0,0.0,0,0,231.49,Active,0
308236,2026-06-30,2025-02-09,49,61756.19,Budapest,Web,17,10.0,1,117.33,0,0,209.68,Loyal,0
306141,2026-06-30,2024-09-03,57,32471.74,East,Web,22,6.0,1,102.16,0,0,273.51,Loyal,0
301765,2026-06-30,2025-03-20,46,102472.09,Budapest,Mobile,15,3.0,0,15.81,0,0,120.08,Active,0
301550,2026-06-30,2024-04-16,33,28358.32,West,Web,26,8.0,1,53.07,0,0,231.37,Loyal,0
303030,2026-06-30,2024-08-08,39,51159.7,Budapest,Web,23,4.0,1,139.05,0,0,211.19,Active,0
307545,2026-06-30,2025-03-22,29,20016.65,South,Mobile,15,9.0,2,88.06,1,0,80.89,At Risk,1
306299,2026-06-30,2025-07-04,47,,South,Web,12,8.0,0,14.08,1,0,153.06,Active,0
302045,2026-06-30,2024-02-01,34,37482.02,Budapest,Web,29,7.0,3,110.34,0,0,235.66,Loyal,0
300768,2026-06-30,2024-02-08,39,98174.52,Budapest,Store,29,12.0,1,95.63,0,0,146.63,Loyal,0
305694,2026-06-30,2024-02-06,39,66816.28,West,Mobile,29,3.0,1,34.07,0,0,208.17,Active,0
301509,2026-06-30,2024-11-08,43,28187.95,Budapest,Web,20,8.0,5,475.5,0,0,159.09,Loyal,0
303303,2026-06-30,2025-02-06,59,15000.0,North,Mobile,17,10.0,3,191.93,1,1,20.44,At Risk,1
304518,2026-06-30,2024-01-04,34,36124.61,Budapest,Store,30,9.0,2,83.71,0,0,121.49,Active,0
304220,2026-06-30,2024-09-29,56,54200.26,East,Mobile,21,11.0,2,175.5,0,0,252.01,Active,0
308243,2026-06-30,2025-06-03,43,32846.61,West,Web,13,7.0,2,144.81,0,0,245.46,Active,0
306546,2026-06-30,2024-02-28,54,86565.46,North,Web,28,8.0,2,191.85,0,0,252.47,Loyal,0
303293,2026-06-30,2024-12-21,44,49654.99,Budapest,Mobile,18,6.0,1,48.19,0,0,290.83,Loyal,0
300820,2026-06-30,2024-07-06,46,16241.42,South,Web,24,12.0,2,165.27,0,0,188.73,Active,0
301404,2026-06-30,2024-09-27,42,79204.77,North,Web,21,7.0,3,219.63,0,0,160.17,Active,0
301383,2026-06-30,2025-05-22,32,16469.67,Budapest,Store,13,7.0,1,74.3,0,0,199.9,Active,0
302149,2026-06-30,2025-03-25,46,74038.06,North,Web,15,4.0,1,75.62,1,0,156.73,Loyal,0
305672,2026-06-30,2025-06-15,25,21650.7,East,Store,12,10.0,3,155.83,0,0,197.87,Active,0
301639,2026-06-30,2025-10-07,49,31299.62,Budapest,Web,9,7.0,1,9.33,1,1,0.0,At Risk,1
305892,2026-06-30,2025-07-02,55,36089.78,South,Mobile,12,6.0,4,207.33,0,0,233.25,Active,0
300609,2026-06-30,2025-04-28,20,36409.17,Budapest,Web,14,8.0,2,144.16,0,0,205.23,Active,0
300400,2026-06-30,2024-04-18,34,73266.37,Budapest,Web,26,6.0,3,232.42,0,0,281.4,Active,0
306407,2026-06-30,2025-11-13,50,65946.86,West,Mobile,8,12.0,1,29.09,0,0,132.99,Loyal,0
300883,2026-06-30,2025-09-19,34,38960.4,East,Store,9,8.0,2,54.38,0,0,221.48,Active,0
303566,2026-06-30,2024-08-14,35,73189.68,Budapest,Web,23,8.0,2,154.85,0,0,125.58,Active,0
304286,2026-06-30,2024-10-23,41,177631.23,Budapest,Web,20,5.0,3,171.75,0,0,212.24,Active,0
301180,2026-06-30,2025-10-17,61,35205.88,East,Mobile,8,7.0,1,71.56,0,0,142.83,Active,0
305449,2026-06-30,2025-09-22,18,33743.65,North,Mobile,9,10.0,3,172.96,1,0,234.74,Active,0
304245,2026-06-30,2025-10-10,39,42800.13,Budapest,Mobile,9,14.0,0,55.33,0,0,157.72,Active,0
305219,2026-06-30,2025-03-04,50,35084.83,Budapest,Web,16,15.0,1,41.79,0,0,246.16,Loyal,0
306823,2026-06-30,2025-12-22,45,16254.23,North,Store,6,6.0,0,0.0,0,0,227.41,Active,0
302131,2026-06-30,2025-07-26,43,73706.88,South,Web,11,6.0,2,142.76,0,0,204.23,Active,0
305079,2026-06-30,2024-09-11,38,32765.62,Budapest,Web,22,8.0,0,45.49,0,0,202.44,Active,0
300457,2026-06-30,2025-09-13,45,52379.41,Budapest,Store,10,4.0,1,95.84,0,0,175.79,Loyal,0
307593,2026-06-30,2024-06-18,34,23909.44,East,Web,24,6.0,2,154.57,0,0,207.31,Active,0
305176,2026-06-30,2024-01-17,47,58302.73,Budapest,Web,29,10.0,0,0.0,0,0,158.8,Active,0
301951,2026-06-30,2024-05-23,29,25087.76,West,Mobile,25,8.0,0,14.48,0,0,257.53,Active,0
305373,2026-06-30,2024-09-20,18,32849.62,East,Mobile,21,9.0,0,0.0,0,0,166.86,Loyal,0
300690,2026-06-30,2025-08-02,18,22123.09,West,Mobile,11,9.0,2,92.44,0,0,218.19,Active,0
307891,2026-06-30,2025-12-01,34,27341.63,Budapest,Web,7,5.0,3,272.74,0,0,131.58,Active,0
306526,2026-06-30,2024-01-23,52,54339.91,Budapest,Store,29,11.0,2,129.05,0,0,211.61,Loyal,0
308927,2026-06-30,2025-03-15,43,60127.89,West,Web,16,7.0,2,143.08,0,0,141.45,Loyal,0
306489,2026-06-30,2024-12-21,35,77107.97,East,Mobile,18,7.0,2,50.84,0,0,243.91,Loyal,0
301954,2026-06-30,2025-11-14,34,39696.06,North,Store,7,3.0,3,110.09,0,0,218.38,Active,0
305637,2026-06-30,2025-12-10,42,88637.11,Budapest,Web,7,4.0,3,187.61,0,0,122.78,Loyal,0
307104,2026-06-30,2024-06-07,34,24785.04,East,Store,25,11.0,3,164.37,0,0,197.95,Loyal,0
302711,2026-06-30,2024-08-21,43,26000.12,Budapest,Web,22,8.0,1,0.0,0,0,272.7,Loyal,0
307379,2026-06-30,2025-06-28,29,156821.61,East,Web,12,9.0,0,28.28,0,0,170.6,Active,0
307418,2026-06-30,2024-05-07,41,41256.03,East,Web,26,4.0,1,22.46,0,0,222.04,Loyal,0
304350,2026-06-30,2025-10-17,57,,East,Web,8,4.0,0,3.12,0,0,171.43,Active,0
304139,2026-06-30,2024-09-19,43,,West,Store,21,2.0,1,78.8,0,0,163.83,Loyal,0
301885,2026-06-30,2024-01-10,37,25506.8,West,Mobile,30,13.0,3,120.47,0,0,141.43,Loyal,0
307521,2026-06-30,2025-07-13,54,31098.88,Budapest,Store,12,6.0,0,0.0,0,0,221.0,Active,0
304486,2026-06-30,2025-10-13,35,29568.37,West,Mobile,9,2.0,3,60.14,1,0,213.51,Active,0
302495,2026-06-30,2024-08-24,28,33321.48,East,Web,22,7.0,1,35.87,0,0,237.59,Loyal,0
307131,2026-06-30,2025-01-02,24,33748.99,South,Web,18,7.0,2,136.93,0,0,152.39,Active,0
303037,2026-06-30,2024-02-20,45,29496.94,Budapest,Store,28,6.0,2,140.84,0,0,183.3,Active,0
305778,2026-06-30,2024-05-26,47,43107.05,East,Web,25,5.0,0,29.75,0,0,194.5,Active,0
303604,2026-06-30,2024-04-03,45,114766.19,East,Mobile,27,9.0,3,225.46,0,0,295.27,Active,0
300846,2026-06-30,2024-06-03,49,33177.16,West,Mobile,25,8.0,1,70.44,0,0,148.38,Active,0
300543,2026-06-30,2024-08-15,31,42445.87,North,Web,22,6.0,2,136.96,0,0,232.11,Loyal,0
303725,2026-06-30,2025-02-25,50,44309.07,East,Mobile,16,10.0,1,37.18,0,0,216.14,Active,0
304188,2026-06-30,2024-06-02,33,41546.48,East,Web,25,10.0,2,217.7,0,0,222.95,Active,0
303680,2026-06-30,2025-04-17,58,26975.45,North,Mobile,14,5.0,1,79.4,0,0,136.23,Loyal,0
307970,2026-06-30,2024-09-05,58,58635.62,South,Mobile,22,5.0,1,88.57,0,0,163.56,Active,0
306076,2026-06-30,2024-09-08,45,15711.17,North,Store,22,9.0,3,130.65,0,0,175.73,Loyal,0
306994,2026-06-30,2024-08-04,27,28645.58,East,Web,23,6.0,0,58.14,0,0,193.33,Loyal,0
308925,2026-06-30,2024-02-12,36,22275.64,West,Web,29,7.0,0,2.16,0,0,241.43,Active,0
306869,2026-06-30,2024-01-11,57,15393.78,Budapest,Mobile,30,5.0,0,0.0,0,0,187.74,Active,0
302965,2026-06-30,2025-07-18,30,49393.55,South,Store,11,11.0,1,45.86,0,0,238.82,Loyal,0
302530,2026-06-30,2025-06-17,36,34483.38,Budapest,Mobile,12,5.0,1,98.96,0,0,201.63,Active,0
305773,2026-06-30,2025-11-16,46,25445.01,South,Store,7,7.0,3,119.2,0,0,186.57,Active,0
301049,2026-06-30,2025-12-04,21,73903.34,West,Mobile,7,7.0,0,34.67,0,0,226.44,Loyal,0
301961,2026-06-30,2024-07-14,49,47440.42,South,Mobile,24,7.0,1,116.14,0,0,270.2,Active,0
302531,2026-06-30,2024-07-21,47,59920.69,North,Store,23,11.0,2,158.87,0,0,182.66,Loyal,0
308644,2026-06-30,2024-01-16,43,22210.64,South,Mobile,29,7.0,0,35.16,0,0,246.76,Active,0
306525,2026-06-30,2025-08-16,54,35177.21,Budapest,Web,10,7.0,1,69.76,0,0,269.08,Active,0
300238,2026-06-30,2025-08-12,54,22009.31,East,Web,11,9.0,3,148.22,0,0,247.3,Active,0
304918,2026-06-30,2024-10-07,47,25612.54,East,Store,21,8.0,2,219.62,0,0,213.83,Loyal,0
306480,2026-06-30,2024-06-16,26,159436.95,East,Store,24,9.0,2,52.83,0,0,138.55,Loyal,0
301134,2026-06-30,2025-09-28,45,36733.23,East,Web,9,7.0,3,171.52,0,0,88.95,Active,0
305902,2026-06-30,2025-08-17,45,,East,Store,10,,0,0.0,0,0,158.32,Active,0
308222,2026-06-30,2025-01-03,43,60184.78,Budapest,Mobile,18,5.0,4,229.87,0,0,263.24,Loyal,0
304260,2026-06-30,2024-03-04,48,16405.8,South,Web,28,10.0,2,126.57,0,0,183.26,Loyal,0
307872,2026-06-30,2025-12-26,27,25561.05,Budapest,Store,6,10.0,2,54.47,0,0,152.53,Loyal,0
307227,2026-06-30,2024-10-23,40,42894.24,West,Web,20,12.0,2,59.28,0,0,154.48,Loyal,0
307387,2026-06-30,2024-01-02,33,30960.14,East,Mobile,30,9.0,3,160.26,0,0,137.69,Active,0
307508,2026-06-30,2024-02-16,50,,North,Store,28,8.0,1,55.85,1,0,130.63,Active,0
305657,2026-06-30,2025-10-29,25,21873.26,Budapest,Store,8,5.0,0,21.76,0,0,63.45,Active,0
307701,2026-06-30,2024-04-16,36,72892.33,West,Mobile,26,10.0,1,44.17,0,0,205.14,Loyal,0
308020,2026-06-30,2024-12-26,31,19299.24,West,Mobile,18,11.0,1,73.97,0,0,244.28,Active,0
305908,2026-06-30,2025-04-27,32,36266.27,Budapest,Web,14,12.0,2,157.27,0,0,200.98,Loyal,0
302979,2026-06-30,2024-01-16,44,78471.5,Budapest,Mobile,29,13.0,3,174.01,0,1,152.2,Active,0
307903,2026-06-30,2024-03-09,38,67682.23,North,Mobile,28,6.0,1,40.84,0,0,325.66,Active,0
305525,2026-06-30,2025-03-16,44,15000.0,Budapest,Mobile,15,6.0,0,0.0,0,0,254.17,Active,0
307679,2026-06-30,2025-09-18,56,36815.72,Budapest,Web,9,13.0,0,39.44,0,0,132.04,Loyal,0
306751,2026-06-30,2024-04-10,53,81771.53,Budapest,Mobile,27,8.0,1,105.86,0,0,247.74,Active,0
307449,2026-06-30,2024-08-04,41,77401.62,Budapest,Mobile,23,10.0,2,94.54,0,0,173.78,Active,0
303920,2026-06-30,2024-01-26,44,15000.0,East,Store,29,3.0,0,0.0,0,0,8.85,At Risk,1
303139,2026-06-30,2024-07-27,36,33455.52,Budapest,Web,23,5.0,1,73.63,1,0,228.18,Active,0
308559,2026-06-30,2024-03-03,50,61528.98,East,Web,28,11.0,0,53.5,0,0,244.63,Active,0
305790,2026-06-30,2024-12-08,63,15000.0,Budapest,Web,19,6.0,1,72.31,0,0,209.4,Active,0
304074,2026-06-30,2024-04-05,37,33494.53,North,Mobile,27,12.0,0,6.26,0,0,158.07,Active,0
303288,2026-06-30,2025-09-26,34,25100.08,Budapest,Web,9,9.0,3,281.93,0,0,140.32,Active,0
303230,2026-06-30,2024-05-22,42,52485.09,Budapest,Mobile,25,11.0,1,65.03,0,0,219.0,Active,0
301827,2026-06-30,2025-10-07,38,23832.1,South,Web,9,6.0,1,78.17,0,0,291.54,Active,0
305549,2026-06-30,2024-07-08,45,47588.43,Budapest,Web,24,12.0,3,136.1,0,1,0.0,At Risk,1
300594,2026-06-30,2024-03-27,34,68135.66,East,Web,27,5.0,0,33.19,0,0,200.91,Active,0
302726,2026-06-30,2024-12-18,55,50628.48,Budapest,Web,18,3.0,2,154.93,0,0,202.23,Loyal,0
304138,2026-06-30,2025-12-21,60,46805.91,South,Web,6,8.0,0,29.98,0,0,220.71,Loyal,0
300561,2026-06-30,2024-11-01,39,65684.03,East,Web,20,7.0,1,10.83,1,0,249.35,Active,0
307820,2026-06-30,2025-09-23,38,28326.71,Budapest,Mobile,9,13.0,3,217.11,0,0,151.98,Loyal,0
308301,2026-06-30,2024-07-04,49,52399.51,East,Web,24,10.0,2,165.51,0,0,157.95,Loyal,0
300244,2026-06-30,2024-05-13,30,44795.13,West,Web,26,5.0,3,152.04,0,0,199.54,Active,0
305436,2026-06-30,2024-02-12,59,15000.0,West,Web,29,6.0,3,256.48,0,0,254.88,Loyal,0
304438,2026-06-30,2024-04-08,22,19638.1,Budapest,Mobile,27,9.0,2,162.93,0,0,155.68,Active,0
308398,2026-06-30,2025-08-15,42,33725.77,South,Web,10,6.0,0,10.08,0,0,183.17,Active,0
300406,2026-06-30,2024-05-17,54,56451.16,West,Mobile,25,5.0,0,0.0,0,0,224.42,Active,0
301443,2026-06-30,2025-06-20,31,24563.51,South,Mobile,12,7.0,2,96.45,0,0,201.43,Active,0
300262,2026-06-30,2024-08-26,46,32315.51,North,Mobile,22,8.0,2,96.43,0,0,291.79,Active,0
306707,2026-06-30,2025-09-09,52,69170.6,South,Mobile,10,4.0,1,56.09,0,0,246.36,Active,0
308664,2026-06-30,2024-04-18,39,17675.08,South,Mobile,26,6.0,3,68.65,0,0,175.05,Active,0
301690,2026-06-30,2024-12-06,51,33174.99,Budapest,Mobile,19,12.0,0,0.0,0,0,263.98,Active,0
301726,2026-06-30,2024-02-26,44,48274.2,South,Web,28,9.0,2,136.74,1,1,17.91,At Risk,1
308144,2026-06-30,2025-09-09,29,55279.48,West,Mobile,10,5.0,3,145.94,0,0,133.26,Active,0
304931,2026-06-30,2025-07-25,22,47140.15,Budapest,Web,11,11.0,4,276.46,0,0,203.05,Active,0
305963,2026-06-30,2025-04-01,61,72083.31,Budapest,Web,15,5.0,2,170.47,0,0,194.06,Loyal,0
302497,2026-06-30,2024-07-19,45,58227.94,North,Web,23,4.0,2,120.72,0,0,186.74,Active,0
306107,2026-06-30,2025-11-03,35,44226.87,Budapest,Mobile,8,11.0,0,0.0,1,0,235.24,Active,0
306724,2026-06-30,2024-05-13,32,26589.05,South,Web,26,13.0,1,143.76,1,1,0.0,At Risk,1
300341,2026-06-30,2024-09-24,30,28468.96,Budapest,Web,21,13.0,4,146.32,0,0,219.46,Loyal,0
306978,2026-06-30,2025-09-13,50,23490.66,Budapest,Mobile,10,7.0,0,21.0,0,0,218.98,Active,0
301602,2026-06-30,2024-03-27,27,29287.9,North,Store,27,7.0,1,107.31,0,0,158.36,Active,0
306998,2026-06-30,2025-06-22,18,55570.19,Budapest,Store,12,1.0,0,0.0,0,0,191.53,Active,0
305783,2026-06-30,2025-04-28,53,73136.93,North,Mobile,14,9.0,1,17.95,0,0,186.74,Active,0
304577,2026-06-30,2024-01-07,37,26815.5,Budapest,Web,30,,7,253.09,0,0,265.7,Active,0
303726,2026-06-30,2024-01-24,36,23828.31,East,Web,29,6.0,3,184.14,0,0,234.94,Active,0
302557,2026-06-30,2025-11-23,43,40771.79,West,Web,7,8.0,0,0.0,1,1,101.15,At Risk,1
302786,2026-06-30,2025-10-21,56,24448.18,South,Mobile,8,,2,260.61,0,0,243.02,Loyal,0
301524,2026-06-30,2024-09-05,46,36228.45,North,Mobile,22,10.0,2,150.46,1,1,0.0,At Risk,1
307447,2026-06-30,2024-11-19,21,65175.65,East,Mobile,19,8.0,2,158.35,0,0,162.94,Loyal,0
302832,2026-06-30,2025-04-27,42,40480.64,North,Web,14,13.0,0,0.0,0,0,212.24,Active,0
301013,2026-06-30,2024-04-06,23,15000.0,South,Mobile,27,9.0,1,59.59,0,0,236.12,Loyal,0
307047,2026-06-30,2025-09-21,49,15495.51,West,Mobile,9,7.0,0,0.0,0,0,253.82,Loyal,0
308073,2026-06-30,2024-09-08,46,36969.51,Budapest,Mobile,22,9.0,3,0.0,0,0,134.98,Loyal,0
301767,2026-06-30,2025-12-23,33,88060.45,West,Web,6,6.0,1,106.33,0,0,216.04,Active,0
304552,2026-06-30,2025-07-03,36,37119.42,Budapest,Store,12,6.0,3,132.45,0,0,178.94,Loyal,0
306550,2026-06-30,2024-05-29,55,27311.48,West,Web,25,10.0,2,201.2,0,0,107.76,Loyal,0
304038,2026-06-30,2025-12-19,48,23295.45,Budapest,Web,6,8.0,2,120.83,0,0,247.6,Loyal,0
306838,2026-06-30,2024-12-02,42,74692.14,South,Mobile,19,6.0,1,17.49,0,0,181.01,Active,0
308522,2026-06-30,2025-11-27,38,42710.61,Budapest,Mobile,7,11.0,1,55.86,0,0,197.39,Loyal,0
308099,2026-06-30,2025-09-07,18,19705.69,South,Mobile,10,4.0,1,36.68,1,0,183.12,Active,0
308769,2026-06-30,2025-12-02,21,22764.08,West,Mobile,7,5.0,0,0.0,0,0,185.76,Active,0
300364,2026-06-30,2024-01-10,45,,Budapest,Web,30,12.0,2,178.59,0,0,158.25,Active,0
305368,2026-06-30,2025-02-05,46,54384.51,West,Web,17,8.0,1,43.39,1,0,184.69,Active,0
305873,2026-06-30,2025-05-15,32,67348.54,West,Web,14,11.0,3,150.63,1,1,43.02,At Risk,1
307083,2026-06-30,2024-02-17,29,31122.37,Budapest,Web,28,10.0,0,0.0,0,0,263.85,Loyal,0
308589,2026-06-30,2025-04-30,40,24900.33,West,Web,14,7.0,2,134.07,0,0,187.64,Active,0
304726,2026-06-30,2025-04-03,46,47758.41,South,Web,15,6.0,3,278.58,0,0,236.86,Loyal,0
304444,2026-06-30,2025-11-09,50,35218.59,Budapest,Web,8,6.0,2,111.69,0,1,187.74,Active,0
307960,2026-06-30,2024-01-14,32,20958.3,East,Web,30,7.0,2,162.66,0,0,229.75,Loyal,0
308709,2026-06-30,2024-07-12,44,73616.65,East,Mobile,24,7.0,4,172.72,0,0,261.52,Active,0
302563,2026-06-30,2024-03-10,34,47125.24,North,Store,28,12.0,0,0.0,0,0,284.6,Active,0
306996,2026-06-30,2024-11-20,18,17716.35,Budapest,Web,19,10.0,2,109.47,0,0,151.48,Active,0
308725,2026-06-30,2025-12-29,53,33096.93,East,Mobile,6,9.0,0,0.0,1,0,278.96,Active,0
305520,2026-06-30,2025-12-13,40,34805.91,Budapest,Store,7,5.0,0,65.41,0,0,277.38,Active,0
308734,2026-06-30,2024-09-05,61,62954.6,South,Web,22,4.0,1,95.97,0,0,167.54,Active,0
303084,2026-06-30,2025-10-13,35,24775.41,South,Web,9,8.0,2,205.45,0,0,269.02,Active,0
302960,2026-06-30,2024-10-06,44,67917.13,East,Mobile,21,7.0,2,74.76,0,0,253.52,Active,0
302103,2026-06-30,2024-10-04,38,23698.37,East,Mobile,21,7.0,2,110.04,0,0,187.99,Active,0
300633,2026-06-30,2025-01-05,22,52632.72,Budapest,Store,18,11.0,1,65.33,1,0,194.84,Active,0
302494,2026-06-30,2025-11-01,22,49949.6,Budapest,Web,8,,1,115.7,0,0,225.54,Active,0
302666,2026-06-30,2025-08-30,55,38430.23,South,Store,10,9.0,3,197.75,0,0,182.77,Active,0
307245,2026-06-30,2025-01-06,43,77060.41,South,Mobile,18,5.0,2,111.28,0,0,165.26,Active,0
304407,2026-06-30,2024-12-16,40,25344.17,North,Web,18,7.0,1,5.28,0,0,142.64,Active,0
308783,2026-06-30,2025-10-10,49,19353.24,East,Store,9,7.0,1,84.17,1,1,7.65,At Risk,1
307105,2026-06-30,2025-09-19,57,15000.0,East,Store,9,8.0,3,119.21,0,0,254.19,Active,0
302335,2026-06-30,2024-04-26,52,28882.83,East,Mobile,26,6.0,1,78.57,0,0,152.01,Loyal,0
308229,2026-06-30,2024-08-25,47,31606.82,East,Mobile,22,10.0,1,46.29,0,0,254.86,Active,0
306597,2026-06-30,2024-05-06,24,18708.54,Budapest,Web,26,10.0,4,279.87,0,0,216.4,Active,0
303620,2026-06-30,2024-11-14,39,15000.0,South,Web,19,6.0,2,145.3,0,0,153.55,Active,0
305562,2026-06-30,2024-12-15,43,22285.47,South,Web,18,5.0,2,149.06,0,0,229.63,Active,0
303884,2026-06-30,2025-12-30,65,26913.98,South,Mobile,6,5.0,2,183.76,0,0,133.81,Active,0
306790,2026-06-30,2025-02-06,58,26809.85,West,Web,17,7.0,0,12.32,0,1,216.23,Loyal,0
304212,2026-06-30,2025-05-09,29,103645.42,Budapest,Store,14,6.0,1,70.09,1,0,228.43,Loyal,0
308638,2026-06-30,2024-03-28,27,28949.22,Budapest,Mobile,27,8.0,2,123.69,0,0,228.99,Active,0
301495,2026-06-30,2025-03-05,38,63534.64,West,Web,16,11.0,3,267.07,0,0,238.12,Active,0
302402,2026-06-30,2025-05-02,40,39182.06,East,Store,14,8.0,2,148.52,0,0,277.94,Active,0
303875,2026-06-30,2024-03-27,41,28434.74,South,Mobile,27,7.0,0,0.0,0,0,146.04,Active,0
301233,2026-06-30,2024-04-25,40,38075.38,South,Web,26,10.0,2,132.65,0,0,242.77,Active,0
302662,2026-06-30,2025-07-31,30,48221.08,South,Web,11,7.0,2,58.74,0,0,234.65,Active,0
302818,2026-06-30,2024-05-22,32,67547.27,Budapest,Web,25,3.0,0,0.0,0,0,195.05,Loyal,0
308908,2026-06-30,2024-05-03,24,84436.99,North,Mobile,26,9.0,3,133.36,0,0,216.43,Active,0
302775,2026-06-30,2024-03-05,39,34373.49,Budapest,Mobile,28,11.0,2,43.23,0,0,225.38,Active,0
308921,2026-06-30,2024-10-27,24,20851.09,Budapest,Store,20,5.0,2,19.41,0,0,188.33,Active,0
307926,2026-06-30,2025-06-30,24,32640.54,East,Mobile,12,10.0,5,362.3,0,0,182.47,Loyal,0
304154,2026-06-30,2025-01-27,48,60485.31,Budapest,Mobile,17,7.0,3,252.71,0,0,163.08,Loyal,0
307448,2026-06-30,2025-07-24,65,43189.56,East,Mobile,11,7.0,0,0.0,0,0,211.9,Active,0
303062,2026-06-30,2024-01-21,52,27882.92,South,Store,29,3.0,0,0.0,0,0,159.42,Active,0
300067,2026-06-30,2025-03-06,27,31885.99,Budapest,Mobile,16,10.0,2,30.67,0,0,200.61,Active,0
304237,2026-06-30,2025-05-05,50,51408.25,West,Store,14,10.0,0,0.0,0,0,157.91,Loyal,0
301736,2026-06-30,2025-09-13,55,46310.08,West,Mobile,10,9.0,1,47.91,0,0,299.62,Active,0
302824,2026-06-30,2024-07-03,36,24383.27,West,Mobile,24,13.0,0,0.0,0,0,220.18,Active,0
306293,2026-06-30,2025-11-09,57,38581.48,Budapest,Store,8,6.0,0,25.81,1,0,88.67,Active,0
307617,2026-06-30,2025-02-08,53,15261.54,Budapest,Web,17,8.0,2,147.04,0,0,219.7,Loyal,0
306865,2026-06-30,2024-11-08,21,23281.66,West,Mobile,20,7.0,1,59.06,0,0,285.4,Active,0
302476,2026-06-30,2025-05-06,54,49339.01,East,Store,14,9.0,2,63.74,0,0,304.35,Active,0
302565,2026-06-30,2024-05-15,54,75241.24,West,Web,25,5.0,3,98.76,0,0,269.8,Active,0
304092,2026-06-30,2025-12-07,37,,Budapest,Web,7,13.0,1,79.13,0,0,186.93,Active,0
303714,2026-06-30,2025-11-08,35,43825.32,Budapest,Web,8,4.0,3,144.7,0,0,197.46,Active,0
308117,2026-06-30,2025-10-08,44,34061.72,West,Store,9,6.0,1,50.68,1,1,7.05,At Risk,1
307723,2026-06-30,2025-12-29,40,33486.32,South,Mobile,6,11.0,2,146.38,0,0,263.81,Loyal,0
300708,2026-06-30,2024-01-07,65,24615.81,East,Mobile,30,11.0,1,124.16,0,0,186.35,Active,0
303047,2026-06-30,2025-03-21,38,37391.81,Budapest,Web,15,4.0,2,142.47,1,1,0.0,At Risk,1
308345,2026-06-30,2024-04-16,27,52088.04,Budapest,Web,26,15.0,5,352.04,1,1,0.0,At Risk,1
305190,2026-06-30,2024-07-04,52,17026.02,Budapest,Web,24,5.0,1,45.22,0,1,217.55,Active,0
307625,2026-06-30,2025-07-04,31,46560.73,South,Mobile,12,4.0,1,60.64,0,0,260.0,Loyal,0
305473,2026-06-30,2024-12-19,41,16373.07,West,Store,18,12.0,2,175.87,0,0,176.81,Active,0
300073,2026-06-30,2025-01-29,39,34613.25,North,Mobile,17,10.0,2,103.36,0,0,115.8,Active,0
306019,2026-06-30,2024-07-31,36,31083.55,Budapest,Store,23,13.0,1,96.3,0,0,268.4,Active,0
304449,2026-06-30,2024-01-08,59,34337.09,Budapest,Mobile,30,6.0,0,2.64,0,0,162.9,Active,0
305861,2026-06-30,2024-12-06,38,30377.69,Budapest,Web,19,13.0,3,259.94,0,0,221.14,Loyal,0
304840,2026-06-30,2024-09-27,44,26568.11,North,Store,21,5.0,1,81.05,0,0,126.92,Active,0
304132,2026-06-30,2024-05-23,40,22681.06,South,Store,25,9.0,4,346.18,0,0,142.43,Active,0
305102,2026-06-30,2024-01-09,30,26026.6,West,Web,30,14.0,2,73.95,0,0,245.32,Active,0
301191,2026-06-30,2025-04-24,31,15591.65,West,Web,14,8.0,1,71.71,0,0,221.23,Active,0
306432,2026-06-30,2024-05-12,26,28903.42,East,Web,26,7.0,1,26.98,0,0,155.89,Active,0
302602,2026-06-30,2024-04-13,22,38703.58,Budapest,Mobile,27,11.0,0,63.26,0,0,291.2,Loyal,0
301126,2026-06-30,2024-11-22,18,37648.99,East,Web,19,9.0,3,207.52,0,0,149.68,Active,0
301242,2026-06-30,2024-08-26,23,105886.37,Budapest,Web,22,5.0,1,59.59,0,0,199.24,Active,0
308645,2026-06-30,2024-05-03,22,77072.42,West,Web,26,8.0,1,38.22,0,0,143.06,Active,0
303603,2026-06-30,2024-06-02,47,37659.72,Budapest,Store,25,5.0,3,167.7,0,0,147.13,Loyal,0
302350,2026-06-30,2024-04-28,34,28870.88,South,Mobile,26,4.0,2,120.53,0,0,162.96,Loyal,0
307497,2026-06-30,2025-09-30,18,158615.49,Budapest,Web,9,5.0,3,266.53,1,1,0.0,At Risk,1
303352,2026-06-30,2024-12-01,30,26976.09,Budapest,Web,19,8.0,2,121.53,0,0,245.41,Active,0
305095,2026-06-30,2025-03-16,35,97803.95,West,Web,15,6.0,1,44.15,0,0,150.39,Loyal,0
306603,2026-06-30,2025-08-16,50,66474.25,Budapest,Store,10,8.0,0,12.06,0,0,189.37,Active,0
304009,2026-06-30,2024-11-11,47,17123.03,East,Mobile,20,7.0,0,4.84,0,0,181.4,Active,0
301578,2026-06-30,2024-07-30,45,34052.65,West,Mobile,23,9.0,4,298.52,0,0,289.6,Loyal,0
303907,2026-06-30,2025-07-29,37,19458.11,East,Mobile,11,13.0,1,42.95,0,0,177.01,Active,0
303730,2026-06-30,2024-05-25,34,55015.24,Budapest,Mobile,25,7.0,2,109.22,0,0,202.04,Loyal,0
304359,2026-06-30,2025-09-13,45,31072.86,East,Store,10,8.0,2,135.98,0,0,187.19,Active,0
305923,2026-06-30,2025-10-24,43,34517.27,Budapest,Store,8,5.0,0,32.04,0,0,142.0,Active,0
301344,2026-06-30,2024-04-16,37,76878.87,West,Web,26,8.0,2,29.99,0,0,202.28,Active,0
307924,2026-06-30,2025-06-13,37,28456.11,East,Mobile,13,8.0,6,440.53,0,0,216.93,Loyal,0
307598,2026-06-30,2024-10-11,57,33530.37,West,Web,21,8.0,1,69.16,0,0,231.41,Active,0
300441,2026-06-30,2025-10-20,28,26408.87,South,Web,8,6.0,1,54.18,0,0,169.04,Active,0
306653,2026-06-30,2025-11-13,32,30796.5,West,Web,8,11.0,2,82.82,0,0,181.75,Active,0
301101,2026-06-30,2025-04-27,40,23908.81,East,Web,14,5.0,2,149.07,0,0,171.52,Loyal,0
302638,2026-06-30,2025-04-12,52,31158.33,Budapest,Store,15,7.0,0,0.0,0,0,255.65,Active,0
307357,2026-06-30,2025-02-01,31,33677.69,Budapest,Mobile,17,4.0,0,0.0,0,0,147.53,Active,0
300650,2026-06-30,2024-12-02,59,38499.43,South,Web,19,6.0,2,150.48,0,0,186.49,Active,0
301547,2026-06-30,2024-01-23,47,22170.18,East,Web,29,12.0,1,77.04,0,0,137.77,Loyal,0
307600,2026-06-30,2024-12-06,32,34677.79,West,Mobile,19,5.0,2,72.05,0,0,188.3,Active,0
307624,2026-06-30,2024-09-06,43,35959.01,Budapest,Web,22,7.0,0,0.0,0,0,206.67,Active,0
302853,2026-06-30,2024-05-04,45,22691.85,East,Web,26,6.0,1,103.14,1,0,227.71,Loyal,0
303504,2026-06-30,2024-08-22,25,30670.5,East,Web,22,7.0,3,184.63,0,0,278.1,Active,0
301981,2026-06-30,2025-09-17,43,69688.15,West,Mobile,9,12.0,0,18.76,0,0,239.83,Active,0
300631,2026-06-30,2025-01-13,33,20183.95,South,Mobile,18,6.0,1,56.82,0,0,202.74,Active,0
304769,2026-06-30,2024-05-03,49,55770.27,North,Web,26,6.0,0,59.67,0,0,224.68,Active,0
301250,2026-06-30,2025-11-22,55,20823.32,Budapest,Web,7,9.0,1,40.1,0,0,118.55,Active,0
306847,2026-06-30,2025-05-11,37,,Budapest,Mobile,14,7.0,2,81.59,0,0,221.28,Loyal,0
300483,2026-06-30,2025-12-24,34,22553.63,East,Store,6,6.0,0,0.0,0,0,155.68,Active,0
301585,2026-06-30,2024-06-22,52,17534.2,South,Mobile,24,13.0,1,101.86,0,0,230.94,Active,0
304677,2026-06-30,2025-05-08,39,70271.2,West,Mobile,14,10.0,1,31.53,0,0,170.47,Loyal,0
306386,2026-06-30,2025-07-08,42,59040.33,East,Web,12,7.0,0,0.0,0,0,255.67,Active,0
301463,2026-06-30,2025-03-02,47,34992.03,West,Web,16,8.0,4,342.49,0,0,226.68,Active,0
303041,2026-06-30,2025-09-20,49,46554.58,North,Store,9,8.0,0,12.38,0,0,257.35,Active,0
305011,2026-06-30,2025-02-07,37,17578.17,North,Web,17,7.0,2,61.04,0,0,204.36,Loyal,0
307781,2026-06-30,2024-04-05,48,74434.36,Budapest,Store,27,8.0,1,97.95,0,0,174.51,Active,0
303274,2026-06-30,2025-05-26,36,25720.38,South,Mobile,13,10.0,1,102.19,0,0,155.74,Active,0
303684,2026-06-30,2024-09-26,39,15000.0,South,Store,21,7.0,2,51.29,0,0,182.75,Loyal,0
306675,2026-06-30,2024-08-17,45,30883.87,Budapest,Web,22,14.0,4,330.0,0,0,154.14,Loyal,0
304146,2026-06-30,2025-03-02,53,52965.34,South,Mobile,16,12.0,0,30.27,0,0,160.78,Active,0
308849,2026-06-30,2025-12-07,22,23544.35,South,Web,7,15.0,0,0.0,0,0,255.52,Active,0
307210,2026-06-30,2024-02-18,38,15000.0,West,Web,28,3.0,2,115.56,0,0,129.82,Active,0
304955,2026-06-30,2024-05-03,20,27749.77,South,Web,26,6.0,0,60.91,0,0,183.19,Active,0
303226,2026-06-30,2025-07-15,44,94941.21,Budapest,Store,11,6.0,1,36.21,0,0,155.38,Active,0
301073,2026-06-30,2025-02-08,48,89900.33,East,Mobile,17,3.0,1,55.61,0,0,216.8,Active,0
304816,2026-06-30,2025-05-07,38,46044.98,North,Mobile,14,7.0,3,151.2,0,0,184.2,Active,0
307178,2026-06-30,2025-07-10,36,22676.38,East,Mobile,12,6.0,1,0.0,0,0,211.13,Active,0
302632,2026-06-30,2025-09-04,33,70644.47,Budapest,Mobile,10,9.0,1,14.24,1,0,195.29,Active,0
301661,2026-06-30,2024-02-11,38,58480.87,East,Mobile,29,11.0,3,163.45,0,0,168.89,Loyal,0
305753,2026-06-30,2025-04-29,47,75139.34,Budapest,Web,14,5.0,0,7.95,0,0,192.8,Loyal,0
302426,2026-06-30,2025-08-15,46,27343.19,South,Mobile,10,6.0,1,87.25,0,0,241.14,Loyal,0
305080,2026-06-30,2025-07-08,20,103877.05,West,Web,12,7.0,0,0.0,0,0,108.01,Active,0
308305,2026-06-30,2025-09-30,37,47991.64,South,Mobile,9,5.0,0,25.88,0,0,162.67,Active,0
305903,2026-06-30,2025-04-17,64,34091.13,East,Web,14,7.0,1,101.76,0,0,190.69,Active,0
307594,2026-06-30,2025-06-17,22,52419.99,West,Store,12,3.0,0,0.0,0,0,265.72,Active,0
303098,2026-06-30,2025-10-23,53,69797.72,West,Web,8,4.0,2,118.56,1,0,271.16,Active,0
303977,2026-06-30,2024-05-21,48,31260.22,Budapest,Store,25,7.0,3,274.67,0,0,255.55,Active,0
301244,2026-06-30,2024-04-28,39,24007.83,Budapest,Web,26,2.0,2,88.77,0,0,275.44,Active,0
301301,2026-06-30,2024-11-04,40,25266.06,North,Store,20,8.0,0,3.06,0,0,197.58,Active,0
306285,2026-06-30,2025-04-02,32,87089.53,South,Mobile,15,11.0,3,267.94,0,0,81.51,Active,0
307119,2026-06-30,2025-10-06,50,33489.22,North,Web,9,4.0,0,0.0,0,0,209.43,Active,0
306703,2026-06-30,2024-01-01,51,56162.36,Budapest,Web,30,6.0,1,37.37,1,0,175.61,Loyal,0
305482,2026-06-30,2025-09-06,36,50317.73,North,Web,10,10.0,0,15.19,0,0,108.73,Active,0
307912,2026-06-30,2024-04-16,45,21856.02,West,Web,26,6.0,1,58.96,0,0,153.35,Active,0
305496,2026-06-30,2024-05-03,34,40430.4,North,Web,26,7.0,1,0.81,0,0,283.16,Active,0
305292,2026-06-30,2025-07-20,41,41820.04,East,Web,11,5.0,2,99.57,0,0,223.76,Active,0
301409,2026-06-30,2025-11-11,51,45903.15,West,Web,8,8.0,0,0.0,0,1,104.08,Active,0
301846,2026-06-30,2024-09-24,46,45105.83,East,Mobile,21,5.0,3,213.69,0,0,173.48,Active,0
301799,2026-06-30,2024-03-21,52,65961.18,Budapest,Store,27,8.0,3,255.47,0,0,211.74,Active,0
303958,2026-06-30,2025-01-01,34,58495.38,East,Web,18,8.0,2,107.25,0,0,207.06,Active,0
301476,2026-06-30,2024-01-31,40,20964.78,South,Mobile,29,5.0,1,0.0,0,0,222.8,Active,0
308035,2026-06-30,2024-04-12,33,23942.94,Budapest,Web,27,12.0,3,145.32,0,0,246.32,Active,0
300036,2026-06-30,2024-11-07,30,32919.37,East,Store,20,11.0,0,36.58,0,0,207.03,Active,0
307603,2026-06-30,2024-10-19,47,29012.49,Budapest,Web,20,11.0,2,137.22,1,1,0.0,At Risk,1
306442,2026-06-30,2025-06-24,34,50652.14,East,Mobile,12,8.0,2,51.46,0,0,144.99,Active,0
300445,2026-06-30,2025-03-22,50,44922.7,Budapest,Mobile,15,6.0,1,84.59,0,0,172.7,Active,0
302360,2026-06-30,2024-04-13,30,35687.57,North,Web,27,11.0,1,54.83,0,0,133.35,Active,0
303655,2026-06-30,2024-01-10,26,24069.69,East,Web,30,4.0,1,33.09,0,0,131.94,Active,0
306303,2026-06-30,2024-01-11,62,46923.94,East,Store,30,5.0,1,18.76,0,0,264.56,Active,0
307842,2026-06-30,2024-06-26,47,21514.56,West,Web,24,5.0,1,42.8,1,1,3.17,At Risk,1
303180,2026-06-30,2024-08-21,44,35343.14,West,Web,22,4.0,0,0.0,0,0,174.71,Active,0
301287,2026-06-30,2024-03-14,45,40969.51,South,Web,28,7.0,2,148.29,0,0,193.33,Active,0
307413,2026-06-30,2025-03-14,50,31559.49,West,Store,16,7.0,1,49.13,0,0,150.52,Active,0
304446,2026-06-30,2024-03-03,30,51770.91,Budapest,Mobile,28,6.0,0,26.33,0,0,248.96,Active,0
303417,2026-06-30,2025-06-30,33,24912.4,Budapest,Mobile,12,7.0,1,94.69,0,0,224.44,Active,0
302138,2026-06-30,2025-10-26,43,35622.05,East,Store,8,5.0,1,93.37,0,0,230.12,Loyal,0
306788,2026-06-30,2024-01-07,39,115697.85,North,Web,30,6.0,1,98.37,0,0,156.22,Active,0
302637,2026-06-30,2025-11-28,79,18503.25,East,Web,7,11.0,2,82.97,0,0,295.19,Loyal,0
304017,2026-06-30,2025-09-11,69,21478.48,North,Web,10,9.0,2,211.71,0,0,214.72,Loyal,0
304098,2026-06-30,2025-07-26,29,72697.94,East,Web,11,7.0,0,44.87,0,0,106.58,Loyal,0
301682,2026-06-30,2024-04-25,35,100462.02,South,Web,26,2.0,0,35.75,0,0,188.55,Active,0
306814,2026-06-30,2025-10-07,38,70274.63,North,Mobile,9,6.0,1,115.09,0,0,169.02,Active,0
308862,2026-06-30,2025-12-15,40,75977.11,East,Web,6,6.0,1,90.98,0,0,253.03,Loyal,0
307646,2026-06-30,2024-10-25,55,21325.63,East,Web,20,12.0,2,155.88,0,0,180.64,Active,0
305768,2026-06-30,2025-09-06,36,34118.58,Budapest,Store,10,1.0,0,0.0,0,0,272.82,Active,0
306928,2026-06-30,2024-01-15,28,45583.15,South,Mobile,29,8.0,2,126.68,0,0,204.23,Loyal,0
305276,2026-06-30,2024-02-22,56,26195.99,West,Web,28,6.0,1,107.22,1,0,312.39,Active,0
301693,2026-06-30,2025-01-20,43,38698.39,North,Web,17,11.0,2,206.77,0,0,220.05,Loyal,0
307381,2026-06-30,2024-01-30,38,57466.9,South,Web,29,11.0,3,286.62,0,0,197.72,Loyal,0
307953,2026-06-30,2024-12-04,32,19197.87,Budapest,Store,19,11.0,4,299.23,0,0,180.84,Active,0
303636,2026-06-30,2024-01-09,29,54917.51,West,Web,30,3.0,2,140.53,0,0,188.25,Loyal,0
300373,2026-06-30,2024-02-20,45,25899.97,Budapest,Web,28,12.0,1,94.62,0,0,222.24,Active,0
307676,2026-06-30,2025-04-17,35,35758.59,Budapest,Web,14,7.0,2,179.18,0,0,193.7,Active,0
306013,2026-06-30,2024-03-23,35,31288.7,East,Store,27,8.0,0,0.0,0,0,169.99,Active,0
305454,2026-06-30,2025-09-02,39,41367.11,Budapest,Web,10,5.0,1,38.26,0,0,159.99,Active,0
305922,2026-06-30,2024-12-29,40,119482.59,North,Web,18,13.0,1,37.95,0,0,174.19,Active,0
304883,2026-06-30,2025-09-09,43,56370.06,Budapest,Web,10,7.0,0,1.89,0,0,251.27,Loyal,0
304566,2026-06-30,2025-07-01,31,34297.16,East,Web,12,8.0,1,29.12,0,0,224.13,Active,0
300141,2026-06-30,2025-11-14,52,21715.22,North,Web,7,10.0,2,28.91,0,0,24.76,Loyal,0
304885,2026-06-30,2025-11-05,37,56873.59,Budapest,Web,8,7.0,1,45.73,0,0,174.0,Active,0
304420,2026-06-30,2025-03-16,37,33247.12,North,Mobile,15,10.0,3,182.29,0,0,258.86,Active,0
308753,2026-06-30,2025-01-10,64,47232.44,North,Mobile,18,8.0,2,68.07,0,0,256.24,Active,0
308199,2026-06-30,2024-07-01,26,47497.77,East,Web,24,12.0,3,159.19,0,0,195.81,Loyal,0
300715,2026-06-30,2025-12-30,48,35764.41,Budapest,Mobile,6,10.0,1,60.76,0,0,228.0,Loyal,0
305924,2026-06-30,2024-04-11,29,53669.01,Budapest,Store,27,8.0,1,86.16,0,0,212.92,Active,0
306543,2026-06-30,2025-02-04,48,43759.13,Budapest,Mobile,17,9.0,2,187.73,0,0,247.27,Loyal,0
305244,2026-06-30,2025-09-06,54,29791.05,West,Web,10,11.0,1,45.26,0,0,207.89,Active,0
303189,2026-06-30,2025-10-17,18,28679.83,North,Web,8,3.0,2,50.11,1,1,31.52,At Risk,1
308512,2026-06-30,2025-06-03,43,22841.18,Budapest,Mobile,13,10.0,2,69.06,0,0,231.02,Active,0
304432,2026-06-30,2024-07-22,40,21191.09,East,Web,23,10.0,1,58.51,0,0,138.52,Active,0
307012,2026-06-30,2025-01-05,32,61445.62,East,Web,18,10.0,1,6.93,0,0,180.33,Active,0
306763,2026-06-30,2024-03-09,39,30633.43,South,Mobile,28,8.0,4,295.48,0,0,252.46,Active,0
300407,2026-06-30,2024-06-19,39,26248.87,South,Web,24,9.0,2,120.16,1,0,122.08,Loyal,0
300021,2026-06-30,2024-07-06,30,70423.75,South,Store,24,6.0,1,79.91,0,0,186.6,Loyal,0
301005,2026-06-30,2025-09-06,34,25414.34,West,Mobile,10,8.0,2,154.41,0,0,236.53,Active,0
307029,2026-06-30,2024-06-15,42,28235.44,West,Mobile,24,8.0,3,225.28,0,0,154.66,Active,0
304987,2026-06-30,2024-06-20,45,38569.85,South,Web,24,6.0,3,259.73,0,0,221.94,Loyal,0
302412,2026-06-30,2024-10-19,45,30810.67,West,Web,20,8.0,2,81.85,0,0,261.73,Active,0
302546,2026-06-30,2025-07-21,34,33671.82,West,Mobile,11,11.0,3,157.12,0,0,186.3,Active,0
307602,2026-06-30,2024-06-05,31,39763.98,East,Web,25,3.0,0,11.3,0,0,185.29,Active,0
302391,2026-06-30,2024-03-15,49,41674.16,East,Mobile,27,6.0,2,109.4,0,0,249.25,Loyal,0
308021,2026-06-30,2025-05-31,62,34990.75,South,Web,13,10.0,1,46.06,0,0,217.31,Active,0
300043,2026-06-30,2025-09-17,36,,East,Mobile,9,5.0,0,0.0,0,0,294.09,Active,0
302831,2026-06-30,2025-12-23,35,21451.99,South,Mobile,6,6.0,1,26.68,0,0,241.53,Loyal,0
305860,2026-06-30,2024-12-22,45,19026.96,Budapest,Web,18,7.0,0,39.55,0,0,238.83,Loyal,0
303372,2026-06-30,2025-05-22,31,74723.9,Budapest,Web,13,7.0,0,0.0,0,0,277.4,Active,0
303023,2026-06-30,2025-02-16,50,15000.0,Budapest,Mobile,16,5.0,2,218.8,0,0,225.59,Active,0
303365,2026-06-30,2024-07-24,50,64915.04,North,Web,23,7.0,4,167.47,0,0,210.5,Active,0
304400,2026-06-30,2024-12-14,33,15000.0,East,Web,18,9.0,2,101.0,1,1,0.0,At Risk,1
305253,2026-06-30,2025-05-13,50,67971.83,West,Web,14,12.0,1,119.26,0,0,364.93,Active,0
300012,2026-06-30,2025-06-18,33,64647.78,North,Store,12,4.0,1,26.28,0,0,143.09,Loyal,0
304761,2026-06-30,2024-08-16,44,33427.33,East,Store,22,9.0,3,158.95,0,0,199.48,Active,0
301178,2026-06-30,2024-04-04,24,47054.42,Budapest,Web,27,9.0,1,62.01,0,0,231.94,Loyal,0
306773,2026-06-30,2024-12-20,18,26533.03,South,Web,18,11.0,1,52.2,0,0,71.94,Active,0
301948,2026-06-30,2025-07-12,46,37617.01,West,Web,12,3.0,1,53.33,0,0,267.46,Active,0
302502,2026-06-30,2024-01-21,66,43625.54,North,Web,29,14.0,2,227.01,0,0,195.09,Active,0
308430,2026-06-30,2024-11-22,48,42572.24,East,Mobile,19,8.0,0,0.0,0,0,226.7,Active,0
302864,2026-06-30,2025-03-16,36,15000.0,Budapest,Mobile,15,16.0,1,79.03,1,0,277.27,Loyal,0
307582,2026-06-30,2024-08-23,25,67403.17,East,Store,22,6.0,4,215.25,0,0,189.29,Active,0
303866,2026-06-30,2024-07-12,52,37218.4,East,Web,24,7.0,0,0.0,0,0,198.55,Active,0
306229,2026-06-30,2024-10-06,18,47320.06,Budapest,Web,21,8.0,1,113.55,0,0,153.34,Loyal,0
301027,2026-06-30,2025-02-16,46,15000.0,West,Mobile,16,7.0,0,0.0,1,1,0.0,At Risk,1
303849,2026-06-30,2024-04-02,37,15000.0,West,Web,27,11.0,4,136.83,0,0,279.64,Active,0
302990,2026-06-30,2025-03-07,24,,East,Mobile,16,8.0,2,71.71,0,0,217.43,Active,0
300962,2026-06-30,2025-06-11,41,24298.19,Budapest,Web,13,13.0,1,114.94,0,0,174.26,Active,0
302890,2026-06-30,2024-10-24,29,15682.72,Budapest,Mobile,20,11.0,2,141.07,1,1,76.72,At Risk,1
303016,2026-06-30,2024-06-29,52,101456.96,Budapest,Web,24,9.0,2,161.12,0,0,169.96,Active,0
303339,2026-06-30,2025-09-24,30,15000.0,West,Web,9,9.0,2,122.24,0,0,205.54,Active,0
306106,2026-06-30,2025-04-26,27,41651.2,Budapest,Store,14,10.0,1,0.0,0,0,244.52,Active,0
306246,2026-06-30,2025-12-15,63,44343.54,North,Web,6,8.0,0,41.22,0,0,217.03,Active,0
307363,2026-06-30,2025-08-15,36,32543.38,East,Store,10,10.0,1,1.67,0,0,125.45,Loyal,0
306435,2026-06-30,2025-11-07,48,,North,Mobile,8,10.0,3,320.16,0,0,186.24,Active,0
307074,2026-06-30,2024-02-13,46,51294.93,Budapest,Web,29,9.0,1,59.01,0,1,127.49,Active,0
300736,2026-06-30,2024-01-10,34,26193.76,South,Web,30,4.0,1,61.96,0,0,216.56,Active,0
304401,2026-06-30,2024-01-20,46,43851.48,Budapest,Mobile,29,11.0,1,91.92,1,0,173.71,Loyal,0
301441,2026-06-30,2024-10-26,44,43577.86,East,Mobile,20,7.0,1,57.27,0,0,178.59,Active,0
308858,2026-06-30,2025-12-29,36,20906.37,Budapest,Store,6,5.0,0,0.0,0,0,187.01,Active,0
308668,2026-06-30,2025-04-09,30,53554.64,West,Web,15,4.0,1,48.3,0,0,205.61,Active,0
302876,2026-06-30,2024-10-22,40,62574.15,Budapest,Mobile,20,9.0,2,83.34,0,0,147.01,Loyal,0
303987,2026-06-30,2025-03-21,45,38501.8,West,Store,15,7.0,2,124.08,1,1,10.36,At Risk,1
300917,2026-06-30,2024-06-18,56,48245.71,West,Store,24,8.0,1,97.71,0,0,160.38,Active,0
308261,2026-06-30,2025-07-05,39,29195.68,East,Web,12,13.0,0,21.82,0,0,224.99,Active,0
307792,2026-06-30,2024-03-16,41,,North,Store,27,7.0,0,0.0,1,1,22.26,At Risk,1
304090,2026-06-30,2025-10-13,23,66273.77,Budapest,Store,9,8.0,2,166.26,0,0,303.95,Active,0
308711,2026-06-30,2025-07-24,37,25399.29,North,Web,11,8.0,0,3.47,0,0,96.06,Active,0
307801,2026-06-30,2024-06-08,49,35016.58,East,Mobile,25,5.0,3,279.78,0,0,248.68,Active,0
302773,2026-06-30,2025-04-06,51,19527.81,Budapest,Web,15,6.0,3,196.64,0,0,181.02,Active,0
301625,2026-06-30,2024-05-28,50,22772.39,East,Web,25,6.0,0,0.0,0,0,94.77,Active,0
307914,2026-06-30,2025-12-27,57,37238.43,Budapest,Mobile,6,3.0,0,27.38,0,0,208.75,Active,0
300822,2026-06-30,2024-11-12,53,46712.56,Budapest,Mobile,20,7.0,0,0.0,0,0,225.29,Loyal,0
301368,2026-06-30,2025-10-29,51,47234.07,North,Web,8,13.0,0,0.0,0,0,222.25,Active,0
303713,2026-06-30,2024-08-02,51,15000.0,South,Store,23,8.0,2,177.11,0,0,131.0,Active,0
308956,2026-06-30,2025-09-13,59,28481.33,South,Web,10,7.0,3,187.05,0,0,209.43,Active,0
301389,2026-06-30,2024-06-28,28,27792.38,Budapest,Web,24,13.0,3,207.28,0,0,169.01,Loyal,0
300851,2026-06-30,2024-11-13,24,60103.46,North,Store,20,6.0,1,28.45,1,0,197.02,Active,0
301001,2026-06-30,2024-11-03,32,28660.6,East,Web,20,4.0,0,0.0,0,0,297.3,Active,0
307427,2026-06-30,2025-05-22,51,33023.99,East,Mobile,13,7.0,0,7.99,0,0,280.99,Active,0
307434,2026-06-30,2024-11-18,38,36573.34,West,Store,19,4.0,1,51.08,0,0,183.41,Loyal,0
304115,2026-06-30,2025-10-21,40,41137.58,West,Web,8,6.0,2,79.33,0,0,211.4,Active,0
301638,2026-06-30,2025-09-11,45,61596.04,North,Mobile,10,2.0,0,0.0,0,0,243.42,Loyal,0
301668,2026-06-30,2025-07-24,33,17791.59,North,Web,11,7.0,0,0.0,0,0,153.62,Loyal,0
304590,2026-06-30,2024-08-17,48,61236.94,West,Mobile,22,10.0,1,105.22,0,0,194.48,Loyal,0
303174,2026-06-30,2024-10-09,38,45564.16,South,Web,21,7.0,3,145.84,0,0,231.13,Active,0
307606,2026-06-30,2024-11-09,37,49460.14,West,Web,20,11.0,2,143.7,0,0,179.2,Loyal,0
301348,2026-06-30,2025-10-14,23,51797.3,West,Web,9,8.0,0,25.32,0,0,207.39,Active,0
307798,2026-06-30,2024-02-18,51,25078.63,Budapest,Store,28,6.0,2,106.22,0,0,235.53,Active,0
303231,2026-06-30,2025-01-15,37,39151.72,North,Mobile,17,10.0,2,25.74,0,0,147.88,Active,0
307286,2026-06-30,2024-01-16,27,22932.7,Budapest,Store,29,5.0,2,154.81,0,0,279.07,Loyal,0
307050,2026-06-30,2024-05-15,65,30619.7,South,Web,25,9.0,3,323.84,0,0,203.37,Active,0
307888,2026-06-30,2025-07-26,36,17679.0,West,Web,11,8.0,0,0.0,0,0,289.39,Active,0
307540,2026-06-30,2024-07-17,34,31163.25,Budapest,Web,23,10.0,2,162.89,1,0,266.88,Loyal,0
304784,2026-06-30,2024-03-08,35,36729.29,East,Store,28,13.0,0,14.75,0,0,101.06,Active,0
307803,2026-06-30,2025-03-05,32,15412.22,East,Store,16,10.0,1,64.05,1,0,69.03,Active,0
303233,2026-06-30,2024-11-16,37,22760.52,South,Mobile,19,9.0,0,16.45,0,0,201.18,Active,0
305705,2026-06-30,2024-12-24,39,17508.14,West,Mobile,18,7.0,1,58.3,0,0,189.85,Active,0
308167,2026-06-30,2025-04-07,31,16680.66,East,Web,15,9.0,4,388.36,0,0,161.54,Loyal,0
300704,2026-06-30,2025-06-13,50,53648.52,East,Web,13,9.0,1,114.8,0,0,282.62,Active,0
305106,2026-06-30,2024-06-29,44,24704.37,North,Web,24,6.0,0,15.97,0,0,217.67,Active,0
307961,2026-06-30,2025-11-14,24,34660.24,Budapest,Web,7,10.0,1,21.64,0,0,215.31,Active,0
303292,2026-06-30,2025-12-16,47,49595.5,East,Store,6,6.0,1,120.55,0,0,253.98,Active,0
303674,2026-06-30,2025-07-25,63,67141.58,Budapest,Mobile,11,12.0,2,142.82,0,0,94.16,Active,0
302409,2026-06-30,2024-08-25,35,38344.29,West,Web,22,8.0,1,32.69,0,0,194.8,Loyal,0
308705,2026-06-30,2025-06-16,45,42461.19,North,Web,12,9.0,1,11.07,0,0,244.69,Active,0
301328,2026-06-30,2025-08-14,28,48359.43,South,Store,11,9.0,0,0.0,0,0,277.62,Active,0
308751,2026-06-30,2024-11-25,49,39183.71,East,Web,19,7.0,3,232.57,0,0,237.46,Loyal,0
305774,2026-06-30,2024-08-14,55,89627.62,Budapest,Store,23,8.0,2,166.84,0,0,197.88,Loyal,0
306096,2026-06-30,2025-05-19,31,43314.86,West,Web,13,7.0,3,235.58,0,0,185.26,Loyal,0
305407,2026-06-30,2025-06-15,46,84644.93,South,Mobile,12,8.0,0,0.82,0,0,196.3,Active,0
308186,2026-06-30,2025-01-02,49,48144.29,Budapest,Web,18,4.0,3,293.44,0,0,122.11,Loyal,0
307317,2026-06-30,2025-05-10,41,66965.42,South,Mobile,14,10.0,0,0.0,0,1,186.05,Active,0
306084,2026-06-30,2025-01-06,38,44545.79,East,Web,18,10.0,2,224.37,1,0,168.09,Active,0
304910,2026-06-30,2025-07-18,43,28517.62,East,Web,11,4.0,2,207.45,0,0,139.31,Loyal,0
304441,2026-06-30,2025-07-27,18,27071.43,Budapest,Web,11,7.0,0,0.0,0,0,158.89,Active,0
301864,2026-06-30,2025-01-10,47,42468.94,Budapest,Web,18,7.0,0,23.13,1,0,241.99,Active,0
300987,2026-06-30,2025-10-11,44,20272.87,Budapest,Web,9,10.0,0,4.62,0,0,180.13,Active,0
307929,2026-06-30,2025-01-03,30,52274.59,East,Web,18,7.0,2,40.24,0,0,228.26,Active,0
303953,2026-06-30,2024-12-06,22,34400.39,Budapest,Mobile,19,9.0,0,0.0,0,0,284.46,Loyal,0
307883,2026-06-30,2025-03-26,35,39325.59,West,Web,15,8.0,0,0.0,0,0,158.45,Active,0
308388,2026-06-30,2025-02-11,49,88590.34,Budapest,Store,17,14.0,6,451.05,0,0,227.96,Active,0
300741,2026-06-30,2024-12-03,50,50131.16,West,Web,19,9.0,4,253.17,0,0,251.36,Active,0
304050,2026-06-30,2025-07-18,21,30801.49,Budapest,Mobile,11,3.0,0,0.0,0,0,113.63,Active,0
306258,2026-06-30,2024-01-20,44,62226.27,Budapest,Store,29,2.0,0,2.99,0,0,190.57,Active,0
303486,2026-06-30,2025-04-13,44,22797.46,East,Web,15,4.0,1,69.07,0,0,192.09,Active,0
306090,2026-06-30,2025-03-31,47,88247.28,South,Mobile,15,8.0,1,0.0,0,0,145.47,Active,0
302475,2026-06-30,2024-06-02,57,45920.54,West,Web,25,9.0,1,128.85,0,0,101.75,Active,0
305239,2026-06-30,2024-07-18,36,29072.8,South,Store,23,5.0,1,53.39,0,0,198.51,Active,0
306455,2026-06-30,2024-07-18,40,37794.22,Budapest,Web,23,11.0,0,0.0,0,0,188.19,Loyal,0
303874,2026-06-30,2024-01-24,51,27177.38,West,Web,29,6.0,2,132.51,0,0,191.94,Active,0
301199,2026-06-30,2024-09-14,35,25960.63,Budapest,Store,21,14.0,1,80.43,0,0,193.86,Active,0
304182,2026-06-30,2024-02-28,51,39962.21,South,Mobile,28,11.0,3,221.85,0,0,284.36,Loyal,0
301519,2026-06-30,2024-08-05,44,17704.38,Budapest,Mobile,23,7.0,1,47.38,0,0,174.29,Active,0
308235,2026-06-30,2024-06-17,40,41681.27,West,Web,24,9.0,1,111.06,0,0,214.05,Active,0
305478,2026-06-30,2025-07-11,32,22453.99,Budapest,Store,12,11.0,2,108.66,0,0,114.7,Active,0
306813,2026-06-30,2024-01-12,47,24924.62,East,Web,30,6.0,2,148.63,0,0,183.8,Loyal,0
301800,2026-06-30,2024-04-17,38,43694.82,South,Mobile,26,7.0,2,164.23,0,0,227.89,Loyal,0
301015,2026-06-30,2025-01-28,54,33280.21,Budapest,Mobile,17,10.0,4,306.59,1,0,231.27,Loyal,0
300129,2026-06-30,2024-01-07,72,25708.21,Budapest,Mobile,30,5.0,0,4.97,0,0,252.55,Active,0
301365,2026-06-30,2025-05-31,41,23185.76,East,Web,13,7.0,1,94.32,0,0,213.59,Active,0
307689,2026-06-30,2024-09-01,42,48167.89,East,Mobile,22,10.0,3,191.72,1,1,11.64,At Risk,1
304471,2026-06-30,2025-09-01,34,41776.41,South,Web,10,8.0,2,144.0,0,0,254.48,Active,0
300892,2026-06-30,2024-12-17,33,42344.63,North,Mobile,18,5.0,3,138.31,0,0,114.31,Active,0
302794,2026-06-30,2024-10-21,40,21752.05,Budapest,Web,20,8.0,3,280.78,0,1,17.42,At Risk,1
301970,2026-06-30,2025-08-17,43,69503.9,West,Store,10,7.0,1,122.29,0,0,188.56,Active,0
305456,2026-06-30,2024-05-17,36,42306.5,Budapest,Store,25,8.0,2,135.46,0,0,165.84,Active,0
304404,2026-06-30,2024-01-25,48,65399.0,West,Store,29,11.0,3,241.27,0,0,149.95,Active,0
305758,2026-06-30,2024-03-05,40,22009.3,West,Store,28,8.0,0,0.0,0,0,230.3,Loyal,0
306528,2026-06-30,2024-08-29,34,24652.77,North,Mobile,22,8.0,2,87.42,0,0,223.45,Active,0
306295,2026-06-30,2025-09-24,53,15000.0,West,Web,9,8.0,2,138.51,1,0,224.89,Loyal,0
303924,2026-06-30,2025-03-28,41,61055.66,Budapest,Mobile,15,8.0,3,143.7,0,0,167.23,Loyal,0
305414,2026-06-30,2025-07-28,47,51703.73,Budapest,Store,11,11.0,5,378.75,0,0,183.55,Loyal,0
308377,2026-06-30,2024-10-15,42,53036.65,Budapest,Mobile,20,12.0,2,89.82,0,0,210.26,Active,0
303250,2026-06-30,2024-01-18,48,26018.32,Budapest,Mobile,29,6.0,6,394.88,0,0,210.18,Active,0
306571,2026-06-30,2025-05-23,47,41586.01,Budapest,Web,13,8.0,2,119.9,0,0,229.09,Active,0
306639,2026-06-30,2024-05-24,50,17088.05,Budapest,Web,25,4.0,3,237.25,0,0,179.06,Active,0
308328,2026-06-30,2025-03-12,19,25393.01,North,Mobile,16,4.0,3,122.06,0,0,222.02,Loyal,0
301209,2026-06-30,2025-02-13,61,54372.78,West,Store,16,11.0,2,164.03,0,0,159.99,Loyal,0
303869,2026-06-30,2025-12-08,52,34993.31,South,Mobile,7,3.0,1,114.99,0,0,161.15,Loyal,0
308584,2026-06-30,2024-09-05,18,33813.5,East,Web,22,13.0,1,5.73,0,0,203.89,Loyal,0
304066,2026-06-30,2024-02-27,37,110647.95,South,Mobile,28,8.0,4,268.86,0,0,143.05,Active,0
308358,2026-06-30,2024-07-06,33,35383.68,West,Store,24,13.0,3,188.89,0,0,286.07,Active,0
307581,2026-06-30,2025-09-10,51,16465.53,Budapest,Web,10,12.0,1,67.54,0,0,136.12,Active,0
301240,2026-06-30,2024-08-10,32,34855.4,East,Mobile,23,7.0,4,238.91,0,0,191.97,Loyal,0
302290,2026-06-30,2024-09-07,42,22932.59,West,Web,22,8.0,0,0.0,0,0,218.03,Loyal,0
302741,2026-06-30,2024-01-30,51,133602.49,East,Web,29,10.0,0,0.0,0,0,274.48,Active,0
300276,2026-06-30,2025-02-10,56,26286.96,North,Web,17,5.0,1,62.83,0,0,278.24,Active,0
304586,2026-06-30,2025-12-05,44,106598.73,Budapest,Web,7,5.0,2,132.04,0,0,237.2,Active,0
301036,2026-06-30,2025-02-17,46,49158.98,West,Web,16,14.0,2,182.28,0,0,1.69,At Risk,1
301230,2026-06-30,2024-02-26,51,33156.75,Budapest,Web,28,7.0,2,146.7,0,0,171.15,Active,0
306835,2026-06-30,2025-03-05,38,61185.0,East,Web,16,6.0,2,127.68,0,0,264.34,Active,0
301009,2026-06-30,2025-06-19,39,39425.56,Budapest,Web,12,11.0,4,304.49,0,0,278.45,Active,0
308140,2026-06-30,2024-10-28,51,33615.85,Budapest,Mobile,20,5.0,2,227.89,0,0,250.63,Loyal,0
307137,2026-06-30,2025-10-10,39,17153.9,East,Web,9,11.0,1,87.66,0,0,264.77,Active,0
305179,2026-06-30,2025-03-20,33,55943.73,North,Mobile,15,5.0,2,191.74,0,0,244.26,Active,0
303829,2026-06-30,2024-09-08,36,15000.0,East,Web,22,5.0,1,151.63,0,0,186.05,Active,0
302533,2026-06-30,2025-01-25,46,46269.18,West,Mobile,17,6.0,1,134.33,0,0,190.27,Active,0
304294,2026-06-30,2024-12-18,39,57714.71,North,Web,18,9.0,1,76.13,0,0,257.98,Active,0
301059,2026-06-30,2025-09-09,45,25436.49,Budapest,Web,10,5.0,1,66.21,0,0,166.03,Loyal,0
306263,2026-06-30,2024-01-19,42,56755.27,Budapest,Web,29,6.0,5,388.5,0,0,239.7,Active,0
307423,2026-06-30,2025-04-25,58,28241.75,Budapest,Web,14,4.0,0,53.75,0,0,255.23,Active,0
300282,2026-06-30,2024-03-23,37,75202.48,East,Mobile,27,8.0,4,394.4,0,0,235.27,Active,0
301044,2026-06-30,2025-04-21,56,31157.27,West,Mobile,14,11.0,1,67.65,0,0,146.38,Active,0
301317,2026-06-30,2024-01-08,49,30499.92,Budapest,Mobile,30,10.0,0,0.0,0,0,191.69,Active,0
306655,2026-06-30,2025-12-21,44,63184.95,North,Mobile,6,3.0,2,230.51,0,0,222.8,Active,0
300969,2026-06-30,2025-06-04,39,34233.2,East,Mobile,13,7.0,1,18.55,0,1,51.66,At Risk,1
302382,2026-06-30,2024-12-08,54,15000.0,Budapest,Mobile,19,7.0,0,0.0,0,0,233.84,Active,0
307967,2026-06-30,2024-01-19,18,94910.02,East,Web,29,10.0,0,14.93,0,0,272.14,Active,0
301940,2026-06-30,2025-06-17,58,44689.17,East,Mobile,12,6.0,1,47.41,0,0,380.54,Active,0
307188,2026-06-30,2024-09-01,34,20275.59,Budapest,Mobile,22,8.0,3,234.8,0,0,217.34,Loyal,0
301275,2026-06-30,2024-08-29,24,21214.5,Budapest,Web,22,8.0,2,155.92,0,0,156.24,Active,0
300620,2026-06-30,2024-11-01,46,65197.31,South,Mobile,20,7.0,3,349.39,1,0,176.79,Loyal,0
307266,2026-06-30,2025-01-10,54,59876.68,East,Mobile,18,7.0,1,90.94,1,0,174.25,Active,0
301743,2026-06-30,2024-03-07,37,27386.6,Budapest,Web,28,7.0,3,154.04,0,0,270.19,Loyal,0
301391,2026-06-30,2025-01-14,35,39145.08,East,Web,17,8.0,2,146.84,0,0,131.16,Loyal,0
308133,2026-06-30,2025-08-02,59,25460.82,Budapest,Web,11,13.0,1,71.02,0,0,198.19,Loyal,0
305944,2026-06-30,2024-02-02,71,29414.74,Budapest,Mobile,29,5.0,0,16.51,0,0,179.24,Active,0
301580,2026-06-30,2024-04-11,42,27307.15,Budapest,Store,27,13.0,2,136.88,0,0,110.08,Active,0
301656,2026-06-30,2024-09-14,35,15000.0,Budapest,Mobile,21,6.0,1,81.32,0,0,221.59,Active,0
303569,2026-06-30,2025-06-20,35,140301.03,Budapest,Mobile,12,7.0,2,58.73,0,0,177.07,Active,0
302353,2026-06-30,2025-07-28,26,59727.03,West,Mobile,11,7.0,1,124.43,0,0,104.68,Loyal,0
302213,2026-06-30,2025-08-30,37,42031.04,West,Mobile,10,5.0,0,0.0,0,0,179.08,Active,0
306117,2026-06-30,2025-07-16,50,20989.8,Budapest,Mobile,11,5.0,2,154.7,1,1,0.0,At Risk,1
301619,2026-06-30,2025-01-03,46,34450.13,Budapest,Web,18,9.0,1,0.0,0,0,157.15,Loyal,0
306053,2026-06-30,2024-12-24,34,39120.59,Budapest,Mobile,18,6.0,0,0.0,0,0,191.79,Loyal,0
303179,2026-06-30,2024-12-13,41,27648.41,Budapest,Web,19,9.0,2,37.52,0,1,185.64,Active,0
303193,2026-06-30,2025-09-22,38,55397.29,Budapest,Mobile,9,5.0,0,0.0,0,0,230.62,Loyal,0
301308,2026-06-30,2025-05-15,41,32683.2,Budapest,Mobile,14,5.0,2,48.6,0,0,148.05,Active,0
306100,2026-06-30,2025-12-12,35,21718.94,West,Web,7,4.0,0,27.15,1,1,0.0,At Risk,1
307030,2026-06-30,2024-02-24,40,47021.69,East,Web,28,3.0,0,0.0,0,0,191.14,Loyal,0
300576,2026-06-30,2024-05-26,53,47254.12,North,Store,25,15.0,3,185.57,0,0,198.74,Loyal,0
302361,2026-06-30,2025-06-16,23,19790.46,Budapest,Mobile,12,5.0,0,46.62,0,0,206.14,Active,0
306657,2026-06-30,2025-02-21,39,90371.97,Budapest,Mobile,16,5.0,0,0.0,0,0,190.08,Loyal,0
305803,2026-06-30,2024-03-20,38,34021.77,East,Web,27,6.0,1,27.0,0,0,243.87,Loyal,0
307815,2026-06-30,2024-05-24,36,47743.51,West,Mobile,25,7.0,3,203.18,0,0,166.5,Active,0
307528,2026-06-30,2024-09-21,50,21516.12,East,Mobile,21,5.0,2,102.53,0,0,307.29,Active,0
301281,2026-06-30,2025-04-29,18,22977.49,West,Web,14,6.0,1,9.41,0,0,186.3,Loyal,0
308126,2026-06-30,2025-08-13,42,31193.84,South,Web,11,4.0,1,23.83,0,0,168.15,Active,0
304958,2026-06-30,2024-12-30,65,56969.68,North,Web,18,9.0,4,211.28,0,0,208.41,Loyal,0
308225,2026-06-30,2024-08-08,56,25486.14,South,Web,23,4.0,1,20.41,0,0,43.89,Loyal,0
305898,2026-06-30,2024-12-21,38,65880.82,North,Store,18,5.0,1,70.74,0,0,163.17,Loyal,0
305725,2026-06-30,2024-04-17,37,36426.04,North,Web,26,10.0,2,131.07,0,0,189.37,Active,0
301994,2026-06-30,2024-10-23,32,17499.65,Budapest,Web,20,10.0,2,126.44,1,0,156.08,Active,0
302640,2026-06-30,2025-01-09,18,58057.29,Budapest,Store,18,4.0,0,47.89,0,0,117.87,Active,0
300270,2026-06-30,2025-06-13,44,36855.03,West,Web,13,6.0,3,139.35,0,0,258.15,Loyal,0
300630,2026-06-30,2025-08-01,35,17127.52,North,Mobile,11,5.0,0,12.09,0,0,117.76,Active,0
307650,2026-06-30,2025-10-05,32,39866.76,Budapest,Store,9,9.0,0,0.0,0,0,168.66,Loyal,0
303082,2026-06-30,2025-12-14,35,115259.6,East,Mobile,7,8.0,3,124.21,0,0,184.35,Active,0
303467,2026-06-30,2025-09-24,37,38419.55,West,Store,9,7.0,0,46.09,0,0,317.07,Active,0
306431,2026-06-30,2024-03-23,50,30902.24,South,Mobile,27,5.0,2,150.21,0,0,254.52,Active,0
308461,2026-06-30,2025-04-28,30,28955.02,Budapest,Web,14,9.0,1,12.46,1,1,0.0,At Risk,1
307063,2026-06-30,2024-06-22,55,,North,Store,24,10.0,2,155.77,0,0,185.29,Active,0
304397,2026-06-30,2024-09-05,48,35694.99,North,Web,22,10.0,2,148.81,0,0,221.07,Loyal,0
304024,2026-06-30,2024-01-04,52,46323.47,Budapest,Web,30,5.0,2,89.54,0,0,175.26,Loyal,0
308840,2026-06-30,2024-05-04,44,22036.2,West,Mobile,26,8.0,4,274.74,0,0,258.81,Active,0
305544,2026-06-30,2024-06-12,33,28317.77,Budapest,Web,25,7.0,1,39.47,0,0,161.96,Active,0
305569,2026-06-30,2024-01-02,49,41833.05,East,Mobile,30,10.0,1,86.8,0,1,128.41,Active,0
302047,2026-06-30,2024-01-26,53,64659.5,Budapest,Web,29,5.0,1,101.79,0,0,188.22,Loyal,0
304357,2026-06-30,2024-08-02,59,23700.11,North,Store,23,8.0,2,133.14,0,0,202.8,Active,0
307839,2026-06-30,2025-11-26,62,34001.49,West,Store,7,6.0,2,111.85,0,0,210.12,Loyal,0
302114,2026-06-30,2024-05-29,41,36734.05,West,Store,25,9.0,1,78.2,0,0,183.38,Loyal,0
300028,2026-06-30,2025-02-10,47,15555.24,East,Mobile,17,11.0,1,47.6,0,0,251.3,Active,0
302041,2026-06-30,2025-06-30,28,40512.1,East,Web,12,11.0,1,79.95,1,1,128.67,At Risk,1
303929,2026-06-30,2025-12-03,23,40831.14,West,Web,7,9.0,1,0.0,0,0,250.47,Active,0
302939,2026-06-30,2025-11-22,41,48605.08,North,Web,7,7.0,4,365.21,0,1,63.08,At Risk,1
303217,2026-06-30,2024-04-02,38,45888.97,East,Store,27,4.0,0,23.13,0,0,251.05,Active,0
304934,2026-06-30,2025-05-28,42,27250.97,West,Mobile,13,10.0,2,138.92,0,0,185.62,Loyal,0
303815,2026-06-30,2025-01-05,44,56464.93,North,Store,18,10.0,2,215.14,0,0,143.83,Active,0
300130,2026-06-30,2024-01-11,53,22658.67,West,Store,30,9.0,1,52.03,0,0,156.13,Active,0
307415,2026-06-30,2024-05-14,44,64029.49,Budapest,Web,26,11.0,1,43.97,0,0,201.65,Active,0
306105,2026-06-30,2024-05-14,39,54376.85,West,Store,26,7.0,4,300.02,0,0,259.74,Active,0
302279,2026-06-30,2025-10-28,53,55899.34,East,Web,8,7.0,1,78.09,1,0,208.07,Active,0
304600,2026-06-30,2024-10-13,51,33429.94,Budapest,Web,21,7.0,1,37.21,0,0,220.7,Loyal,0
300014,2026-06-30,2025-03-15,30,31371.07,East,Store,16,7.0,2,156.17,0,0,304.71,Active,0
308378,2026-06-30,2025-12-25,23,53587.75,East,Web,6,6.0,1,92.93,0,0,199.98,Active,0
304477,2026-06-30,2024-12-29,33,37988.42,East,Mobile,18,5.0,0,43.19,0,0,240.25,Active,0
305948,2026-06-30,2024-03-26,45,50364.31,Budapest,Web,27,8.0,2,124.32,0,0,152.54,Active,0
301526,2026-06-30,2024-04-11,54,29824.59,West,Web,27,8.0,2,89.55,0,0,170.09,Active,0
302366,2026-06-30,2025-05-05,33,15000.0,South,Web,14,10.0,1,86.58,0,0,175.12,Loyal,0
304649,2026-06-30,2024-11-05,37,33491.01,East,Mobile,20,8.0,2,175.76,0,0,238.56,Active,0
303053,2026-06-30,2024-11-06,43,28192.73,North,Mobile,20,8.0,2,119.14,0,0,161.13,Active,0
304006,2026-06-30,2025-04-12,45,165781.97,North,Mobile,15,5.0,1,48.99,1,1,15.06,At Risk,1
306981,2026-06-30,2024-04-17,31,37085.14,Budapest,Web,26,6.0,1,110.59,0,0,138.77,Active,0
302341,2026-06-30,2024-03-14,41,27362.37,West,Mobile,28,9.0,1,69.08,0,0,162.86,Active,0
300375,2026-06-30,2025-11-20,25,38568.93,West,Web,7,4.0,2,125.67,0,0,180.62,Loyal,0
307585,2026-06-30,2025-03-07,34,25578.39,North,Web,16,7.0,1,88.55,0,0,189.26,Active,0
306478,2026-06-30,2025-05-11,46,90691.36,Budapest,Store,14,6.0,0,0.0,0,0,133.52,Loyal,0
300526,2026-06-30,2025-11-19,27,26380.66,Budapest,Mobile,7,7.0,0,0.0,0,0,163.14,Loyal,0
300940,2026-06-30,2024-04-28,38,27681.78,East,Web,26,9.0,2,85.17,0,0,167.53,Loyal,0
303370,2026-06-30,2024-03-22,41,49277.7,South,Web,27,7.0,1,43.3,0,0,236.86,Active,0
305719,2026-06-30,2024-07-16,37,43219.18,South,Web,23,8.0,3,153.32,0,0,260.61,Loyal,0
304574,2026-06-30,2024-07-19,41,47693.43,West,Web,23,14.0,4,332.35,0,0,236.73,Active,0
306896,2026-06-30,2025-12-28,45,17047.04,North,Web,6,5.0,0,6.51,0,0,252.68,Active,0
302148,2026-06-30,2024-02-24,49,46600.82,South,Mobile,28,8.0,1,102.02,0,0,234.45,Loyal,0
303592,2026-06-30,2024-02-18,41,42019.91,Budapest,Web,28,5.0,2,65.11,0,0,211.86,Loyal,0
307894,2026-06-30,2024-08-04,18,15000.0,South,Mobile,23,11.0,2,105.36,0,0,200.38,Active,0
308640,2026-06-30,2025-04-06,20,28553.94,East,Mobile,15,4.0,1,26.46,0,0,115.98,Loyal,0
302959,2026-06-30,2024-03-25,18,60065.01,North,Web,27,6.0,1,111.9,0,0,189.7,Active,0
306165,2026-06-30,2025-03-28,24,48607.09,East,Mobile,15,12.0,0,0.0,1,0,9.32,At Risk,1
303624,2026-06-30,2025-05-01,48,65575.04,West,Mobile,14,6.0,2,198.03,0,0,171.7,Active,0
300530,2026-06-30,2024-02-10,33,28322.84,Budapest,Mobile,29,16.0,4,319.34,0,0,174.85,Active,0
303715,2026-06-30,2024-08-25,58,46233.44,South,Store,22,7.0,1,120.93,0,0,159.64,Active,0
307802,2026-06-30,2025-03-20,52,58540.97,East,Mobile,15,6.0,0,0.0,0,0,208.32,Active,0
304733,2026-06-30,2025-01-08,51,44001.27,Budapest,Web,18,8.0,1,57.9,0,0,265.37,Active,0
301270,2026-06-30,2025-09-21,42,43720.85,South,Web,9,,3,134.02,0,0,132.54,Active,0
304282,2026-06-30,2024-05-28,45,25818.64,South,Mobile,25,10.0,0,14.14,0,0,244.14,Active,0
301395,2026-06-30,2025-07-28,55,52972.01,East,Web,11,7.0,0,0.0,0,0,149.81,Active,0
304851,2026-06-30,2024-10-11,32,27675.39,South,Web,21,10.0,1,77.44,0,0,247.9,Active,0
304010,2026-06-30,2025-07-08,51,,Budapest,Mobile,12,9.0,4,357.09,0,0,198.84,Loyal,0
304391,2026-06-30,2025-10-07,44,25468.36,West,Web,9,7.0,0,0.0,0,0,278.53,Active,0
301798,2026-06-30,2024-05-17,29,28643.92,Budapest,Store,25,3.0,2,128.73,1,0,136.55,Active,0
302980,2026-06-30,2024-10-03,33,38808.8,West,Mobile,21,,1,73.79,0,0,233.89,Active,0
301442,2026-06-30,2024-12-27,26,53279.55,East,Web,18,10.0,3,126.3,0,0,163.84,Active,0
307873,2026-06-30,2024-11-24,47,,West,Mobile,19,5.0,3,168.13,0,0,240.07,Active,0
302626,2026-06-30,2025-09-27,38,40015.76,South,Store,9,5.0,1,0.0,0,0,114.6,Active,0
303812,2026-06-30,2024-03-11,43,24007.21,Budapest,Web,28,10.0,0,18.04,0,0,192.97,Loyal,0
305632,2026-06-30,2024-11-23,31,62278.84,South,Mobile,19,5.0,1,69.98,0,0,189.11,Loyal,0
307498,2026-06-30,2025-12-10,44,33003.05,West,Mobile,7,10.0,3,157.78,0,0,253.91,Active,0
301274,2026-06-30,2024-07-12,49,15000.0,North,Mobile,24,5.0,0,13.13,0,0,238.41,Active,0
308190,2026-06-30,2025-09-04,49,40163.05,North,Store,10,5.0,0,0.0,0,0,189.36,Active,0
304704,2026-06-30,2024-04-05,40,59915.73,Budapest,Web,27,11.0,4,329.19,0,0,264.49,Active,0
307091,2026-06-30,2024-11-13,38,24679.5,Budapest,Mobile,20,5.0,1,36.21,0,1,184.35,Active,0
301713,2026-06-30,2024-09-20,40,31412.87,South,Mobile,21,9.0,1,41.05,0,0,231.81,Loyal,0
308865,2026-06-30,2025-05-13,20,39407.83,Budapest,Mobile,14,5.0,0,9.36,0,0,174.12,Active,0
300956,2026-06-30,2024-03-27,43,31479.89,South,Web,27,8.0,6,642.41,0,0,138.91,Active,0
306676,2026-06-30,2024-08-04,40,49257.06,Budapest,Mobile,23,12.0,2,134.24,0,0,143.86,Active,0
308973,2026-06-30,2024-08-21,38,37699.63,South,Web,22,7.0,1,0.0,0,0,215.43,Active,0
307978,2026-06-30,2025-04-08,30,44978.66,South,Web,15,5.0,1,49.35,0,0,153.41,Active,0
308521,2026-06-30,2024-04-12,41,22630.64,North,Mobile,27,12.0,0,43.57,0,0,122.53,Active,0
308692,2026-06-30,2024-09-14,29,32648.87,North,Mobile,21,7.0,2,100.58,0,0,266.31,Active,0
307754,2026-06-30,2024-01-27,59,31188.12,Budapest,Mobile,29,7.0,0,0.0,0,0,181.11,Active,0
300404,2026-06-30,2024-12-31,25,60382.43,East,Mobile,18,6.0,3,134.36,0,0,153.68,Active,0
302072,2026-06-30,2024-10-23,47,16683.28,South,Mobile,20,5.0,1,60.07,0,0,205.11,Active,0
308851,2026-06-30,2025-11-24,49,39635.24,Budapest,Web,7,6.0,0,24.94,0,0,171.6,Active,0
301978,2026-06-30,2025-01-13,42,46362.14,West,Mobile,18,4.0,2,195.2,0,0,261.9,Active,0
300159,2026-06-30,2024-09-14,45,103314.02,North,Store,21,10.0,2,155.68,0,0,194.1,Loyal,0
305845,2026-06-30,2024-11-26,50,45240.77,East,Store,19,11.0,3,162.36,0,0,198.7,Active,0
307006,2026-06-30,2024-10-08,56,21191.72,South,Store,21,6.0,0,0.0,0,1,0.0,At Risk,1
303889,2026-06-30,2024-01-31,63,70853.58,East,Mobile,29,13.0,5,393.68,0,0,254.0,Active,0
305452,2026-06-30,2024-03-15,44,30061.92,Budapest,Mobile,27,10.0,2,182.06,0,0,120.2,Loyal,0
300903,2026-06-30,2024-05-14,48,59366.42,North,Web,26,5.0,2,140.66,0,0,204.77,Active,0
300353,2026-06-30,2025-09-19,41,24618.51,Budapest,Web,9,7.0,0,0.0,0,0,204.42,Active,0
305327,2026-06-30,2024-11-26,38,31562.22,East,Web,19,16.0,4,321.35,0,1,126.4,Active,0
306079,2026-06-30,2025-04-27,28,33657.15,North,Store,14,12.0,1,0.61,0,0,175.09,Active,0
306237,2026-06-30,2025-04-02,42,19469.78,Budapest,Mobile,15,14.0,2,26.15,0,0,107.1,Loyal,0
304541,2026-06-30,2024-08-24,35,28244.39,North,Web,22,7.0,1,100.1,0,0,176.64,Active,0
304131,2026-06-30,2024-04-08,35,37148.37,Budapest,Mobile,27,7.0,0,59.2,0,0,223.42,Loyal,0
300755,2026-06-30,2024-02-08,44,21148.63,West,Web,29,10.0,2,158.78,0,0,253.02,Loyal,0
305834,2026-06-30,2024-10-06,35,63926.03,Budapest,Web,21,12.0,2,123.94,0,0,173.58,Active,0
302972,2026-06-30,2024-10-09,38,33714.03,Budapest,Mobile,21,6.0,0,0.0,0,0,168.28,Loyal,0
301083,2026-06-30,2024-01-16,50,33053.51,South,Mobile,29,5.0,1,97.89,0,0,245.49,Active,0
302921,2026-06-30,2024-08-11,57,67307.7,West,Web,23,4.0,0,42.07,0,0,188.22,Active,0
300312,2026-06-30,2024-01-28,47,27538.84,East,Mobile,29,3.0,3,230.45,0,0,142.82,Active,0
304645,2026-06-30,2025-01-05,46,33751.65,East,Web,18,8.0,0,13.68,0,0,299.98,Loyal,0
300662,2026-06-30,2024-04-01,64,29126.73,Budapest,Mobile,27,9.0,3,165.4,0,0,181.46,Loyal,0
307058,2026-06-30,2024-09-08,37,55224.21,Budapest,Web,22,9.0,2,154.02,0,0,155.87,Loyal,0
301990,2026-06-30,2025-12-14,18,15000.0,East,Web,7,7.0,1,0.0,0,0,139.33,Active,0
303666,2026-06-30,2025-02-06,37,75263.04,Budapest,Mobile,17,6.0,1,108.59,0,0,256.56,Active,0
300307,2026-06-30,2024-08-14,41,62168.54,Budapest,Store,23,10.0,1,109.35,0,0,215.22,Active,0
302336,2026-06-30,2024-12-08,37,37184.92,Budapest,Web,19,9.0,3,49.02,0,0,174.01,Active,0
304791,2026-06-30,2025-07-08,39,23514.02,North,Web,12,4.0,0,42.04,1,0,167.81,Loyal,0
302357,2026-06-30,2025-10-22,54,25967.58,South,Web,8,7.0,0,63.72,1,0,12.37,At Risk,1
303703,2026-06-30,2025-10-01,33,68543.4,Budapest,Mobile,9,7.0,2,126.66,1,0,143.67,Active,0
303805,2026-06-30,2024-09-11,43,24395.39,Budapest,Store,22,12.0,1,116.65,0,0,114.36,Active,0
301928,2026-06-30,2025-10-07,41,33526.12,West,Mobile,9,8.0,0,0.0,0,0,89.15,Loyal,0
308479,2026-06-30,2025-09-21,33,70843.41,Budapest,Mobile,9,5.0,1,27.89,0,0,155.81,Loyal,0
303428,2026-06-30,2025-10-11,27,42178.47,Budapest,Mobile,9,10.0,1,62.5,0,0,175.07,Active,0
300750,2026-06-30,2024-10-15,29,34535.11,Budapest,Store,20,13.0,1,43.67,0,0,268.55,Loyal,0
303639,2026-06-30,2025-02-06,51,36045.28,East,Store,17,10.0,1,43.66,0,0,235.27,Active,0
307278,2026-06-30,2025-05-23,41,32944.17,East,Web,13,10.0,1,47.79,0,0,160.28,Active,0
301267,2026-06-30,2025-02-07,43,116382.66,North,Mobile,17,4.0,0,43.74,0,0,212.18,Loyal,0
307319,2026-06-30,2024-12-05,58,26482.64,North,Store,19,6.0,0,44.51,0,0,175.49,Active,0
307591,2026-06-30,2024-02-18,27,42931.82,East,Store,28,13.0,4,210.26,0,0,220.82,Active,0
302957,2026-06-30,2024-07-16,38,22842.41,East,Web,23,12.0,1,111.9,0,0,225.97,Loyal,0
303596,2026-06-30,2025-10-28,27,55709.57,Budapest,Store,8,8.0,2,84.23,0,0,172.57,Active,0
302135,2026-06-30,2025-01-29,44,27320.39,Budapest,Store,17,3.0,1,75.61,0,0,153.9,Active,0
307180,2026-06-30,2024-02-10,42,66706.08,Budapest,Mobile,29,9.0,1,92.26,0,0,213.25,Active,0
307158,2026-06-30,2024-09-17,41,42934.88,South,Web,21,9.0,1,0.0,0,0,278.69,Active,0
307122,2026-06-30,2024-04-21,42,60205.94,West,Web,26,8.0,1,63.85,0,0,228.09,Active,0
305067,2026-06-30,2024-01-24,46,48981.51,West,Web,29,6.0,3,144.4,0,0,230.64,Loyal,0
304110,2026-06-30,2024-06-02,46,21632.23,West,Mobile,25,6.0,1,26.96,0,0,239.93,Active,0
304970,2026-06-30,2025-07-01,41,58589.53,East,Web,12,3.0,0,0.0,0,0,242.68,Active,0
304905,2026-06-30,2024-12-20,33,37685.45,East,Web,18,5.0,2,121.86,0,0,228.06,Active,0
300515,2026-06-30,2024-03-04,48,21493.11,East,Store,28,2.0,1,58.73,0,0,169.09,Active,0
300895,2026-06-30,2025-06-12,26,121623.22,East,Mobile,13,10.0,0,0.0,0,0,194.12,Active,0
300410,2026-06-30,2025-07-19,44,25710.62,West,Mobile,11,7.0,0,0.0,0,0,203.94,Active,0
307462,2026-06-30,2024-04-15,33,15000.0,Budapest,Web,26,7.0,0,0.0,0,0,163.44,Active,0
308133,2026-06-30,2025-08-02,59,25460.82,Budapest,Web,11,12.0,1,78.13,0,0,198.19,Loyal,0
303462,2026-06-30,2024-10-21,25,30158.38,East,Web,20,10.0,1,32.62,0,0,175.34,Active,0
300900,2026-06-30,2025-02-20,53,47046.02,North,Web,16,4.0,2,184.12,0,1,189.28,Loyal,0
300208,2026-06-30,2024-01-02,22,21498.99,West,Web,30,4.0,1,41.58,0,0,165.81,Active,0
308127,2026-06-30,2024-08-15,37,21686.02,North,Mobile,22,8.0,3,206.52,0,0,157.61,Active,0
300459,2026-06-30,2024-11-20,28,29500.23,Budapest,Web,19,11.0,1,42.84,1,0,263.26,Loyal,0
302055,2026-06-30,2024-11-08,39,21957.67,North,Web,20,6.0,1,26.33,1,0,169.74,Loyal,0
302431,2026-06-30,2025-07-03,29,32091.0,Budapest,Mobile,12,13.0,2,168.29,0,0,103.33,Active,0
300251,2026-06-30,2024-12-05,43,27441.09,Budapest,Web,19,6.0,0,0.0,0,0,207.28,Active,0
308349,2026-06-30,2025-01-06,52,56489.96,East,Web,18,6.0,2,48.25,0,0,241.46,Loyal,0
305438,2026-06-30,2025-11-26,48,22756.53,South,Store,7,9.0,4,132.39,0,0,148.31,Active,0
301108,2026-06-30,2025-03-09,43,25397.96,West,Store,16,3.0,3,170.3,0,0,178.42,Active,0
308106,2026-06-30,2025-11-27,32,37902.46,Budapest,Store,7,3.0,1,98.24,0,1,155.31,Active,0
305980,2026-06-30,2024-09-30,39,25566.16,Budapest,Store,21,11.0,3,277.73,0,0,167.57,Active,0
301714,2026-06-30,2025-12-09,49,26445.12,North,Mobile,7,6.0,1,65.94,0,0,136.86,Active,0
303912,2026-06-30,2024-05-14,32,35910.58,East,Mobile,26,6.0,2,162.81,0,0,175.1,Active,0
308040,2026-06-30,2025-04-28,62,20862.06,East,Web,14,10.0,1,53.69,0,0,251.69,Active,0
300716,2026-06-30,2025-10-14,47,63571.55,Budapest,Mobile,9,12.0,1,119.9,0,0,258.5,Loyal,0
300553,2026-06-30,2025-04-08,60,92679.72,North,Web,15,6.0,1,83.4,0,0,244.07,Active,0
301440,2026-06-30,2025-04-20,44,23442.53,West,Web,14,7.0,1,57.25,0,0,191.38,Active,0
302271,2026-06-30,2025-12-07,36,56859.43,East,Web,7,12.0,8,474.94,0,0,230.48,Active,0
303145,2026-06-30,2024-06-12,38,38323.4,South,Web,25,4.0,2,193.37,0,0,177.72,Active,0
306918,2026-06-30,2024-01-02,27,42260.73,East,Mobile,30,14.0,2,114.18,0,0,257.43,Active,0
302057,2026-06-30,2025-12-24,57,27949.86,East,Web,6,8.0,0,0.0,0,0,208.24,Loyal,0
301926,2026-06-30,2024-07-27,43,27328.21,East,Web,23,10.0,2,221.77,0,0,109.91,Loyal,0
300635,2026-06-30,2025-09-21,45,41860.54,Budapest,Mobile,9,3.0,0,0.0,0,0,221.7,Active,0
306083,2026-06-30,2024-12-17,46,32962.69,South,Mobile,18,10.0,1,82.64,0,0,281.64,Active,0
300317,2026-06-30,2025-09-21,51,32013.03,West,Web,9,6.0,1,95.99,0,0,187.41,Active,0
308420,2026-06-30,2024-09-10,35,43999.52,North,Web,22,6.0,0,28.15,0,0,146.77,Loyal,0
308796,2026-06-30,2025-03-26,66,17711.5,South,Mobile,15,9.0,3,324.08,0,0,228.13,Loyal,0
305425,2026-06-30,2024-08-18,57,15000.0,Budapest,Web,22,10.0,0,0.0,0,0,247.36,Active,0
300428,2026-06-30,2024-09-08,32,97339.73,East,Mobile,22,5.0,0,0.0,0,0,132.11,Active,0
307424,2026-06-30,2025-03-06,20,43392.48,Budapest,Mobile,16,4.0,1,48.91,0,0,287.12,Loyal,0
300106,2026-06-30,2024-03-10,46,102326.26,Budapest,Mobile,28,10.0,0,47.06,0,0,180.58,Active,0
303042,2026-06-30,2025-08-13,49,29959.93,East,Web,11,6.0,1,66.37,0,0,264.4,Active,0
304239,2026-06-30,2024-02-09,40,23914.35,East,Mobile,29,11.0,1,80.98,0,0,186.1,Active,0
302170,2026-06-30,2024-08-09,38,97565.52,West,Mobile,23,10.0,4,378.24,0,0,256.74,Active,0
301710,2026-06-30,2024-01-25,44,22520.85,Budapest,Web,29,7.0,1,105.89,1,1,3.33,At Risk,1
300090,2026-06-30,2024-08-27,34,27049.38,South,Web,22,7.0,1,56.33,0,0,157.72,Loyal,0
307015,2026-06-30,2024-04-30,33,42133.94,West,Mobile,26,12.0,3,324.17,0,0,254.07,Loyal,0
302242,2026-06-30,2025-04-26,34,22372.28,East,Web,14,10.0,0,0.0,0,0,170.44,Loyal,0
303175,2026-06-30,2025-02-11,40,15807.83,Budapest,Mobile,17,12.0,1,88.27,0,0,111.52,Active,0
307466,2026-06-30,2024-10-26,52,26413.01,East,Web,20,5.0,0,20.67,0,0,202.61,Active,0
306260,2026-06-30,2025-05-15,56,64632.4,Budapest,Mobile,14,8.0,3,241.06,0,0,236.82,Active,0
306733,2026-06-30,2024-07-13,31,16189.96,Budapest,Mobile,24,8.0,1,95.17,0,0,167.35,Active,0
301950,2026-06-30,2024-06-28,61,163185.63,East,Mobile,24,12.0,2,110.1,0,0,168.0,Active,0
304045,2026-06-30,2025-11-09,32,42381.38,East,Web,8,5.0,2,168.08,0,0,223.33,Active,0
308950,2026-06-30,2024-07-16,28,29859.16,Budapest,Web,23,5.0,1,44.04,0,0,194.59,Loyal,0
302849,2026-06-30,2024-10-14,41,22927.0,Budapest,Mobile,20,8.0,1,16.47,0,1,72.21,At Risk,1
306369,2026-06-30,2024-08-16,45,19051.15,Budapest,Store,22,6.0,0,43.67,0,0,177.59,Active,0
300002,2026-06-30,2024-05-27,50,24402.26,North,Mobile,25,8.0,1,135.66,0,0,156.76,Loyal,0
306140,2026-06-30,2024-01-10,42,34906.39,Budapest,Web,30,10.0,3,240.29,0,0,183.41,Active,0
304338,2026-06-30,2025-09-20,54,48945.9,West,Web,9,11.0,1,67.14,0,0,246.59,Active,0
306048,2026-06-30,2024-07-21,55,22287.59,South,Web,23,3.0,0,34.26,0,0,298.94,Active,0
300936,2026-06-30,2025-02-25,32,38190.65,Budapest,Store,16,10.0,1,58.76,1,0,0.0,At Risk,1
300714,2026-06-30,2024-07-02,57,33598.13,South,Web,24,5.0,1,137.22,0,0,186.54,Active,0
302721,2026-06-30,2025-11-04,33,46350.36,West,Web,8,7.0,0,22.95,0,0,186.03,Loyal,0
304095,2026-06-30,2025-05-17,38,48395.78,Budapest,Mobile,13,5.0,0,0.0,0,0,228.7,Loyal,0
305206,2026-06-30,2024-09-06,39,39398.02,Budapest,Mobile,22,9.0,2,41.7,0,0,154.28,Active,0
308616,2026-06-30,2025-10-03,47,22295.85,West,Web,9,7.0,0,10.18,0,0,169.79,Active,0
300592,2026-06-30,2025-07-23,33,32640.32,West,Mobile,11,4.0,2,89.83,0,0,127.08,Active,0
308918,2026-06-30,2025-08-08,43,29070.56,North,Store,11,11.0,0,11.94,0,0,121.98,Loyal,0
307505,2026-06-30,2025-04-16,28,69043.86,Budapest,Web,14,8.0,1,8.95,0,0,220.85,Active,0
302937,2026-06-30,2025-06-21,32,42686.69,Budapest,Mobile,12,4.0,2,196.99,0,0,180.76,Active,0
308600,2026-06-30,2024-12-25,47,23065.7,East,Mobile,18,3.0,1,45.56,0,0,208.03,Loyal,0
302449,2026-06-30,2025-08-03,58,15000.0,North,Store,11,9.0,2,155.51,0,0,263.38,Loyal,0
301577,2026-06-30,2025-05-18,47,55018.3,North,Store,13,10.0,2,150.0,1,1,49.48,At Risk,1
308036,2026-06-30,2024-09-19,31,34941.38,Budapest,Web,21,8.0,1,28.61,0,0,84.85,Active,0
303763,2026-06-30,2024-05-21,39,35686.87,South,Mobile,25,9.0,1,67.86,0,0,236.81,Active,0
300214,2026-06-30,2025-08-16,48,19825.83,South,Mobile,10,7.0,2,27.31,0,0,237.61,Active,0
300779,2026-06-30,2024-10-01,42,19807.47,South,Mobile,21,8.0,1,5.84,0,0,167.49,Active,0
305512,2026-06-30,2024-05-16,48,50849.74,Budapest,Mobile,25,7.0,1,26.64,0,0,209.86,Active,0
303497,2026-06-30,2024-08-01,29,67954.23,Budapest,Web,23,11.0,3,201.63,0,0,197.49,Loyal,0
308170,2026-06-30,2024-11-06,61,16603.61,Budapest,Web,20,16.0,6,283.03,0,0,237.4,Active,0
302044,2026-06-30,2024-09-18,27,36738.31,South,Web,21,12.0,1,78.79,0,0,159.27,Active,0
308848,2026-06-30,2025-07-10,35,18094.99,East,Web,12,3.0,3,128.71,0,0,186.53,Loyal,0
308637,2026-06-30,2025-08-16,38,42570.99,West,Web,10,2.0,0,52.79,0,0,0.0,At Risk,1
305421,2026-06-30,2025-03-25,66,120793.69,North,Mobile,15,9.0,1,45.77,0,0,149.88,Loyal,0
306155,2026-06-30,2025-04-10,43,41160.01,West,Mobile,15,8.0,1,14.99,0,0,124.93,Active,0
301568,2026-06-30,2025-12-16,37,75042.66,South,Mobile,6,7.0,0,0.0,0,0,234.22,Active,0
300166,2026-06-30,2025-05-16,27,35561.0,Budapest,Store,13,7.0,0,0.0,0,0,169.28,Loyal,0
304703,2026-06-30,2025-06-28,18,29837.8,West,Web,12,9.0,1,12.0,0,0,233.76,Active,0
303567,2026-06-30,2024-01-11,31,34288.65,West,Web,30,18.0,3,185.74,0,0,227.7,Active,0
307648,2026-06-30,2024-01-29,18,22742.82,West,Web,29,13.0,1,88.03,0,0,148.69,Loyal,0
308853,2026-06-30,2024-09-10,45,47918.13,Budapest,Web,22,9.0,4,267.6,0,0,189.55,Active,0
305440,2026-06-30,2025-07-10,67,31216.58,Budapest,Store,12,7.0,1,104.34,0,0,130.7,Active,0
302014,2026-06-30,2024-01-08,34,47741.43,West,Store,30,9.0,1,62.09,0,0,234.46,Active,0
300274,2026-06-30,2024-06-03,39,18807.2,North,Mobile,25,8.0,1,81.71,0,0,185.93,Active,0
303861,2026-06-30,2024-05-06,60,74155.92,Budapest,Mobile,26,14.0,2,150.95,0,0,226.67,Active,0
304168,2026-06-30,2024-12-28,52,46763.2,North,Web,18,10.0,3,250.33,0,0,223.03,Active,0
307968,2026-06-30,2025-09-26,40,41408.13,North,Mobile,9,2.0,1,73.62,0,0,252.38,Loyal,0
303789,2026-06-30,2024-10-10,60,21809.81,South,Store,21,5.0,0,6.25,1,1,38.34,At Risk,1
305184,2026-06-30,2025-10-04,47,63711.04,East,Web,9,11.0,2,88.65,0,0,211.53,Active,0
300395,2026-06-30,2025-02-17,32,59612.2,Budapest,Store,16,10.0,2,131.39,0,0,205.41,Loyal,0
300584,2026-06-30,2024-10-12,23,68004.04,South,Web,21,12.0,2,132.96,0,0,212.56,Loyal,0
303062,2026-06-30,2024-01-21,52,27882.92,South,Store,29,4.0,1,2.18,0,0,159.42,Active,0
300403,2026-06-30,2024-01-14,40,61220.48,North,Web,30,8.0,1,86.24,0,0,201.13,Active,0
300117,2026-06-30,2024-11-22,48,68344.41,South,Web,19,3.0,0,28.89,0,0,97.23,Loyal,0
306645,2026-06-30,2024-08-27,34,40537.87,East,Mobile,22,11.0,3,93.47,0,1,163.5,Loyal,0
308200,2026-06-30,2024-02-09,24,39102.67,West,Web,29,9.0,2,135.25,0,0,192.62,Active,0
306870,2026-06-30,2025-05-18,34,37225.37,South,Web,13,9.0,1,84.75,0,0,239.57,Active,0
300434,2026-06-30,2024-09-26,48,17787.51,South,Web,21,7.0,3,23.95,0,0,146.35,Active,0
300685,2026-06-30,2025-12-16,49,28780.84,Budapest,Mobile,6,9.0,0,18.78,0,0,248.49,Active,0
308630,2026-06-30,2025-04-30,18,30500.48,North,Mobile,14,8.0,2,111.93,0,0,215.25,Loyal,0
300521,2026-06-30,2025-04-26,64,56793.97,Budapest,Mobile,14,6.0,1,79.74,1,0,286.19,Active,0
301764,2026-06-30,2024-05-05,43,59982.39,South,Web,26,5.0,4,280.49,1,1,79.26,At Risk,1
301876,2026-06-30,2024-07-17,61,19967.87,North,Web,23,8.0,0,12.64,0,0,164.08,Active,0
305356,2026-06-30,2024-02-01,52,36537.55,East,Mobile,29,6.0,0,0.0,0,0,271.01,Active,0
303966,2026-06-30,2025-12-01,52,134629.87,Budapest,Web,7,9.0,0,0.0,0,0,197.78,Loyal,0
303345,2026-06-30,2024-02-21,45,15993.03,North,Store,28,18.0,4,459.38,0,0,178.81,Loyal,0
306599,2026-06-30,2025-02-03,56,29668.77,East,Web,17,4.0,4,308.92,0,0,236.82,Active,0
302254,2026-06-30,2024-11-11,56,73780.73,East,Store,20,2.0,1,8.41,0,0,147.51,Active,0
306878,2026-06-30,2025-11-29,48,44793.11,East,Web,7,7.0,1,75.0,0,0,176.21,Loyal,0
303225,2026-06-30,2025-07-08,40,80881.28,Budapest,Store,12,7.0,0,9.29,0,0,206.16,Active,0
300527,2026-06-30,2025-11-05,39,44403.66,East,Web,8,7.0,2,104.85,0,0,217.53,Loyal,0
307474,2026-06-30,2024-09-29,30,48843.3,East,Mobile,21,5.0,2,133.47,0,0,184.92,Active,0
302947,2026-06-30,2024-03-23,55,72465.16,Budapest,Web,27,8.0,2,95.32,0,0,243.22,Active,0
304474,2026-06-30,2025-08-18,48,44967.68,North,Web,10,7.0,1,155.25,0,0,204.88,Active,0
303900,2026-06-30,2025-05-25,40,,West,Web,13,4.0,1,133.93,0,0,154.45,Active,0
305656,2026-06-30,2025-04-21,30,30285.81,South,Web,14,9.0,1,78.64,0,0,248.78,Active,0
300693,2026-06-30,2024-03-28,18,35134.63,Budapest,Store,27,8.0,2,109.9,0,0,148.49,Active,0
306060,2026-06-30,2024-04-09,31,102740.88,Budapest,Mobile,27,10.0,2,167.76,0,0,152.62,Active,0
300960,2026-06-30,2024-02-14,24,20427.25,South,Web,28,6.0,1,59.93,0,0,237.53,Active,0
304445,2026-06-30,2025-04-05,44,22963.71,West,Web,15,7.0,0,0.0,0,0,146.68,Active,0
308567,2026-06-30,2025-01-06,25,54299.24,East,Mobile,18,6.0,0,0.0,1,1,0.0,At Risk,1
306343,2026-06-30,2024-03-30,40,45606.55,East,Mobile,27,4.0,0,51.4,0,0,177.03,Active,0
306132,2026-06-30,2024-01-21,35,32019.42,Budapest,Web,29,10.0,0,0.0,0,0,219.63,Active,0
303634,2026-06-30,2025-05-12,30,48105.5,East,Web,14,11.0,1,51.24,0,0,157.22,Active,0
305806,2026-06-30,2025-03-31,21,19125.47,Budapest,Web,15,8.0,2,115.44,0,0,197.46,Active,0
301051,2026-06-30,2024-07-01,35,44915.53,Budapest,Mobile,24,12.0,2,150.93,0,0,243.59,Active,0
300591,2026-06-30,2025-12-19,37,,North,Web,6,8.0,1,69.88,0,0,117.35,Active,0
300520,2026-06-30,2025-02-16,29,18709.47,Budapest,Mobile,16,10.0,0,4.99,0,0,179.85,Active,0
303381,2026-06-30,2025-06-08,44,37004.95,Budapest,Web,13,7.0,0,0.0,0,0,213.21,Loyal,0
303677,2026-06-30,2024-04-28,62,142752.21,Budapest,Store,26,10.0,4,166.23,0,0,58.59,Loyal,0
305777,2026-06-30,2024-04-17,27,78543.79,North,Web,26,5.0,3,154.87,0,0,143.79,Loyal,0
308211,2026-06-30,2025-12-10,22,27993.5,South,Store,7,7.0,1,66.02,0,0,171.71,Loyal,0
306574,2026-06-30,2024-07-14,28,39403.5,Budapest,Mobile,24,14.0,2,176.5,0,0,172.37,Active,0
305180,2026-06-30,2024-10-29,52,42977.63,Budapest,Web,20,7.0,1,40.81,0,0,278.06,Active,0
301608,2026-06-30,2025-09-06,40,157402.42,Budapest,Web,10,5.0,2,72.47,0,0,210.13,Active,0
303611,2026-06-30,2024-02-18,45,77563.41,South,Store,28,7.0,1,90.42,0,0,233.79,Active,0
308868,2026-06-30,2024-09-09,39,29310.62,Budapest,Web,22,16.0,2,186.51,0,0,164.78,Active,0
306636,2026-06-30,2024-03-13,42,25924.75,Budapest,Web,28,9.0,0,0.0,0,0,220.86,Active,0
301616,2026-06-30,2024-01-27,26,29497.99,Budapest,Mobile,29,6.0,1,87.48,0,0,214.13,Active,0
301810,2026-06-30,2024-09-20,33,15000.0,West,Web,21,4.0,2,101.45,0,0,172.28,Active,0
300792,2026-06-30,2025-03-20,42,16963.3,Budapest,Web,15,5.0,1,19.29,0,0,212.02,Loyal,0
300793,2026-06-30,2025-05-11,34,21881.36,West,Web,14,4.0,2,75.27,0,0,196.59,Active,0
303057,2026-06-30,2025-03-23,35,34170.28,East,Mobile,15,7.0,2,78.93,0,0,189.82,Active,0
301856,2026-06-30,2025-12-16,73,129115.65,East,Store,6,3.0,1,71.53,0,1,0.0,At Risk,1
308606,2026-06-30,2024-08-17,51,25260.39,South,Mobile,22,3.0,1,74.96,0,0,158.41,Loyal,0
301981,2026-06-30,2025-09-17,43,69688.15,West,Mobile,9,9.0,1,24.18,0,0,239.83,Active,0
303234,2026-06-30,2024-12-22,45,30200.57,Budapest,Mobile,18,9.0,3,319.87,0,0,226.83,Active,0
303599,2026-06-30,2024-07-15,47,15125.3,West,Store,23,9.0,1,85.3,0,0,173.54,Loyal,0
300934,2026-06-30,2024-06-16,29,35586.16,East,Web,24,10.0,1,82.95,0,0,231.58,Active,0
303964,2026-06-30,2025-05-21,45,32332.66,East,Store,13,5.0,1,73.92,0,0,197.11,Loyal,0
307437,2026-06-30,2025-04-09,28,42117.22,Budapest,Mobile,15,5.0,0,0.0,0,0,155.41,Active,0
305627,2026-06-30,2024-11-27,45,20111.03,South,Mobile,19,5.0,1,61.13,0,0,192.02,Active,0
305507,2026-06-30,2025-01-31,32,76393.75,Budapest,Store,17,5.0,0,16.5,0,0,105.0,Active,0
306073,2026-06-30,2024-08-29,28,20192.23,Budapest,Web,22,6.0,1,75.12,0,0,188.16,Loyal,0
301683,2026-06-30,2025-06-21,44,34441.95,South,Mobile,12,6.0,2,144.06,0,0,240.36,Active,0
304180,2026-06-30,2024-04-25,58,51209.62,East,Web,26,7.0,0,13.05,0,0,153.54,Loyal,0
304027,2026-06-30,2025-11-12,33,25152.39,North,Store,8,11.0,1,55.68,0,0,252.58,Loyal,0
302850,2026-06-30,2025-01-11,25,17701.61,East,Store,18,8.0,3,134.36,0,0,109.97,Active,0
306447,2026-06-30,2024-05-12,63,38761.67,South,Store,26,5.0,2,127.11,1,0,183.47,Active,0
304117,2026-06-30,2025-03-02,40,40436.35,Budapest,Mobile,16,12.0,2,201.29,0,0,257.2,Loyal,0
300989,2026-06-30,2025-05-31,41,34232.56,Budapest,Store,13,4.0,1,93.33,0,0,111.48,Active,0
308266,2026-06-30,2025-05-19,46,95760.84,Budapest,Web,13,5.0,2,146.41,0,0,192.69,Active,0
308347,2026-06-30,2024-07-22,32,19019.27,East,Web,23,7.0,1,44.35,0,0,130.91,Loyal,0
303454,2026-06-30,2025-06-03,50,19892.47,West,Mobile,13,11.0,1,66.89,0,0,217.85,Active,0
302897,2026-06-30,2024-01-17,47,24329.53,East,Web,29,8.0,2,83.67,0,1,232.63,Active,0
303779,2026-06-30,2025-10-17,36,38545.72,Budapest,Mobile,8,9.0,1,71.6,0,0,270.54,Active,0
305659,2026-06-30,2024-05-23,45,28130.51,Budapest,Web,25,5.0,2,191.3,0,0,287.7,Loyal,0
308288,2026-06-30,2025-05-25,35,41836.45,West,Mobile,13,12.0,1,14.61,0,0,154.69,Active,0
303094,2026-06-30,2025-05-09,43,17886.14,Budapest,Mobile,14,9.0,4,148.98,0,0,268.83,Active,0
303156,2026-06-30,2024-05-27,27,18956.12,Budapest,Mobile,25,8.0,1,64.48,0,0,185.11,Loyal,0
305070,2026-06-30,2025-06-03,40,49672.64,Budapest,Store,13,8.0,2,182.41,0,0,120.84,Active,0
305807,2026-06-30,2024-07-11,47,42127.09,Budapest,Mobile,24,8.0,4,348.06,1,1,0.0,At Risk,1
303202,2026-06-30,2024-06-02,28,15000.0,East,Web,25,12.0,3,104.22,0,0,136.59,Loyal,0
308063,2026-06-30,2024-01-09,41,39927.12,Budapest,Web,30,3.0,3,263.37,0,0,263.16,Active,0
308743,2026-06-30,2024-06-18,41,46804.72,South,Web,24,5.0,1,122.7,0,0,244.03,Active,0
301099,2026-06-30,2025-10-31,40,27052.27,Budapest,Web,8,11.0,2,70.39,0,0,159.06,Active,0
308242,2026-06-30,2025-11-06,45,89307.5,East,Web,8,7.0,0,0.0,0,0,172.22,Loyal,0
302845,2026-06-30,2025-06-24,51,28596.08,North,Web,12,8.0,2,0.0,0,0,132.39,Loyal,0
300887,2026-06-30,2025-07-21,32,78587.59,West,Web,11,8.0,5,448.13,0,0,150.25,Active,0
303343,2026-06-30,2024-10-11,39,22078.2,Budapest,Web,21,7.0,0,0.0,0,0,157.5,Loyal,0
307747,2026-06-30,2025-12-02,35,15000.0,East,Mobile,7,11.0,1,40.16,0,1,207.1,Loyal,0
306541,2026-06-30,2025-06-26,65,40497.89,Budapest,Web,12,10.0,1,68.32,0,0,271.38,Active,0
308495,2026-06-30,2025-08-28,29,20161.49,West,Web,10,6.0,4,123.91,1,1,0.0,At Risk,1
306097,2026-06-30,2025-12-03,46,32709.53,Budapest,Web,7,8.0,1,69.7,0,0,107.02,Active,0
300516,2026-06-30,2025-01-16,50,28310.47,North,Web,17,9.0,0,0.0,0,0,228.88,Active,0
303357,2026-06-30,2025-09-18,31,48326.19,Budapest,Web,9,7.0,1,106.32,0,0,99.86,Loyal,0
304834,2026-06-30,2025-01-17,35,32480.67,North,Mobile,17,2.0,1,25.82,0,0,149.01,Loyal,0
301454,2026-06-30,2025-03-09,47,55020.18,West,Mobile,16,13.0,2,194.49,0,0,242.54,Active,0
303554,2026-06-30,2024-04-24,35,151367.86,South,Mobile,26,6.0,1,118.04,0,0,209.01,Active,0
303610,2026-06-30,2025-07-07,44,21181.86,East,Web,12,3.0,0,0.0,0,0,131.87,Active,0
308053,2026-06-30,2025-01-29,27,21937.87,West,Mobile,17,10.0,0,13.25,0,0,219.03,Active,0
304666,2026-06-30,2025-07-23,47,32212.92,South,Web,11,10.0,1,93.24,0,0,169.7,Active,0
302507,2026-06-30,2025-03-15,52,23445.73,West,Web,16,2.0,1,84.21,0,0,160.63,Loyal,0
302995,2026-06-30,2024-08-23,38,24052.89,East,Mobile,22,8.0,0,13.16,0,0,67.17,Active,0
304000,2026-06-30,2024-05-29,37,36674.51,South,Web,25,7.0,0,63.47,0,0,316.46,Loyal,0
306223,2026-06-30,2025-11-27,21,88891.43,Budapest,Web,7,,4,174.06,0,0,185.68,Loyal,0
308828,2026-06-30,2024-05-03,31,,West,Mobile,26,8.0,1,46.34,0,0,212.9,Active,0
308996,2026-06-30,2025-09-04,36,19802.37,Budapest,Web,10,6.0,0,42.87,1,1,53.48,At Risk,1
300907,2026-06-30,2024-05-11,40,25723.61,West,Web,26,9.0,1,68.94,0,0,213.28,Active,0
300029,2026-06-30,2025-04-17,53,42556.36,South,Mobile,14,7.0,2,109.81,0,0,214.49,Active,0
308380,2026-06-30,2025-01-12,43,28774.61,Budapest,Mobile,18,9.0,1,47.63,0,0,114.33,Active,0
302508,2026-06-30,2024-11-29,56,33680.67,Budapest,Web,19,14.0,2,136.11,0,0,186.97,Active,0
302429,2026-06-30,2024-01-06,30,32643.46,Budapest,Web,30,8.0,0,14.73,1,0,280.22,Active,0
305044,2026-06-30,2024-09-13,49,24622.76,East,Store,22,8.0,3,228.58,0,1,27.83,Active,0
305347,2026-06-30,2025-03-30,43,16223.72,North,Mobile,15,12.0,2,137.69,0,0,230.21,Active,0
300763,2026-06-30,2025-05-14,34,40347.57,Budapest,Web,14,8.0,2,154.84,1,0,205.03,Active,0
303748,2026-06-30,2025-06-30,41,35348.35,South,Store,12,9.0,1,90.42,0,0,107.32,Active,0
304812,2026-06-30,2025-05-24,43,32722.42,Budapest,Store,13,6.0,1,186.43,0,0,177.94,Active,0
300285,2026-06-30,2025-06-14,54,17439.41,South,Store,13,8.0,0,0.0,0,0,139.71,Loyal,0
300687,2026-06-30,2024-03-08,20,22007.84,East,Mobile,28,3.0,2,158.79,0,0,233.83,Loyal,0
304800,2026-06-30,2025-07-22,45,89036.59,Budapest,Mobile,11,7.0,0,1.13,0,0,313.43,Loyal,0
307438,2026-06-30,2024-01-01,31,37203.59,West,Web,30,5.0,1,23.1,1,0,238.46,Active,0
302354,2026-06-30,2025-09-17,58,80369.27,South,Mobile,9,8.0,1,65.23,1,0,268.49,Active,0
306354,2026-06-30,2024-08-05,42,20115.5,Budapest,Mobile,23,8.0,2,126.18,1,1,0.0,At Risk,1
308033,2026-06-30,2024-11-26,29,28023.38,East,Mobile,19,7.0,2,193.11,0,0,187.93,Loyal,0
304570,2026-06-30,2025-12-12,27,50087.39,East,Mobile,7,5.0,2,207.49,0,0,242.36,Loyal,0
300022,2026-06-30,2025-09-17,30,63053.5,West,Web,9,10.0,4,297.51,0,0,198.49,Active,0
302753,2026-06-30,2025-09-24,48,33823.58,South,Web,9,4.0,0,0.08,0,0,240.93,Loyal,0
300886,2026-06-30,2025-09-18,39,27446.0,East,Web,9,12.0,2,18.89,0,0,200.05,Active,0
308464,2026-06-30,2025-11-10,29,26375.81,North,Mobile,8,7.0,2,137.52,0,0,173.04,Loyal,0
300918,2026-06-30,2024-08-18,44,28842.56,North,Web,22,7.0,1,44.09,0,1,179.85,Loyal,0
307832,2026-06-30,2025-10-31,26,49728.45,South,Mobile,8,7.0,3,156.03,0,1,305.14,Active,0
301041,2026-06-30,2025-04-23,37,132169.94,West,Web,14,4.0,1,75.14,0,0,174.86,Active,0
306336,2026-06-30,2025-01-22,35,18049.27,East,Web,17,5.0,0,0.0,0,0,183.51,Active,0
307921,2026-06-30,2025-03-18,52,20647.7,West,Mobile,15,7.0,1,101.89,0,0,270.98,Active,0
301266,2026-06-30,2024-07-05,39,121591.83,Budapest,Mobile,24,7.0,5,291.03,0,0,222.59,Active,0
304580,2026-06-30,2025-06-14,37,40402.49,North,Mobile,13,8.0,4,247.99,0,0,237.48,Active,0
308417,2026-06-30,2025-09-08,43,79269.47,Budapest,Mobile,10,10.0,2,136.17,0,1,286.57,Active,0
307060,2026-06-30,2024-12-28,28,73625.17,Budapest,Store,18,9.0,1,41.35,0,0,228.49,Active,0
308746,2026-06-30,2025-12-16,57,34233.78,Budapest,Web,6,10.0,3,195.51,0,0,68.64,Loyal,0
300278,2026-06-30,2024-10-12,40,55743.85,West,Store,21,5.0,0,4.26,0,0,234.05,Active,0
305085,2026-06-30,2025-11-06,44,26297.28,East,Mobile,8,6.0,0,0.0,0,0,309.11,Active,0
302085,2026-06-30,2025-01-24,44,48002.67,West,Web,17,13.0,0,0.0,0,0,231.55,Loyal,0
301246,2026-06-30,2024-03-28,40,53011.94,South,Mobile,27,6.0,1,92.58,0,0,189.29,Active,0
302383,2026-06-30,2024-05-30,33,21019.43,Budapest,Web,25,5.0,2,110.78,0,0,220.45,Loyal,0
300572,2026-06-30,2025-07-16,44,61111.75,West,Mobile,11,7.0,2,186.52,0,0,166.33,Active,0
301436,2026-06-30,2025-09-30,44,40085.47,Budapest,Web,9,10.0,1,113.86,0,0,225.98,Active,0
303903,2026-06-30,2024-09-01,35,70056.88,South,Store,22,12.0,1,82.75,0,0,271.08,Active,0
305090,2026-06-30,2025-07-08,36,27227.51,West,Mobile,12,14.0,1,126.48,0,0,201.37,Active,0
301248,2026-06-30,2024-10-05,54,32316.53,West,Web,21,7.0,3,263.5,0,0,180.3,Active,0
307502,2026-06-30,2025-01-01,38,38127.37,West,Mobile,18,9.0,2,94.67,0,0,177.19,Active,0
304682,2026-06-30,2025-07-08,52,35073.83,North,Store,12,6.0,1,14.45,0,0,232.41,Active,0
303527,2026-06-30,2024-04-15,39,20756.68,Budapest,Store,26,7.0,2,123.05,0,0,138.4,Active,0
306558,2026-06-30,2025-05-20,24,40917.97,Budapest,Web,13,7.0,1,44.37,0,0,306.96,Loyal,0
302515,2026-06-30,2024-08-19,33,31931.75,East,Mobile,22,7.0,1,60.11,0,0,248.33,Active,0
305446,2026-06-30,2024-06-16,37,,West,Mobile,24,11.0,2,104.8,0,0,215.25,Loyal,0
301008,2026-06-30,2025-02-07,46,36516.15,South,Store,17,7.0,1,20.54,0,0,132.15,Active,0
304771,2026-06-30,2025-11-18,34,38404.79,Budapest,Web,7,3.0,1,40.52,0,0,219.83,Active,0
306509,2026-06-30,2024-02-19,26,48257.54,East,Web,28,13.0,0,0.0,0,0,199.02,Loyal,0
307000,2026-06-30,2024-03-10,25,15000.0,North,Web,28,7.0,3,136.31,0,0,68.32,Active,0
304544,2026-06-30,2025-05-13,28,38502.01,Budapest,Store,14,8.0,2,139.05,0,0,144.56,Active,0
307530,2026-06-30,2025-09-13,58,86841.41,West,Web,10,11.0,2,123.4,1,0,175.81,Active,0
307833,2026-06-30,2025-06-16,51,,Budapest,Store,12,8.0,3,163.2,0,0,269.5,Loyal,0
308695,2026-06-30,2025-09-03,35,22739.5,Budapest,Web,10,5.0,3,146.7,0,0,275.07,Active,0
304456,2026-06-30,2025-09-30,52,51554.75,North,Store,9,10.0,2,128.78,0,0,302.63,Loyal,0
302065,2026-06-30,2024-10-28,56,49980.26,South,Web,20,13.0,5,293.15,0,0,228.9,Active,0
305353,2026-06-30,2025-09-19,23,91419.54,Budapest,Mobile,9,5.0,2,94.37,0,0,288.5,Loyal,0
307886,2026-06-30,2024-05-28,49,33856.58,East,Web,25,10.0,2,114.07,0,0,136.54,Active,0
301691,2026-06-30,2025-03-29,36,56181.37,North,Web,15,10.0,3,162.61,0,0,143.26,Active,0
303118,2026-06-30,2025-11-15,33,40865.14,Budapest,Web,7,10.0,0,10.41,0,0,207.41,Active,0
308641,2026-06-30,2024-05-01,48,15000.0,East,Mobile,26,9.0,2,189.74,0,0,162.14,Loyal,0
305344,2026-06-30,2025-01-27,24,40306.41,West,Web,17,10.0,0,9.33,0,0,147.03,Active,0
301986,2026-06-30,2025-01-24,33,24765.32,Budapest,Web,17,6.0,0,0.0,0,0,229.2,Active,0
300295,2026-06-30,2025-02-27,63,53865.57,North,Store,16,11.0,2,107.27,0,0,157.13,Active,0
301548,2026-06-30,2024-08-04,39,22649.28,Budapest,Mobile,23,10.0,1,56.19,0,0,221.21,Active,0
302013,2026-06-30,2024-01-03,24,24122.14,East,Mobile,30,5.0,1,79.31,0,0,172.93,Active,0
300589,2026-06-30,2024-03-05,48,28517.85,North,Store,28,8.0,1,117.43,1,1,48.64,At Risk,1
303330,2026-06-30,2025-10-04,27,19763.37,South,Web,9,10.0,1,67.41,0,0,108.85,Active,0
302404,2026-06-30,2025-06-08,42,26064.03,East,Store,13,6.0,2,54.47,0,0,140.96,Active,0
302130,2026-06-30,2024-08-10,37,51962.81,West,Store,23,10.0,0,0.0,0,0,207.08,Loyal,0
303999,2026-06-30,2024-01-18,44,61042.94,West,Store,29,10.0,3,246.05,0,1,102.07,At Risk,1
301575,2026-06-30,2024-12-21,33,38442.31,Budapest,Web,18,5.0,0,23.16,0,0,154.38,Active,0
303742,2026-06-30,2025-10-11,30,63595.85,Budapest,Mobile,9,1.0,0,0.0,1,0,238.77,Active,0
303509,2026-06-30,2024-01-03,44,20672.39,Budapest,Mobile,30,5.0,1,54.85,0,0,168.69,Loyal,0
308375,2026-06-30,2024-08-01,48,28791.47,West,Mobile,23,10.0,1,38.17,0,0,184.06,Loyal,0
302720,2026-06-30,2025-05-23,40,59476.36,Budapest,Mobile,13,4.0,0,29.5,0,0,216.77,Loyal,0
304522,2026-06-30,2024-02-02,56,18156.58,East,Web,29,10.0,4,281.08,0,0,169.0,Active,0
306679,2026-06-30,2025-09-16,31,32094.7,East,Web,9,9.0,1,80.27,0,0,279.86,Active,0
305151,2026-06-30,2024-10-11,47,15000.0,Budapest,Web,21,7.0,2,126.21,0,0,163.63,Loyal,0
302809,2026-06-30,2025-11-12,50,34788.42,South,Mobile,8,9.0,0,21.28,0,0,165.86,Active,0
308663,2026-06-30,2025-10-22,40,41081.56,South,Web,8,11.0,3,122.4,0,0,218.44,Active,0
300557,2026-06-30,2024-08-10,56,15963.1,South,Mobile,23,3.0,1,39.89,0,0,162.84,Loyal,0
306277,2026-06-30,2025-12-15,40,42318.89,Budapest,Web,6,10.0,1,32.12,0,0,192.44,Active,0
308019,2026-06-30,2024-09-03,37,25029.53,South,Mobile,22,14.0,0,0.0,0,0,243.03,Active,0
304796,2026-06-30,2024-02-24,45,61928.3,South,Mobile,28,9.0,1,78.27,0,0,262.96,Active,0
302470,2026-06-30,2025-10-18,24,33751.39,Budapest,Web,8,7.0,3,167.68,0,0,193.53,Active,0
303739,2026-06-30,2025-05-28,28,38619.17,South,Mobile,13,7.0,1,16.38,1,1,0.0,At Risk,1
304287,2026-06-30,2025-04-29,31,24661.89,Budapest,Store,14,7.0,3,300.22,0,0,192.9,Active,0
308206,2026-06-30,2024-04-19,42,51796.79,Budapest,Web,26,6.0,2,165.61,0,0,210.11,Loyal,0
305290,2026-06-30,2024-04-19,35,,West,Store,26,9.0,0,0.0,0,0,274.93,Active,0
301717,2026-06-30,2024-07-30,45,27451.38,East,Mobile,23,11.0,2,89.89,0,0,253.25,Loyal,0
307513,2026-06-30,2024-02-22,43,22797.71,West,Mobile,28,8.0,3,176.45,0,0,140.64,Loyal,0
302605,2026-06-30,2025-10-04,58,102656.63,Budapest,Mobile,9,8.0,1,77.78,0,0,145.54,Active,0
300363,2026-06-30,2024-10-12,29,56549.68,South,Mobile,21,4.0,3,155.48,0,0,158.84,Loyal,0
306925,2026-06-30,2025-09-22,38,25477.25,Budapest,Web,9,8.0,2,53.95,0,0,193.04,Loyal,0
301705,2026-06-30,2025-07-11,31,22046.75,Budapest,Mobile,12,9.0,0,13.54,0,0,211.0,Active,0
306960,2026-06-30,2024-12-24,31,89167.99,East,Web,18,6.0,1,116.5,0,0,212.0,Loyal,0
306715,2026-06-30,2024-01-02,28,32029.26,South,Mobile,30,11.0,5,208.7,0,0,151.46,Active,0
306497,2026-06-30,2024-10-17,50,34190.04,Budapest,Mobile,20,6.0,1,28.53,0,0,247.24,Active,0
302140,2026-06-30,2024-08-03,30,20469.32,Budapest,Web,23,3.0,3,183.85,0,0,237.91,Active,0
303240,2026-06-30,2024-08-22,51,15000.0,Budapest,Mobile,22,4.0,1,67.17,0,1,235.09,Active,0
302384,2026-06-30,2025-10-29,57,41910.59,West,Mobile,8,9.0,2,196.71,0,0,220.8,Active,0
307315,2026-06-30,2025-04-03,43,49034.38,South,Web,15,11.0,1,46.65,0,0,188.03,Loyal,0
304312,2026-06-30,2025-09-02,29,15005.51,North,Web,10,13.0,1,51.08,1,0,79.05,At Risk,1
301286,2026-06-30,2024-09-10,71,23047.26,West,Store,22,8.0,2,162.01,0,0,259.51,Active,0
301313,2026-06-30,2025-08-02,26,30685.22,South,Web,11,2.0,1,107.77,0,0,285.62,Active,0
305942,2026-06-30,2025-01-05,27,32851.63,North,Mobile,18,10.0,3,232.18,0,0,194.14,Active,0
301997,2026-06-30,2025-09-24,24,23502.58,North,Store,9,10.0,0,13.05,0,0,207.12,Loyal,0
303931,2026-06-30,2024-02-09,35,68812.8,West,Store,29,12.0,2,134.92,0,0,124.12,Active,0
306184,2026-06-30,2024-01-27,30,21475.87,North,Mobile,29,9.0,4,259.71,0,0,180.49,Active,0
305986,2026-06-30,2025-09-21,34,43889.91,South,Web,9,,1,15.27,0,0,151.92,Active,0
307566,2026-06-30,2024-12-06,44,37885.69,East,Mobile,19,,0,0.0,0,0,249.27,Loyal,0
301592,2026-06-30,2025-04-18,53,43092.35,Budapest,Store,14,6.0,2,124.43,0,0,211.03,Active,0
308797,2026-06-30,2025-06-18,30,20743.86,Budapest,Mobile,12,9.0,1,55.46,1,1,38.08,At Risk,1
308533,2026-06-30,2025-08-05,39,56418.23,North,Mobile,11,4.0,2,107.88,0,0,160.42,Active,0
302163,2026-06-30,2024-09-03,41,21761.66,East,Store,22,7.0,1,97.32,0,0,165.33,Loyal,0
302397,2026-06-30,2024-01-19,38,31602.42,West,Web,29,3.0,2,85.84,0,0,199.89,Loyal,0
300318,2026-06-30,2025-11-22,48,31749.39,South,Mobile,7,9.0,1,42.69,0,0,218.82,Loyal,0
306368,2026-06-30,2025-06-11,59,30979.75,Budapest,Store,13,11.0,2,107.16,0,0,212.28,Active,0
308583,2026-06-30,2024-07-01,33,24255.51,Budapest,Mobile,24,10.0,1,32.97,0,1,233.22,Loyal,0
303112,2026-06-30,2024-12-20,55,21387.23,Budapest,Web,18,12.0,3,219.24,0,0,265.24,Active,0
305234,2026-06-30,2024-02-25,22,57523.08,West,Web,28,10.0,2,116.36,0,0,184.78,Loyal,0
307976,2026-06-30,2025-05-21,44,112838.2,East,Web,13,5.0,5,495.91,0,0,239.6,Active,0
305069,2026-06-30,2024-07-03,30,42513.21,East,Web,24,7.0,5,239.94,0,0,194.07,Loyal,0
304037,2026-06-30,2025-08-23,44,44503.44,Budapest,Mobile,10,6.0,2,71.4,0,0,181.6,Loyal,0
300796,2026-06-30,2024-02-29,72,27483.68,Budapest,Store,28,9.0,2,80.46,0,0,158.95,Active,0
303021,2026-06-30,2025-11-06,49,37110.78,East,Mobile,8,6.0,0,0.0,0,1,186.9,Active,0
301712,2026-06-30,2024-04-19,26,64323.48,East,Web,26,10.0,4,296.26,0,0,226.49,Loyal,0
303388,2026-06-30,2025-03-22,46,36156.99,West,Mobile,15,9.0,2,78.96,0,0,223.08,Active,0
300037,2026-06-30,2025-06-16,49,25791.6,Budapest,Store,12,14.0,1,73.34,0,0,188.57,Active,0
304550,2026-06-30,2025-03-01,37,75518.2,West,Web,16,12.0,1,96.01,0,0,133.14,Active,0
300914,2026-06-30,2025-10-16,35,17219.83,East,Store,8,9.0,0,23.2,0,0,204.39,Active,0
305722,2026-06-30,2025-10-02,36,29596.21,North,Store,9,8.0,2,142.51,0,0,133.17,Loyal,0
305296,2026-06-30,2025-01-23,61,76475.22,South,Web,17,10.0,3,176.37,0,0,243.09,Active,0
303973,2026-06-30,2025-03-13,51,42429.19,North,Mobile,16,13.0,2,209.05,0,0,319.18,Active,0
305371,2026-06-30,2025-10-17,18,84256.38,West,Web,8,9.0,0,1.63,0,0,210.55,Active,0
306472,2026-06-30,2024-09-05,27,19315.08,North,Web,22,5.0,3,139.5,0,0,218.44,Active,0
304134,2026-06-30,2024-06-16,49,26860.62,North,Mobile,24,2.0,2,101.06,0,0,274.98,Loyal,0
300975,2026-06-30,2025-03-28,26,33077.42,South,Web,15,10.0,1,64.4,0,0,85.83,Active,0
307292,2026-06-30,2025-05-04,41,16799.46,Budapest,Mobile,14,8.0,3,266.19,0,0,195.23,Active,0
300984,2026-06-30,2024-09-01,57,19552.97,South,Store,22,11.0,1,22.34,0,0,146.72,Loyal,0
308292,2026-06-30,2025-04-06,52,32031.81,West,Store,15,6.0,3,234.77,1,0,186.78,Active,0
308152,2026-06-30,2024-05-24,40,40866.16,East,Mobile,25,6.0,4,261.07,0,0,260.19,Loyal,0
301419,2026-06-30,2024-09-27,35,25726.31,Budapest,Mobile,21,6.0,3,167.27,1,1,69.03,At Risk,1
307429,2026-06-30,2024-10-22,39,29283.48,Budapest,Mobile,20,3.0,3,238.26,0,0,156.1,Active,0
301561,2026-06-30,2024-08-11,52,19209.2,East,Store,23,5.0,2,139.4,0,0,226.48,Active,0
304136,2026-06-30,2024-04-24,55,36310.56,East,Web,26,6.0,2,92.03,0,0,236.56,Active,0
305583,2026-06-30,2025-10-25,49,39587.21,Budapest,Web,8,10.0,0,0.97,1,0,124.57,Active,0
307963,2026-06-30,2024-09-17,28,33156.18,Budapest,Web,21,6.0,1,29.1,0,0,183.8,Active,0
304266,2026-06-30,2025-04-13,33,66202.93,West,Web,15,11.0,0,0.0,0,0,203.96,Loyal,0
301356,2026-06-30,2025-03-27,40,32010.76,East,Web,15,9.0,0,16.77,0,1,0.0,At Risk,1
308456,2026-06-30,2025-02-09,45,27682.84,West,Mobile,17,7.0,1,0.0,0,0,239.41,Active,0
305017,2026-06-30,2025-09-19,39,63998.39,Budapest,Web,9,7.0,1,48.92,0,0,263.02,Active,0
308843,2026-06-30,2025-01-04,46,77290.69,Budapest,Web,18,8.0,0,63.81,0,0,255.4,Active,0
300988,2026-06-30,2024-09-20,27,24308.61,Budapest,Mobile,21,5.0,1,35.56,0,0,109.72,Loyal,0
302683,2026-06-30,2025-10-07,37,33963.39,West,Store,9,7.0,1,73.05,0,0,182.98,Active,0
307491,2026-06-30,2025-02-14,47,37512.18,West,Web,16,7.0,4,311.45,0,0,220.95,Active,0
305048,2026-06-30,2025-04-12,47,44630.59,East,Web,15,7.0,0,0.0,0,0,176.65,Active,0
301641,2026-06-30,2024-06-24,43,17036.46,West,Web,24,7.0,2,117.33,0,0,175.36,Active,0
301291,2026-06-30,2025-11-07,51,47047.89,Budapest,Mobile,8,6.0,1,35.77,0,0,301.88,Active,0
303682,2026-06-30,2024-10-21,45,15000.0,South,Mobile,20,6.0,1,0.0,0,0,170.0,Loyal,0
301381,2026-06-30,2024-02-29,38,30289.8,Budapest,Store,28,7.0,1,61.3,0,0,204.86,Loyal,0
301934,2026-06-30,2024-11-11,61,27085.29,South,Mobile,20,9.0,1,91.81,1,1,23.87,At Risk,1
304676,2026-06-30,2025-10-03,33,28242.68,East,Web,9,7.0,3,147.88,0,0,136.5,Active,0
302377,2026-06-30,2025-02-03,44,23822.31,West,Web,17,5.0,2,68.15,0,0,283.11,Loyal,0
303161,2026-06-30,2025-09-24,39,15000.0,West,Mobile,9,10.0,0,15.11,0,0,180.84,Active,0
302031,2026-06-30,2025-08-26,48,27735.86,South,Mobile,10,11.0,2,216.68,0,0,107.95,Active,0
300893,2026-06-30,2024-01-15,39,39777.81,West,Store,29,5.0,0,0.0,0,0,163.46,Active,0
307288,2026-06-30,2024-12-11,32,15000.0,South,Web,19,10.0,1,61.17,0,0,178.42,Active,0
304877,2026-06-30,2024-07-19,18,20862.56,West,Mobile,23,5.0,1,72.31,0,0,259.26,Active,0
304070,2026-06-30,2024-04-07,48,43441.83,East,Web,27,15.0,0,51.08,0,0,264.72,Active,0
304256,2026-06-30,2024-02-22,18,18956.97,South,Web,28,8.0,4,244.45,0,0,255.33,Loyal,0
300003,2026-06-30,2025-04-27,34,34172.18,South,Mobile,14,14.0,5,385.5,0,0,232.2,Active,0
308230,2026-06-30,2025-09-11,52,29654.14,North,Mobile,10,7.0,1,56.84,0,0,178.92,Active,0
308525,2026-06-30,2024-04-28,48,45728.32,Budapest,Mobile,26,8.0,1,47.94,0,0,200.97,Active,0
302110,2026-06-30,2024-08-29,46,16527.86,Budapest,Mobile,22,7.0,0,0.0,0,0,231.61,Active,0
300850,2026-06-30,2024-04-28,48,67670.07,West,Mobile,26,5.0,1,50.34,0,0,271.73,Active,0
302738,2026-06-30,2024-11-26,54,43703.17,South,Web,19,7.0,1,61.59,0,0,250.98,Loyal,0
302467,2026-06-30,2024-09-19,31,24617.34,West,Mobile,21,8.0,2,93.52,0,0,175.72,Active,0
301915,2026-06-30,2024-09-06,30,36879.42,Budapest,Web,22,6.0,2,35.48,0,0,265.57,Loyal,0
301597,2026-06-30,2025-04-07,67,31427.42,Budapest,Store,15,10.0,0,0.0,0,0,172.82,Active,0
305873,2026-06-30,2025-05-15,32,67348.54,West,Web,14,11.0,4,150.2,1,1,43.02,At Risk,1
301914,2026-06-30,2025-09-04,44,29082.78,East,Store,10,8.0,1,54.35,0,0,217.22,Active,0
305140,2026-06-30,2025-01-28,22,38890.91,South,Mobile,17,3.0,2,133.68,0,0,238.81,Loyal,0
308812,2026-06-30,2024-08-01,63,48515.52,Budapest,Web,23,13.0,1,65.11,0,0,216.95,Loyal,0
305641,2026-06-30,2024-05-11,36,39876.14,East,Mobile,26,4.0,1,98.57,0,0,284.2,Active,0
302737,2026-06-30,2025-01-17,53,45652.7,Budapest,Mobile,17,13.0,2,85.98,0,0,153.39,Active,0
300727,2026-06-30,2025-06-08,40,40662.07,Budapest,Web,13,12.0,5,204.47,0,0,259.73,Active,0
307215,2026-06-30,2025-04-23,35,62478.0,Budapest,Web,14,11.0,2,137.04,0,0,228.86,Active,0
300054,2026-06-30,2025-04-01,33,24843.34,West,Mobile,15,7.0,1,34.1,0,0,151.43,Active,0
301797,2026-06-30,2024-11-02,42,22659.22,South,Mobile,20,10.0,1,47.07,0,0,166.75,Loyal,0
303846,2026-06-30,2025-11-16,54,57803.06,West,Web,7,7.0,1,28.12,0,0,351.49,Active,0
306008,2026-06-30,2025-11-02,37,36515.9,East,Mobile,8,8.0,2,93.45,0,0,250.01,Active,0
306403,2026-06-30,2024-01-16,21,45671.06,West,Mobile,29,5.0,3,171.78,0,0,201.06,Active,0
302554,2026-06-30,2025-09-20,56,15000.0,Budapest,Web,9,9.0,0,17.38,1,1,23.55,At Risk,1
302801,2026-06-30,2025-04-01,27,31962.85,East,Web,15,4.0,3,132.29,0,0,201.4,Active,0
300937,2026-06-30,2024-05-25,37,67361.36,East,Store,25,6.0,0,23.94,0,0,99.8,Loyal,0
302266,2026-06-30,2024-01-30,43,38012.56,North,Mobile,29,8.0,0,0.0,0,0,256.8,Active,0
300825,2026-06-30,2025-09-09,46,31116.21,Budapest,Mobile,10,7.0,3,216.82,0,0,124.39,Loyal,0
304322,2026-06-30,2025-07-07,26,35637.66,East,Store,12,9.0,0,0.0,0,0,243.86,Active,0
307275,2026-06-30,2025-04-07,24,28808.33,Budapest,Store,15,9.0,2,134.6,0,0,328.54,Active,0
303402,2026-06-30,2024-12-31,57,24267.9,East,Store,18,,1,29.06,0,0,289.88,Loyal,0
301390,2026-06-30,2024-04-17,36,41463.96,South,Store,26,15.0,3,250.77,0,0,263.65,Active,0
303565,2026-06-30,2024-09-18,42,33367.2,South,Web,21,7.0,1,81.08,0,0,209.62,Active,0
307411,2026-06-30,2024-07-24,52,61056.27,West,Web,23,8.0,1,83.44,0,0,218.0,Active,0
300885,2026-06-30,2025-09-23,62,34846.48,South,Web,9,8.0,1,54.04,0,0,215.78,Active,0
305430,2026-06-30,2025-03-01,46,18470.19,Budapest,Mobile,16,4.0,4,304.11,0,0,283.64,Active,0
305704,2026-06-30,2024-09-23,37,25751.34,East,Web,21,8.0,5,329.88,0,0,129.12,Active,0
305691,2026-06-30,2025-07-23,36,15000.0,South,Web,11,11.0,0,4.45,0,0,217.97,Loyal,0
304868,2026-06-30,2025-09-23,47,37047.94,Budapest,Store,9,8.0,1,96.43,0,0,119.73,Active,0
306708,2026-06-30,2024-09-27,42,16605.47,Budapest,Store,21,10.0,2,179.22,0,0,184.42,Active,0
307932,2026-06-30,2024-10-26,26,41773.8,West,Web,20,12.0,3,125.16,1,0,153.47,Active,0
306370,2026-06-30,2024-07-03,48,55937.24,East,Store,24,8.0,3,243.51,0,0,161.98,Loyal,0
301869,2026-06-30,2025-03-25,56,50774.05,Budapest,Web,15,5.0,0,8.77,0,1,167.63,Active,0
305182,2026-06-30,2025-09-20,50,39554.19,North,Web,9,7.0,0,59.15,0,0,230.56,Active,0
300011,2026-06-30,2025-04-01,48,39258.34,South,Web,15,6.0,0,0.0,0,0,243.41,Active,0
303416,2026-06-30,2025-05-22,62,81482.84,East,Web,13,7.0,0,0.0,0,0,166.32,Active,0
305422,2026-06-30,2025-04-02,33,21658.84,East,Mobile,15,8.0,2,87.02,0,0,160.82,Active,0
307487,2026-06-30,2025-06-16,47,52325.63,Budapest,Web,12,6.0,2,130.1,0,0,189.97,Active,0
301464,2026-06-30,2025-07-26,45,61194.74,North,Web,11,9.0,1,73.22,0,0,198.58,Active,0
300807,2026-06-30,2024-01-24,51,34141.44,Budapest,Store,29,4.0,1,72.16,1,0,225.07,Active,0
308143,2026-06-30,2025-04-05,51,62251.62,South,Mobile,15,6.0,1,74.12,1,0,219.56,Active,0
307548,2026-06-30,2024-05-13,46,50805.12,East,Web,26,7.0,4,296.98,0,0,256.42,Active,0
307846,2026-06-30,2025-08-11,31,29878.97,South,Mobile,11,11.0,1,59.87,0,1,233.25,Active,0
304069,2026-06-30,2025-06-13,30,77285.06,Budapest,Store,13,5.0,0,27.46,0,0,195.21,Loyal,0
302109,2026-06-30,2025-12-18,38,33553.83,East,Web,6,10.0,3,165.26,0,0,277.61,Active,0
308311,2026-06-30,2024-03-09,50,46977.5,Budapest,Mobile,28,10.0,1,74.92,0,0,192.46,Active,0
302042,2026-06-30,2024-10-02,43,40358.66,South,Web,21,5.0,2,116.81,0,0,293.52,Loyal,0
302235,2026-06-30,2024-11-07,61,42875.62,West,Web,20,8.0,3,156.97,0,0,178.49,Loyal,0
307308,2026-06-30,2024-12-03,36,46247.93,West,Web,19,8.0,3,205.45,1,1,0.0,At Risk,1
300964,2026-06-30,2025-11-26,51,30836.81,Budapest,Mobile,7,7.0,2,186.85,0,0,193.53,Active,0
307512,2026-06-30,2024-09-07,51,41064.78,South,Web,22,8.0,0,46.92,0,0,109.38,Active,0
307827,2026-06-30,2025-08-22,49,24882.61,Budapest,Web,10,13.0,3,199.0,0,0,245.88,Active,0
304495,2026-06-30,2025-01-31,46,57922.53,Budapest,Mobile,17,6.0,0,11.04,1,0,231.68,Loyal,0
302633,2026-06-30,2025-03-24,31,45506.65,Budapest,Mobile,15,3.0,2,126.65,0,0,90.99,Loyal,0
306095,2026-06-30,2025-08-10,43,74884.36,East,Store,11,10.0,4,245.19,0,0,220.73,Loyal,0
307093,2026-06-30,2025-05-14,39,17688.34,North,Web,14,7.0,0,22.85,0,0,198.72,Loyal,0
300705,2026-06-30,2025-01-03,43,27365.09,East,Store,18,7.0,0,0.0,0,0,134.53,Active,0
300432,2026-06-30,2025-04-03,49,47967.5,West,Web,15,9.0,2,163.69,0,0,200.96,Active,0
304389,2026-06-30,2025-04-03,31,17198.64,East,Mobile,15,5.0,0,0.0,0,0,262.24,Active,0
306078,2026-06-30,2025-04-06,34,25847.83,West,Web,15,8.0,3,267.9,0,0,178.67,Active,0
300146,2026-06-30,2025-06-28,47,113784.74,Budapest,Mobile,12,7.0,2,217.99,0,0,190.92,Active,0
306468,2026-06-30,2024-07-15,65,19066.46,East,Web,23,6.0,0,0.0,0,0,122.62,Active,0
302034,2026-06-30,2025-06-21,31,34587.77,East,Web,12,8.0,2,116.02,0,0,188.54,Loyal,0
300376,2026-06-30,2025-09-20,40,58363.99,West,Web,9,9.0,1,31.61,1,0,221.72,Active,0
301166,2026-06-30,2024-08-19,41,33813.07,Budapest,Mobile,22,8.0,1,31.26,0,0,320.25,Active,0
303501,2026-06-30,2024-02-11,34,38627.24,Budapest,Web,29,12.0,3,182.81,0,0,220.09,Active,0
302051,2026-06-30,2024-08-24,33,17174.48,Budapest,Store,22,5.0,4,277.26,0,0,199.62,Loyal,0
303761,2026-06-30,2024-05-30,18,27033.5,Budapest,Web,25,7.0,4,302.97,0,0,117.81,Active,0
302625,2026-06-30,2024-01-30,37,20453.58,East,Mobile,29,14.0,0,0.0,0,0,93.1,Active,0
304485,2026-06-30,2025-04-03,41,44028.58,East,Mobile,15,5.0,0,0.0,0,0,171.41,Active,0
304436,2026-06-30,2024-10-05,51,54032.33,South,Mobile,21,5.0,3,99.9,1,0,36.01,At Risk,1
307958,2026-06-30,2024-03-08,32,71888.86,West,Web,28,11.0,2,114.58,0,0,33.45,Loyal,0
307740,2026-06-30,2024-08-27,23,27971.35,Budapest,Mobile,22,7.0,1,94.76,0,0,178.26,Loyal,0
307070,2026-06-30,2024-05-18,32,31066.94,Budapest,Store,25,12.0,3,105.27,1,1,76.16,At Risk,1
304362,2026-06-30,2024-11-18,32,59109.15,East,Web,19,7.0,3,87.36,0,0,184.61,Active,0
302425,2026-06-30,2025-05-07,38,39401.08,Budapest,Web,14,9.0,2,92.87,1,0,226.29,Active,0
301263,2026-06-30,2025-04-09,36,25261.47,Budapest,Web,15,8.0,1,132.16,0,0,248.51,Loyal,0
301772,2026-06-30,2024-04-29,35,43382.91,Budapest,Mobile,26,10.0,1,56.33,0,0,159.77,Active,0
303512,2026-06-30,2025-10-26,39,60375.41,Budapest,Mobile,8,12.0,0,16.64,0,0,247.57,Active,0
300272,2026-06-30,2025-02-18,38,21716.11,Budapest,Mobile,16,11.0,0,0.0,0,0,196.19,Active,0
304793,2026-06-30,2024-10-08,60,34870.67,Budapest,Web,21,9.0,2,80.08,0,0,163.64,Active,0
304844,2026-06-30,2025-11-04,49,44223.92,West,Web,8,10.0,0,0.0,0,0,290.23,Active,0
300245,2026-06-30,2024-01-11,30,23627.36,West,Web,30,14.0,2,176.49,0,0,178.18,Loyal,0
308945,2026-06-30,2025-02-19,47,59234.42,East,Mobile,16,6.0,0,73.45,0,0,243.72,Active,0
304573,2026-06-30,2024-08-23,58,28819.37,East,Mobile,22,9.0,2,170.96,0,0,168.47,Active,0
302033,2026-06-30,2024-05-22,55,25914.84,East,Mobile,25,12.0,0,48.11,1,0,251.05,Loyal,0
305054,2026-06-30,2024-11-30,40,24360.8,Budapest,Web,19,3.0,0,18.16,0,0,217.37,Active,0
302304,2026-06-30,2024-04-21,44,41097.88,West,Store,26,9.0,1,0.0,0,0,198.45,Active,0
300814,2026-06-30,2025-07-10,33,23029.56,East,Web,12,7.0,0,46.16,0,0,233.52,Active,0
308782,2026-06-30,2024-11-18,31,42480.99,South,Web,19,7.0,0,0.0,1,1,46.97,At Risk,1
306011,2026-06-30,2025-07-20,45,29430.73,Budapest,Store,11,8.0,3,277.79,0,0,207.15,Active,0
303811,2026-06-30,2024-05-07,42,77840.07,Budapest,Web,26,5.0,0,13.05,0,0,232.11,Active,0
305728,2026-06-30,2024-10-06,54,47577.81,Budapest,Web,21,10.0,1,97.24,0,0,108.77,Loyal,0
307584,2026-06-30,2025-06-04,26,54786.36,West,Web,13,12.0,1,58.9,0,0,178.87,Active,0
304197,2026-06-30,2025-05-17,46,31863.45,South,Mobile,13,9.0,1,68.11,1,0,214.04,Active,0
308113,2026-06-30,2024-07-02,41,32079.56,West,Web,24,7.0,1,89.34,0,0,217.86,Active,0
301805,2026-06-30,2025-02-10,73,40733.55,West,Store,17,11.0,1,62.4,0,0,202.44,Active,0
308445,2026-06-30,2024-09-24,54,21498.89,Budapest,Web,21,10.0,4,301.7,0,0,202.25,Active,0
304347,2026-06-30,2024-08-28,38,58693.61,South,Web,22,5.0,2,193.67,0,0,240.75,Loyal,0
302462,2026-06-30,2025-12-03,28,48668.48,Budapest,Web,7,10.0,4,298.29,0,0,185.64,Active,0
300546,2026-06-30,2024-03-27,46,91348.37,West,Web,27,6.0,0,10.23,0,0,302.28,Active,0
303242,2026-06-30,2024-08-31,22,47671.23,Budapest,Mobile,22,12.0,2,194.93,0,0,141.4,Active,0
300739,2026-06-30,2024-11-24,42,16726.58,Budapest,Web,19,8.0,1,88.94,0,0,92.67,Active,0
300311,2026-06-30,2024-05-09,41,55468.95,Budapest,Store,26,6.0,2,78.72,0,0,117.39,Active,0
303522,2026-06-30,2024-09-18,38,60421.78,West,Store,21,8.0,3,214.93,0,0,200.46,Active,0
307038,2026-06-30,2024-04-01,51,46803.47,East,Web,27,7.0,0,39.62,0,0,205.91,Active,0
301132,2026-06-30,2025-06-01,23,37899.95,South,Web,13,11.0,1,30.7,0,0,150.82,Loyal,0
305546,2026-06-30,2024-09-07,41,48980.1,South,Mobile,22,12.0,1,0.0,0,0,231.11,Loyal,0
300493,2026-06-30,2025-09-19,41,18942.13,North,Web,9,4.0,1,88.63,1,1,1.29,At Risk,1
304112,2026-06-30,2025-10-30,52,35520.88,West,Web,8,5.0,1,102.34,0,0,167.98,Loyal,0
307329,2026-06-30,2024-01-02,43,36575.69,East,Mobile,30,3.0,3,230.22,0,0,265.15,Loyal,0
302770,2026-06-30,2024-05-04,54,37571.95,Budapest,Web,26,9.0,1,0.0,0,0,181.83,Active,0
307565,2026-06-30,2024-09-21,40,46765.83,Budapest,Mobile,21,6.0,2,108.14,1,0,131.64,Loyal,0
300921,2026-06-30,2024-06-15,33,36700.1,West,Web,24,11.0,0,21.03,0,0,272.15,Active,0
308906,2026-06-30,2025-05-11,18,37989.7,Budapest,Store,14,8.0,3,84.49,0,0,159.26,Active,0
308280,2026-06-30,2024-10-08,44,35815.92,West,Web,21,8.0,2,211.79,0,0,114.86,Active,0
303588,2026-06-30,2024-01-09,50,33717.85,East,Web,30,,2,118.18,0,0,254.2,Loyal,0
306641,2026-06-30,2025-02-03,51,28734.78,West,Web,17,9.0,2,160.97,0,0,168.08,Loyal,0
303960,2026-06-30,2024-12-28,43,55856.91,South,Store,18,6.0,1,37.13,0,0,224.07,Active,0
307695,2026-06-30,2024-11-17,40,59698.49,East,Store,19,8.0,3,192.36,0,1,19.14,At Risk,1
300039,2026-06-30,2024-01-29,37,35971.97,Budapest,Web,29,10.0,3,172.83,0,0,172.48,Active,0
304460,2026-06-30,2024-08-24,51,76875.65,North,Mobile,22,11.0,2,110.9,0,0,196.13,Loyal,0
307127,2026-06-30,2024-01-18,40,17625.35,Budapest,Mobile,29,5.0,2,97.43,0,0,168.16,Loyal,0
304279,2026-06-30,2025-01-23,42,61033.17,Budapest,Web,17,11.0,2,111.76,0,0,219.16,Loyal,0
307130,2026-06-30,2024-12-11,70,61172.49,North,Mobile,19,6.0,1,44.31,0,0,145.18,Loyal,0
302984,2026-06-30,2024-10-02,20,39644.51,West,Web,21,12.0,3,174.42,0,0,247.22,Active,0
305291,2026-06-30,2024-06-28,43,69783.03,North,Web,24,11.0,0,0.0,0,0,149.95,Loyal,0
306949,2026-06-30,2025-08-12,43,68792.27,East,Web,11,7.0,1,41.84,0,0,266.88,Active,0
300131,2026-06-30,2025-03-04,46,24289.89,East,Web,16,8.0,0,0.0,0,0,118.37,Active,0
305218,2026-06-30,2025-07-09,33,,North,Web,12,15.0,1,35.99,0,0,237.79,Loyal,0
306942,2026-06-30,2025-10-06,39,27949.41,East,Web,9,4.0,0,25.79,0,0,207.95,Loyal,0
302668,2026-06-30,2024-06-03,33,50522.69,Budapest,Web,25,4.0,2,98.19,0,0,141.37,Active,0
307139,2026-06-30,2025-06-25,56,73378.92,South,Web,12,8.0,1,33.65,0,0,193.38,Active,0
303224,2026-06-30,2024-04-20,70,18122.97,East,Web,26,15.0,0,0.0,0,0,188.08,Loyal,0
301183,2026-06-30,2024-04-26,52,27165.36,Budapest,Store,26,9.0,2,164.57,0,0,237.32,Active,0
307694,2026-06-30,2025-09-24,18,39135.42,West,Web,9,8.0,3,243.72,0,0,199.08,Active,0
305393,2026-06-30,2025-10-01,24,21347.8,West,Mobile,9,11.0,1,52.73,0,0,216.55,Loyal,0
300615,2026-06-30,2024-08-10,59,52197.37,Budapest,Web,23,4.0,4,315.5,0,0,289.28,Loyal,0
302613,2026-06-30,2024-02-01,46,43129.77,East,Mobile,29,20.0,0,0.0,0,0,215.85,Loyal,0
301467,2026-06-30,2024-05-16,37,17999.19,North,Web,25,5.0,1,38.16,0,0,92.02,Active,0
304498,2026-06-30,2025-08-26,51,56744.93,Budapest,Web,10,9.0,0,43.75,0,0,287.8,Loyal,0
303043,2026-06-30,2024-10-04,58,28248.88,South,Store,21,11.0,3,311.22,0,0,141.02,Active,0
300935,2026-06-30,2025-10-03,30,52513.48,Budapest,Store,9,10.0,1,96.92,0,0,161.48,Active,0
302420,2026-06-30,2025-02-27,30,29955.24,Budapest,Web,16,7.0,0,13.85,0,0,188.42,Loyal,0
305086,2026-06-30,2024-02-13,21,36270.91,South,Mobile,29,11.0,0,15.48,0,0,182.49,Loyal,0
303295,2026-06-30,2024-07-20,27,81496.9,South,Mobile,23,9.0,0,0.0,0,0,207.45,Active,0
306738,2026-06-30,2025-11-28,20,30205.9,Budapest,Web,7,10.0,1,80.37,0,0,194.57,Active,0
308100,2026-06-30,2024-03-20,31,59888.25,East,Mobile,27,5.0,0,22.64,0,0,138.73,Active,0
304823,2026-06-30,2024-02-24,54,20312.81,North,Store,28,15.0,1,64.48,0,0,158.91,Active,0
300827,2026-06-30,2025-05-20,26,22833.22,Budapest,Web,13,11.0,1,39.82,1,0,185.21,Loyal,0
301522,2026-06-30,2024-08-22,34,30596.77,West,Web,22,9.0,0,0.0,0,0,209.46,Active,0
306832,2026-06-30,2024-10-23,32,50990.59,Budapest,Mobile,20,8.0,2,207.93,1,0,206.24,Active,0
302931,2026-06-30,2024-03-26,37,51971.94,Budapest,Web,27,8.0,1,45.86,0,0,234.76,Loyal,0
304233,2026-06-30,2024-08-15,44,,East,Mobile,22,10.0,2,163.88,0,0,281.97,Active,0
307687,2026-06-30,2024-07-24,48,34497.71,Budapest,Web,23,8.0,3,283.52,0,0,234.43,Active,0
300629,2026-06-30,2024-04-24,41,27721.1,West,Web,26,8.0,1,60.98,0,0,147.2,Active,0
304431,2026-06-30,2025-06-05,39,35316.75,Budapest,Mobile,13,6.0,0,0.0,0,0,298.17,Active,0
303854,2026-06-30,2025-10-20,52,38309.89,East,Mobile,8,11.0,0,0.0,0,0,254.3,Active,0
300391,2026-06-30,2025-01-27,38,31614.52,Budapest,Mobile,17,11.0,4,268.84,0,0,183.04,Active,0
304346,2026-06-30,2025-12-11,60,48652.39,South,Mobile,7,3.0,1,44.33,0,0,164.13,Loyal,0
308960,2026-06-30,2024-03-11,39,23852.08,West,Web,28,8.0,5,269.76,0,0,200.1,Active,0
307125,2026-06-30,2024-10-23,29,95664.96,Budapest,Web,20,4.0,0,3.77,0,0,173.56,Active,0
305914,2026-06-30,2024-04-26,55,29240.12,West,Store,26,6.0,0,0.0,0,0,213.64,Active,0
303991,2026-06-30,2025-03-19,24,25934.45,South,Web,15,9.0,2,100.75,0,0,147.69,Loyal,0
300401,2026-06-30,2024-11-25,50,15000.0,North,Mobile,19,8.0,0,71.99,0,0,238.8,Active,0
304807,2026-06-30,2025-10-17,24,29775.92,Budapest,Mobile,8,5.0,1,128.26,0,0,250.49,Loyal,0
305136,2026-06-30,2024-10-23,40,33554.41,Budapest,Mobile,20,5.0,0,0.0,0,0,257.08,Active,0
308072,2026-06-30,2025-05-10,72,41361.48,Budapest,Mobile,14,5.0,0,0.0,0,0,194.59,Loyal,0
303360,2026-06-30,2025-04-04,62,39192.55,Budapest,Web,15,8.0,1,63.53,0,0,199.52,Loyal,0
300047,2026-06-30,2024-07-17,49,17517.96,Budapest,Web,23,4.0,1,43.37,0,0,256.86,Active,0
305658,2026-06-30,2024-12-16,41,77568.51,North,Web,18,7.0,3,182.03,0,0,233.58,Active,0
300489,2026-06-30,2024-01-30,35,22243.01,West,Mobile,29,8.0,4,108.97,0,0,159.01,Loyal,0
303994,2026-06-30,2024-02-14,31,50959.85,Budapest,Web,28,8.0,2,137.5,0,0,234.82,Active,0
303643,2026-06-30,2024-07-13,30,47378.66,East,Web,24,8.0,2,86.97,0,1,215.57,Loyal,0
303727,2026-06-30,2024-07-24,18,30673.55,West,Mobile,23,6.0,1,66.06,0,0,205.2,Active,0
308679,2026-06-30,2024-08-04,46,42253.47,East,Store,23,11.0,1,58.51,0,0,230.73,Loyal,0
305209,2026-06-30,2025-06-13,47,41800.56,North,Web,13,6.0,1,106.22,0,0,208.06,Active,0
306610,2026-06-30,2025-11-19,53,86627.49,West,Mobile,7,4.0,2,86.07,0,0,243.02,Loyal,0
307705,2026-06-30,2025-02-09,39,37144.52,South,Web,17,11.0,1,87.38,0,0,171.82,Loyal,0
305320,2026-06-30,2024-08-28,50,69158.28,North,Web,22,11.0,4,227.02,1,0,172.91,Active,0
300710,2026-06-30,2024-03-12,43,32755.75,West,Web,28,16.0,2,233.49,0,0,213.18,Active,0
307120,2026-06-30,2025-07-21,23,28291.77,Budapest,Web,11,12.0,2,88.41,0,0,221.76,Active,0
302422,2026-06-30,2024-11-04,34,54227.96,North,Store,20,9.0,0,0.0,0,0,151.27,Active,0
305605,2026-06-30,2024-05-10,47,21315.9,Budapest,Mobile,26,12.0,3,257.12,1,0,152.96,Active,0
301751,2026-06-30,2025-04-27,48,28797.43,East,Store,14,5.0,0,23.85,0,0,215.53,Active,0
301069,2026-06-30,2025-05-02,44,30758.7,East,Mobile,14,10.0,3,218.34,0,0,133.13,Loyal,0
308179,2026-06-30,2025-05-24,29,37880.33,South,Web,13,6.0,0,0.0,0,0,253.71,Active,0
304063,2026-06-30,2024-08-17,58,38226.27,East,Mobile,22,11.0,4,408.86,0,0,258.08,Active,0
308832,2026-06-30,2025-09-01,39,19489.68,Budapest,Web,10,4.0,1,28.82,0,0,194.65,Active,0
300339,2026-06-30,2025-10-02,47,46861.92,East,Mobile,9,7.0,2,75.23,0,0,284.26,Active,0
300216,2026-06-30,2025-02-24,43,91455.76,Budapest,Mobile,16,10.0,3,115.41,0,0,199.77,Active,0
303664,2026-06-30,2025-06-02,39,27333.55,North,Web,13,6.0,0,0.0,0,0,151.6,Loyal,0
301342,2026-06-30,2024-06-03,41,15000.0,Budapest,Store,25,6.0,0,0.0,0,0,264.76,Active,0
308672,2026-06-30,2025-02-03,29,26923.42,South,Mobile,17,8.0,1,99.68,0,0,208.15,Active,0
305617,2026-06-30,2025-11-11,41,46006.8,West,Mobile,8,8.0,1,33.33,0,0,249.33,Active,0
303895,2026-06-30,2025-04-01,45,40402.08,East,Web,15,7.0,2,134.27,0,0,212.27,Active,0
303641,2026-06-30,2024-05-23,35,36680.15,South,Web,25,7.0,0,8.65,0,0,229.88,Loyal,0
300330,2026-06-30,2024-11-12,34,22722.76,East,Web,20,10.0,1,0.0,0,0,119.37,Active,0
308018,2026-06-30,2025-10-19,25,40661.8,North,Mobile,8,5.0,0,17.11,0,0,134.87,Loyal,0
303005,2026-06-30,2024-08-04,29,15397.11,Budapest,Mobile,23,10.0,0,33.29,1,1,61.59,At Risk,1
306961,2026-06-30,2024-02-09,43,54792.58,South,Web,29,8.0,0,0.0,0,0,127.33,Active,0
304091,2026-06-30,2024-04-12,55,22442.92,Budapest,Web,27,9.0,0,0.43,0,0,182.07,Active,0
303116,2026-06-30,2025-06-19,45,37433.87,East,Web,12,9.0,1,67.16,0,0,122.55,Loyal,0
308930,2026-06-30,2025-11-11,35,63937.39,North,Web,8,6.0,0,0.0,0,0,257.88,Active,0
302323,2026-06-30,2025-08-15,28,27340.11,East,Mobile,10,12.0,2,125.05,0,0,208.58,Active,0
306668,2026-06-30,2024-11-20,39,34546.72,South,Mobile,19,6.0,1,106.65,1,1,0.0,At Risk,1
307010,2026-06-30,2024-03-26,44,33224.81,West,Web,27,11.0,2,92.08,0,0,220.29,Active,0
304198,2026-06-30,2025-07-23,41,65889.15,Budapest,Store,11,6.0,1,26.61,0,0,164.88,Active,0
303550,2026-06-30,2025-04-28,18,41669.84,Budapest,Mobile,14,4.0,2,72.15,0,0,195.96,Loyal,0
301459,2026-06-30,2025-08-25,53,34920.32,West,Mobile,10,11.0,2,132.72,0,0,251.55,Active,0
300172,2026-06-30,2024-11-23,47,24190.17,Budapest,Web,19,8.0,1,40.68,0,0,260.23,Active,0
304204,2026-06-30,2025-05-18,42,17072.7,North,Mobile,13,11.0,0,2.61,0,0,300.06,Active,0
308460,2026-06-30,2025-07-09,25,30878.6,East,Mobile,12,5.0,1,38.12,0,0,263.94,Active,0
303570,2026-06-30,2024-01-04,31,20109.59,East,Web,30,15.0,0,58.27,0,0,190.68,Active,0
304227,2026-06-30,2025-04-22,33,20507.96,West,Store,14,12.0,3,238.31,0,0,201.93,Active,0
305159,2026-06-30,2024-12-23,30,72919.71,West,Mobile,18,9.0,0,0.0,0,0,173.04,Active,0
308146,2026-06-30,2024-07-02,32,21117.83,South,Web,24,12.0,1,50.08,0,0,170.32,Active,0
306186,2026-06-30,2025-09-15,44,35661.11,East,Mobile,9,8.0,3,318.72,0,0,182.39,Active,0
301640,2026-06-30,2025-10-08,40,15000.0,Budapest,Web,9,8.0,1,64.56,0,0,208.12,Active,0
300939,2026-06-30,2024-05-07,29,78105.7,West,Store,26,9.0,1,13.6,0,0,250.16,Active,0
300061,2026-06-30,2024-12-17,36,37360.46,Budapest,Web,18,4.0,4,269.34,0,0,103.08,Loyal,0
301241,2026-06-30,2025-05-14,32,85443.08,South,Mobile,14,6.0,1,98.41,0,0,97.36,Active,0
305761,2026-06-30,2024-06-28,38,49041.98,Budapest,Mobile,24,10.0,1,47.17,0,0,147.84,Active,0
305137,2026-06-30,2025-11-03,20,62859.93,Budapest,Web,8,4.0,2,147.36,1,0,203.68,Active,0
302344,2026-06-30,2025-04-03,18,33119.85,West,Web,15,6.0,0,0.0,0,0,191.68,Loyal,0
306857,2026-06-30,2024-08-16,44,19909.16,East,Store,22,7.0,1,65.8,0,0,223.89,Active,0
302121,2026-06-30,2025-12-14,58,50870.95,East,Web,7,3.0,2,177.17,0,0,227.4,Active,0
301525,2026-06-30,2025-04-29,36,85547.22,North,Mobile,14,9.0,1,82.36,0,0,185.79,Active,0
307618,2026-06-30,2025-04-29,49,39372.74,Budapest,Mobile,14,14.0,1,49.47,0,0,225.31,Active,0
300154,2026-06-30,2024-01-16,48,29515.76,Budapest,Store,29,7.0,3,287.45,0,0,184.12,Active,0
306345,2026-06-30,2025-11-14,45,15000.0,Budapest,Web,7,7.0,1,50.55,0,0,195.05,Active,0
300482,2026-06-30,2024-05-06,46,20287.23,West,Web,26,10.0,1,91.01,0,0,134.79,Loyal,0
306123,2026-06-30,2025-01-26,59,28607.71,West,Store,17,5.0,1,40.08,0,0,211.45,Active,0
304461,2026-06-30,2024-06-11,47,30439.99,Budapest,Mobile,25,10.0,3,233.1,0,0,149.58,Active,0
307675,2026-06-30,2024-07-17,44,50153.34,Budapest,Web,23,6.0,1,98.27,0,0,260.92,Active,0
307102,2026-06-30,2025-10-15,19,37662.24,South,Web,8,8.0,2,119.84,1,1,12.52,At Risk,1
303921,2026-06-30,2025-04-22,52,24209.97,East,Store,14,9.0,0,0.0,0,0,210.18,Active,0
307659,2026-06-30,2024-07-17,53,38494.62,West,Web,23,8.0,2,82.5,0,0,272.72,Active,0
307412,2026-06-30,2025-01-22,39,34409.33,Budapest,Mobile,17,7.0,0,13.25,0,0,231.47,Active,0
301763,2026-06-30,2025-09-06,68,45497.95,Budapest,Web,10,5.0,1,103.33,1,1,275.46,Active,0
307635,2026-06-30,2024-11-26,18,28435.47,East,Mobile,19,8.0,1,47.79,0,0,162.04,Active,0
307316,2026-06-30,2024-10-25,60,26359.8,South,Mobile,20,8.0,1,88.59,0,0,275.05,Active,0
300751,2026-06-30,2024-05-01,39,15000.0,South,Web,26,4.0,1,12.9,0,0,156.39,Active,0
307716,2026-06-30,2025-11-25,30,26388.31,West,Web,7,9.0,4,300.28,1,0,198.17,Active,0
301786,2026-06-30,2024-05-11,33,42835.5,Budapest,Mobile,26,5.0,1,70.94,0,0,154.96,Active,0
308245,2026-06-30,2025-11-13,49,97488.82,North,Mobile,8,4.0,1,147.06,0,0,190.5,Active,0
307480,2026-06-30,2025-12-11,56,17675.98,East,Mobile,7,11.0,3,175.93,1,0,0.0,At Risk,1
306213,2026-06-30,2024-10-21,44,53106.18,Budapest,Web,20,13.0,2,111.8,0,0,157.46,Loyal,0
304502,2026-06-30,2025-05-29,67,19680.07,West,Mobile,13,7.0,2,94.25,1,1,0.0,At Risk,1
304854,2026-06-30,2024-10-18,32,32770.2,East,Mobile,20,6.0,0,5.91,0,0,262.28,Loyal,0
302712,2026-06-30,2024-04-10,38,24104.53,North,Web,27,5.0,0,0.0,1,0,234.37,Loyal,0
306767,2026-06-30,2025-04-09,41,68796.93,East,Web,15,3.0,2,45.23,0,0,189.98,Active,0
308076,2026-06-30,2024-10-09,40,24705.33,South,Web,21,12.0,0,0.0,0,0,239.0,Active,0
304194,2026-06-30,2025-09-16,33,49723.03,Budapest,Mobile,9,8.0,1,92.65,1,0,129.19,Active,0
301334,2026-06-30,2025-01-18,33,54312.9,Budapest,Web,17,5.0,0,9.47,0,0,150.08,Loyal,0
301251,2026-06-30,2024-12-06,36,20307.81,Budapest,Web,19,7.0,1,132.63,0,0,183.79,Active,0
306888,2026-06-30,2024-09-09,57,28680.72,Budapest,Web,22,4.0,2,159.6,0,0,168.8,Active,0
302855,2026-06-30,2025-03-01,49,43782.35,West,Web,16,11.0,2,116.89,0,0,197.83,Loyal,0
300187,2026-06-30,2024-10-31,47,37172.91,East,Mobile,20,5.0,4,335.57,0,0,239.53,Active,0
301137,2026-06-30,2024-07-13,35,31717.8,North,Store,24,8.0,0,27.7,0,0,139.74,Active,0
308535,2026-06-30,2024-07-31,47,41661.2,Budapest,Store,23,12.0,1,62.52,0,0,172.18,Loyal,0
308823,2026-06-30,2024-04-15,42,32319.55,West,Store,26,11.0,2,194.45,0,0,202.04,Active,0
302059,2026-06-30,2025-03-12,59,32755.81,West,Web,16,8.0,2,213.21,0,0,323.49,Active,0
308283,2026-06-30,2024-04-11,36,43924.68,North,Web,27,9.0,3,300.42,1,0,194.34,Active,0
303851,2026-06-30,2025-03-11,39,19707.75,West,Web,16,14.0,2,151.97,0,0,229.25,Active,0
300149,2026-06-30,2025-12-07,44,59112.76,Budapest,Web,7,7.0,0,0.0,0,0,149.51,Active,0
304125,2026-06-30,2024-07-15,32,27434.77,North,Web,23,11.0,3,194.32,0,0,198.26,Active,0
304890,2026-06-30,2024-08-20,56,21595.87,West,Web,22,13.0,1,40.25,0,0,155.47,Active,0
308092,2026-06-30,2025-11-25,49,19908.05,Budapest,Store,7,13.0,1,66.44,1,1,120.29,Loyal,0
303364,2026-06-30,2024-06-08,26,38580.23,East,Store,25,10.0,1,60.2,0,1,259.78,Active,0
304789,2026-06-30,2025-11-04,26,43512.84,Budapest,Mobile,8,9.0,2,175.02,0,0,232.91,Loyal,0
302867,2026-06-30,2024-10-01,29,27456.19,West,Mobile,21,12.0,0,0.0,0,0,207.48,Loyal,0
303777,2026-06-30,2025-04-18,18,34963.21,West,Store,14,9.0,0,38.57,0,0,313.42,Active,0
301387,2026-06-30,2025-01-01,57,17518.48,East,Web,18,6.0,2,112.83,0,0,121.72,Active,0
305942,2026-06-30,2025-01-05,27,32851.63,North,Mobile,18,7.0,2,189.44,0,0,194.14,Active,0
303068,2026-06-30,2025-06-20,34,73642.11,West,Store,12,6.0,0,0.0,0,0,264.05,Active,0
308223,2026-06-30,2025-09-27,57,45024.4,South,Mobile,9,7.0,2,79.27,1,0,96.15,Active,0
305696,2026-06-30,2024-11-18,35,27900.75,East,Store,19,5.0,1,85.97,0,0,198.25,Active,0
303630,2026-06-30,2025-08-15,42,87694.21,Budapest,Mobile,10,5.0,2,91.13,0,0,155.73,Active,0
308590,2026-06-30,2024-01-03,68,28897.94,Budapest,Web,30,9.0,1,43.82,0,0,250.56,Active,0
304798,2026-06-30,2025-04-17,28,25867.57,Budapest,Store,14,11.0,1,52.64,0,0,163.57,Active,0
308064,2026-06-30,2024-12-24,49,35454.37,East,Store,18,6.0,1,63.1,0,0,173.0,Active,0
303029,2026-06-30,2024-07-10,35,33026.48,East,Mobile,24,8.0,3,184.56,0,0,155.04,Active,0
302970,2026-06-30,2025-01-14,52,44025.14,West,Web,17,2.0,0,0.0,0,0,218.71,Active,0
308437,2026-06-30,2024-09-05,44,34998.24,South,Web,22,9.0,1,25.76,0,0,218.77,Loyal,0
301709,2026-06-30,2025-11-29,39,52050.82,West,Mobile,7,6.0,1,31.4,0,0,212.16,Active,0
302954,2026-06-30,2024-01-08,50,52192.83,East,Web,30,9.0,0,0.0,0,0,230.2,Active,0
300455,2026-06-30,2024-03-15,42,29457.35,Budapest,Mobile,27,6.0,0,16.48,0,0,145.56,Active,0
306965,2026-06-30,2024-09-06,49,40783.7,Budapest,Mobile,22,9.0,1,74.2,0,0,241.83,Active,0
306137,2026-06-30,2025-08-18,34,26221.66,West,Mobile,10,9.0,2,92.24,0,0,154.09,Active,0
305869,2026-06-30,2025-07-30,46,34771.68,West,Web,11,7.0,3,241.88,0,0,98.59,Active,0
306412,2026-06-30,2025-04-23,51,33860.09,Budapest,Web,14,7.0,2,85.45,0,1,262.83,Active,0
300610,2026-06-30,2025-01-27,53,44969.47,East,Mobile,17,9.0,0,0.0,0,0,143.38,Loyal,0
304264,2026-06-30,2025-10-17,62,48123.07,West,Store,8,6.0,1,75.07,0,0,101.45,Active,0
304827,2026-06-30,2025-04-18,41,15000.0,East,Web,14,6.0,1,71.52,0,0,226.89,Active,0
300646,2026-06-30,2025-03-02,37,88455.34,Budapest,Mobile,16,10.0,3,129.81,0,0,98.0,Active,0
307455,2026-06-30,2024-05-16,32,54000.27,East,Store,25,7.0,2,93.56,0,0,235.34,Loyal,0
302075,2026-06-30,2025-07-23,42,22434.52,West,Store,11,5.0,1,1.97,0,0,253.87,Loyal,0
304053,2026-06-30,2025-02-05,46,24727.31,South,Store,17,3.0,1,95.97,0,0,217.05,Loyal,0
308122,2026-06-30,2024-05-15,60,15014.98,North,Web,25,8.0,1,54.38,0,0,296.92,Active,0
307797,2026-06-30,2025-08-24,18,20181.19,North,Web,10,4.0,1,54.13,1,0,0.0,At Risk,1
301623,2026-06-30,2025-04-28,32,38893.29,West,Web,14,7.0,4,293.01,0,0,166.98,Active,0
304684,2026-06-30,2024-06-28,33,36127.01,Budapest,Web,24,6.0,1,110.47,0,0,109.44,Active,0
305498,2026-06-30,2025-11-17,47,29842.07,Budapest,Web,7,7.0,2,87.22,0,0,170.19,Active,0
307142,2026-06-30,2025-07-23,52,40248.18,South,Store,11,11.0,1,78.32,0,0,250.57,Active,0
307321,2026-06-30,2025-03-26,46,26655.2,East,Mobile,15,7.0,0,0.0,0,0,176.5,Active,0
305797,2026-06-30,2024-02-19,47,15000.0,Budapest,Mobile,28,10.0,3,214.23,0,0,216.65,Active,0
307185,2026-06-30,2025-08-18,25,29939.27,Budapest,Web,10,6.0,2,126.49,0,1,205.88,Active,0
302082,2026-06-30,2025-06-07,30,32890.37,North,Web,13,7.0,2,111.69,0,0,152.6,Active,0
307078,2026-06-30,2025-12-23,48,80076.51,Budapest,Mobile,6,4.0,0,23.0,0,0,155.66,Loyal,0
300041,2026-06-30,2024-06-16,40,62304.61,Budapest,Web,24,10.0,1,16.05,1,0,172.64,Active,0
305476,2026-06-30,2025-02-03,40,34208.8,East,Store,17,5.0,1,100.0,1,0,174.13,Loyal,0
302090,2026-06-30,2025-01-02,48,76785.43,West,Mobile,18,7.0,2,117.89,0,0,174.0,Active,0
303925,2026-06-30,2024-01-20,41,47137.18,Budapest,Mobile,29,3.0,1,145.75,0,0,144.66,Active,0
302176,2026-06-30,2024-12-13,38,65916.05,North,Store,19,14.0,4,349.04,0,0,102.23,Active,0
307314,2026-06-30,2024-03-22,43,60181.3,East,Web,27,14.0,3,198.39,0,0,221.49,Active,0
308404,2026-06-30,2025-08-24,37,19036.5,West,Store,10,7.0,2,172.64,0,0,145.04,Active,0
300075,2026-06-30,2025-09-26,42,22128.23,North,Web,9,6.0,2,134.75,0,0,86.69,At Risk,1
307595,2026-06-30,2024-05-10,39,26777.56,Budapest,Web,26,6.0,1,89.46,0,0,217.87,Active,0
303799,2026-06-30,2024-08-09,38,38715.27,North,Web,23,7.0,1,79.96,0,0,171.74,Active,0
302658,2026-06-30,2024-09-21,48,46260.11,South,Mobile,21,6.0,1,36.25,0,0,262.66,Active,0
303181,2026-06-30,2025-07-28,25,31195.82,West,Mobile,11,10.0,0,0.0,0,0,217.39,Active,0
302077,2026-06-30,2024-10-20,47,34163.82,South,Web,20,7.0,0,35.22,0,0,199.19,Active,0
300442,2026-06-30,2025-12-26,54,16845.85,South,Mobile,6,9.0,1,61.82,0,0,199.76,Active,0
308382,2026-06-30,2025-05-03,50,19915.65,Budapest,Web,14,10.0,2,100.98,0,0,78.16,Loyal,0
302052,2026-06-30,2024-04-17,55,22195.6,East,Mobile,26,6.0,1,92.48,0,0,265.03,Loyal,0
302542,2026-06-30,2025-12-18,45,35923.69,South,Mobile,6,10.0,0,0.0,1,0,209.34,Loyal,0
307403,2026-06-30,2024-08-05,38,51035.53,Budapest,Store,23,4.0,1,93.8,0,0,165.45,Active,0
301302,2026-06-30,2024-06-25,54,30222.6,North,Mobile,24,11.0,1,34.85,0,0,248.92,Active,0
305878,2026-06-30,2024-05-07,28,27397.04,Budapest,Mobile,26,13.0,0,0.0,0,0,273.86,Active,0
307369,2026-06-30,2024-04-16,43,25583.91,South,Mobile,26,10.0,6,497.02,0,0,273.49,Loyal,0
303431,2026-06-30,2025-02-22,46,33343.34,West,Web,16,8.0,3,326.5,0,0,252.16,Active,0
301305,2026-06-30,2025-04-29,40,51853.06,Budapest,Mobile,14,5.0,0,51.76,0,0,221.87,Loyal,0
300237,2026-06-30,2024-07-28,31,68747.39,Budapest,Mobile,23,7.0,2,120.32,0,0,126.31,Active,0
308257,2026-06-30,2025-07-03,32,35471.41,East,Mobile,12,6.0,1,60.84,0,0,210.48,Loyal,0
302600,2026-06-30,2024-09-09,43,40261.3,West,Mobile,22,8.0,0,0.0,0,0,165.26,Active,0
304617,2026-06-30,2025-08-03,59,145304.05,East,Web,11,13.0,2,93.77,0,0,172.2,Active,0
302574,2026-06-30,2024-05-26,55,25642.33,Budapest,Web,25,6.0,3,218.69,0,0,286.72,Loyal,0
303281,2026-06-30,2025-07-16,46,19341.51,South,Web,11,11.0,2,56.99,0,0,252.41,Loyal,0
303187,2026-06-30,2025-05-27,42,29206.83,Budapest,Mobile,13,9.0,2,152.9,0,0,207.57,Active,0
303954,2026-06-30,2024-06-15,27,29619.84,West,Mobile,24,6.0,3,178.96,0,0,134.62,Active,0
302769,2026-06-30,2025-09-29,18,22906.63,Budapest,Store,9,3.0,1,43.89,0,0,176.64,Loyal,0
304832,2026-06-30,2024-06-24,52,122808.16,East,Store,24,8.0,2,99.23,0,0,211.89,Loyal,0
304224,2026-06-30,2024-12-24,33,26005.23,West,Mobile,18,7.0,2,161.86,0,0,228.7,Active,0
307895,2026-06-30,2025-08-01,46,33914.09,East,Web,11,8.0,1,44.22,0,0,274.62,Active,0
302107,2026-06-30,2024-08-06,36,32476.45,West,Store,23,8.0,3,211.87,0,0,143.34,Active,0
302680,2026-06-30,2024-07-06,35,,Budapest,Mobile,24,9.0,1,13.7,0,0,265.53,Active,0
307326,2026-06-30,2024-08-28,34,28635.64,Budapest,Store,22,8.0,3,210.41,0,0,300.77,Active,0
302762,2026-06-30,2024-07-04,44,25902.49,West,Web,24,13.0,3,257.07,0,0,231.99,Loyal,0
304689,2026-06-30,2024-08-03,52,35155.47,Budapest,Web,23,11.0,1,77.61,0,0,165.51,Active,0
305400,2026-06-30,2025-12-27,42,26657.04,Budapest,Store,6,,0,0.0,0,0,250.25,Loyal,0
301388,2026-06-30,2024-01-14,46,42980.45,Budapest,Mobile,30,9.0,3,309.62,0,0,158.98,Active,0
302902,2026-06-30,2025-05-27,40,64288.03,East,Web,13,9.0,2,139.04,0,0,182.66,Active,0
303578,2026-06-30,2024-10-22,28,23189.93,Budapest,Web,20,8.0,1,87.54,0,0,193.79,Loyal,0
308028,2026-06-30,2024-01-05,38,50015.6,West,Web,30,,4,154.1,0,0,172.25,Active,0
308777,2026-06-30,2025-11-29,36,16575.29,Budapest,Store,7,8.0,0,0.85,0,0,162.76,Active,0
307084,2026-06-30,2024-02-11,37,24352.01,Budapest,Store,29,,2,114.21,0,0,145.36,Active,0
308920,2026-06-30,2024-10-18,34,49658.36,Budapest,Mobile,20,6.0,1,59.56,0,0,149.56,Loyal,0
307394,2026-06-30,2025-01-01,65,26791.3,Budapest,Store,18,7.0,0,0.0,0,0,275.31,Active,0
305001,2026-06-30,2024-10-22,40,19746.61,East,Store,20,8.0,1,9.73,0,0,248.92,Active,0
305854,2026-06-30,2024-06-07,47,100716.6,Budapest,Web,25,10.0,2,238.65,0,0,277.05,Active,0
301280,2026-06-30,2025-03-06,22,53393.71,Budapest,Store,16,5.0,2,101.41,0,0,227.88,Active,0
308560,2026-06-30,2025-12-04,40,42284.11,West,Web,7,9.0,0,0.0,0,0,120.71,Active,0
300805,2026-06-30,2025-12-16,51,35013.11,South,Web,6,10.0,1,69.5,0,0,212.92,Active,0
306405,2026-06-30,2025-03-30,34,44497.04,East,Web,15,10.0,1,98.8,0,0,194.95,Active,0
301556,2026-06-30,2025-06-09,29,70693.1,East,Mobile,13,6.0,0,0.0,0,0,226.43,Active,0
308619,2026-06-30,2025-04-19,30,66762.15,West,Mobile,14,9.0,0,14.41,0,0,222.27,Active,0
303191,2026-06-30,2024-11-30,29,17364.42,East,Store,19,12.0,1,91.8,0,0,149.07,Active,0
304567,2026-06-30,2025-07-12,29,44020.79,East,Web,12,6.0,3,130.62,0,0,160.58,Loyal,0
304803,2026-06-30,2024-06-28,39,25113.55,North,Mobile,24,4.0,2,74.87,1,1,0.0,At Risk,1
308787,2026-06-30,2024-07-12,35,33230.37,Budapest,Web,24,7.0,0,10.48,0,0,175.95,Active,0
307167,2026-06-30,2024-08-16,44,142285.62,North,Web,22,8.0,1,64.57,0,0,107.9,Loyal,0
304842,2026-06-30,2025-08-09,39,39424.09,Budapest,Mobile,11,8.0,3,289.99,0,0,206.42,Active,0
303595,2026-06-30,2025-03-22,56,28705.96,South,Web,15,7.0,3,149.15,0,0,142.88,Loyal,0
306036,2026-06-30,2025-10-14,66,29242.35,East,Web,9,4.0,0,63.93,0,0,240.69,Active,0
306853,2026-06-30,2024-08-15,30,63303.63,North,Web,22,8.0,4,323.89,0,0,233.01,Active,0
306959,2026-06-30,2024-11-11,41,54000.93,North,Store,20,9.0,2,149.68,0,0,228.1,Active,0
301921,2026-06-30,2024-05-25,29,64251.16,West,Web,25,8.0,2,158.58,0,0,196.61,Active,0
300514,2026-06-30,2024-07-31,28,105521.15,East,Store,23,10.0,1,50.36,1,0,147.49,Active,0
304178,2026-06-30,2025-08-21,56,43136.52,West,Mobile,10,4.0,0,0.0,0,0,230.42,Active,0
306844,2026-06-30,2024-10-24,32,27793.06,North,Web,20,7.0,1,48.76,0,0,208.85,Active,0
301309,2026-06-30,2025-09-26,38,56139.49,South,Web,9,9.0,2,156.22,0,0,230.91,Loyal,0
305668,2026-06-30,2025-04-18,26,71917.86,Budapest,Web,14,6.0,0,0.0,0,1,220.71,Active,0
300915,2026-06-30,2025-06-28,40,28039.47,Budapest,Mobile,12,9.0,0,1.22,0,0,136.96,Active,0
303453,2026-06-30,2024-01-10,36,,West,Web,30,10.0,7,716.46,1,0,203.98,Active,0
303696,2026-06-30,2024-04-24,31,17672.33,Budapest,Store,26,4.0,2,205.59,0,0,206.61,Active,0
304243,2026-06-30,2025-10-12,30,72984.81,South,Store,9,4.0,1,31.78,0,0,150.5,Active,0
303157,2026-06-30,2024-02-18,31,72761.22,Budapest,Mobile,28,6.0,1,62.18,0,0,269.53,Loyal,0
302199,2026-06-30,2024-03-28,28,24709.69,North,Web,27,2.0,3,178.71,0,0,194.31,Active,0
307841,2026-06-30,2024-05-18,44,18420.08,Budapest,Mobile,25,5.0,4,289.97,0,0,77.67,Active,0
300775,2026-06-30,2025-02-12,38,57756.65,East,Web,17,16.0,2,59.02,0,0,235.27,Active,0
304426,2026-06-30,2025-12-12,59,55265.54,South,Web,7,7.0,3,306.06,0,0,168.57,Active,0
306151,2026-06-30,2025-07-29,23,52227.27,West,Web,11,5.0,0,0.0,0,0,230.59,Active,0
306098,2026-06-30,2024-03-16,32,35670.93,East,Mobile,27,12.0,2,91.58,0,0,243.35,Active,0
300944,2026-06-30,2024-06-28,37,33893.77,Budapest,Mobile,24,14.0,1,93.15,0,0,250.56,Active,0
300823,2026-06-30,2024-03-14,61,,East,Mobile,28,3.0,1,54.74,0,0,241.38,Active,0
306879,2026-06-30,2025-10-25,50,32758.75,North,Web,8,9.0,0,0.0,1,0,202.49,Active,0
305006,2026-06-30,2024-12-31,36,38956.47,South,Web,18,16.0,0,0.0,0,0,208.91,Active,0
306613,2026-06-30,2025-02-02,35,26290.94,West,Web,17,7.0,2,129.23,0,0,238.44,Active,0
304278,2026-06-30,2024-10-17,51,30815.74,Budapest,Web,20,,5,423.71,0,0,222.57,Active,0
300165,2026-06-30,2024-10-21,41,18593.19,East,Mobile,20,10.0,1,141.85,0,0,302.25,Active,0
305620,2026-06-30,2024-01-16,51,55727.92,East,Store,29,8.0,3,209.47,0,0,184.75,Loyal,0
304548,2026-06-30,2024-10-01,40,16545.95,West,Mobile,21,10.0,1,86.7,0,0,171.26,Loyal,0
303984,2026-06-30,2024-03-25,45,33298.53,Budapest,Web,27,11.0,0,19.72,0,0,210.03,Active,0
302539,2026-06-30,2025-12-19,36,29931.86,East,Mobile,6,8.0,2,159.62,0,0,224.05,Active,0
306958,2026-06-30,2024-08-16,36,37108.79,West,Store,22,10.0,2,92.0,0,0,167.38,Active,0
303192,2026-06-30,2024-10-08,40,28657.24,West,Web,21,8.0,1,11.33,0,0,207.49,Loyal,0
301312,2026-06-30,2024-02-12,29,24633.94,South,Store,29,5.0,0,42.17,0,0,229.96,Loyal,0
308483,2026-06-30,2024-12-18,40,31246.31,Budapest,Mobile,18,7.0,1,120.34,0,0,207.25,Active,0
305208,2026-06-30,2025-01-29,34,73858.19,East,Web,17,7.0,1,75.15,0,0,104.42,Active,0
308646,2026-06-30,2025-09-26,34,36674.99,West,Mobile,9,7.0,0,0.0,0,0,140.57,Active,0
308168,2026-06-30,2024-12-04,64,38962.22,Budapest,Web,19,7.0,1,88.76,0,0,226.79,Active,0
307586,2026-06-30,2024-09-11,49,83075.67,South,Mobile,22,11.0,0,53.68,0,0,190.47,Active,0
305384,2026-06-30,2025-08-23,45,34928.46,Budapest,Store,10,7.0,2,101.25,0,0,267.82,Active,0
303055,2026-06-30,2025-04-18,51,39936.03,East,Web,14,6.0,1,138.75,0,0,185.13,Active,0
303676,2026-06-30,2024-09-07,30,15000.0,North,Web,22,11.0,1,92.71,0,0,267.95,Loyal,0
307777,2026-06-30,2025-09-16,55,46204.95,East,Mobile,9,6.0,2,135.62,0,0,156.23,Active,0
307219,2026-06-30,2024-09-17,27,32376.65,Budapest,Mobile,21,11.0,0,14.73,0,0,236.1,Active,0
306723,2026-06-30,2025-03-24,21,52496.79,West,Mobile,15,10.0,1,83.98,0,0,181.93,Active,0
303301,2026-06-30,2024-10-24,28,27592.56,West,Store,20,7.0,0,0.0,0,0,283.93,Active,0
303311,2026-06-30,2024-07-30,35,47176.59,South,Mobile,23,9.0,3,332.21,0,0,114.01,Active,0
306905,2026-06-30,2025-11-15,44,28410.24,Budapest,Mobile,7,3.0,0,84.23,0,0,158.88,Active,0
307222,2026-06-30,2024-03-30,27,73507.05,North,Web,27,8.0,2,169.03,0,0,185.43,Loyal,0
300328,2026-06-30,2025-09-26,43,30793.21,Budapest,Mobile,9,4.0,2,82.08,0,0,197.1,Active,0
305887,2026-06-30,2024-03-02,27,53638.41,West,Web,28,9.0,3,86.06,0,0,227.89,Active,0
302491,2026-06-30,2024-10-05,52,15000.0,Budapest,Store,21,8.0,2,245.29,0,0,158.82,Loyal,0
308806,2026-06-30,2024-05-14,55,24875.15,Budapest,Mobile,26,7.0,2,178.54,0,0,189.25,Loyal,0
306104,2026-06-30,2024-06-16,52,40181.05,East,Web,24,7.0,4,360.03,0,0,205.41,Active,0
305955,2026-06-30,2025-05-28,33,27553.86,Budapest,Web,13,10.0,2,177.6,0,0,271.87,Loyal,0
308779,2026-06-30,2025-03-20,58,,Budapest,Mobile,15,12.0,1,42.75,0,0,195.67,Active,0
304409,2026-06-30,2024-03-02,39,61939.14,Budapest,Web,28,11.0,2,75.83,0,0,251.48,Active,0
300833,2026-06-30,2025-06-04,52,27418.02,Budapest,Web,13,9.0,1,50.15,0,0,154.09,Active,0
303080,2026-06-30,2024-02-25,53,31286.5,Budapest,Mobile,28,7.0,2,98.41,0,0,181.56,Active,0
307517,2026-06-30,2025-01-21,41,18450.46,Budapest,Mobile,17,12.0,1,77.67,0,1,254.23,Active,0
303463,2026-06-30,2025-09-05,36,46411.15,South,Web,10,4.0,0,0.2,0,1,180.25,Loyal,0
305298,2026-06-30,2025-01-13,47,81107.91,South,Mobile,18,5.0,2,90.35,0,1,0.0,At Risk,1
301824,2026-06-30,2025-06-09,71,61842.93,Budapest,Mobile,13,5.0,0,17.83,0,0,217.41,Active,0
307644,2026-06-30,2024-05-11,37,54817.73,Budapest,Web,26,10.0,1,27.57,0,0,245.84,Loyal,0
300055,2026-06-30,2025-04-24,51,29911.04,East,Web,14,12.0,2,240.1,0,0,107.89,Active,0
306231,2026-06-30,2024-03-29,46,30418.65,Budapest,Web,27,11.0,1,54.44,0,0,184.21,Active,0
304065,2026-06-30,2025-03-30,47,125892.31,Budapest,Web,15,12.0,3,278.41,0,0,192.09,Loyal,0
303452,2026-06-30,2025-10-26,23,33489.78,Budapest,Mobile,8,6.0,1,10.53,0,0,215.67,Loyal,0
306306,2026-06-30,2024-04-02,38,70102.81,East,Web,27,4.0,0,16.6,0,0,174.77,Loyal,0
301902,2026-06-30,2024-02-10,42,15630.03,East,Mobile,29,14.0,1,88.97,0,0,248.12,Active,0
301482,2026-06-30,2024-11-17,42,27060.75,West,Web,19,9.0,1,43.83,0,0,160.14,Loyal,0
304874,2026-06-30,2024-06-09,49,18794.46,West,Web,25,8.0,2,111.84,1,0,177.26,Active,0
304896,2026-06-30,2025-11-09,41,30780.45,Budapest,Web,8,7.0,3,231.93,0,0,214.15,Active,0
307811,2026-06-30,2025-07-23,28,32369.68,Budapest,Store,11,3.0,1,101.71,0,0,153.32,Active,0
308039,2026-06-30,2025-05-22,30,33495.39,East,Web,13,3.0,2,131.95,0,0,182.79,Loyal,0
304151,2026-06-30,2024-10-10,25,26920.14,South,Mobile,21,11.0,1,85.58,0,0,158.38,Loyal,0
307069,2026-06-30,2024-11-29,67,18454.2,South,Mobile,19,14.0,0,34.92,0,0,269.7,Active,0
303336,2026-06-30,2024-08-27,46,26687.83,East,Web,22,10.0,1,84.65,0,0,159.92,Active,0
306017,2026-06-30,2024-08-03,38,60354.24,East,Web,23,4.0,1,36.84,0,0,200.32,Loyal,0
307812,2026-06-30,2025-10-06,43,67862.62,West,Web,9,3.0,0,40.95,0,0,306.47,Active,0
304927,2026-06-30,2024-02-25,48,27433.62,Budapest,Mobile,28,6.0,2,98.07,0,0,208.19,Loyal,0
300947,2026-06-30,2025-10-06,30,15674.05,West,Web,9,12.0,2,57.55,0,0,146.07,Active,0
305798,2026-06-30,2024-04-17,39,21305.86,South,Store,26,6.0,2,154.15,0,0,171.49,Active,0
303294,2026-06-30,2024-07-12,35,36722.08,Budapest,Web,24,7.0,2,92.74,0,0,207.05,Loyal,0
302162,2026-06-30,2025-06-08,47,16348.58,Budapest,Store,13,5.0,1,66.82,0,0,138.3,Active,0
308937,2026-06-30,2025-04-28,18,29322.07,North,Mobile,14,6.0,2,67.59,1,0,152.65,Loyal,0
305084,2026-06-30,2024-06-07,48,38312.84,North,Web,25,4.0,1,45.01,0,0,246.14,Active,0
306646,2026-06-30,2024-08-11,39,58697.93,South,Store,23,6.0,2,132.02,0,0,208.07,Active,0
308802,2026-06-30,2025-01-06,44,41175.27,West,Web,18,5.0,1,84.51,0,0,247.06,Active,0
303058,2026-06-30,2025-11-28,55,28892.7,East,Web,7,2.0,0,0.13,0,0,284.3,Active,0
307343,2026-06-30,2024-07-05,47,31648.03,West,Web,24,11.0,3,105.62,0,0,155.33,Active,0
305491,2026-06-30,2025-08-14,49,60565.0,North,Mobile,11,4.0,1,85.11,0,0,128.91,Active,0
306734,2026-06-30,2024-06-08,51,51014.26,Budapest,Web,25,9.0,5,442.38,0,0,192.79,Active,0
300769,2026-06-30,2024-02-03,44,26837.16,South,Store,29,9.0,1,83.62,0,0,263.1,Active,0
302066,2026-06-30,2025-11-10,44,16228.32,East,Store,8,7.0,1,33.27,0,0,132.93,Active,0
308633,2026-06-30,2024-03-09,45,39696.03,East,Web,28,7.0,1,98.37,0,0,176.26,Active,0
303496,2026-06-30,2025-12-06,28,25137.37,Budapest,Store,7,6.0,0,17.32,1,1,61.43,At Risk,1
307312,2026-06-30,2024-12-18,33,,East,Web,18,3.0,0,53.19,0,0,157.19,Loyal,0
300286,2026-06-30,2024-03-06,43,31159.42,Budapest,Mobile,28,8.0,4,151.14,0,0,222.91,Loyal,0
301501,2026-06-30,2024-02-01,35,69047.72,Budapest,Web,29,9.0,0,25.61,0,0,199.22,Active,0
304525,2026-06-30,2025-06-29,55,19874.98,East,Web,12,6.0,0,48.84,0,0,169.25,Loyal,0
308549,2026-06-30,2025-11-20,37,48444.38,Budapest,Web,7,11.0,2,150.31,0,0,233.88,Loyal,0
302333,2026-06-30,2025-01-01,22,103636.82,Budapest,Mobile,18,10.0,2,112.1,0,0,177.65,Active,0
302718,2026-06-30,2024-07-13,37,43345.77,East,Web,24,11.0,1,134.14,0,0,209.33,Active,0
302080,2026-06-30,2025-10-15,40,31072.78,Budapest,Web,8,7.0,1,99.46,0,1,161.1,Active,0
303390,2026-06-30,2025-05-10,31,71549.76,Budapest,Web,14,8.0,2,189.27,0,0,232.5,Active,0
300723,2026-06-30,2024-05-24,46,41958.68,Budapest,Mobile,25,7.0,0,48.19,0,0,250.93,Active,0
300952,2026-06-30,2025-05-31,33,71981.09,East,Web,13,5.0,2,92.5,0,0,221.58,Loyal,0
308059,2026-06-30,2024-12-15,64,28723.26,South,Web,18,6.0,2,176.43,0,0,161.0,Active,0
302483,2026-06-30,2024-11-18,58,31210.44,East,Web,19,11.0,0,56.95,0,0,228.64,Active,0
302263,2026-06-30,2025-11-08,38,23782.78,North,Mobile,8,9.0,0,10.94,0,0,216.17,Active,0
300990,2026-06-30,2024-02-20,49,15329.7,Budapest,Web,28,6.0,4,343.91,0,0,240.26,Active,0
303213,2026-06-30,2024-08-03,60,50480.34,South,Web,23,7.0,6,633.0,0,0,249.59,Active,0
301760,2026-06-30,2025-01-14,18,66431.69,North,Mobile,17,7.0,1,87.46,0,0,222.65,Active,0
308195,2026-06-30,2024-09-21,39,21592.06,Budapest,Web,21,1.0,2,216.51,1,1,5.01,At Risk,1
304423,2026-06-30,2025-06-12,32,22863.26,North,Mobile,13,6.0,2,141.56,0,0,211.53,Active,0
306705,2026-06-30,2025-06-01,39,59321.48,West,Mobile,13,8.0,1,69.99,0,0,268.85,Active,0
305480,2026-06-30,2025-10-16,44,15000.0,Budapest,Mobile,8,10.0,3,185.62,0,1,134.65,Active,0
301725,2026-06-30,2024-10-31,20,87334.33,East,Web,20,6.0,1,80.77,0,0,205.86,Active,0
305183,2026-06-30,2025-10-10,53,34951.02,North,Web,9,8.0,1,75.64,0,0,225.22,Active,0
308569,2026-06-30,2024-07-11,21,25714.98,West,Web,24,5.0,3,251.42,0,0,125.09,Active,0
300342,2026-06-30,2024-03-10,39,15000.0,North,Web,28,7.0,1,45.54,1,1,109.59,At Risk,1
303702,2026-06-30,2024-09-02,33,42723.57,East,Mobile,22,7.0,1,78.88,0,0,104.21,Active,0
304244,2026-06-30,2025-12-29,30,51137.06,West,Web,6,7.0,2,36.72,0,0,175.36,Loyal,0
300689,2026-06-30,2024-12-08,70,46295.96,East,Store,19,8.0,1,82.46,0,0,191.66,Active,0
303433,2026-06-30,2024-01-28,34,45650.92,Budapest,Web,29,9.0,1,48.18,0,0,257.71,Active,0
305204,2026-06-30,2024-03-05,48,48690.26,East,Mobile,28,11.0,2,108.68,0,0,220.98,Active,0
304945,2026-06-30,2025-01-27,39,46661.11,Budapest,Web,17,8.0,0,0.0,0,0,133.9,Active,0
300967,2026-06-30,2025-12-21,58,33299.45,Budapest,Mobile,6,,2,140.56,1,0,169.08,Loyal,0
303121,2026-06-30,2025-09-04,36,49513.38,Budapest,Store,10,6.0,2,67.39,0,0,188.08,Loyal,0
308617,2026-06-30,2025-04-04,37,32591.23,East,Web,15,8.0,1,65.78,0,0,195.54,Loyal,0
308050,2026-06-30,2024-03-08,25,41843.69,South,Mobile,28,8.0,2,50.7,1,1,0.0,At Risk,1
302204,2026-06-30,2025-08-15,49,16797.23,Budapest,Web,10,4.0,1,25.28,0,0,180.22,Loyal,0
302714,2026-06-30,2025-06-23,48,28583.76,East,Mobile,12,11.0,3,139.23,0,0,188.77,Loyal,0
304758,2026-06-30,2024-03-07,48,23275.36,West,Web,28,6.0,1,70.8,0,0,132.27,Active,0
305099,2026-06-30,2024-10-04,30,56403.56,West,Store,21,9.0,1,66.64,0,0,232.22,Active,0
308502,2026-06-30,2025-09-20,43,53032.18,Budapest,Web,9,13.0,2,174.03,0,0,210.37,Loyal,0
308673,2026-06-30,2025-04-09,50,37356.52,Budapest,Web,15,4.0,0,0.0,0,0,204.0,Active,0
306321,2026-06-30,2025-09-05,53,15000.0,West,Mobile,10,6.0,1,80.02,0,0,125.15,Active,0
305281,2026-06-30,2024-07-01,47,27061.16,West,Web,24,5.0,1,78.51,0,0,237.36,Active,0
305976,2026-06-30,2024-03-12,44,33384.15,Budapest,Web,28,8.0,3,180.38,1,1,57.44,At Risk,1
303573,2026-06-30,2025-01-12,35,36373.06,Budapest,Web,18,6.0,3,149.63,0,0,186.72,Active,0
304806,2026-06-30,2025-11-09,40,26335.2,West,Mobile,8,9.0,2,84.03,0,0,171.35,Active,0
305300,2026-06-30,2024-01-06,44,15000.0,South,Web,30,2.0,2,158.05,0,0,212.0,Active,0
301991,2026-06-30,2024-06-11,36,16511.17,East,Web,25,10.0,2,134.96,0,0,156.19,Active,0
304121,2026-06-30,2025-07-13,44,29111.5,Budapest,Mobile,12,4.0,2,94.64,0,0,223.06,Active,0
304760,2026-06-30,2025-01-04,34,28852.86,Budapest,Store,18,8.0,2,119.0,0,0,210.34,Active,0
308189,2026-06-30,2024-01-16,40,56356.12,East,Store,29,6.0,0,0.0,0,0,233.73,Active,0
305299,2026-06-30,2025-12-08,32,30745.11,East,Web,7,10.0,1,64.43,0,0,263.15,Loyal,0
308465,2026-06-30,2024-12-22,48,56427.02,North,Web,18,4.0,1,43.06,0,0,198.91,Active,0
304972,2026-06-30,2024-09-02,42,40889.16,West,Web,22,7.0,1,75.61,0,0,265.19,Active,0
300955,2026-06-30,2025-09-28,36,22730.61,South,Web,9,9.0,2,112.89,0,0,234.12,Active,0
305035,2026-06-30,2025-03-05,38,16128.27,Budapest,Mobile,16,8.0,0,9.86,1,0,250.39,Active,0
306784,2026-06-30,2024-01-18,29,87887.94,South,Mobile,29,8.0,3,213.24,0,0,224.21,Loyal,0
303601,2026-06-30,2025-06-24,54,40688.95,North,Web,12,8.0,3,96.24,0,0,301.79,Active,0
306491,2026-06-30,2025-04-10,50,15900.54,East,Web,15,1.0,4,379.32,0,0,191.24,Loyal,0
303438,2026-06-30,2025-06-19,46,55587.73,South,Web,12,9.0,2,102.06,0,0,216.17,Loyal,0
300475,2026-06-30,2024-01-20,56,39696.04,South,Store,29,7.0,1,141.44,1,0,251.89,Loyal,0
303282,2026-06-30,2024-01-19,30,68161.66,Budapest,Web,29,6.0,3,149.21,0,0,227.74,Active,0
308071,2026-06-30,2024-02-06,55,71704.41,East,Mobile,29,10.0,1,68.25,1,0,176.14,Active,0
300386,2026-06-30,2024-07-29,40,23179.45,West,Mobile,23,9.0,0,10.33,0,0,184.92,Active,0
307974,2026-06-30,2025-04-28,31,27941.08,North,Web,14,9.0,1,31.11,0,1,244.35,Active,0
302123,2026-06-30,2024-07-04,41,19412.63,East,Web,24,10.0,2,125.27,0,0,296.13,Loyal,0
301626,2026-06-30,2025-12-12,43,31348.17,Budapest,Web,7,12.0,3,241.81,0,0,233.6,Loyal,0
300537,2026-06-30,2025-12-30,65,48986.41,North,Store,6,4.0,1,103.34,0,0,240.93,Active,0
306388,2026-06-30,2025-03-19,47,15000.0,East,Web,15,3.0,1,110.66,0,0,165.34,Loyal,0
308759,2026-06-30,2024-09-08,38,32425.17,Budapest,Mobile,22,6.0,1,51.22,0,0,218.29,Active,0
307971,2026-06-30,2024-11-17,44,30792.35,Budapest,Web,19,8.0,3,94.8,0,0,193.94,Active,0
305033,2026-06-30,2025-11-06,51,15000.0,Budapest,Mobile,8,6.0,2,168.44,0,0,295.54,Active,0
307834,2026-06-30,2025-01-30,46,29551.22,North,Web,17,6.0,2,126.67,0,0,220.17,Active,0
304213,2026-06-30,2024-05-19,40,46071.09,West,Web,25,10.0,1,29.65,1,1,12.71,At Risk,1
306457,2026-06-30,2025-11-13,43,31035.26,West,Store,8,2.0,0,1.82,0,0,165.93,Active,0
303508,2026-06-30,2024-10-07,32,95167.71,East,Store,21,7.0,1,62.04,1,0,145.13,Active,0
300202,2026-06-30,2024-10-12,42,24623.51,Budapest,Store,21,11.0,3,247.08,0,0,200.34,Active,0
307305,2026-06-30,2024-12-06,58,33818.89,Budapest,Web,19,6.0,3,217.61,0,0,137.47,Loyal,0
301333,2026-06-30,2024-11-22,28,26562.6,South,Web,19,8.0,4,268.38,1,0,164.33,Loyal,0
307113,2026-06-30,2024-08-28,46,61907.98,North,Web,22,9.0,3,222.81,0,0,229.64,Active,0
303503,2026-06-30,2025-01-18,18,17622.11,North,Mobile,17,6.0,1,35.97,0,0,297.27,Active,0
302709,2026-06-30,2025-03-28,40,21607.13,North,Web,15,6.0,0,27.25,0,0,154.48,Loyal,0
306031,2026-06-30,2024-09-04,18,23121.92,North,Web,22,1.0,3,130.34,0,0,220.21,Active,0
305032,2026-06-30,2025-05-15,49,33311.35,Budapest,Web,14,9.0,0,0.0,0,1,202.64,Active,0
306515,2026-06-30,2024-11-22,33,52923.29,Budapest,Web,19,6.0,2,152.9,0,0,229.64,Active,0
304663,2026-06-30,2024-08-16,18,15313.49,Budapest,Web,22,8.0,3,134.17,0,0,188.47,Active,0
304022,2026-06-30,2025-06-06,43,23076.5,South,Web,13,5.0,2,24.66,0,0,212.58,Active,0
301855,2026-06-30,2024-03-22,50,97465.76,West,Store,27,13.0,3,130.81,0,0,203.24,Active,0
308568,2026-06-30,2024-01-31,22,57604.4,South,Web,29,10.0,1,56.07,1,0,198.73,Active,0
302873,2026-06-30,2024-01-07,57,32794.99,West,Mobile,30,12.0,0,0.0,0,0,172.23,Active,0
303031,2026-06-30,2025-11-16,58,62533.46,Budapest,Web,7,5.0,1,0.0,1,0,20.5,At Risk,1
301206,2026-06-30,2024-05-15,43,66193.25,North,Store,25,5.0,0,2.63,0,0,187.41,Active,0
306564,2026-06-30,2024-09-21,45,33206.89,East,Web,21,7.0,0,0.0,0,0,206.58,Active,0
301646,2026-06-30,2025-10-28,50,,Budapest,Mobile,8,8.0,0,45.45,1,1,53.66,At Risk,1
303418,2026-06-30,2024-03-24,56,15000.0,South,Web,27,7.0,0,10.13,0,0,213.87,Active,0
303477,2026-06-30,2025-01-06,39,34927.57,Budapest,Mobile,18,8.0,1,86.89,1,0,117.6,Active,0
308680,2026-06-30,2024-03-20,47,27170.59,West,Mobile,27,8.0,1,123.49,0,0,212.32,Loyal,0
301793,2026-06-30,2024-05-24,41,,North,Web,25,13.0,4,195.64,0,0,145.07,Active,0
303798,2026-06-30,2024-11-09,37,53753.26,South,Web,20,9.0,0,0.0,1,0,189.7,Loyal,0
303369,2026-06-30,2024-06-30,69,42547.91,South,Mobile,24,6.0,0,0.0,0,0,241.11,Active,0
307197,2026-06-30,2024-12-10,32,54411.53,East,Web,19,8.0,1,80.67,0,0,254.71,Loyal,0
308761,2026-06-30,2024-05-27,42,15005.74,East,Mobile,25,9.0,1,28.89,0,0,188.39,Active,0
305110,2026-06-30,2025-12-12,35,27337.53,Budapest,Mobile,7,7.0,1,43.87,0,0,226.42,Active,0
306025,2026-06-30,2025-02-13,41,58123.85,Budapest,Web,16,3.0,2,103.28,0,0,143.72,Active,0
308444,2026-06-30,2025-04-23,48,35634.43,East,Mobile,14,5.0,0,24.04,0,0,297.95,Active,0
300127,2026-06-30,2024-12-22,57,48112.83,East,Store,18,4.0,1,108.3,0,0,196.49,Active,0
305960,2026-06-30,2024-07-09,29,40492.81,South,Mobile,24,9.0,2,181.57,0,0,162.82,Active,0
303877,2026-06-30,2025-06-26,36,68453.7,Budapest,Web,12,13.0,2,155.22,0,0,216.71,Loyal,0
304452,2026-06-30,2025-12-17,48,30038.83,East,Mobile,6,5.0,1,43.74,0,0,234.52,Active,0
307148,2026-06-30,2025-01-15,34,15000.0,East,Store,17,6.0,2,163.26,1,0,133.69,Loyal,0
303532,2026-06-30,2024-11-18,51,63281.38,South,Web,19,9.0,1,66.33,0,0,233.11,Active,0
300828,2026-06-30,2025-07-30,59,54926.76,Budapest,Web,11,12.0,2,187.34,1,0,250.37,Loyal,0
307791,2026-06-30,2025-07-15,34,134371.14,Budapest,Store,11,11.0,1,42.47,0,0,235.25,Loyal,0
300985,2026-06-30,2024-03-06,33,48409.88,East,Web,28,5.0,1,44.6,0,0,224.79,Active,0
307784,2026-06-30,2025-08-26,40,34413.07,Budapest,Store,10,8.0,4,280.42,0,0,160.58,Active,0
302444,2026-06-30,2025-08-27,58,20845.89,Budapest,Mobile,10,9.0,0,0.89,0,0,207.08,Loyal,0
300346,2026-06-30,2025-01-17,44,46697.05,Budapest,Store,17,4.0,2,141.43,0,0,182.55,Loyal,0
300815,2026-06-30,2024-12-22,44,30571.9,South,Web,18,2.0,1,41.54,1,1,9.62,At Risk,1
306167,2026-06-30,2024-11-14,33,45082.92,Budapest,Web,19,11.0,0,0.0,0,0,175.15,Active,0
305780,2026-06-30,2025-01-09,54,24314.17,Budapest,Store,18,8.0,2,127.62,0,0,211.98,Loyal,0
302117,2026-06-30,2024-07-06,51,42366.19,Budapest,Store,24,9.0,0,25.97,0,0,216.52,Loyal,0
300794,2026-06-30,2025-01-02,53,41698.88,South,Web,18,4.0,3,259.17,0,0,176.64,Active,0
306899,2026-06-30,2025-04-10,38,26757.31,East,Mobile,15,5.0,3,244.69,0,0,240.83,Loyal,0
302675,2026-06-30,2025-09-23,27,20621.7,West,Web,9,7.0,0,0.0,0,0,183.25,Loyal,0
300095,2026-06-30,2024-02-14,40,31200.75,Budapest,Web,28,5.0,1,78.9,0,0,219.91,Loyal,0
304226,2026-06-30,2025-03-15,37,16285.1,West,Mobile,16,8.0,3,134.33,0,0,245.91,Active,0
303757,2026-06-30,2024-01-01,45,34985.84,South,Web,30,8.0,1,53.96,0,0,146.68,Loyal,0
302892,2026-06-30,2024-03-08,36,36613.98,East,Web,28,14.0,1,152.66,0,0,292.54,Active,0
302372,2026-06-30,2024-08-17,42,18302.2,Budapest,Store,22,5.0,2,145.11,0,0,146.11,Loyal,0
308534,2026-06-30,2025-06-06,31,20284.56,South,Mobile,13,5.0,4,259.4,0,0,215.57,Active,0
303229,2026-06-30,2024-09-06,32,25282.66,East,Mobile,22,7.0,1,152.08,0,0,130.94,Loyal,0
307864,2026-06-30,2025-01-25,47,41564.12,South,Web,17,12.0,1,53.33,0,0,349.37,Loyal,0
306360,2026-06-30,2024-10-20,44,74061.75,South,Web,20,7.0,4,151.53,0,0,230.92,Active,0
308350,2026-06-30,2025-09-11,41,25589.78,East,Store,10,7.0,2,145.23,0,0,165.51,Loyal,0
307327,2026-06-30,2025-09-20,36,45381.3,South,Web,9,1.0,0,0.0,0,0,237.48,Active,0
306029,2026-06-30,2025-08-03,42,15330.61,Budapest,Store,11,12.0,2,88.55,0,0,108.47,Active,0
301866,2026-06-30,2025-01-04,36,60640.91,South,Store,18,3.0,0,15.37,1,0,229.8,Loyal,0
304613,2026-06-30,2024-03-18,50,32956.55,Budapest,Web,27,7.0,2,133.97,0,0,245.67,Loyal,0
302646,2026-06-30,2024-03-03,36,25598.18,East,Mobile,28,14.0,3,150.27,0,0,234.81,Loyal,0
302244,2026-06-30,2024-12-19,50,29773.29,West,Web,18,9.0,0,0.0,0,0,184.64,Loyal,0
305374,2026-06-30,2025-03-10,51,39088.44,South,Web,16,10.0,1,79.24,1,0,190.93,Loyal,0
302337,2026-06-30,2024-10-10,43,30411.26,Budapest,Mobile,21,9.0,0,0.0,0,0,266.78,Active,0
300951,2026-06-30,2025-06-26,55,69955.26,North,Mobile,12,6.0,1,43.55,0,0,221.95,Active,0
301121,2026-06-30,2024-09-13,33,26552.2,East,Store,22,10.0,2,138.27,0,0,209.84,Loyal,0
302205,2026-06-30,2024-03-26,49,47447.16,West,Store,27,7.0,1,0.0,0,0,153.0,Loyal,0
300420,2026-06-30,2025-08-15,33,41611.98,Budapest,Web,10,7.0,2,145.59,0,0,245.39,Active,0
300923,2026-06-30,2025-03-03,66,70279.1,Budapest,Mobile,16,6.0,2,103.18,0,0,88.54,Active,0
305409,2026-06-30,2024-03-29,33,62883.16,Budapest,Mobile,27,14.0,1,28.45,0,0,238.84,Active,0
305789,2026-06-30,2024-01-25,40,31290.63,Budapest,Mobile,29,4.0,2,62.98,1,1,0.0,At Risk,1
305743,2026-06-30,2025-12-17,31,35361.1,Budapest,Web,6,9.0,1,106.44,0,0,212.87,Loyal,0
307668,2026-06-30,2024-04-18,32,60422.58,West,Web,26,6.0,1,66.1,0,0,165.33,Active,0
305568,2026-06-30,2024-10-19,33,29086.43,West,Web,20,3.0,0,59.86,0,0,185.6,Active,0
308136,2026-06-30,2024-12-18,45,37176.06,East,Web,18,6.0,3,143.22,0,0,192.43,Active,0
301203,2026-06-30,2024-04-12,21,25736.27,Budapest,Mobile,27,11.0,2,132.97,0,0,238.95,Active,0
305766,2026-06-30,2025-12-14,37,27144.31,West,Store,7,9.0,2,114.35,0,0,203.64,Loyal,0
301971,2026-06-30,2024-12-22,57,43839.71,North,Web,18,10.0,2,144.41,0,0,281.03,Active,0
304019,2026-06-30,2024-04-06,34,51506.29,Budapest,Web,27,13.0,0,5.33,0,1,261.39,Active,0
303688,2026-06-30,2024-07-04,54,32248.85,East,Web,24,8.0,2,204.95,0,0,220.69,Loyal,0
301998,2026-06-30,2025-05-10,34,19295.48,West,Web,14,5.0,1,70.53,1,0,130.25,Active,0
304034,2026-06-30,2025-12-02,47,26169.52,East,Web,7,9.0,2,184.48,0,0,220.29,Active,0
301249,2026-06-30,2024-04-01,32,63334.91,Budapest,Store,27,3.0,0,4.31,0,0,184.99,Active,0
302193,2026-06-30,2024-08-10,38,68882.31,North,Web,23,10.0,3,219.46,0,0,169.77,Loyal,0
302713,2026-06-30,2024-09-29,44,21026.03,South,Web,21,8.0,0,9.33,0,0,133.75,Loyal,0
302191,2026-06-30,2024-02-29,43,68559.02,South,Web,28,2.0,4,246.89,0,0,250.61,Active,0
304671,2026-06-30,2025-01-07,54,29624.14,Budapest,Web,18,6.0,0,0.0,0,0,166.3,Loyal,0
305143,2026-06-30,2025-05-26,18,19753.52,West,Mobile,13,9.0,1,100.55,0,0,224.15,Active,0
305985,2026-06-30,2025-08-12,27,,West,Web,11,5.0,1,32.75,0,0,156.94,Active,0
306566,2026-06-30,2024-07-19,38,46170.47,Budapest,Store,23,9.0,1,81.56,0,0,222.87,Active,0
307805,2026-06-30,2024-02-14,30,75105.01,West,Web,28,10.0,5,140.02,0,0,197.13,Active,0
306944,2026-06-30,2025-10-29,51,43037.38,South,Web,8,8.0,2,154.87,0,0,198.18,Active,0
302137,2026-06-30,2025-02-06,45,34300.07,Budapest,Web,17,8.0,2,154.34,0,0,159.36,Active,0
301066,2026-06-30,2025-04-13,41,38830.54,Budapest,Mobile,15,8.0,5,243.11,0,0,195.62,Active,0
300601,2026-06-30,2025-05-20,38,43472.6,Budapest,Web,13,7.0,1,66.23,0,0,185.24,Active,0
304228,2026-06-30,2025-04-17,60,34712.21,Budapest,Web,14,9.0,3,299.22,1,0,268.91,Active,0
307578,2026-06-30,2025-08-20,28,23562.71,South,Web,10,9.0,0,18.89,1,0,122.13,Active,0
300078,2026-06-30,2024-04-15,33,57210.9,Budapest,Store,26,9.0,2,143.17,0,0,249.42,Active,0
307547,2026-06-30,2025-11-10,38,28702.91,South,Mobile,8,9.0,1,9.32,0,0,160.25,Active,0
302899,2026-06-30,2024-11-03,27,160105.47,South,Web,20,9.0,1,7.4,0,0,189.28,Active,0
304821,2026-06-30,2025-04-05,52,34393.92,Budapest,Web,15,6.0,0,0.0,1,1,31.86,At Risk,1
308452,2026-06-30,2024-12-26,55,36515.69,Budapest,Web,18,3.0,1,24.27,0,0,183.08,Loyal,0
306414,2026-06-30,2024-02-18,44,31488.41,Budapest,Mobile,28,7.0,0,28.47,0,0,254.42,Loyal,0
308008,2026-06-30,2025-03-09,40,43655.2,West,Store,16,5.0,2,62.4,0,0,185.61,Loyal,0
305469,2026-06-30,2025-02-09,53,15000.0,Budapest,Mobile,17,15.0,3,208.82,0,0,148.33,Active,0
305952,2026-06-30,2025-02-13,38,46712.73,East,Store,16,5.0,2,140.87,0,0,287.73,Active,0
303392,2026-06-30,2024-08-22,52,50924.12,Budapest,Store,22,8.0,1,93.81,0,0,175.39,Loyal,0
305416,2026-06-30,2025-02-04,44,36224.0,Budapest,Web,17,10.0,0,1.45,0,0,229.56,Active,0
302561,2026-06-30,2025-09-29,48,39048.72,West,Store,9,5.0,0,9.84,0,0,237.34,Active,0
308163,2026-06-30,2025-11-10,39,15000.0,West,Web,8,10.0,1,97.49,1,0,0.0,At Risk,1
302636,2026-06-30,2024-10-07,56,66497.58,Budapest,Mobile,21,5.0,1,88.67,1,1,0.0,At Risk,1
305257,2026-06-30,2025-02-09,44,52604.3,North,Mobile,17,8.0,2,112.14,0,0,213.36,Active,0
303531,2026-06-30,2025-02-19,34,21658.93,East,Web,16,6.0,3,337.82,0,0,83.37,Active,0
301909,2026-06-30,2025-11-15,33,17616.99,North,Mobile,7,12.0,2,37.93,0,1,170.47,Active,0
300236,2026-06-30,2024-10-18,70,17815.48,East,Store,20,6.0,3,215.12,0,0,78.79,Active,0
301605,2026-06-30,2024-03-08,42,48026.92,West,Store,28,9.0,2,142.06,0,0,190.57,Active,0
307985,2026-06-30,2025-11-16,18,29083.21,Budapest,Web,7,4.0,2,102.79,0,0,174.42,Loyal,0
303491,2026-06-30,2024-07-28,50,76292.61,South,Store,23,12.0,2,159.96,0,0,126.23,Active,0
301995,2026-06-30,2024-12-01,27,20879.7,West,Web,19,5.0,1,71.65,0,0,112.59,Active,0
302825,2026-06-30,2024-10-16,36,53010.04,South,Web,20,12.0,0,19.35,0,0,136.47,Loyal,0
308435,2026-06-30,2025-03-29,43,53796.1,South,Mobile,15,6.0,0,34.01,0,0,156.5,Active,0
301343,2026-06-30,2024-02-02,41,23811.97,East,Store,29,13.0,2,81.2,0,0,225.59,Active,0
301620,2026-06-30,2025-01-24,47,16717.08,East,Store,17,10.0,2,145.29,0,0,231.98,Loyal,0
305288,2026-06-30,2025-07-28,66,46262.66,Budapest,Mobile,11,11.0,2,40.66,1,1,22.13,At Risk,1
302061,2026-06-30,2024-06-20,37,25680.91,West,Store,24,10.0,3,109.84,0,0,142.39,Active,0
308442,2026-06-30,2024-09-25,43,47549.87,West,Mobile,21,7.0,3,121.09,1,0,148.82,Active,0
302220,2026-06-30,2024-12-22,41,32020.21,Budapest,Web,18,11.0,2,163.18,0,0,129.62,Active,0
306039,2026-06-30,2025-07-24,27,19476.77,East,Web,11,4.0,1,113.9,0,0,165.71,Loyal,0
300261,2026-06-30,2025-04-20,29,38485.51,West,Web,14,9.0,1,76.35,0,0,144.75,Active,0
308511,2026-06-30,2025-07-07,45,37694.78,South,Mobile,12,6.0,4,288.91,0,0,174.88,Active,0
303745,2026-06-30,2024-12-24,36,26504.4,Budapest,Web,18,10.0,3,200.77,0,0,192.21,Loyal,0
302027,2026-06-30,2024-04-17,45,58241.33,Budapest,Store,26,8.0,1,44.94,0,0,145.52,Active,0
306989,2026-06-30,2024-07-23,41,33271.84,East,Store,23,12.0,3,276.09,0,0,253.48,Active,0
304235,2026-06-30,2025-06-17,33,21684.04,Budapest,Store,12,9.0,1,17.19,0,0,260.28,Active,0
301918,2026-06-30,2024-03-08,43,53040.84,Budapest,Store,28,10.0,1,97.93,0,0,205.3,Loyal,0
301829,2026-06-30,2024-10-31,28,28270.89,South,Web,20,7.0,1,73.84,0,0,201.37,Active,0
306234,2026-06-30,2024-01-19,57,19262.66,South,Mobile,29,11.0,3,327.68,0,0,171.03,Active,0
308480,2026-06-30,2025-06-02,39,21696.94,East,Mobile,13,3.0,0,0.0,0,0,253.48,Loyal,0
306284,2026-06-30,2025-09-03,23,59942.11,South,Web,10,8.0,0,0.0,0,0,97.55,Active,0
304209,2026-06-30,2024-11-24,48,32014.32,Budapest,Web,19,8.0,1,128.34,0,0,219.57,Active,0
300225,2026-06-30,2025-11-08,62,51005.65,Budapest,Mobile,8,9.0,0,0.0,0,0,257.67,Loyal,0
306470,2026-06-30,2025-04-15,52,30985.33,North,Web,14,8.0,0,0.0,0,0,92.75,Loyal,0
308556,2026-06-30,2024-06-22,40,50887.35,Budapest,Store,24,5.0,3,221.96,0,0,131.74,Active,0
300847,2026-06-30,2024-11-02,45,65241.13,South,Web,20,12.0,0,14.32,0,0,231.7,Active,0
304290,2026-06-30,2024-08-07,27,25539.9,East,Mobile,23,10.0,1,70.18,0,0,199.61,Active,0
305561,2026-06-30,2024-02-14,44,20694.82,East,Web,28,13.0,1,85.05,0,0,190.17,Active,0
302552,2026-06-30,2025-10-06,57,20606.52,East,Web,9,4.0,0,0.0,0,0,239.01,Loyal,0
300118,2026-06-30,2024-10-08,35,34521.63,South,Web,21,8.0,1,85.4,0,0,301.83,Active,0
305967,2026-06-30,2025-09-24,43,28654.59,Budapest,Store,9,6.0,2,174.41,0,0,241.41,Active,0
308196,2026-06-30,2025-04-27,41,21438.43,North,Mobile,14,7.0,2,115.6,0,0,261.48,Active,0
307490,2026-06-30,2025-11-28,38,33215.38,Budapest,Web,7,8.0,1,95.08,0,0,231.72,Active,0
300006,2026-06-30,2025-10-08,43,22506.24,South,Mobile,9,3.0,0,0.0,0,0,169.29,Active,0
305343,2026-06-30,2024-08-30,45,26788.93,East,Web,22,7.0,1,133.95,0,0,218.4,Active,0
304325,2026-06-30,2025-10-30,54,50646.09,West,Mobile,8,5.0,0,0.0,0,0,203.77,Loyal,0
301064,2026-06-30,2024-11-12,19,15000.0,East,Mobile,20,7.0,0,3.22,0,0,117.23,Active,0
302591,2026-06-30,2024-05-25,22,59490.98,North,Store,25,3.0,2,85.88,1,1,26.87,At Risk,1
303736,2026-06-30,2025-08-29,40,41644.72,South,Web,10,10.0,3,225.84,0,0,214.11,Active,0
303518,2026-06-30,2024-02-15,44,35656.0,North,Web,28,11.0,3,245.56,0,0,226.93,Active,0
306987,2026-06-30,2025-09-14,52,25598.46,North,Web,9,8.0,4,94.37,0,0,273.08,Active,0
306768,2026-06-30,2025-04-13,34,180000.0,West,Store,15,6.0,1,76.47,0,0,193.34,Loyal,0
305623,2026-06-30,2025-05-25,43,45196.96,East,Store,13,9.0,0,11.51,0,0,262.03,Loyal,0
301606,2026-06-30,2025-06-11,32,25111.35,Budapest,Mobile,13,13.0,3,216.7,0,0,191.06,Loyal,0
301734,2026-06-30,2024-12-10,46,105309.42,East,Web,19,8.0,0,0.0,0,0,215.81,Active,0
308489,2026-06-30,2024-09-29,49,56779.1,East,Web,21,3.0,1,26.35,0,0,185.14,Loyal,0
303813,2026-06-30,2024-02-15,36,39842.39,Budapest,Mobile,28,7.0,1,62.54,0,0,174.06,Active,0
308744,2026-06-30,2025-10-14,39,35003.5,East,Mobile,9,3.0,0,12.73,0,0,185.79,Active,0
301762,2026-06-30,2024-05-14,30,74500.86,Budapest,Mobile,26,9.0,1,44.07,0,0,149.88,Active,0
305402,2026-06-30,2024-02-25,60,31964.42,Budapest,Web,28,7.0,2,85.76,0,0,263.8,Loyal,0
302740,2026-06-30,2024-03-03,53,44494.63,Budapest,Web,28,8.0,1,0.0,0,0,220.41,Active,0
302473,2026-06-30,2025-12-22,25,20870.93,Budapest,Mobile,6,11.0,3,198.58,0,0,267.33,Active,0
306739,2026-06-30,2024-06-13,28,52510.26,Budapest,Web,25,11.0,3,115.16,0,0,169.19,Active,0
306892,2026-06-30,2025-02-16,46,28170.02,South,Web,16,6.0,0,6.09,0,0,240.56,Loyal,0
307944,2026-06-30,2024-07-18,43,25964.4,North,Web,23,10.0,1,117.26,0,0,185.45,Active,0
304207,2026-06-30,2024-04-08,39,69954.01,Budapest,Web,27,10.0,3,271.36,0,0,141.2,Active,0
306372,2026-06-30,2025-09-08,38,21944.1,East,Mobile,10,5.0,1,39.99,0,0,175.79,Active,0
300233,2026-06-30,2024-06-13,47,30115.11,South,Web,25,7.0,2,52.53,1,0,160.13,Active,0
308259,2026-06-30,2024-06-05,46,35261.02,East,Web,25,9.0,0,10.22,0,0,283.27,Active,0
307562,2026-06-30,2024-04-18,34,15000.0,South,Web,26,10.0,2,127.75,0,0,137.72,Loyal,0
306169,2026-06-30,2025-01-12,51,16968.01,East,Web,18,5.0,1,45.88,0,0,200.05,Active,0
303597,2026-06-30,2025-10-01,53,34173.88,East,Web,9,4.0,1,72.89,0,1,61.62,At Risk,1
306289,2026-06-30,2024-07-04,36,15000.0,South,Web,24,4.0,2,131.54,0,0,117.7,Active,0
304633,2026-06-30,2024-07-19,52,30354.4,East,Web,23,7.0,0,0.0,0,0,242.34,Loyal,0
300126,2026-06-30,2024-03-26,22,31964.72,Budapest,Mobile,27,10.0,1,88.41,0,0,215.29,Loyal,0
307642,2026-06-30,2025-12-03,41,21897.69,Budapest,Mobile,7,7.0,3,207.41,0,0,113.39,Active,0
306230,2026-06-30,2024-12-06,60,48031.35,Budapest,Store,19,10.0,3,161.04,0,0,263.84,Active,0
301297,2026-06-30,2025-07-19,41,40472.51,North,Mobile,11,13.0,0,0.0,0,0,250.95,Loyal,0
301977,2026-06-30,2025-11-17,40,31982.8,East,Mobile,7,7.0,0,0.0,0,0,251.15,Active,0
308613,2026-06-30,2024-09-17,41,30005.56,East,Web,21,4.0,0,39.77,0,0,151.17,Active,0
305751,2026-06-30,2024-11-18,49,43565.89,North,Web,19,10.0,3,207.91,1,0,252.91,Active,0
308153,2026-06-30,2025-08-18,40,58115.44,Budapest,Web,10,7.0,0,0.0,0,0,171.36,Loyal,0
303087,2026-06-30,2024-06-29,33,33850.55,Budapest,Web,24,9.0,1,4.12,0,0,181.17,Active,0
308426,2026-06-30,2025-03-03,27,27167.93,West,Store,16,9.0,2,46.18,0,0,194.56,Active,0
306883,2026-06-30,2024-01-17,29,103869.53,East,Store,29,6.0,5,345.45,0,0,192.67,Loyal,0
308455,2026-06-30,2024-12-05,55,16519.51,Budapest,Web,19,7.0,2,170.98,0,0,293.16,Loyal,0
307674,2026-06-30,2025-08-04,34,18046.89,Budapest,Store,11,11.0,5,243.47,0,0,166.44,Active,0
303346,2026-06-30,2024-08-20,45,33060.51,Budapest,Store,22,8.0,0,0.0,0,0,338.28,Active,0
308173,2026-06-30,2025-12-25,52,81304.06,South,Store,6,6.0,1,0.0,0,0,250.14,Active,0
308564,2026-06-30,2025-07-25,51,28702.15,North,Store,11,11.0,3,117.93,0,0,203.71,Loyal,0
305871,2026-06-30,2024-05-12,18,65454.59,North,Mobile,26,9.0,6,402.64,0,0,235.88,Active,0
306507,2026-06-30,2025-04-23,44,24523.18,West,Mobile,14,9.0,1,49.85,0,0,197.91,Active,0
302798,2026-06-30,2024-05-20,29,23316.38,Budapest,Mobile,25,9.0,2,186.76,1,0,249.39,Active,0
300919,2026-06-30,2025-06-03,31,16189.29,South,Mobile,13,8.0,1,60.91,0,0,197.53,Loyal,0
301647,2026-06-30,2024-06-01,33,43516.06,East,Web,25,5.0,2,171.92,0,1,226.28,Active,0
305123,2026-06-30,2025-07-09,51,58160.36,South,Store,12,6.0,1,138.62,0,0,202.43,Active,0
305127,2026-06-30,2025-11-10,46,61931.49,Budapest,Web,8,8.0,1,86.0,0,0,187.79,Active,0
304622,2026-06-30,2024-11-15,38,17556.8,Budapest,Store,19,8.0,1,63.55,0,0,249.85,Active,0
306810,2026-06-30,2024-06-26,34,44920.95,East,Web,24,8.0,2,108.08,0,0,180.5,Active,0
300365,2026-06-30,2025-09-04,27,31387.89,Budapest,Web,10,6.0,0,0.0,0,0,122.6,Loyal,0
302126,2026-06-30,2024-10-08,37,53124.58,South,Mobile,21,12.0,1,25.04,0,0,244.07,Active,0
308151,2026-06-30,2025-05-09,46,54543.7,North,Store,14,7.0,1,75.46,0,0,272.39,Loyal,0
300056,2026-06-30,2024-05-23,32,17695.6,Budapest,Web,25,11.0,2,108.31,0,0,141.64,Active,0
300639,2026-06-30,2025-11-23,43,19647.08,North,Store,7,5.0,0,16.94,0,0,192.82,Loyal,0
300303,2026-06-30,2024-01-25,19,44004.3,North,Web,29,5.0,0,0.0,0,0,200.23,Loyal,0
305812,2026-06-30,2024-08-22,36,35737.01,Budapest,Mobile,22,6.0,2,156.34,0,0,204.39,Active,0
301277,2026-06-30,2025-03-25,48,21915.61,East,Mobile,15,9.0,2,141.22,0,0,160.23,Active,0
304433,2026-06-30,2025-06-19,28,72403.3,Budapest,Web,12,6.0,2,109.12,0,0,183.95,Active,0
303645,2026-06-30,2025-12-24,38,69931.68,Budapest,Mobile,6,4.0,0,0.0,0,0,200.78,Active,0
304144,2026-06-30,2025-02-04,56,42859.89,South,Mobile,17,10.0,1,26.61,0,0,146.98,Active,0
302879,2026-06-30,2024-05-21,30,21285.72,West,Mobile,25,10.0,0,44.76,0,0,104.06,Active,0
306494,2026-06-30,2024-10-24,35,20088.72,West,Mobile,20,5.0,1,111.83,1,1,0.0,At Risk,1
305241,2026-06-30,2025-08-14,29,18348.79,West,Web,11,10.0,3,263.54,0,0,130.9,Active,0
308551,2026-06-30,2024-10-23,32,44403.88,East,Web,20,9.0,4,160.21,0,0,115.23,Active,0
306938,2026-06-30,2024-05-08,45,71018.83,Budapest,Web,26,9.0,3,151.34,0,0,156.34,Active,0
307241,2026-06-30,2024-06-09,57,29756.4,West,Store,25,6.0,2,146.21,0,0,227.82,Active,0
302594,2026-06-30,2025-10-29,53,72366.37,Budapest,Mobile,8,4.0,0,0.2,0,0,255.78,Active,0
302394,2026-06-30,2025-06-22,44,15852.56,East,Mobile,12,3.0,4,345.09,0,0,245.4,Loyal,0
300524,2026-06-30,2025-08-29,41,43172.51,Budapest,Mobile,10,9.0,3,161.38,0,0,209.33,Active,0
306377,2026-06-30,2025-10-16,43,30151.21,East,Web,8,3.0,3,264.35,0,0,112.09,Active,0
306982,2026-06-30,2024-09-10,24,46250.23,Budapest,Web,22,7.0,1,66.53,0,0,227.04,Active,0
306678,2026-06-30,2024-03-30,46,15000.0,East,Mobile,27,9.0,2,114.49,0,0,235.49,Active,0
303901,2026-06-30,2024-06-19,38,33977.32,North,Web,24,14.0,3,204.09,0,0,192.61,Loyal,0
308754,2026-06-30,2024-11-16,48,29264.83,Budapest,Web,19,7.0,2,231.09,0,0,201.23,Active,0
305586,2026-06-30,2024-12-16,30,55522.37,West,Mobile,18,10.0,2,51.85,0,0,260.32,Active,0
308507,2026-06-30,2024-06-17,33,46066.04,South,Mobile,24,5.0,1,59.43,0,0,121.41,Active,0
307957,2026-06-30,2025-08-13,36,39576.14,North,Store,11,8.0,1,117.51,0,0,252.82,Loyal,0
307571,2026-06-30,2025-07-27,32,45191.5,Budapest,Mobile,11,8.0,1,82.89,0,0,206.83,Active,0
306778,2026-06-30,2024-08-17,31,62616.54,Budapest,Web,22,6.0,4,191.84,1,0,143.68,Active,0
300672,2026-06-30,2024-01-09,46,36704.07,West,Store,30,7.0,2,143.75,0,0,260.31,Loyal,0
304189,2026-06-30,2024-02-22,57,41541.24,Budapest,Mobile,28,9.0,4,229.26,0,0,221.21,Active,0
300667,2026-06-30,2024-12-08,73,57076.8,South,Web,19,5.0,5,433.54,0,0,173.53,Loyal,0
303267,2026-06-30,2025-07-29,32,30868.75,North,Mobile,11,9.0,2,89.63,0,0,146.17,Loyal,0
301888,2026-06-30,2024-04-22,55,78597.0,Budapest,Web,26,3.0,2,82.98,0,0,212.0,Active,0
307688,2026-06-30,2024-04-14,52,54112.31,East,Web,27,10.0,0,41.1,0,0,225.68,Active,0
306032,2026-06-30,2025-05-11,54,32654.21,West,Web,14,9.0,1,92.85,0,0,234.74,Active,0
306091,2026-06-30,2025-05-21,35,22290.89,Budapest,Mobile,13,9.0,1,69.83,0,0,198.17,Loyal,0
306239,2026-06-30,2024-10-12,38,31022.65,East,Web,21,4.0,0,0.0,0,0,238.38,Active,0
307351,2026-06-30,2024-01-29,41,22060.01,East,Mobile,29,6.0,0,19.35,0,0,211.89,Loyal,0
307831,2026-06-30,2024-03-21,39,24221.45,East,Web,27,10.0,0,0.0,0,0,142.34,Active,0
300761,2026-06-30,2024-11-22,36,24479.73,North,Web,19,12.0,2,111.84,0,0,196.99,Loyal,0
306255,2026-06-30,2024-09-21,38,44613.04,South,Store,21,6.0,2,111.61,0,0,167.43,Loyal,0
301907,2026-06-30,2024-01-13,34,44521.79,South,Mobile,30,6.0,0,43.18,1,0,299.4,Loyal,0
303819,2026-06-30,2025-01-23,38,41104.02,West,Store,17,9.0,2,118.96,0,0,272.02,Loyal,0
306270,2026-06-30,2024-02-23,31,39963.57,Budapest,Store,28,7.0,2,203.94,0,0,235.0,Active,0
304301,2026-06-30,2024-01-27,38,19381.23,Budapest,Web,29,10.0,3,216.25,0,0,140.35,Active,0
305570,2026-06-30,2024-08-12,23,39430.73,South,Mobile,23,8.0,1,39.86,0,0,217.1,Loyal,0
307942,2026-06-30,2024-08-29,39,27981.27,North,Store,22,10.0,3,232.55,0,0,186.98,Loyal,0
304165,2026-06-30,2025-09-03,18,38735.84,North,Store,10,6.0,1,11.0,0,0,117.55,Loyal,0
305972,2026-06-30,2025-12-10,43,27831.76,North,Web,7,9.0,2,153.77,0,0,173.58,Loyal,0
303580,2026-06-30,2024-09-28,70,51990.14,Budapest,Mobile,21,7.0,3,220.61,0,0,145.99,Loyal,0
302833,2026-06-30,2025-08-24,60,25456.04,Budapest,Web,10,8.0,1,23.89,0,0,145.36,Active,0
305450,2026-06-30,2025-04-04,43,19662.24,South,Web,15,7.0,2,85.43,0,0,284.57,Active,0
303473,2026-06-30,2025-10-05,33,53922.5,Budapest,Web,9,11.0,1,112.47,0,0,285.91,Active,0
306328,2026-06-30,2024-02-17,29,59061.45,Budapest,Mobile,28,11.0,2,117.89,0,0,45.28,Active,0
300138,2026-06-30,2024-06-13,29,57037.27,South,Web,25,5.0,1,57.14,0,0,169.98,Active,0
307044,2026-06-30,2025-09-04,35,28768.03,Budapest,Mobile,10,5.0,1,54.39,0,0,190.76,Active,0
304893,2026-06-30,2024-12-29,44,51656.56,Budapest,Mobile,18,4.0,2,233.06,0,0,241.13,Active,0
302181,2026-06-30,2025-10-27,47,67885.2,South,Web,8,7.0,0,0.0,0,0,179.66,Active,0
307731,2026-06-30,2024-09-09,71,67953.78,West,Web,22,12.0,1,50.59,0,0,200.05,Active,0
303178,2026-06-30,2024-09-21,31,42488.87,Budapest,Store,21,10.0,2,50.74,0,0,213.05,Active,0
304855,2026-06-30,2025-07-21,37,,Budapest,Mobile,11,9.0,2,103.4,0,0,291.4,Loyal,0
304638,2026-06-30,2025-05-11,47,40466.58,Budapest,Web,14,8.0,2,164.76,0,0,154.67,Loyal,0
305116,2026-06-30,2024-04-22,38,15000.0,Budapest,Mobile,26,7.0,2,155.75,1,1,36.67,At Risk,1
307649,2026-06-30,2024-04-14,44,15000.0,North,Web,27,5.0,3,181.7,0,0,162.84,Loyal,0
304262,2026-06-30,2024-12-04,58,15000.0,East,Store,19,11.0,1,107.32,0,0,239.0,Loyal,0
301332,2026-06-30,2024-12-10,50,50583.71,East,Web,19,4.0,1,30.97,0,0,98.7,Active,0
307003,2026-06-30,2025-07-20,36,77511.03,North,Web,11,7.0,1,70.93,0,0,166.41,Active,0
306942,2026-06-30,2025-10-06,39,27949.41,East,Web,9,5.0,1,67.32,0,0,207.95,Loyal,0
308018,2026-06-30,2025-10-19,25,40661.8,North,Mobile,8,3.0,0,13.72,0,0,134.87,Loyal,0
306242,2026-06-30,2025-08-20,39,78902.9,East,Web,10,9.0,2,18.29,0,0,145.17,Active,0
306840,2026-06-30,2024-01-04,51,27243.39,Budapest,Web,30,11.0,3,119.89,0,0,153.31,Active,0
306882,2026-06-30,2025-09-13,47,54131.95,South,Mobile,10,15.0,4,324.65,0,0,257.65,Loyal,0
304531,2026-06-30,2025-10-18,27,46142.18,North,Web,8,5.0,0,0.0,0,0,171.61,Active,0
304674,2026-06-30,2024-04-27,42,20552.82,Budapest,Web,26,4.0,1,65.41,0,0,155.78,Active,0
306997,2026-06-30,2024-05-15,41,70270.61,South,Mobile,25,9.0,2,80.2,0,0,227.45,Active,0
301253,2026-06-30,2024-02-02,44,25385.76,Budapest,Web,29,10.0,1,92.89,0,0,213.17,Loyal,0
303375,2026-06-30,2025-10-25,45,45204.98,South,Web,8,7.0,0,15.71,0,0,160.83,Active,0
302815,2026-06-30,2025-11-25,49,42348.4,North,Mobile,7,10.0,1,52.07,0,0,155.49,Active,0
304720,2026-06-30,2024-11-14,46,25911.63,Budapest,Store,19,7.0,2,178.28,0,0,112.39,Active,0
306545,2026-06-30,2025-01-10,45,100907.81,Budapest,Store,18,11.0,2,172.36,0,0,181.16,Loyal,0
304859,2026-06-30,2025-05-24,29,24519.86,Budapest,Store,13,10.0,1,57.75,0,0,275.19,Active,0
307902,2026-06-30,2025-02-14,48,42050.04,West,Mobile,16,10.0,1,91.92,0,0,227.43,Active,0
308428,2026-06-30,2025-03-19,21,23822.44,East,Web,15,5.0,0,61.83,0,0,122.52,Active,0
301078,2026-06-30,2025-06-12,30,28276.03,East,Store,13,5.0,2,101.56,0,0,179.99,Active,0
304364,2026-06-30,2024-06-04,52,18324.25,South,Store,25,8.0,1,82.16,0,0,219.97,Loyal,0
300771,2026-06-30,2025-05-09,18,59792.76,Budapest,Store,14,6.0,1,41.17,0,0,181.33,Active,0
300250,2026-06-30,2025-12-14,46,30107.11,Budapest,Mobile,7,6.0,0,22.31,0,0,230.6,Active,0
307240,2026-06-30,2024-07-31,22,53785.77,West,Web,23,10.0,0,14.88,0,0,244.78,Active,0
303420,2026-06-30,2025-12-19,38,23175.4,South,Store,6,5.0,0,18.2,0,0,202.7,Active,0
304977,2026-06-30,2024-11-28,55,28059.34,East,Web,19,4.0,0,3.47,0,0,201.88,Active,0
304545,2026-06-30,2025-02-22,43,26622.33,Budapest,Web,16,6.0,1,80.7,1,1,54.0,At Risk,1
305566,2026-06-30,2025-04-18,35,15000.0,Budapest,Store,14,10.0,2,6.11,0,0,231.75,Active,0
307940,2026-06-30,2024-07-04,34,22503.74,West,Web,24,6.0,2,89.05,0,0,241.24,Active,0
300717,2026-06-30,2024-04-12,35,22173.28,East,Store,27,6.0,2,74.49,0,0,159.68,Loyal,0
308770,2026-06-30,2024-06-19,45,23240.5,East,Web,24,7.0,1,107.03,0,0,218.12,Loyal,0
302049,2026-06-30,2024-12-31,44,83645.41,West,Web,18,8.0,1,18.43,0,0,230.4,Active,0
305998,2026-06-30,2025-01-20,26,45612.16,West,Mobile,17,7.0,1,120.67,0,0,283.8,Active,0
306601,2026-06-30,2024-07-09,54,51703.4,North,Web,24,11.0,2,165.04,0,0,253.28,Active,0
307246,2026-06-30,2025-01-12,50,24050.48,Budapest,Mobile,18,11.0,2,198.69,0,0,147.2,Active,0
304179,2026-06-30,2025-11-09,41,15000.0,West,Web,8,8.0,1,38.49,0,0,215.34,Active,0
304810,2026-06-30,2025-12-01,38,32796.18,South,Web,7,6.0,3,194.19,0,0,118.36,Active,0
308615,2026-06-30,2025-04-18,32,15000.0,West,Mobile,14,12.0,0,2.53,0,0,169.73,Active,0
307141,2026-06-30,2024-12-28,43,38672.23,West,Mobile,18,5.0,0,0.0,0,0,195.54,Active,0
307191,2026-06-30,2024-08-19,40,67513.23,South,Store,22,8.0,1,53.94,1,0,274.35,Loyal,0
301461,2026-06-30,2024-09-13,39,39251.45,South,Web,22,7.0,1,40.87,0,0,174.03,Active,0
305990,2026-06-30,2025-10-13,48,52741.36,Budapest,Web,9,6.0,0,0.0,0,0,242.13,Active,0
302001,2026-06-30,2024-05-28,37,24906.64,North,Mobile,25,9.0,1,126.15,1,0,256.64,Active,0
308176,2026-06-30,2025-02-20,39,57880.36,Budapest,Mobile,16,7.0,1,58.96,0,0,161.73,Loyal,0
300405,2026-06-30,2025-05-20,47,37404.89,North,Mobile,13,5.0,1,78.18,0,0,223.09,Active,0
300385,2026-06-30,2024-03-16,43,46047.14,Budapest,Mobile,27,12.0,2,141.52,0,0,182.86,Loyal,0
308620,2026-06-30,2025-08-18,32,23614.45,West,Store,10,11.0,1,45.35,0,0,223.45,Active,0
301634,2026-06-30,2024-01-18,47,19775.8,Budapest,Web,29,7.0,2,85.51,1,0,17.12,At Risk,1
308683,2026-06-30,2024-04-19,41,15000.0,Budapest,Store,26,11.0,3,144.78,0,0,194.04,Loyal,0
304785,2026-06-30,2024-03-05,46,40532.89,Budapest,Mobile,28,9.0,3,147.84,0,0,191.19,Active,0
308591,2026-06-30,2024-04-22,59,29216.27,West,Web,26,10.0,3,133.98,0,0,196.51,Active,0
306971,2026-06-30,2024-02-04,18,31308.01,West,Mobile,29,10.0,4,67.12,1,0,242.27,Active,0
303926,2026-06-30,2024-07-21,42,24337.98,Budapest,Web,23,10.0,1,90.95,0,0,172.74,Active,0
304159,2026-06-30,2024-08-19,28,15000.0,Budapest,Store,22,8.0,2,134.18,0,0,164.82,Active,0
307450,2026-06-30,2024-06-04,32,32933.43,North,Web,25,6.0,3,184.81,0,0,197.15,Loyal,0
308416,2026-06-30,2025-07-06,33,39126.52,West,Mobile,12,7.0,1,100.16,0,0,114.78,Active,0
302194,2026-06-30,2024-06-10,32,15000.0,North,Web,25,,0,0.0,0,0,243.21,Active,0
301016,2026-06-30,2024-11-14,39,15000.0,West,Mobile,19,3.0,1,46.3,0,0,118.02,Loyal,0
305125,2026-06-30,2025-11-14,61,48032.19,West,Web,7,10.0,2,147.57,0,0,246.22,Active,0
307419,2026-06-30,2024-03-21,50,19109.41,West,Web,27,11.0,0,15.99,0,0,185.97,Active,0
307410,2026-06-30,2025-10-17,44,16434.64,North,Web,8,7.0,2,113.05,0,0,145.6,Active,0
302872,2026-06-30,2025-02-07,46,61835.22,West,Web,17,6.0,1,32.6,0,0,224.68,Active,0
300010,2026-06-30,2024-03-09,24,24841.02,East,Web,28,8.0,3,278.71,0,0,96.15,Loyal,0
301839,2026-06-30,2025-02-23,18,40547.02,West,Web,16,6.0,2,204.42,1,0,235.85,Active,0
304805,2026-06-30,2025-10-16,39,20708.55,East,Mobile,8,9.0,1,161.74,1,0,0.0,At Risk,1
300256,2026-06-30,2025-07-12,40,39867.86,East,Mobile,12,4.0,1,114.52,0,0,180.19,Loyal,0
307027,2026-06-30,2024-05-28,44,18781.16,East,Store,25,12.0,1,61.07,0,0,303.85,Active,0
305714,2026-06-30,2024-01-07,43,25878.04,Budapest,Mobile,30,10.0,2,202.03,0,0,153.01,Active,0
303325,2026-06-30,2025-03-19,53,32317.89,South,Store,15,6.0,1,55.43,0,0,156.57,Active,0
307715,2026-06-30,2025-10-24,44,17948.93,Budapest,Web,8,7.0,0,15.66,0,0,171.5,Active,0
301582,2026-06-30,2025-01-04,60,34864.81,Budapest,Web,18,7.0,1,57.97,0,0,248.75,Loyal,0
300925,2026-06-30,2025-08-06,30,37543.24,North,Web,11,5.0,2,125.08,0,0,154.03,Loyal,0
302780,2026-06-30,2024-07-24,54,80334.53,East,Web,23,5.0,1,38.4,0,0,252.66,Active,0
307892,2026-06-30,2024-08-22,39,37203.62,Budapest,Web,22,8.0,2,97.8,0,0,306.21,Active,0
306133,2026-06-30,2025-08-22,38,29436.48,Budapest,Mobile,10,5.0,2,139.51,0,0,178.72,Active,0
305321,2026-06-30,2025-02-24,43,51198.98,North,Store,16,9.0,1,86.08,0,0,220.41,Loyal,0
307313,2026-06-30,2025-07-08,35,16418.14,North,Web,12,6.0,2,180.82,0,1,206.8,Loyal,0
307103,2026-06-30,2025-11-23,46,18803.16,Budapest,Mobile,7,12.0,0,0.0,0,0,169.8,Active,0
306043,2026-06-30,2025-04-26,39,170286.65,East,Mobile,14,10.0,1,34.18,0,0,179.94,Active,0
303776,2026-06-30,2024-05-23,32,19736.88,East,Web,25,7.0,1,114.05,0,0,178.47,Loyal,0
304836,2026-06-30,2025-06-29,47,40413.25,East,Web,12,12.0,2,81.44,0,0,248.88,Active,0
304965,2026-06-30,2024-07-27,44,15000.0,South,Web,23,16.0,2,120.74,0,0,150.74,Active,0
300540,2026-06-30,2025-10-01,57,27029.45,North,Web,9,4.0,1,115.72,0,0,187.69,Active,0
307484,2026-06-30,2024-01-26,34,22483.17,Budapest,Mobile,29,16.0,1,82.78,0,0,246.86,Active,0
302746,2026-06-30,2024-01-26,40,24533.33,East,Web,29,7.0,1,71.17,0,0,102.77,Active,0
303720,2026-06-30,2025-02-16,56,25157.82,North,Web,16,4.0,2,221.32,0,0,250.1,Active,0
306820,2026-06-30,2025-04-18,47,16858.68,South,Web,14,8.0,1,0.0,0,1,11.74,At Risk,1
304469,2026-06-30,2025-10-23,38,77441.31,North,Store,8,5.0,1,98.61,0,0,185.97,Loyal,0
300668,2026-06-30,2025-03-24,20,60293.61,West,Mobile,15,6.0,3,150.6,0,0,118.74,Active,0
307576,2026-06-30,2024-08-22,39,29715.2,West,Mobile,22,7.0,1,100.82,0,0,133.98,Active,0
305064,2026-06-30,2025-06-09,34,96191.42,South,Mobile,13,5.0,1,38.68,0,0,235.89,Active,0
301354,2026-06-30,2025-06-08,34,27786.03,Budapest,Web,13,5.0,1,31.25,0,0,213.54,Active,0
307115,2026-06-30,2024-02-01,49,16972.26,East,Web,29,7.0,1,48.74,0,0,224.66,Loyal,0
308882,2026-06-30,2024-02-08,41,31484.65,Budapest,Mobile,29,6.0,1,89.63,0,0,160.98,Active,0
302704,2026-06-30,2025-01-02,50,77108.15,North,Mobile,18,9.0,2,101.57,0,0,188.73,Active,0
303331,2026-06-30,2025-10-01,41,59689.51,North,Store,9,7.0,0,0.0,1,1,129.41,At Risk,1
308054,2026-06-30,2024-07-16,42,15000.0,West,Mobile,23,4.0,1,104.98,0,0,246.0,Active,0
303585,2026-06-30,2024-12-16,33,44173.4,East,Web,18,4.0,2,139.97,0,0,139.3,Active,0
308580,2026-06-30,2025-06-16,32,,West,Mobile,12,13.0,3,220.61,0,0,213.08,Active,0
305646,2026-06-30,2025-11-02,31,78193.42,Budapest,Mobile,8,3.0,0,0.0,0,0,184.79,Active,0
303377,2026-06-30,2025-01-04,38,89680.92,East,Store,18,12.0,0,0.0,0,0,230.76,Loyal,0
301257,2026-06-30,2025-04-30,26,50126.18,North,Web,14,9.0,1,36.13,0,0,150.23,Active,0
306191,2026-06-30,2024-09-19,37,22294.33,South,Store,21,5.0,2,109.4,0,0,263.19,Active,0
305349,2026-06-30,2025-02-11,39,33880.6,East,Mobile,17,13.0,0,4.7,1,0,107.32,Active,0
304176,2026-06-30,2025-06-15,47,50504.7,West,Web,12,5.0,0,15.75,0,0,158.78,Active,0
304911,2026-06-30,2025-10-16,42,79440.13,South,Web,8,5.0,0,0.0,0,0,194.17,Loyal,0
301853,2026-06-30,2025-08-24,28,68328.63,North,Store,10,9.0,0,0.0,0,0,198.19,Active,0
306317,2026-06-30,2025-05-22,38,42324.23,East,Web,13,8.0,2,51.82,0,0,144.09,Active,0
308957,2026-06-30,2024-06-27,42,41261.07,East,Web,24,3.0,2,152.69,0,0,171.85,Active,0
302106,2026-06-30,2025-09-10,39,44974.36,West,Web,10,7.0,2,64.95,0,0,91.32,Active,0
300134,2026-06-30,2024-03-19,33,73803.19,South,Mobile,27,12.0,1,83.92,0,0,297.58,Active,0
305030,2026-06-30,2024-04-04,42,32863.9,Budapest,Web,27,7.0,3,354.16,0,0,231.87,Active,0
300929,2026-06-30,2024-11-14,61,22766.89,Budapest,Web,19,5.0,1,126.6,0,0,303.15,Active,0
300824,2026-06-30,2025-11-10,36,25246.57,Budapest,Web,8,5.0,2,169.43,0,0,160.44,Active,0
307577,2026-06-30,2025-11-18,55,47772.99,South,Store,7,8.0,2,176.49,0,0,257.42,Active,0
301532,2026-06-30,2024-07-05,25,41294.51,Budapest,Store,24,7.0,0,0.0,0,0,200.85,Active,0
301215,2026-06-30,2025-09-02,29,42569.94,East,Mobile,10,10.0,1,65.4,0,0,134.93,Active,0
300505,2026-06-30,2024-11-06,51,28118.6,North,Mobile,20,13.0,0,0.0,0,0,228.92,Loyal,0
306531,2026-06-30,2024-09-24,45,47616.2,South,Mobile,21,6.0,0,0.0,0,0,161.9,Loyal,0
303073,2026-06-30,2024-05-29,41,30726.65,South,Store,25,12.0,5,91.56,0,0,187.79,Active,0
306620,2026-06-30,2025-01-31,64,21753.33,East,Web,17,9.0,2,176.17,0,0,278.97,Active,0
303710,2026-06-30,2025-01-31,37,67088.35,Budapest,Web,17,7.0,0,32.96,0,0,178.13,Active,0
304850,2026-06-30,2024-12-25,49,28971.89,West,Mobile,18,10.0,2,55.69,0,0,246.04,Loyal,0
304749,2026-06-30,2024-06-21,46,48476.58,North,Web,24,10.0,0,14.5,0,0,181.69,Loyal,0
304269,2026-06-30,2024-11-17,61,62812.32,South,Mobile,19,5.0,1,12.27,0,0,243.46,Loyal,0
308980,2026-06-30,2025-10-27,28,15598.92,Budapest,Mobile,8,6.0,0,15.56,0,0,190.97,Loyal,0
304187,2026-06-30,2024-12-24,52,39986.86,South,Store,18,9.0,0,0.0,0,0,158.28,Active,0
305302,2026-06-30,2024-06-29,55,15000.0,Budapest,Web,24,10.0,1,89.66,0,0,310.99,Active,0
302924,2026-06-30,2025-11-14,38,39339.36,East,Web,7,13.0,3,143.8,0,0,180.69,Active,0
306589,2026-06-30,2025-07-03,33,49255.69,Budapest,Web,12,10.0,1,123.78,0,0,142.55,Active,0
301811,2026-06-30,2025-11-20,34,46831.72,North,Web,7,5.0,2,147.9,0,0,206.75,Loyal,0
303487,2026-06-30,2024-10-06,28,20030.54,Budapest,Mobile,21,5.0,1,90.12,0,0,81.35,Active,0
307420,2026-06-30,2024-10-30,59,15000.0,Budapest,Web,20,9.0,1,38.81,0,0,258.81,Active,0
303142,2026-06-30,2024-08-25,33,15000.0,East,Web,22,4.0,0,5.45,0,0,50.61,At Risk,1
301325,2026-06-30,2024-12-18,46,19092.38,South,Mobile,18,3.0,0,22.75,0,0,205.63,Active,0
304313,2026-06-30,2024-05-29,40,50632.73,North,Web,25,7.0,2,209.91,0,0,169.79,Active,0
307495,2026-06-30,2024-06-25,54,21444.54,East,Web,24,10.0,2,183.63,0,0,249.01,Active,0
308636,2026-06-30,2025-01-30,32,27046.1,South,Web,17,7.0,2,109.62,0,0,168.47,Loyal,0
305542,2026-06-30,2025-12-12,24,21467.19,West,Web,7,9.0,0,28.83,0,0,246.52,Active,0
306173,2026-06-30,2025-12-10,37,38484.94,Budapest,Web,7,9.0,1,62.55,0,0,191.75,Active,0
301541,2026-06-30,2024-09-27,45,62320.9,Budapest,Mobile,21,8.0,3,241.16,0,0,165.51,Active,0
302682,2026-06-30,2024-12-22,60,42174.05,North,Mobile,18,5.0,1,75.5,0,0,227.23,Active,0
308984,2026-06-30,2024-01-13,46,26477.95,Budapest,Mobile,30,10.0,0,21.4,0,0,100.2,Active,0
306314,2026-06-30,2024-09-16,51,42989.82,East,Mobile,21,13.0,2,124.09,0,1,143.81,Active,0
301192,2026-06-30,2025-09-27,35,57903.54,Budapest,Web,9,8.0,2,49.7,0,0,197.2,Active,0
305294,2026-06-30,2024-06-15,41,158212.58,North,Web,24,4.0,2,201.92,0,0,199.39,Loyal,0
301543,2026-06-30,2024-08-17,40,67989.67,North,Web,22,5.0,2,124.57,0,0,244.29,Active,0
307057,2026-06-30,2024-04-08,20,43039.95,Budapest,Mobile,27,12.0,2,114.94,0,0,185.43,Active,0
302540,2026-06-30,2025-01-23,44,55456.87,West,Mobile,17,13.0,1,26.79,0,0,260.71,Active,0
300954,2026-06-30,2025-04-13,44,23039.62,South,Web,15,6.0,1,105.65,0,0,214.48,Active,0
307242,2026-06-30,2025-09-24,47,24854.39,Budapest,Store,9,12.0,1,72.79,1,1,11.54,At Risk,1
306732,2026-06-30,2024-06-15,30,47509.88,North,Store,24,10.0,0,13.67,0,0,150.45,Loyal,0
304847,2026-06-30,2024-10-20,18,16452.14,West,Web,20,6.0,0,0.0,0,0,173.41,Active,0
306802,2026-06-30,2025-04-19,47,19019.1,Budapest,Web,14,11.0,1,95.73,0,0,142.45,Active,0
308011,2026-06-30,2025-01-20,59,31196.14,South,Store,17,10.0,2,147.47,0,0,130.87,Active,0
304331,2026-06-30,2024-07-21,39,26741.09,East,Store,23,14.0,0,14.32,0,0,342.28,Active,0
305335,2026-06-30,2025-10-18,53,49635.89,West,Mobile,8,11.0,0,0.0,0,0,294.97,Loyal,0
307331,2026-06-30,2025-11-04,39,27752.12,South,Store,8,3.0,2,201.39,1,0,251.36,Active,0
304730,2026-06-30,2024-05-10,39,32533.74,Budapest,Web,26,10.0,1,22.16,0,0,281.55,Active,0
306542,2026-06-30,2024-03-21,32,62594.02,North,Web,27,3.0,1,81.67,0,0,226.68,Loyal,0
305306,2026-06-30,2025-09-25,46,20588.91,East,Mobile,9,2.0,1,21.61,0,0,216.96,Active,0
305162,2026-06-30,2024-05-18,41,42793.04,East,Web,25,12.0,0,43.07,0,0,85.99,Active,0
307861,2026-06-30,2024-12-21,39,15000.0,West,Web,18,,3,175.57,0,0,177.93,Active,0
302157,2026-06-30,2024-07-16,18,15833.8,Budapest,Web,23,9.0,1,22.77,0,0,123.76,Active,0
301063,2026-06-30,2025-01-23,43,24357.77,West,Web,17,5.0,1,63.76,0,0,207.6,Active,0
301168,2026-06-30,2024-04-08,55,23299.22,East,Web,27,7.0,1,70.7,0,0,154.16,Active,0
303637,2026-06-30,2024-10-17,54,48449.37,Budapest,Mobile,20,5.0,1,54.58,0,0,173.18,Active,0
307652,2026-06-30,2025-05-09,37,25683.52,West,Web,14,9.0,1,147.94,0,0,95.54,Active,0
305589,2026-06-30,2025-11-30,42,30883.17,Budapest,Web,7,12.0,1,65.23,0,0,250.86,Loyal,0
307193,2026-06-30,2024-12-30,57,96143.39,Budapest,Store,18,10.0,1,82.11,0,0,135.25,Active,0
304492,2026-06-30,2025-04-21,37,35416.06,West,Store,14,10.0,0,30.4,0,0,134.48,Loyal,0
307267,2026-06-30,2025-09-24,45,22524.33,East,Web,9,,2,139.51,0,0,229.02,Active,0
304981,2026-06-30,2025-01-12,47,39221.91,East,Store,18,9.0,3,306.02,0,0,183.49,Active,0
308336,2026-06-30,2025-10-22,56,44645.9,West,Mobile,8,2.0,3,225.27,0,0,166.78,Active,0
304438,2026-06-30,2024-04-08,22,19638.1,Budapest,Mobile,27,10.0,2,153.78,0,0,155.68,Active,0
304947,2026-06-30,2024-05-17,49,43127.65,Budapest,Mobile,25,,0,26.17,0,0,257.37,Loyal,0
302783,2026-06-30,2024-12-15,41,36103.78,Budapest,Web,18,6.0,0,11.12,0,0,254.38,Active,0
300718,2026-06-30,2025-05-18,61,28622.0,Budapest,Web,13,5.0,1,83.4,0,0,103.7,Active,0
302503,2026-06-30,2025-10-20,51,16301.82,South,Mobile,8,7.0,6,410.98,0,0,65.24,Loyal,0
304361,2026-06-30,2024-05-11,66,20827.49,North,Store,26,15.0,2,129.47,0,1,202.31,Active,0
304172,2026-06-30,2025-01-31,19,39819.0,Budapest,Web,17,3.0,1,47.84,1,0,244.25,Active,0
308083,2026-06-30,2025-10-23,41,34254.59,Budapest,Web,8,9.0,3,204.2,0,1,24.54,At Risk,1
308870,2026-06-30,2024-11-29,29,67565.29,Budapest,Mobile,19,11.0,2,107.85,0,0,220.12,Loyal,0
300396,2026-06-30,2024-07-12,49,24178.09,South,Web,24,7.0,1,0.12,0,0,193.9,Active,0
307187,2026-06-30,2025-03-06,47,38435.57,North,Web,16,3.0,1,0.0,0,0,195.19,Active,0
308928,2026-06-30,2024-07-12,29,50080.2,South,Store,24,7.0,2,115.41,0,0,185.17,Active,0
304493,2026-06-30,2024-03-24,53,66792.58,Budapest,Store,27,4.0,0,21.48,0,0,166.12,Active,0
301366,2026-06-30,2024-05-03,49,17666.56,Budapest,Web,26,7.0,1,86.29,0,0,197.22,Loyal,0
308657,2026-06-30,2024-03-22,63,123256.96,West,Store,27,12.0,1,73.83,0,0,217.97,Active,0
305918,2026-06-30,2025-04-01,41,33448.32,West,Web,15,11.0,1,17.12,0,0,197.98,Active,0
304969,2026-06-30,2025-06-21,64,73297.11,Budapest,Web,12,8.0,2,125.92,0,0,236.5,Loyal,0
302915,2026-06-30,2024-03-14,29,24742.2,South,Web,28,6.0,3,267.2,0,0,288.46,Active,0
305645,2026-06-30,2025-03-06,29,31374.89,West,Store,16,8.0,2,168.67,0,0,237.56,Active,0
303767,2026-06-30,2024-03-15,40,32889.59,West,Mobile,27,9.0,2,207.15,0,0,201.46,Active,0
303441,2026-06-30,2025-06-28,42,53519.23,South,Web,12,10.0,0,0.0,0,0,199.97,Loyal,0
307358,2026-06-30,2024-08-22,37,19524.29,North,Web,22,11.0,0,0.0,0,0,162.97,Active,0
306807,2026-06-30,2025-06-17,50,30442.62,Budapest,Store,12,7.0,1,109.75,0,0,244.14,Active,0
302144,2026-06-30,2024-10-19,50,29842.87,South,Mobile,20,10.0,0,2.86,0,0,265.93,Active,0
305105,2026-06-30,2025-07-19,32,36902.2,Budapest,Mobile,11,3.0,2,72.93,0,0,176.65,Loyal,0
305074,2026-06-30,2024-01-01,21,15000.0,East,Web,30,8.0,2,103.27,0,0,82.2,Loyal,0
301572,2026-06-30,2025-04-20,35,31307.35,West,Web,14,9.0,0,4.35,1,0,161.17,Loyal,0
304080,2026-06-30,2025-07-10,62,15000.0,East,Store,12,10.0,1,102.93,0,0,194.45,Active,0
301123,2026-06-30,2024-03-10,35,17938.01,East,Store,28,8.0,6,222.9,0,0,227.98,Active,0
302787,2026-06-30,2025-01-07,37,,East,Mobile,18,9.0,2,191.24,0,0,152.32,Loyal,0
302968,2026-06-30,2024-07-08,49,17627.03,East,Web,24,11.0,3,243.36,0,0,269.34,Active,0
302505,2026-06-30,2024-04-19,36,37826.31,Budapest,Mobile,26,10.0,4,253.37,0,0,195.16,Active,0
305989,2026-06-30,2024-07-30,30,100792.23,Budapest,Web,23,8.0,1,52.8,0,0,142.55,Active,0
307165,2026-06-30,2024-09-22,37,71999.43,East,Store,21,6.0,2,146.58,0,0,235.78,Active,0
300729,2026-06-30,2025-05-13,49,41400.59,East,Web,14,8.0,1,74.6,0,0,179.67,Active,0
307588,2026-06-30,2024-04-05,52,43788.82,Budapest,Web,27,11.0,4,407.94,0,0,129.82,Active,0
307544,2026-06-30,2025-05-15,41,28740.94,Budapest,Store,14,4.0,0,0.0,0,0,279.37,Active,0
300413,2026-06-30,2025-05-21,59,22521.37,South,Mobile,13,8.0,3,260.58,0,0,203.89,Active,0
305746,2026-06-30,2025-10-12,33,33507.37,West,Web,9,9.0,2,187.57,0,0,153.97,Loyal,0
307669,2026-06-30,2024-02-02,30,36698.74,North,Mobile,29,8.0,2,133.04,0,0,247.68,Active,0
300826,2026-06-30,2024-03-27,33,27759.36,Budapest,Web,27,9.0,7,498.25,1,0,259.41,Active,0
303268,2026-06-30,2025-10-09,63,59228.64,West,Web,9,10.0,0,0.0,0,0,200.61,Loyal,0
303975,2026-06-30,2024-01-19,44,27538.1,East,Web,29,4.0,2,151.65,0,0,273.22,Active,0
308307,2026-06-30,2025-11-25,55,26435.5,Budapest,Mobile,7,7.0,1,60.47,0,0,192.01,Active,0
300418,2026-06-30,2024-05-14,35,30169.43,Budapest,Store,26,4.0,1,52.48,0,0,165.07,Active,0
306749,2026-06-30,2025-12-22,65,65058.91,East,Mobile,6,6.0,1,117.8,0,0,210.49,Active,0
302083,2026-06-30,2024-02-10,30,49415.4,South,Store,29,9.0,2,128.11,0,0,223.57,Active,0
303374,2026-06-30,2024-01-27,35,54700.47,West,Web,29,4.0,1,73.69,0,0,270.62,Loyal,0
305727,2026-06-30,2025-09-18,31,16531.51,Budapest,Web,9,13.0,1,7.2,1,0,195.29,Loyal,0
304108,2026-06-30,2025-07-30,50,,West,Mobile,11,2.0,0,4.33,0,0,263.21,Active,0
304381,2026-06-30,2025-01-08,41,65496.28,East,Web,18,8.0,3,281.06,0,0,196.78,Active,0
307724,2026-06-30,2024-04-01,36,28039.7,Budapest,Store,27,8.0,1,117.95,0,1,287.6,Active,0
301067,2026-06-30,2024-01-04,39,28248.82,West,Web,30,11.0,0,0.0,1,0,242.73,Active,0
303914,2026-06-30,2024-04-26,45,25083.68,West,Web,26,8.0,1,49.74,0,0,159.43,Active,0
305537,2026-06-30,2025-07-24,23,123424.7,Budapest,Web,11,8.0,1,11.75,0,0,270.62,Active,0
308003,2026-06-30,2025-09-26,45,46374.98,South,Web,9,9.0,0,28.45,0,0,203.58,Active,0
305388,2026-06-30,2025-09-08,24,70424.61,South,Mobile,10,10.0,0,0.0,0,0,224.14,Active,0
305733,2026-06-30,2025-09-11,20,72046.97,West,Web,10,11.0,2,101.01,0,0,286.67,Active,0
302739,2026-06-30,2025-09-27,32,26171.87,West,Web,9,6.0,0,0.0,0,0,222.47,Active,0
305053,2026-06-30,2025-04-26,49,79249.85,West,Mobile,14,4.0,1,113.6,0,1,178.83,Loyal,0
304001,2026-06-30,2024-12-28,54,30692.92,West,Mobile,18,4.0,0,0.0,0,0,158.97,Active,0
302428,2026-06-30,2025-10-18,58,28026.58,South,Mobile,8,8.0,1,100.15,0,0,192.21,Active,0
306834,2026-06-30,2024-01-11,36,55868.61,Budapest,Mobile,30,6.0,1,35.61,0,0,203.46,Active,0
301688,2026-06-30,2024-03-29,56,23536.75,South,Web,27,6.0,1,103.8,0,0,295.75,Loyal,0
300852,2026-06-30,2024-09-06,40,40237.58,Budapest,Web,22,5.0,0,0.0,0,0,189.72,Active,0
306304,2026-06-30,2024-12-14,34,42363.32,Budapest,Store,18,5.0,1,21.75,0,0,93.71,Active,0
305879,2026-06-30,2025-03-22,61,28849.4,North,Web,15,13.0,1,37.46,0,0,184.6,Active,0
308528,2026-06-30,2024-10-03,31,150779.23,North,Mobile,21,6.0,1,48.22,0,0,237.18,Loyal,0
302840,2026-06-30,2025-09-21,51,47138.65,Budapest,Mobile,9,7.0,1,77.44,0,0,187.66,Active,0
304612,2026-06-30,2024-10-05,42,57946.93,South,Mobile,21,6.0,1,49.39,0,0,248.73,Loyal,0
302490,2026-06-30,2025-07-22,54,15129.93,South,Store,11,8.0,3,206.72,0,0,160.0,Active,0
306906,2026-06-30,2025-04-06,46,18662.14,Budapest,Web,15,1.0,1,91.3,0,0,200.4,Active,0
307391,2026-06-30,2025-05-01,52,28543.59,North,Web,14,9.0,0,0.0,0,0,234.89,Active,0
302850,2026-06-30,2025-01-11,25,17701.61,East,Store,18,6.0,2,117.76,0,0,109.97,Active,0
306666,2026-06-30,2025-06-09,50,18064.25,Budapest,Mobile,13,8.0,2,171.53,0,0,241.2,Active,0
305882,2026-06-30,2025-12-23,39,39070.21,North,Store,6,3.0,2,40.18,0,0,146.09,Active,0
304453,2026-06-30,2024-09-03,40,34218.85,East,Mobile,22,11.0,0,71.89,0,0,168.74,Active,0
307422,2026-06-30,2024-07-19,59,62001.19,Budapest,Store,23,10.0,2,169.01,0,0,209.02,Loyal,0
306485,2026-06-30,2024-12-30,58,23886.73,East,Store,18,5.0,1,69.36,0,0,206.81,Loyal,0
302480,2026-06-30,2025-10-03,18,42519.45,Budapest,Mobile,9,6.0,2,132.36,0,0,276.43,Active,0
306618,2026-06-30,2025-06-25,41,38591.6,West,Web,12,13.0,5,179.43,1,0,206.35,Active,0
302142,2026-06-30,2025-05-19,40,20781.22,Budapest,Web,13,7.0,1,35.59,0,0,244.05,Loyal,0
305189,2026-06-30,2024-06-15,33,30190.85,Budapest,Mobile,24,9.0,2,98.92,0,0,236.32,Loyal,0
302745,2026-06-30,2024-01-23,25,42110.99,East,Mobile,29,5.0,2,0.0,0,0,221.58,Active,0
307254,2026-06-30,2024-06-02,49,50239.66,West,Web,25,9.0,3,265.21,0,1,0.0,At Risk,1
303507,2026-06-30,2024-10-07,65,30292.69,East,Store,21,10.0,0,17.42,0,0,116.05,Active,0
301680,2026-06-30,2024-03-25,42,21342.51,Budapest,Web,27,8.0,0,26.38,0,0,204.26,Active,0
304250,2026-06-30,2024-02-14,63,15000.0,Budapest,Web,28,7.0,3,135.22,0,0,227.44,Loyal,0
303148,2026-06-30,2025-01-16,21,17750.15,North,Store,17,7.0,1,0.0,0,0,206.74,Loyal,0
308131,2026-06-30,2024-10-31,41,47824.26,West,Mobile,20,8.0,0,40.64,0,0,136.09,Active,0
307005,2026-06-30,2024-07-03,36,29456.21,North,Mobile,24,5.0,2,161.67,1,1,0.0,At Risk,1
300581,2026-06-30,2024-05-31,53,29839.26,Budapest,Store,25,9.0,0,0.0,0,0,274.4,Active,0
304071,2026-06-30,2024-02-28,36,27305.09,Budapest,Mobile,28,7.0,3,185.54,0,0,201.49,Active,0
303344,2026-06-30,2024-02-12,55,30674.76,East,Web,29,9.0,1,33.34,0,0,225.45,Active,0
307405,2026-06-30,2024-10-08,58,54351.7,North,Web,21,6.0,0,3.06,0,0,164.71,Active,0
303673,2026-06-30,2025-03-06,46,34396.23,Budapest,Web,16,6.0,0,0.0,0,0,287.13,Active,0
300560,2026-06-30,2024-09-01,37,33492.68,Budapest,Web,22,9.0,2,69.36,0,0,156.58,Loyal,0
305238,2026-06-30,2024-07-16,33,60951.76,East,Web,23,9.0,1,98.34,0,0,202.8,Active,0
307806,2026-06-30,2025-02-15,25,52126.02,West,Store,16,4.0,2,111.28,0,0,201.22,Active,0
300513,2026-06-30,2025-05-15,44,28661.25,East,Web,14,9.0,0,0.0,1,1,20.8,At Risk,1
301082,2026-06-30,2025-09-26,44,58703.66,South,Web,9,9.0,1,72.69,0,0,216.72,Active,0
301665,2026-06-30,2024-10-21,49,42328.82,South,Mobile,20,10.0,4,373.7,1,1,0.0,At Risk,1
301932,2026-06-30,2024-12-27,47,36341.72,Budapest,Store,18,8.0,2,161.25,0,0,215.27,Loyal,0
308784,2026-06-30,2024-05-30,47,28925.15,West,Web,25,6.0,1,66.25,0,0,140.29,Active,0
301151,2026-06-30,2025-12-11,29,22809.24,West,Web,7,5.0,1,76.14,0,0,209.81,Active,0
302839,2026-06-30,2024-03-06,33,40541.26,Budapest,Mobile,28,11.0,2,192.27,0,0,155.86,Active,0
305950,2026-06-30,2025-11-14,55,46506.34,North,Web,7,10.0,0,0.0,0,0,269.63,Active,0
308309,2026-06-30,2024-10-16,63,29186.75,Budapest,Web,20,7.0,2,149.98,0,0,204.14,Active,0
305178,2026-06-30,2025-03-06,38,28833.06,West,Mobile,16,8.0,3,226.69,0,0,211.34,Active,0
300831,2026-06-30,2025-01-19,36,34622.48,South,Mobile,17,4.0,1,95.16,0,0,233.4,Loyal,0
308312,2026-06-30,2024-08-24,35,39000.19,Budapest,Mobile,22,10.0,2,56.35,0,0,179.01,Active,0
304753,2026-06-30,2025-11-13,38,46638.49,West,Mobile,8,8.0,0,21.45,0,0,247.46,Loyal,0
308835,2026-06-30,2024-04-30,43,50560.36,West,Mobile,26,5.0,1,119.2,0,0,173.81,Active,0
300636,2026-06-30,2024-08-08,33,89754.4,South,Web,23,11.0,1,71.06,0,0,259.57,Active,0
304466,2026-06-30,2024-01-08,20,41333.16,South,Store,30,9.0,3,268.12,1,0,257.83,Loyal,0
306800,2026-06-30,2025-04-01,40,37035.37,Budapest,Store,15,6.0,0,0.0,0,0,246.62,Active,0
307988,2026-06-30,2025-03-19,35,48522.94,West,Web,15,3.0,1,152.3,0,0,146.62,Active,0
307080,2026-06-30,2025-01-03,34,,West,Mobile,18,7.0,2,175.32,0,0,144.08,Loyal,0
306967,2026-06-30,2024-01-05,36,42979.09,West,Store,30,9.0,2,192.76,0,0,146.85,Active,0
304143,2026-06-30,2024-02-25,48,51673.5,West,Mobile,28,4.0,1,16.5,0,0,153.38,Active,0
307028,2026-06-30,2024-10-08,38,28668.51,East,Web,21,5.0,1,102.61,0,0,217.03,Active,0
300877,2026-06-30,2025-01-06,31,27702.0,North,Mobile,18,4.0,1,73.72,0,0,134.18,Active,0
304870,2026-06-30,2024-08-01,60,46806.91,North,Web,23,9.0,2,167.34,0,0,261.98,Active,0
305316,2026-06-30,2024-02-21,46,18897.67,South,Store,28,8.0,2,90.05,1,1,37.3,At Risk,1
305223,2026-06-30,2025-06-13,52,33429.95,Budapest,Mobile,13,7.0,1,96.52,0,0,302.74,Active,0
300005,2026-06-30,2025-11-29,31,30657.7,South,Mobile,7,9.0,3,147.28,0,0,198.14,Loyal,0
303052,2026-06-30,2025-05-12,52,15000.0,West,Web,14,7.0,2,81.58,0,0,219.12,Active,0
305692,2026-06-30,2025-12-11,54,56991.41,East,Web,7,7.0,1,144.03,0,0,167.54,Active,0
303125,2026-06-30,2024-09-14,48,15000.0,West,Mobile,21,15.0,2,153.73,0,0,190.16,Active,0
302492,2026-06-30,2024-09-12,49,28915.09,East,Web,22,13.0,1,48.92,1,0,283.74,Active,0
303855,2026-06-30,2025-01-22,46,36144.07,North,Mobile,17,3.0,1,115.64,0,0,128.64,Active,0
304778,2026-06-30,2025-10-31,30,29825.05,Budapest,Web,8,8.0,4,234.94,0,0,265.03,Active,0
307510,2026-06-30,2024-06-15,42,77491.13,Budapest,Mobile,24,9.0,1,41.83,1,0,39.65,At Risk,1
306458,2026-06-30,2025-07-30,25,38503.86,West,Web,11,6.0,0,0.0,0,0,176.62,Loyal,0
306294,2026-06-30,2024-10-06,51,18686.99,West,Mobile,21,11.0,0,4.22,0,0,203.67,Active,0
301149,2026-06-30,2024-10-16,38,35939.97,North,Web,20,13.0,2,115.56,0,0,227.87,Active,0
300575,2026-06-30,2025-02-15,37,21414.02,Budapest,Web,16,11.0,1,42.61,0,0,239.88,Active,0
303770,2026-06-30,2025-01-10,45,61559.75,North,Store,18,8.0,0,0.0,0,0,225.86,Active,0
304147,2026-06-30,2024-04-30,39,15000.0,Budapest,Web,26,7.0,0,26.51,1,0,176.02,Active,0
300854,2026-06-30,2024-10-15,36,44951.61,Budapest,Web,20,12.0,0,0.0,0,0,276.27,Loyal,0
305920,2026-06-30,2024-05-12,18,28454.86,Budapest,Web,26,4.0,1,103.01,1,1,0.0,At Risk,1
306615,2026-06-30,2024-03-20,35,51492.41,East,Web,27,7.0,2,144.4,0,0,273.65,Active,0
306003,2026-06-30,2025-12-07,61,55391.83,Budapest,Mobile,7,8.0,2,124.95,0,0,180.3,Active,0
304496,2026-06-30,2025-03-28,18,28572.11,East,Mobile,15,10.0,4,191.59,0,0,172.33,Active,0
308174,2026-06-30,2025-12-22,33,56354.92,West,Web,6,7.0,2,35.13,0,0,264.01,Active,0
306656,2026-06-30,2024-11-13,45,15000.0,North,Mobile,20,7.0,1,9.7,0,0,263.49,Loyal,0
302369,2026-06-30,2024-04-02,43,,South,Web,27,8.0,1,109.41,0,0,231.79,Loyal,0
304781,2026-06-30,2025-07-02,26,23681.93,Budapest,Store,12,4.0,0,0.0,0,0,100.33,Active,0
307993,2026-06-30,2025-07-23,35,45870.66,North,Web,11,9.0,1,69.64,0,0,227.54,Loyal,0
302951,2026-06-30,2024-12-09,30,44055.75,West,Web,19,7.0,2,185.95,0,0,202.62,Active,0
305626,2026-06-30,2024-01-18,38,25392.53,Budapest,Web,29,8.0,3,169.35,0,0,188.43,Active,0
306972,2026-06-30,2025-04-23,49,48389.93,South,Web,14,4.0,1,71.39,0,0,243.35,Loyal,0
308717,2026-06-30,2025-09-09,56,19819.48,North,Web,10,10.0,1,21.21,0,0,207.8,Active,0
301842,2026-06-30,2025-04-06,35,55385.74,Budapest,Store,15,9.0,2,217.02,0,0,247.33,Loyal,0
305987,2026-06-30,2024-01-26,41,67971.51,West,Mobile,29,7.0,1,91.27,0,0,190.2,Active,0
300538,2026-06-30,2024-03-14,45,24457.9,South,Web,28,12.0,5,319.55,0,0,275.29,Active,0
302807,2026-06-30,2024-12-17,48,43698.06,East,Web,18,8.0,0,66.01,0,0,257.46,Loyal,0
305802,2026-06-30,2024-11-02,54,54045.31,West,Web,20,10.0,0,0.0,0,0,139.26,Loyal,0
305597,2026-06-30,2024-01-23,30,63073.25,North,Web,29,9.0,1,18.36,0,0,210.96,Active,0
307207,2026-06-30,2025-02-13,43,32956.29,Budapest,Web,16,10.0,2,100.17,0,0,210.4,Active,0
307344,2026-06-30,2024-11-04,36,30518.03,Budapest,Web,20,5.0,2,17.4,0,0,218.36,Loyal,0
307561,2026-06-30,2024-01-21,47,67263.15,East,Web,29,5.0,1,171.44,0,0,218.21,Active,0
308097,2026-06-30,2024-10-08,55,,Budapest,Mobile,21,6.0,1,88.97,0,0,166.82,Active,0
300785,2026-06-30,2024-11-09,35,30483.5,North,Web,20,9.0,1,94.88,0,0,207.24,Active,0
301410,2026-06-30,2024-08-08,48,20764.5,West,Web,23,7.0,1,40.65,0,0,182.88,Loyal,0
300155,2026-06-30,2024-02-02,23,32337.38,West,Mobile,29,9.0,4,221.55,0,0,77.5,Active,0
307807,2026-06-30,2024-09-23,30,83404.81,West,Mobile,21,9.0,3,147.51,0,0,188.19,Active,0
303010,2026-06-30,2025-05-13,45,70444.21,Budapest,Web,14,9.0,1,74.71,0,0,233.86,Active,0
301687,2026-06-30,2025-02-16,26,55139.63,West,Web,16,6.0,2,81.82,0,0,190.47,Active,0
304015,2026-06-30,2025-10-30,44,24506.75,North,Mobile,8,4.0,1,10.75,0,1,183.4,Active,0
307456,2026-06-30,2024-04-07,53,35790.42,South,Mobile,27,8.0,3,248.03,0,0,146.67,Active,0
303864,2026-06-30,2025-10-20,40,37028.63,East,Web,8,2.0,0,20.49,0,0,203.12,Active,0
302734,2026-06-30,2025-08-11,49,36969.48,North,Web,11,7.0,1,60.09,0,0,254.73,Active,0
301896,2026-06-30,2024-02-22,49,34532.07,West,Store,28,9.0,0,0.0,0,0,180.61,Active,0
305443,2026-06-30,2024-02-21,39,,Budapest,Web,28,5.0,3,305.23,0,0,192.02,Active,0
300570,2026-06-30,2024-09-28,33,26994.24,Budapest,Mobile,21,8.0,1,88.65,0,0,219.51,Active,0
306710,2026-06-30,2025-01-21,44,36326.39,Budapest,Web,17,6.0,2,167.35,0,0,194.18,Active,0
305855,2026-06-30,2024-03-04,42,16022.2,North,Mobile,28,15.0,6,507.56,0,0,221.83,Active,0
301817,2026-06-30,2024-01-18,44,36454.15,South,Web,29,9.0,3,152.12,0,0,172.7,Active,0
308320,2026-06-30,2025-12-28,51,175872.53,Budapest,Store,6,3.0,0,40.53,1,0,194.26,Active,0
303395,2026-06-30,2024-01-31,44,83344.05,East,Web,29,10.0,2,146.92,0,0,161.94,Active,0
303328,2026-06-30,2024-05-15,46,41372.22,West,Web,25,9.0,2,59.75,0,0,221.88,Active,0
303710,2026-06-30,2025-01-31,37,67088.35,Budapest,Web,17,9.0,0,28.45,0,0,178.13,Active,0
306103,2026-06-30,2024-05-31,30,81392.26,Budapest,Web,25,12.0,2,175.68,0,0,171.8,Active,0
302976,2026-06-30,2024-10-14,47,25706.61,West,Store,20,2.0,0,0.0,0,0,181.63,Loyal,0
300981,2026-06-30,2024-02-27,42,25827.0,Budapest,Web,28,5.0,0,11.44,0,0,285.12,Active,0
300191,2026-06-30,2024-11-16,44,38424.39,North,Store,19,8.0,1,61.05,0,0,147.18,Active,0
305089,2026-06-30,2024-12-05,45,29120.45,West,Mobile,19,8.0,0,2.5,0,0,235.43,Active,0
300700,2026-06-30,2024-02-23,40,34474.14,Budapest,Web,28,10.0,0,0.0,0,0,204.27,Active,0
308869,2026-06-30,2024-02-16,54,64983.07,North,Mobile,28,5.0,2,165.14,0,0,159.21,Active,0
300607,2026-06-30,2024-03-13,25,44075.11,South,Web,28,9.0,2,140.36,0,0,135.95,Active,0
300302,2026-06-30,2024-11-15,45,35423.85,West,Web,19,9.0,3,278.08,0,0,216.55,Active,0
303421,2026-06-30,2025-11-16,53,20871.27,East,Web,7,12.0,5,333.51,0,0,234.84,Active,0
308911,2026-06-30,2024-11-04,30,32738.56,Budapest,Web,20,6.0,2,166.57,0,0,180.04,Loyal,0
301061,2026-06-30,2025-07-02,60,33776.39,Budapest,Store,12,10.0,3,143.45,0,0,268.39,Loyal,0
303445,2026-06-30,2024-05-05,47,32232.7,East,Web,26,6.0,0,7.53,0,0,272.29,Loyal,0
301070,2026-06-30,2024-10-10,49,46724.54,East,Web,21,14.0,1,57.59,0,0,225.89,Loyal,0
302206,2026-06-30,2024-03-10,21,61998.41,East,Mobile,28,13.0,2,112.3,0,0,297.32,Active,0
307340,2026-06-30,2025-04-05,41,52160.39,South,Web,15,9.0,0,8.19,1,1,120.44,At Risk,1
308209,2026-06-30,2024-12-08,36,34802.88,East,Mobile,19,6.0,0,0.0,0,0,240.27,Active,0
307680,2026-06-30,2024-07-23,33,27067.02,North,Mobile,23,4.0,2,127.97,0,0,268.74,Active,0
304643,2026-06-30,2024-12-25,45,32937.52,East,Web,18,6.0,1,48.73,0,0,219.18,Active,0
307684,2026-06-30,2024-05-14,47,,Budapest,Web,26,16.0,3,275.37,0,0,248.68,Loyal,0
307997,2026-06-30,2025-09-07,41,67926.08,South,Web,10,9.0,0,0.0,0,0,145.99,Loyal,0
305601,2026-06-30,2025-05-22,43,23197.61,East,Mobile,13,8.0,0,44.16,1,0,175.02,Active,0
307023,2026-06-30,2024-01-25,30,21478.96,West,Web,29,8.0,1,68.39,0,0,90.67,Active,0
304894,2026-06-30,2025-07-20,39,35741.49,Budapest,Mobile,11,7.0,2,77.3,0,0,177.46,Active,0
300226,2026-06-30,2024-09-30,53,50559.05,East,Store,21,5.0,1,72.25,0,0,175.58,Active,0
303355,2026-06-30,2025-03-04,32,41043.44,Budapest,Mobile,16,7.0,2,113.6,0,0,218.63,Loyal,0
305896,2026-06-30,2024-02-27,44,21912.03,East,Mobile,28,7.0,2,12.41,0,0,251.21,Active,0
308755,2026-06-30,2025-04-01,44,53533.39,Budapest,Web,15,8.0,1,44.67,1,1,66.3,At Risk,1
303437,2026-06-30,2024-04-11,46,23393.04,East,Web,27,6.0,0,0.45,0,0,250.67,Loyal,0
301694,2026-06-30,2024-08-11,62,43595.3,East,Store,23,3.0,0,34.29,0,0,80.63,Active,0
306894,2026-06-30,2024-11-16,53,24024.63,Budapest,Store,19,4.0,2,168.15,0,0,207.06,Active,0
301046,2026-06-30,2024-10-04,38,106064.28,Budapest,Store,21,7.0,2,107.37,0,0,213.32,Active,0
303447,2026-06-30,2024-07-25,52,15000.0,North,Web,23,7.0,4,347.24,0,0,257.11,Loyal,0
308051,2026-06-30,2024-01-03,39,58616.41,South,Web,30,10.0,0,2.45,1,0,281.56,Active,0
308927,2026-06-30,2025-03-15,43,60127.89,West,Web,16,6.0,2,151.09,0,0,141.45,Loyal,0
304736,2026-06-30,2024-04-29,24,74686.11,West,Web,26,7.0,2,196.38,0,0,146.82,Active,0
304497,2026-06-30,2025-05-23,54,57688.41,West,Web,13,7.0,1,73.1,0,0,180.53,Loyal,0
301219,2026-06-30,2024-12-27,61,22077.16,South,Web,18,7.0,0,0.0,0,0,107.4,Active,0
306016,2026-06-30,2024-05-24,48,75136.62,Budapest,Web,25,11.0,2,40.66,0,0,127.61,Loyal,0
303988,2026-06-30,2024-03-14,54,49231.48,Budapest,Store,28,6.0,0,9.21,0,0,250.84,Loyal,0
304912,2026-06-30,2024-08-15,48,39358.55,West,Web,22,4.0,3,229.3,0,0,208.27,Active,0
304494,2026-06-30,2025-11-16,31,53518.88,North,Web,7,8.0,1,83.9,0,0,307.54,Active,0
306945,2026-06-30,2025-06-18,53,32981.58,West,Web,12,10.0,2,137.05,0,0,228.98,Loyal,0
305700,2026-06-30,2025-05-31,47,117574.72,East,Mobile,13,7.0,1,33.58,0,0,137.82,Active,0
308353,2026-06-30,2024-06-20,59,34750.34,West,Web,24,9.0,2,124.2,0,0,256.18,Loyal,0
300957,2026-06-30,2024-03-01,49,28039.56,North,Mobile,28,9.0,2,195.84,0,0,157.44,Active,0
302870,2026-06-30,2024-04-27,25,44921.46,West,Mobile,26,8.0,4,239.29,1,0,201.16,Loyal,0
304434,2026-06-30,2025-02-16,37,23498.81,East,Store,16,4.0,0,33.56,0,0,137.37,Active,0
304974,2026-06-30,2025-05-23,44,40285.01,East,Web,13,2.0,1,158.71,0,0,232.72,Active,0
302962,2026-06-30,2024-03-09,56,47654.03,East,Store,28,9.0,0,1.14,0,0,219.54,Active,0
302201,2026-06-30,2025-11-28,44,21685.23,Budapest,Web,7,4.0,3,260.18,0,0,179.84,Active,0
300099,2026-06-30,2024-03-18,50,40049.76,West,Mobile,27,7.0,0,0.0,1,1,0.0,At Risk,1
308954,2026-06-30,2024-03-17,44,30945.13,Budapest,Store,27,11.0,5,273.13,0,0,242.92,Loyal,0
302558,2026-06-30,2025-09-04,40,32215.84,Budapest,Web,10,6.0,0,18.62,0,0,133.64,Loyal,0
308446,2026-06-30,2025-08-11,24,40380.65,East,Web,11,8.0,4,450.34,0,0,190.42,Active,0
304200,2026-06-30,2025-06-02,38,66902.19,West,Store,13,4.0,1,84.77,0,0,218.63,Loyal,0
305540,2026-06-30,2024-01-31,32,35646.77,South,Store,29,9.0,1,46.48,0,0,320.5,Active,0
301649,2026-06-30,2025-09-11,32,48737.1,North,Web,10,9.0,0,15.29,0,0,234.89,Active,0
306198,2026-06-30,2025-11-05,26,37510.28,East,Web,8,6.0,2,185.51,0,0,191.96,Active,0
306296,2026-06-30,2024-02-05,46,54805.59,South,Mobile,29,7.0,2,159.75,0,0,225.01,Active,0
304500,2026-06-30,2025-05-20,19,45754.34,South,Store,13,7.0,0,18.11,0,0,179.78,Loyal,0
301155,2026-06-30,2025-11-30,26,31874.46,Budapest,Web,7,8.0,1,68.57,0,0,189.58,Loyal,0
302256,2026-06-30,2024-05-14,49,17584.82,North,Store,26,13.0,3,160.13,0,0,301.62,Active,0
303171,2026-06-30,2025-12-30,32,73069.78,West,Mobile,6,6.0,2,74.5,0,0,201.17,Loyal,0
307401,2026-06-30,2025-09-26,25,62892.81,Budapest,Mobile,9,4.0,0,2.57,0,0,170.27,Active,0
307159,2026-06-30,2024-01-08,36,40112.92,Budapest,Mobile,30,9.0,2,170.68,0,0,201.92,Active,0
303109,2026-06-30,2024-08-04,56,51933.2,West,Web,23,9.0,0,0.0,0,0,276.59,Active,0
304549,2026-06-30,2025-07-28,29,34884.35,North,Store,11,14.0,2,193.84,0,0,136.07,Active,0
305424,2026-06-30,2025-02-10,45,31976.56,East,Web,17,6.0,0,0.0,0,0,227.28,Active,0
302050,2026-06-30,2025-12-24,36,44163.53,Budapest,Web,6,7.0,0,0.0,0,0,250.64,Active,0
308816,2026-06-30,2025-04-14,53,28913.8,East,Mobile,15,8.0,3,179.87,0,0,168.85,Loyal,0
308904,2026-06-30,2025-04-19,42,79252.53,West,Web,14,13.0,2,101.34,0,0,147.29,Active,0
300263,2026-06-30,2025-06-28,42,36361.37,Budapest,Mobile,12,14.0,4,410.06,0,0,165.38,Active,0
304062,2026-06-30,2024-09-01,26,22443.23,West,Mobile,22,11.0,0,0.0,0,0,210.75,Active,0
305535,2026-06-30,2024-01-14,35,29333.61,East,Store,30,7.0,1,11.08,0,0,90.97,Active,0
306617,2026-06-30,2024-12-30,39,34369.35,East,Web,18,13.0,2,110.98,0,0,130.84,Loyal,0
308121,2026-06-30,2025-10-02,33,54238.41,South,Store,9,9.0,2,211.45,0,1,212.62,Active,0
308156,2026-06-30,2025-07-27,38,33291.13,West,Mobile,11,5.0,1,48.09,1,1,11.58,At Risk,1
301803,2026-06-30,2024-07-03,18,15000.0,Budapest,Web,24,6.0,0,0.0,0,0,116.58,Loyal,0
304737,2026-06-30,2025-09-15,40,52259.46,West,Store,9,13.0,2,98.18,0,0,232.7,Active,0
302386,2026-06-30,2024-01-21,43,27199.21,Budapest,Web,29,6.0,4,217.55,0,0,184.5,Active,0
306695,2026-06-30,2025-06-07,44,31178.7,West,Web,13,12.0,1,57.61,0,0,194.85,Active,0
305760,2026-06-30,2024-08-01,45,19928.38,East,Web,23,6.0,0,0.0,0,0,155.89,Active,0
301960,2026-06-30,2024-02-15,45,22080.81,South,Web,28,6.0,1,83.4,0,0,224.8,Active,0
302977,2026-06-30,2025-04-21,44,60248.52,West,Store,14,8.0,2,163.85,0,0,200.7,Active,0
308681,2026-06-30,2024-01-12,32,25403.72,Budapest,Web,30,8.0,3,193.21,0,0,165.78,Active,0
301844,2026-06-30,2025-03-16,35,15021.47,North,Store,15,6.0,1,43.57,0,0,189.9,Active,0
301735,2026-06-30,2024-08-08,25,30386.73,Budapest,Web,23,7.0,1,0.0,1,0,286.43,Active,0
302912,2026-06-30,2024-09-24,47,15000.0,West,Mobile,21,6.0,1,81.25,0,0,155.42,Active,0
308339,2026-06-30,2024-03-07,57,90701.7,Budapest,Mobile,28,7.0,4,220.14,0,0,161.15,Active,0
301987,2026-06-30,2025-11-03,37,87510.33,East,Web,8,3.0,0,0.0,0,0,236.03,Active,0
306547,2026-06-30,2024-01-11,47,23207.05,North,Mobile,30,6.0,2,209.41,0,0,176.92,Active,0
307099,2026-06-30,2025-08-06,55,31436.26,West,Mobile,11,5.0,0,15.76,1,1,0.0,At Risk,1
302812,2026-06-30,2024-02-17,46,26651.5,West,Web,28,9.0,2,152.61,0,0,283.05,Active,0
300660,2026-06-30,2024-10-26,30,29874.66,South,Web,20,7.0,2,34.37,0,0,188.38,Loyal,0
302512,2026-06-30,2025-07-05,35,37072.59,Budapest,Web,12,7.0,0,7.06,0,0,154.7,Active,0
304283,2026-06-30,2025-06-26,46,89986.41,North,Store,12,12.0,1,110.64,0,0,144.93,Active,0
308801,2026-06-30,2024-01-11,48,43754.82,Budapest,Store,30,10.0,4,342.93,1,0,225.23,Loyal,0
306288,2026-06-30,2025-01-08,46,15892.05,West,Store,18,6.0,2,86.55,0,0,206.07,Loyal,0
301931,2026-06-30,2024-06-21,27,54863.39,South,Mobile,24,12.0,1,50.35,0,0,187.37,Active,0
307126,2026-06-30,2024-02-29,33,51915.88,Budapest,Web,28,9.0,1,84.06,0,0,208.38,Active,0
300198,2026-06-30,2024-04-01,36,21336.69,South,Web,27,6.0,0,0.0,0,0,134.33,Loyal,0
307778,2026-06-30,2024-06-11,47,26402.63,South,Mobile,25,11.0,1,94.58,0,0,185.77,Active,0
302932,2026-06-30,2024-11-24,35,28876.37,Budapest,Web,19,9.0,1,41.63,0,0,150.88,Loyal,0
308005,2026-06-30,2024-01-16,18,27948.13,Budapest,Store,29,4.0,1,100.4,0,0,125.35,Active,0
302328,2026-06-30,2024-04-27,43,15000.0,North,Web,26,6.0,1,35.13,0,0,214.72,Loyal,0
304390,2026-06-30,2024-04-18,57,39029.81,South,Mobile,26,7.0,2,178.38,0,0,178.51,Loyal,0
304219,2026-06-30,2025-07-26,38,32182.59,Budapest,Web,11,4.0,1,77.53,0,0,180.56,Loyal,0
300203,2026-06-30,2025-05-12,47,23172.31,Budapest,Web,14,5.0,1,35.97,0,0,216.54,Active,0
303511,2026-06-30,2024-03-27,46,63315.59,East,Web,27,10.0,1,47.04,0,0,195.26,Loyal,0
304932,2026-06-30,2025-12-01,36,58036.14,South,Mobile,7,10.0,4,281.35,1,1,38.8,At Risk,1
305536,2026-06-30,2025-09-11,23,32131.42,South,Store,10,8.0,0,0.0,0,0,300.05,Active,0
305792,2026-06-30,2024-05-13,31,39852.39,South,Mobile,26,11.0,1,32.34,0,0,145.13,Active,0
301708,2026-06-30,2025-03-01,46,41804.05,East,Web,16,3.0,0,0.0,0,0,203.38,Active,0
305173,2026-06-30,2025-12-24,43,35930.17,South,Mobile,6,10.0,0,5.94,0,0,202.74,Active,0
305250,2026-06-30,2025-01-11,39,28542.43,Budapest,Web,18,10.0,1,53.75,0,0,135.02,Loyal,0
306529,2026-06-30,2024-05-19,45,49135.93,Budapest,Web,25,8.0,1,69.12,0,0,201.29,Active,0
308953,2026-06-30,2024-10-18,52,28217.14,South,Web,20,9.0,1,73.42,0,1,190.3,Loyal,0
305856,2026-06-30,2025-05-12,39,39816.38,North,Web,14,10.0,0,0.0,0,0,266.28,Active,0
308165,2026-06-30,2025-09-09,42,83126.53,Budapest,Web,10,10.0,1,71.16,0,0,189.27,Loyal,0
300855,2026-06-30,2024-06-28,55,49239.57,South,Mobile,24,4.0,4,378.67,0,0,179.39,Active,0
304738,2026-06-30,2025-02-12,32,42858.18,South,Web,17,9.0,1,58.42,0,0,192.61,Active,0
300699,2026-06-30,2024-11-20,45,26277.66,West,Web,19,13.0,1,55.75,0,0,233.52,Active,0
303697,2026-06-30,2025-04-27,53,44309.7,West,Web,14,9.0,2,121.4,0,0,172.7,Active,0
301637,2026-06-30,2024-03-01,37,75811.93,Budapest,Mobile,28,6.0,0,0.0,1,0,249.08,Loyal,0
307281,2026-06-30,2025-10-24,54,15000.0,South,Store,8,3.0,0,0.0,0,1,131.52,Active,0
307555,2026-06-30,2024-09-30,40,16729.99,Budapest,Web,21,6.0,1,68.72,0,0,206.94,Active,0
303582,2026-06-30,2024-02-18,52,28749.36,West,Web,28,5.0,1,47.43,0,0,95.26,Loyal,0
301292,2026-06-30,2025-08-09,35,65261.82,South,Mobile,11,5.0,0,14.25,0,0,213.54,Active,0
306586,2026-06-30,2025-03-28,54,28254.33,North,Web,15,3.0,1,39.39,0,0,207.04,Active,0
301854,2026-06-30,2025-12-09,42,48507.84,Budapest,Mobile,7,8.0,2,69.73,0,0,264.46,Active,0
305233,2026-06-30,2024-05-01,44,24651.49,East,Mobile,26,12.0,2,196.34,0,0,252.2,Active,0
303764,2026-06-30,2024-01-07,50,25584.41,West,Store,30,8.0,2,182.23,1,0,316.36,Loyal,0
303305,2026-06-30,2024-09-11,47,52519.12,Budapest,Mobile,22,5.0,2,148.83,0,0,234.23,Loyal,0
301496,2026-06-30,2024-10-08,41,46675.0,Budapest,Web,21,4.0,3,203.79,0,0,211.54,Active,0
307995,2026-06-30,2024-02-24,23,22071.41,East,Store,28,9.0,1,55.71,0,0,220.24,Active,0
301999,2026-06-30,2025-04-15,40,39968.86,West,Mobile,14,6.0,4,220.81,1,0,174.52,Active,0
300664,2026-06-30,2024-03-04,30,21720.74,Budapest,Web,28,11.0,3,46.26,0,0,209.4,Active,0
303749,2026-06-30,2024-01-08,56,35341.92,Budapest,Web,30,10.0,0,0.0,0,0,110.56,Active,0
304414,2026-06-30,2025-10-05,62,53598.12,South,Web,9,7.0,0,0.0,0,0,241.27,Active,0
305531,2026-06-30,2025-03-02,34,71314.31,Budapest,Web,16,12.0,1,68.59,0,0,229.02,Active,0
305576,2026-06-30,2025-04-15,40,34012.61,South,Mobile,14,9.0,2,126.7,0,0,250.57,Loyal,0
308902,2026-06-30,2025-07-04,36,52359.76,East,Store,12,6.0,2,123.68,0,0,138.6,Loyal,0
307527,2026-06-30,2025-11-15,35,46691.87,East,Mobile,7,7.0,1,46.51,0,0,157.58,Active,0
305865,2026-06-30,2025-10-14,48,56303.62,East,Web,9,7.0,3,186.57,0,0,191.51,Active,0
306777,2026-06-30,2025-02-05,29,46166.44,Budapest,Mobile,17,6.0,1,29.82,0,0,78.97,Active,0
301307,2026-06-30,2025-06-25,55,91758.7,East,Web,12,6.0,1,63.87,0,0,132.52,Active,0
307393,2026-06-30,2024-09-16,35,63683.65,South,Mobile,21,4.0,1,120.25,0,0,221.92,Active,0
305593,2026-06-30,2025-12-09,38,,South,Web,7,9.0,0,0.0,0,0,105.94,Active,0
301664,2026-06-30,2024-07-18,31,23540.3,Budapest,Store,23,8.0,3,266.43,0,0,141.55,Active,0
305451,2026-06-30,2024-09-22,30,70821.8,South,Web,21,10.0,1,70.83,0,0,273.82,Active,0
303628,2026-06-30,2024-09-18,42,38345.81,West,Web,21,6.0,0,20.8,0,0,215.12,Active,0
302694,2026-06-30,2025-03-08,39,37457.45,Budapest,Store,16,8.0,1,77.26,0,0,88.01,Active,0
305916,2026-06-30,2025-12-25,56,48538.5,South,Mobile,6,6.0,1,97.03,0,0,224.82,Active,0
303158,2026-06-30,2024-03-25,23,39482.13,West,Web,27,8.0,1,65.52,0,1,233.57,Active,0
306669,2026-06-30,2025-08-11,18,35037.93,South,Web,11,6.0,1,38.0,0,0,158.72,Active,0
301060,2026-06-30,2025-11-22,39,34044.73,Budapest,Web,7,9.0,1,10.57,0,0,264.78,Loyal,0
304637,2026-06-30,2025-09-22,35,37300.75,Budapest,Mobile,9,4.0,1,78.21,0,0,148.12,Loyal,0
303243,2026-06-30,2025-11-03,42,27082.12,East,Store,8,12.0,1,80.38,0,0,181.03,Active,0
301679,2026-06-30,2025-08-12,55,81870.64,South,Mobile,11,4.0,1,58.04,0,0,154.31,Loyal,0
306893,2026-06-30,2025-04-03,33,39083.09,South,Mobile,15,11.0,1,52.29,0,0,318.24,Active,0
306375,2026-06-30,2025-11-21,38,56642.76,South,Web,7,9.0,0,48.12,1,0,151.83,Active,0
307575,2026-06-30,2024-03-08,35,48711.2,Budapest,Mobile,28,5.0,3,241.11,0,0,195.85,Loyal,0
301758,2026-06-30,2025-03-28,53,47327.49,Budapest,Web,15,8.0,3,216.47,0,0,156.83,Loyal,0
306020,2026-06-30,2025-11-24,47,25250.13,West,Web,7,9.0,1,20.68,0,0,142.78,Loyal,0
305117,2026-06-30,2025-03-20,57,61635.58,West,Store,15,10.0,1,59.75,0,0,230.37,Active,0
308756,2026-06-30,2025-06-24,34,31176.35,West,Mobile,12,4.0,3,175.93,1,0,236.38,Loyal,0
307409,2026-06-30,2024-02-05,41,33649.05,Budapest,Store,29,11.0,1,0.0,0,0,214.69,Active,0
302791,2026-06-30,2025-02-12,36,48174.83,North,Mobile,17,5.0,1,32.31,0,0,72.18,Active,0
300864,2026-06-30,2025-03-30,42,61667.76,West,Mobile,15,5.0,0,13.43,0,0,150.45,Active,0
307859,2026-06-30,2024-12-03,36,27997.33,West,Mobile,19,11.0,2,143.39,0,0,165.56,Active,0
301485,2026-06-30,2025-09-20,32,132143.29,Budapest,Web,9,7.0,2,147.22,0,0,256.52,Loyal,0
307036,2026-06-30,2025-11-27,36,29958.8,Budapest,Mobile,7,10.0,1,84.86,0,0,325.82,Loyal,0
307722,2026-06-30,2024-04-07,55,61696.94,Budapest,Web,27,4.0,2,213.42,0,0,200.96,Active,0
305978,2026-06-30,2025-08-11,46,33964.8,Budapest,Web,11,3.0,2,133.91,0,0,208.65,Active,0
305135,2026-06-30,2025-05-03,29,21565.33,South,Mobile,14,9.0,3,140.73,0,0,63.25,Active,0
300207,2026-06-30,2024-11-11,42,28695.78,North,Store,20,5.0,0,0.0,0,0,192.77,Active,0
304489,2026-06-30,2025-08-04,39,104460.83,Budapest,Mobile,11,4.0,1,60.16,0,0,212.84,Active,0
306939,2026-06-30,2024-08-13,36,76487.52,Budapest,Web,23,4.0,0,0.0,0,0,326.45,Active,0
306911,2026-06-30,2025-03-01,18,15000.0,Budapest,Store,16,4.0,2,21.16,1,0,50.21,Loyal,0
300503,2026-06-30,2025-12-24,48,19289.12,East,Mobile,6,8.0,2,154.01,0,0,320.29,Active,0
307386,2026-06-30,2024-08-10,21,40244.82,West,Store,23,5.0,1,88.44,0,0,147.47,Active,0
301029,2026-06-30,2024-04-20,39,23356.47,East,Web,26,9.0,4,308.41,0,0,211.88,Active,0
303841,2026-06-30,2025-10-23,44,53335.57,South,Store,8,8.0,1,41.39,0,0,245.77,Loyal,0
308111,2026-06-30,2025-01-15,36,49774.78,East,Web,17,7.0,2,131.53,0,0,206.19,Loyal,0
305057,2026-06-30,2025-07-29,37,39909.72,North,Web,11,4.0,0,9.19,0,0,252.34,Active,0
308155,2026-06-30,2025-09-01,49,75957.32,South,Web,10,7.0,2,117.32,0,0,219.65,Active,0
302732,2026-06-30,2024-04-06,43,66451.36,South,Mobile,27,10.0,1,90.72,0,0,181.93,Loyal,0
302455,2026-06-30,2024-01-10,47,28377.93,North,Web,30,6.0,3,117.66,0,0,238.26,Active,0
307216,2026-06-30,2025-10-28,39,15000.0,Budapest,Web,8,9.0,0,10.07,0,0,150.35,Active,0
303105,2026-06-30,2024-02-19,37,39425.12,West,Web,28,8.0,1,64.52,0,0,169.12,Loyal,0
308393,2026-06-30,2024-11-19,51,44858.9,Budapest,Store,19,4.0,1,118.86,0,0,219.07,Loyal,0
306279,2026-06-30,2024-05-11,35,34935.55,Budapest,Mobile,26,6.0,0,0.0,0,0,244.96,Active,0
303100,2026-06-30,2025-07-17,36,29564.01,East,Mobile,11,2.0,5,291.66,0,0,245.85,Active,0
306185,2026-06-30,2024-01-30,38,25781.58,South,Mobile,29,7.0,3,202.03,0,0,258.72,Loyal,0
303562,2026-06-30,2025-01-14,44,53416.01,South,Web,17,12.0,1,49.76,0,0,281.49,Active,0
305893,2026-06-30,2025-04-02,43,15000.0,Budapest,Web,15,3.0,0,40.58,0,0,165.88,Active,0
300392,2026-06-30,2024-07-31,44,41931.98,West,Mobile,23,10.0,1,103.0,1,0,172.68,Active,0
306737,2026-06-30,2024-04-04,32,35432.83,East,Web,27,8.0,2,203.9,0,0,157.71,Active,0
305619,2026-06-30,2025-01-29,26,40752.05,Budapest,Mobile,17,8.0,2,129.62,0,0,252.56,Active,0
305259,2026-06-30,2025-12-17,54,24556.68,East,Mobile,6,13.0,1,59.49,0,0,220.68,Loyal,0
302696,2026-06-30,2024-01-15,60,26216.85,East,Web,29,16.0,2,202.38,0,0,223.06,Active,0
302028,2026-06-30,2024-10-26,45,15000.0,Budapest,Web,20,3.0,0,13.41,0,0,308.39,Active,0
305464,2026-06-30,2025-01-19,29,29638.43,Budapest,Web,17,5.0,1,123.02,0,0,165.72,Active,0
302569,2026-06-30,2024-10-17,63,29057.04,South,Web,20,3.0,1,66.77,0,0,169.22,Active,0
308007,2026-06-30,2025-06-07,21,30467.49,East,Web,13,1.0,0,11.35,0,0,234.45,Active,0
300065,2026-06-30,2024-09-19,37,24294.38,Budapest,Web,21,6.0,0,0.0,0,1,66.27,At Risk,1
302063,2026-06-30,2024-01-03,45,89799.22,West,Store,30,13.0,0,5.34,0,0,273.17,Loyal,0
305277,2026-06-30,2024-10-26,34,111702.78,North,Mobile,20,11.0,3,242.57,0,0,115.54,Loyal,0
307209,2026-06-30,2025-02-11,48,20977.79,Budapest,Mobile,17,6.0,0,0.0,0,0,189.22,Active,0
308685,2026-06-30,2025-10-24,27,26244.42,North,Web,8,11.0,3,106.32,0,0,221.46,Active,0
308572,2026-06-30,2024-10-01,26,30710.39,Budapest,Web,21,13.0,3,264.65,0,0,137.42,Loyal,0
306332,2026-06-30,2025-05-15,43,43466.59,North,Web,14,9.0,1,62.58,0,0,164.21,Loyal,0
304860,2026-06-30,2025-09-02,43,27603.7,East,Store,10,5.0,1,125.03,0,0,191.72,Loyal,0
304888,2026-06-30,2025-03-11,43,50499.55,Budapest,Web,16,4.0,0,0.0,1,0,264.84,Active,0
300879,2026-06-30,2025-11-25,33,48799.67,North,Web,7,14.0,0,16.05,0,0,246.32,Active,0
308530,2026-06-30,2024-05-30,54,37657.96,East,Web,25,4.0,1,31.74,0,0,163.36,Loyal,0
307917,2026-06-30,2025-07-07,36,36076.07,North,Web,12,5.0,0,0.0,0,0,238.05,Active,0
306864,2026-06-30,2025-11-05,18,62905.01,North,Web,8,8.0,3,194.46,0,0,213.17,Active,0
307893,2026-06-30,2025-04-06,33,24649.8,North,Store,15,1.0,2,133.14,0,0,57.65,Active,0
306440,2026-06-30,2025-12-08,46,32488.71,West,Web,7,4.0,1,64.49,0,0,200.57,Loyal,0
307870,2026-06-30,2024-09-01,48,82587.68,Budapest,Web,22,11.0,0,2.39,0,0,162.61,Active,0
301017,2026-06-30,2025-03-06,31,37806.7,South,Web,16,12.0,1,26.9,0,0,153.53,Active,0
307630,2026-06-30,2025-03-03,61,55560.06,Budapest,Mobile,16,5.0,1,74.83,0,0,181.42,Active,0
300996,2026-06-30,2025-05-04,53,45301.2,West,Web,14,6.0,1,106.55,0,0,148.68,Loyal,0
304298,2026-06-30,2025-05-26,40,16803.85,East,Store,13,8.0,0,1.79,0,0,174.06,Active,0
300162,2026-06-30,2025-05-09,43,31867.4,West,Web,14,7.0,2,165.19,0,0,175.22,Active,0
305676,2026-06-30,2025-08-23,43,34721.94,East,Web,10,6.0,1,61.04,0,0,299.15,Loyal,0
306874,2026-06-30,2025-03-07,37,40344.65,South,Web,16,11.0,2,179.15,0,0,367.66,Loyal,0
307990,2026-06-30,2025-02-13,33,23058.44,West,Mobile,16,9.0,3,216.2,0,0,328.22,Loyal,0
303844,2026-06-30,2025-09-12,56,37974.07,Budapest,Web,10,9.0,0,50.47,0,0,295.13,Active,0
301022,2026-06-30,2024-10-17,36,16100.21,East,Mobile,20,10.0,2,125.3,0,0,190.06,Loyal,0
303074,2026-06-30,2024-12-27,30,29484.56,South,Mobile,18,7.0,3,256.15,0,0,150.3,Active,0
307556,2026-06-30,2024-02-03,59,83332.92,South,Web,29,14.0,2,227.52,1,1,42.08,At Risk,1
303944,2026-06-30,2024-11-22,45,39413.53,South,Mobile,19,11.0,0,24.71,0,0,212.6,Active,0
301586,2026-06-30,2025-04-24,40,64374.41,North,Web,14,11.0,0,0.0,0,0,204.48,Active,0
303153,2026-06-30,2024-01-13,40,59590.1,North,Web,30,9.0,0,18.3,0,0,304.43,Loyal,0
308227,2026-06-30,2024-11-15,38,16594.56,West,Web,19,12.0,1,71.65,0,0,141.82,Loyal,0
300776,2026-06-30,2024-06-05,30,64391.66,West,Web,25,8.0,2,125.0,0,0,90.28,Active,0
307100,2026-06-30,2025-06-25,58,51999.25,East,Web,12,6.0,1,44.12,0,0,287.97,Active,0
305487,2026-06-30,2024-04-27,44,32014.98,Budapest,Mobile,26,7.0,1,128.83,0,0,251.53,Loyal,0
306236,2026-06-30,2024-12-31,46,15756.99,Budapest,Store,18,4.0,0,40.7,0,0,247.29,Loyal,0
307042,2026-06-30,2025-10-29,41,34132.29,East,Mobile,8,9.0,1,52.77,0,0,222.63,Loyal,0
302613,2026-06-30,2024-02-01,46,43129.77,East,Mobile,29,17.0,0,20.21,0,0,215.85,Loyal,0
307514,2026-06-30,2024-11-05,50,38079.66,Budapest,Store,20,9.0,2,133.09,1,0,15.23,Active,0
308434,2026-06-30,2025-05-12,30,,West,Web,14,6.0,0,54.9,0,0,242.96,Active,0
308793,2026-06-30,2025-10-22,54,19226.57,East,Web,8,7.0,2,118.53,0,0,192.03,Active,0
305394,2026-06-30,2024-07-11,42,60905.14,South,Mobile,24,7.0,3,299.15,0,0,159.23,Loyal,0
308839,2026-06-30,2024-03-06,51,17787.16,East,Mobile,28,9.0,2,134.12,0,0,207.34,Active,0
303891,2026-06-30,2024-07-09,42,39409.09,West,Store,24,7.0,3,172.88,0,0,234.55,Loyal,0
303557,2026-06-30,2024-08-24,54,36724.22,West,Mobile,22,6.0,0,0.0,0,0,215.83,Loyal,0
301529,2026-06-30,2024-12-13,35,29056.96,South,Mobile,19,6.0,5,422.05,1,1,49.44,At Risk,1
301268,2026-06-30,2025-08-29,37,34613.56,Budapest,Web,10,7.0,2,92.37,0,0,224.91,Loyal,0
307735,2026-06-30,2024-05-17,33,59702.69,South,Store,25,7.0,2,202.06,0,0,142.9,Active,0
301900,2026-06-30,2025-05-10,60,22600.48,South,Web,14,8.0,1,84.48,0,0,189.66,Active,0
304659,2026-06-30,2024-01-25,52,45414.3,Budapest,Store,29,3.0,2,85.85,0,0,215.68,Active,0
303006,2026-06-30,2025-09-22,38,21343.5,North,Web,9,,2,135.86,0,0,157.58,Active,0
302735,2026-06-30,2024-06-26,30,76704.57,West,Mobile,24,9.0,2,151.07,1,0,164.91,Active,0
300190,2026-06-30,2025-03-06,55,45792.31,Budapest,Web,16,14.0,2,127.14,0,0,110.29,Active,0
302748,2026-06-30,2024-06-17,26,30748.03,West,Store,24,7.0,2,163.75,0,0,193.34,Loyal,0
302048,2026-06-30,2024-07-22,46,63911.33,South,Store,23,9.0,1,92.89,0,0,116.13,Loyal,0
307850,2026-06-30,2024-10-07,35,72365.56,Budapest,Store,21,9.0,1,110.16,0,0,227.7,Loyal,0
302559,2026-06-30,2025-02-10,47,88930.47,Budapest,Web,17,11.0,3,161.57,0,0,208.29,Loyal,0
308667,2026-06-30,2024-02-05,61,131236.57,South,Web,29,5.0,0,20.02,1,0,107.2,Active,0
306397,2026-06-30,2025-12-04,24,23793.97,East,Web,7,7.0,2,107.68,0,0,260.89,Active,0
303386,2026-06-30,2024-08-06,60,31922.67,East,Web,23,8.0,1,50.89,0,0,138.37,Active,0
304556,2026-06-30,2025-07-25,21,30942.14,West,Web,11,6.0,2,220.41,0,0,254.37,Active,0
301185,2026-06-30,2025-04-18,33,19264.41,Budapest,Mobile,14,12.0,1,33.99,1,0,200.0,Active,0
306421,2026-06-30,2025-10-02,28,28373.32,West,Web,9,5.0,0,50.75,0,0,114.52,Active,0
305052,2026-06-30,2025-02-14,55,23939.21,Budapest,Web,16,9.0,0,0.0,1,0,180.95,Loyal,0
305312,2026-06-30,2025-11-01,50,52854.1,Budapest,Mobile,8,4.0,1,113.06,0,0,260.55,Active,0
302434,2026-06-30,2025-04-26,39,15000.0,Budapest,Mobile,14,9.0,0,13.95,0,0,169.68,Loyal,0
306950,2026-06-30,2025-09-05,47,20809.92,West,Web,10,11.0,0,0.0,0,0,159.43,Active,0
300770,2026-06-30,2025-09-08,58,55750.77,East,Mobile,10,3.0,0,10.76,0,0,230.21,Active,0
301686,2026-06-30,2025-02-23,58,15000.0,Budapest,Store,16,5.0,2,98.93,0,0,192.9,Active,0
308323,2026-06-30,2025-08-27,30,25276.52,North,Store,10,,0,0.0,0,0,224.16,Loyal,0
305579,2026-06-30,2025-09-05,39,27940.82,South,Mobile,10,5.0,1,24.47,0,0,245.73,Active,0
304427,2026-06-30,2024-09-13,37,43646.13,North,Store,22,12.0,4,216.14,0,0,149.12,Loyal,0
300467,2026-06-30,2025-03-31,39,20588.36,South,Web,15,1.0,1,88.45,0,0,132.48,Active,0
306266,2026-06-30,2024-12-09,52,26172.71,West,Store,19,10.0,0,0.0,0,0,216.77,Active,0
305735,2026-06-30,2025-02-22,53,114425.59,South,Store,16,8.0,1,71.05,0,0,245.53,Active,0
305192,2026-06-30,2025-05-13,45,17262.72,West,Web,14,10.0,2,0.0,0,0,293.42,Active,0
305391,2026-06-30,2024-05-23,35,36071.74,East,Mobile,25,6.0,0,39.14,0,0,215.68,Active,0
300861,2026-06-30,2024-07-27,50,48402.24,Budapest,Web,23,4.0,3,212.31,0,0,166.95,Active,0
307271,2026-06-30,2024-04-16,31,100036.24,South,Web,26,11.0,0,0.0,0,0,175.41,Active,0
