age,tenure_months,sessions_30d,orders_90d,spend_90d_eur,satisfaction_1_5,returns_90d,region,preferred_channel,churn_90d
47,35,9,0,10.31,5,0,North,Store,0
20,30,10,0,22.76,5,0,Budapest,Mobile,0
55,25,4,0,0.0,3,0,East,Web,0
44,10,7,0,5.38,3,0,East,Store,0
36,49,6,1,101.07,3,0,Budapest,Mobile,0
32,14,6,2,125.65,4,0,North,Store,0
26,16,3,0,6.58,4,0,Budapest,Mobile,0
49,17,3,0,0.0,4,0,East,Store,1
40,21,4,0,16.22,4,0,North,Store,0
34,33,10,2,122.13,5,0,South,Web,0
18,23,7,1,90.87,5,0,North,Web,0
42,19,5,0,14.47,4,0,North,Store,0
20,12,5,0,0.0,4,0,North,Mobile,0
40,24,6,2,121.11,4,0,East,Store,0
33,5,8,1,85.54,3,0,Budapest,Mobile,0
37,12,7,2,148.71,4,0,South,Store,0
46,26,3,0,0.0,4,0,Budapest,Web,0
68,34,6,1,155.1,4,0,East,Mobile,0
38,33,9,2,166.68,3,0,East,Store,0
44,2,3,0,16.22,4,0,Budapest,Web,0
18,16,4,3,240.32,4,0,West,Store,1
37,15,9,1,97.62,5,0,Budapest,Web,1
42,37,9,3,184.14,5,0,South,Mobile,0
43,21,5,0,7.79,3,0,Budapest,Web,0
47,55,10,1,112.89,4,1,East,Mobile,0
41,10,8,1,96.61,5,0,North,Mobile,0
48,21,6,2,163.78,3,0,Budapest,Web,0
26,13,6,2,140.4,4,0,East,Mobile,0
39,18,5,0,14.79,4,0,South,Mobile,0
40,15,6,0,0.0,4,0,East,Mobile,0
44,14,12,1,53.99,5,0,East,Web,0
47,47,6,1,64.21,4,0,East,Web,1
44,41,10,2,134.02,4,0,West,Web,0
50,1,8,0,0.0,4,0,East,Mobile,0
64,52,5,0,0.0,4,0,East,Web,0
33,10,5,0,3.61,2,0,North,Web,0
19,11,2,0,21.05,5,0,West,Web,0
80,6,7,0,0.0,2,0,Budapest,Store,0
18,20,5,1,65.39,3,0,Budapest,Web,0
29,27,1,2,103.29,4,0,South,Web,1
50,35,6,3,267.96,5,0,Budapest,Web,0
56,72,11,4,311.41,5,0,East,Web,0
48,20,12,0,41.55,5,0,North,Web,0
38,33,10,2,195.68,5,0,West,Web,0
43,14,6,1,63.37,4,0,South,Store,0
44,5,3,0,0.0,4,0,Budapest,Web,0
60,16,8,1,136.16,4,0,Budapest,Web,0
40,15,8,1,88.6,4,1,Budapest,Mobile,0
24,15,4,0,38.36,3,0,Budapest,Store,0
43,9,4,0,0.0,3,0,West,Store,0
34,26,3,0,6.0,4,0,Budapest,Web,0
59,5,5,0,13.19,3,0,Budapest,Store,0
49,50,6,0,0.0,5,0,East,Mobile,0
30,3,3,1,57.33,5,0,Budapest,Web,0
50,27,6,2,152.5,5,0,Budapest,Web,0
46,9,8,0,15.17,5,0,Budapest,Web,0
76,35,5,2,144.69,4,0,East,Mobile,0
41,46,9,3,283.78,5,0,Budapest,Store,0
51,5,6,2,157.61,3,0,Budapest,Mobile,0
35,16,5,0,5.48,5,0,West,Web,0
27,17,7,2,105.31,3,0,West,Web,0
26,28,5,0,0.5,4,0,East,Mobile,0
24,58,3,1,95.15,5,0,West,Mobile,1
49,27,7,0,0.0,3,0,Budapest,Web,0
40,45,7,2,205.27,4,0,South,Web,1
39,6,6,0,0.0,3,0,East,Web,0
40,10,4,1,108.0,3,0,Budapest,Web,0
36,36,7,0,0.0,5,0,Budapest,Web,1
25,7,4,1,129.76,5,0,Budapest,Web,0
49,38,7,1,74.49,4,0,West,Mobile,0
41,7,2,1,77.87,4,0,East,Web,0
35,10,3,2,164.74,3,0,West,Web,1
52,38,6,2,111.01,4,0,South,Mobile,0
34,36,4,3,237.59,3,0,Budapest,Mobile,0
53,23,9,3,100.4,5,0,East,Web,0
46,20,8,3,277.35,4,0,East,Mobile,1
54,5,8,0,0.0,5,0,Budapest,Store,0
36,6,6,1,119.33,4,0,Budapest,Web,0
42,52,8,2,241.23,4,0,North,Web,0
30,20,7,3,242.75,4,0,North,Web,0
22,10,9,0,45.39,4,0,North,Web,0
52,28,8,2,142.1,4,0,West,Web,0
37,49,9,0,0.0,5,0,West,Web,0
42,8,6,1,24.0,4,0,South,Store,0
56,24,3,0,0.0,3,0,South,Store,0
18,19,4,1,0.0,3,1,West,Mobile,0
51,16,7,0,15.85,4,0,South,Web,0
40,46,5,2,203.34,4,0,Budapest,Web,0
37,15,4,1,39.53,5,0,South,Mobile,0
30,35,5,4,368.39,5,0,West,Mobile,0
36,22,4,2,135.58,5,0,West,Web,0
58,9,4,0,21.57,2,0,East,Mobile,0
49,14,5,0,48.75,5,0,East,Mobile,0
48,33,3,1,84.06,4,0,South,Mobile,0
43,48,11,1,66.89,5,0,West,Web,0
33,15,6,6,455.73,4,0,South,Mobile,0
44,9,1,0,9.57,3,0,Budapest,Web,0
59,30,7,2,182.43,4,0,West,Web,0
47,8,3,2,132.25,3,0,East,Web,0
60,30,2,1,44.3,4,0,East,Store,0
43,29,8,1,46.52,4,0,North,Web,0
55,16,4,2,223.13,4,0,West,Web,0
28,16,8,0,2.29,4,0,South,Web,0
28,13,8,1,77.0,4,0,Budapest,Mobile,0
43,55,5,4,346.59,5,0,East,Mobile,0
46,4,6,1,86.03,4,0,Budapest,Web,0
65,61,5,0,0.0,5,0,Budapest,Mobile,0
40,48,7,0,4.54,5,0,West,Mobile,0
57,9,10,0,0.0,3,0,Budapest,Web,0
45,17,7,0,0.0,3,0,Budapest,Mobile,0
18,17,4,3,232.7,5,0,West,Store,0
40,10,6,1,104.93,3,0,South,Store,0
34,25,4,0,3.61,5,0,Budapest,Web,0
41,35,0,1,79.07,4,0,South,Mobile,0
34,8,4,0,15.71,4,0,West,Store,0
56,14,5,1,60.85,3,0,West,Store,0
32,51,5,2,163.58,5,0,Budapest,Store,0
47,31,6,4,384.28,5,0,South,Web,0
32,17,11,0,42.33,2,0,East,Web,0
31,17,9,2,131.33,3,1,South,Web,0
21,18,8,0,0.0,4,0,East,Web,0
44,16,5,1,99.94,3,0,Budapest,Mobile,0
21,6,5,4,239.06,3,0,West,Web,0
33,10,5,0,0.0,2,0,East,Web,0
57,41,7,1,118.89,4,0,Budapest,Web,0
37,17,5,0,21.7,4,0,East,Mobile,0
46,8,4,0,20.09,4,0,Budapest,Mobile,0
43,28,7,2,193.81,3,1,East,Mobile,0
34,31,5,2,196.93,3,0,Budapest,Web,0
37,8,1,0,0.0,4,0,South,Store,0
40,15,4,2,159.93,4,0,South,Web,0
49,25,13,2,196.43,5,0,East,Web,0
46,34,10,2,121.66,4,0,West,Mobile,0
18,7,6,1,122.44,5,1,South,Web,0
29,5,5,1,84.66,3,0,East,Web,0
31,16,5,0,18.49,3,0,East,Mobile,0
29,10,9,1,168.73,3,0,North,Web,0
69,23,1,1,67.67,4,0,North,Store,0
61,54,5,2,213.96,5,1,West,Web,0
38,5,5,2,92.76,3,0,South,Web,0
51,33,7,0,2.75,5,0,East,Mobile,0
35,16,6,2,178.52,4,0,North,Mobile,0
48,16,8,4,193.88,5,0,South,Web,0
40,29,4,2,166.7,3,0,Budapest,Web,0
43,18,3,1,125.72,4,0,South,Mobile,0
58,34,7,1,74.79,5,0,North,Web,0
43,17,6,1,53.27,4,0,East,Store,0
53,7,4,2,165.93,4,0,South,Mobile,0
55,17,7,0,0.0,4,0,East,Store,0
45,26,4,1,20.14,4,0,Budapest,Mobile,0
45,25,3,0,0.0,4,0,East,Store,0
43,6,9,3,91.21,4,0,East,Mobile,0
53,42,6,2,218.86,4,0,North,Mobile,0
53,31,7,1,41.47,3,0,East,Mobile,0
42,16,10,4,307.19,4,0,West,Store,0
66,39,2,2,169.79,5,0,East,Web,0
45,37,7,1,124.6,4,0,East,Web,0
37,58,6,1,88.78,5,0,Budapest,Mobile,0
32,12,9,2,144.41,3,0,Budapest,Web,1
41,69,4,2,162.52,5,0,Budapest,Web,0
54,36,10,2,143.96,4,0,North,Web,0
32,58,7,0,9.42,3,0,West,Web,0
57,7,6,0,0.0,4,0,Budapest,Mobile,0
25,16,10,1,45.65,4,0,North,Web,1
34,16,7,1,120.66,4,0,South,Web,0
45,22,4,1,72.48,3,0,North,Web,0
31,14,6,2,183.9,4,0,West,Mobile,0
56,27,6,0,0.0,4,0,South,Web,0
22,15,5,1,69.33,4,0,Budapest,Mobile,0
30,23,6,0,15.33,3,0,Budapest,Web,0
29,24,11,0,52.76,5,0,East,Web,0
18,56,8,2,153.76,5,0,Budapest,Web,0
42,14,5,0,0.0,3,0,West,Mobile,0
48,17,8,2,122.71,4,0,East,Web,0
32,6,7,0,0.0,4,0,Budapest,Web,0
43,22,5,3,219.97,3,0,South,Web,0
47,11,6,3,177.2,3,0,North,Mobile,0
60,21,4,0,13.85,3,0,West,Mobile,0
45,33,14,5,488.42,5,0,North,Web,0
29,8,1,0,4.79,4,0,West,Web,0
22,44,10,3,186.93,4,0,Budapest,Mobile,0
41,20,3,1,83.79,4,0,South,Mobile,0
35,30,6,0,13.76,5,0,South,Store,0
28,19,6,2,204.31,3,1,East,Web,0
32,22,5,1,66.11,3,0,Budapest,Web,0
42,20,5,1,93.21,3,1,Budapest,Store,0
27,13,9,1,48.32,3,0,West,Web,0
35,37,3,4,301.49,3,0,North,Mobile,0
41,16,9,2,142.73,5,0,Budapest,Web,0
38,11,5,0,12.89,4,0,South,Store,0
62,19,6,2,170.88,4,0,East,Mobile,0
31,41,8,2,201.66,5,0,South,Web,0
49,16,9,2,190.38,4,0,South,Web,0
37,12,2,1,100.16,3,0,Budapest,Store,0
38,26,8,2,182.2,3,0,North,Mobile,0
47,12,4,1,83.81,5,1,East,Web,0
52,68,13,1,55.32,5,0,Budapest,Web,0
37,49,8,7,515.97,4,0,West,Web,0
53,34,7,1,114.64,3,0,West,Store,0
50,44,6,1,156.98,4,0,East,Mobile,0
70,6,3,0,0.0,4,0,West,Store,0
66,31,5,1,124.34,4,0,West,Mobile,0
20,14,5,2,133.99,4,0,North,Web,0
33,10,7,1,63.43,3,0,West,Mobile,0
34,23,8,2,246.44,4,0,East,Mobile,0
50,37,4,2,157.42,4,0,Budapest,Mobile,0
40,11,3,0,32.1,4,0,East,Web,0
71,38,6,4,403.75,4,0,Budapest,Mobile,0
56,36,4,0,14.28,3,0,West,Mobile,0
30,24,0,0,21.58,3,0,Budapest,Mobile,0
37,19,2,0,19.86,4,0,Budapest,Mobile,0
44,26,9,2,186.74,3,0,Budapest,Web,0
39,58,6,1,39.89,4,0,Budapest,Mobile,0
50,31,1,0,0.0,4,0,South,Mobile,0
48,6,6,0,0.0,3,0,East,Web,0
22,50,7,1,157.28,4,1,Budapest,Mobile,0
38,28,4,1,68.22,5,0,North,Mobile,0
55,16,6,0,55.37,3,0,Budapest,Mobile,0
66,22,8,2,95.71,4,1,Budapest,Web,0
45,13,7,0,28.43,4,0,West,Web,0
34,20,7,1,62.39,5,0,Budapest,Web,0
34,56,10,2,115.3,5,0,Budapest,Web,0
58,30,5,1,95.86,4,0,Budapest,Web,0
20,14,7,1,88.4,4,0,East,Web,0
26,22,2,1,59.53,5,0,South,Web,0
62,15,3,1,16.55,4,0,South,Mobile,0
52,21,4,1,108.26,3,0,South,Web,0
33,33,9,1,78.15,5,0,West,Store,0
27,10,6,1,21.5,3,0,Budapest,Store,0
66,14,2,1,42.56,3,0,Budapest,Web,0
34,11,6,0,24.53,3,0,West,Mobile,0
51,17,4,3,322.49,4,1,Budapest,Web,0
49,30,5,1,79.91,3,0,West,Mobile,0
24,17,5,0,42.66,4,0,North,Store,0
53,35,6,2,190.58,5,0,South,Mobile,0
23,26,8,2,76.7,4,1,East,Mobile,0
57,37,5,1,116.78,4,0,Budapest,Web,0
31,19,3,2,114.37,4,0,Budapest,Store,0
25,17,4,1,30.62,5,0,East,Web,0
34,18,2,0,0.0,2,0,Budapest,Mobile,0
32,15,1,0,0.0,3,0,West,Mobile,0
62,14,4,0,10.97,3,0,Budapest,Web,0
42,10,3,0,27.93,4,0,East,Store,1
44,21,3,2,242.81,3,0,Budapest,Mobile,0
55,33,2,1,109.55,3,0,Budapest,Store,0
39,23,7,0,5.88,5,0,Budapest,Mobile,0
34,12,7,1,74.09,4,0,East,Mobile,0
31,28,6,2,148.74,4,0,East,Web,0
18,22,2,5,294.86,3,0,Budapest,Web,0
32,26,6,3,240.7,3,0,Budapest,Mobile,0
48,23,6,1,72.82,4,0,North,Store,0
45,29,6,4,345.76,4,1,East,Store,0
55,46,8,1,79.96,5,0,Budapest,Store,0
64,26,6,3,248.46,3,0,Budapest,Mobile,0
42,22,7,1,91.92,4,1,East,Web,0
36,8,3,2,173.56,3,0,West,Web,0
46,6,2,1,125.85,4,0,East,Web,0
32,34,8,0,29.28,5,0,West,Mobile,0
55,26,6,1,73.46,4,0,West,Mobile,0
31,15,6,3,257.71,4,0,Budapest,Mobile,0
41,17,9,1,88.5,5,0,Budapest,Mobile,0
27,10,4,2,96.47,3,0,West,Mobile,0
43,42,11,0,0.0,3,0,West,Mobile,0
60,35,8,0,20.32,5,0,Budapest,Mobile,1
37,17,3,2,123.66,3,0,Budapest,Web,0
18,13,4,0,11.34,4,0,South,Web,0
54,42,6,3,186.29,4,0,East,Mobile,0
52,13,7,0,15.02,4,0,Budapest,Mobile,0
64,13,4,1,115.56,3,0,Budapest,Web,0
37,20,9,2,218.26,4,0,Budapest,Web,0
62,11,9,0,11.6,4,0,East,Web,0
35,29,7,1,61.56,5,0,Budapest,Mobile,0
42,50,8,2,176.3,5,0,West,Web,0
39,39,6,3,340.05,4,0,Budapest,Store,0
40,35,5,1,107.46,4,0,West,Mobile,0
47,45,9,3,131.07,4,0,South,Mobile,0
46,14,5,1,116.58,4,0,North,Mobile,0
41,34,5,1,103.89,5,0,Budapest,Web,0
32,11,2,3,288.6,4,0,West,Web,1
30,12,5,0,3.97,4,0,Budapest,Mobile,0
68,32,10,3,229.21,4,0,Budapest,Web,0
18,29,6,2,168.93,5,1,Budapest,Web,0
43,10,7,2,108.03,5,0,Budapest,Mobile,0
48,12,6,3,220.37,4,0,Budapest,Mobile,0
24,23,8,1,51.02,5,0,Budapest,Store,0
36,18,2,0,0.0,4,0,Budapest,Web,0
37,13,7,0,8.52,4,0,North,Mobile,1
34,8,7,1,84.64,4,0,Budapest,Web,0
31,23,10,2,86.83,5,0,North,Store,0
45,17,5,1,78.57,2,0,North,Web,0
22,15,2,0,6.72,4,0,Budapest,Web,0
48,22,5,2,190.78,2,1,Budapest,Web,0
29,30,9,2,114.27,4,0,West,Mobile,0
60,29,3,1,108.48,5,0,West,Store,0
38,19,4,1,72.76,3,0,Budapest,Web,0
54,1,9,1,75.25,4,0,North,Web,0
45,65,8,5,421.56,5,0,Budapest,Mobile,0
55,33,6,2,216.18,5,0,West,Web,0
41,58,3,3,267.32,5,0,East,Mobile,0
46,10,10,1,96.22,3,0,South,Web,1
40,19,5,1,70.01,4,0,West,Web,0
34,24,10,1,68.83,4,0,West,Mobile,0
29,32,5,2,148.04,4,0,Budapest,Store,0
18,22,6,2,73.9,5,0,East,Web,0
51,33,4,0,15.48,4,0,South,Store,0
52,72,6,1,10.88,5,0,Budapest,Mobile,0
54,11,1,0,0.0,4,0,West,Web,0
41,52,7,3,260.03,5,0,Budapest,Web,0
52,21,8,0,0.0,3,0,Budapest,Web,0
29,44,4,4,317.14,4,0,North,Web,0
28,31,6,0,0.0,5,0,West,Mobile,0
27,5,5,0,39.11,2,0,Budapest,Mobile,0
55,34,2,0,0.0,4,0,South,Store,0
45,19,3,0,0.0,4,0,Budapest,Mobile,0
50,4,8,2,272.68,3,0,West,Web,0
46,35,7,2,131.6,3,0,Budapest,Web,0
41,31,6,1,122.14,5,0,South,Store,0
51,28,5,1,72.73,3,0,East,Store,0
49,45,13,1,123.16,4,1,South,Web,0
39,27,8,3,207.17,5,0,West,Store,0
54,16,7,0,0.0,3,0,Budapest,Mobile,0
45,11,2,0,9.31,4,0,Budapest,Mobile,0
44,17,5,1,132.09,3,0,South,Web,0
36,37,8,2,178.45,5,0,Budapest,Web,0
24,18,5,1,21.91,5,0,West,Web,0
37,49,3,2,129.32,3,0,South,Web,0
38,21,3,3,264.57,5,0,West,Web,0
18,10,6,0,21.53,4,0,East,Web,0
44,29,6,1,140.5,5,1,South,Web,0
27,18,7,1,51.5,5,0,South,Mobile,0
33,11,11,2,208.32,2,0,Budapest,Mobile,0
52,8,10,0,0.0,3,0,East,Web,0
77,61,6,0,45.34,5,0,South,Web,0
45,28,3,0,0.0,4,0,West,Web,1
25,42,6,3,120.26,5,1,Budapest,Mobile,0
21,37,9,1,61.12,5,0,South,Web,0
42,11,8,0,5.37,3,0,West,Web,0
46,18,8,2,78.3,3,0,South,Mobile,0
51,33,7,1,71.36,4,0,West,Web,0
60,30,8,0,29.21,3,0,Budapest,Mobile,0
49,7,4,1,96.33,4,0,South,Mobile,0
19,7,7,4,273.56,3,0,Budapest,Web,0
22,31,11,4,202.25,3,0,Budapest,Web,0
58,33,7,0,37.89,5,0,Budapest,Store,0
30,20,6,3,245.86,4,0,West,Mobile,0
55,17,9,2,249.44,3,1,South,Web,0
30,3,10,2,143.87,4,0,Budapest,Web,0
39,29,3,0,40.35,4,0,North,Store,1
29,5,5,1,119.33,5,0,East,Web,0
41,56,6,1,118.88,5,0,Budapest,Web,0
20,32,11,3,302.17,4,0,East,Mobile,0
64,6,11,3,217.18,5,0,West,Mobile,0
51,30,10,2,127.58,5,0,Budapest,Mobile,0
23,4,3,0,13.75,2,0,South,Web,0
32,8,11,0,0.0,3,0,West,Web,0
32,44,8,4,343.75,4,0,North,Web,0
32,18,9,1,81.59,3,0,West,Store,0
47,19,3,2,128.29,3,0,East,Mobile,0
34,23,5,2,128.92,4,0,South,Web,0
41,22,6,1,92.74,4,0,West,Web,0
44,10,5,3,212.68,3,0,Budapest,Store,0
42,25,9,2,110.35,5,0,Budapest,Web,0
52,16,7,1,77.06,5,0,South,Web,0
44,19,10,3,228.88,5,0,Budapest,Web,0
41,72,8,2,246.05,5,0,South,Store,0
26,31,9,4,210.26,4,1,South,Mobile,0
57,15,2,0,0.0,3,0,East,Store,0
60,41,6,0,45.0,4,0,East,Mobile,0
24,17,6,1,66.48,4,0,East,Web,0
34,23,4,2,162.57,4,0,Budapest,Web,0
40,20,7,1,72.12,3,1,East,Web,0
51,11,3,0,14.03,3,0,Budapest,Store,0
34,21,7,2,170.23,4,0,Budapest,Web,0
46,54,3,1,45.95,3,0,Budapest,Web,0
59,17,8,1,82.54,5,0,South,Store,1
55,4,7,0,21.97,5,0,South,Web,0
23,6,6,1,0.48,3,0,North,Store,0
23,63,13,2,178.94,5,0,North,Mobile,0
43,17,9,0,16.44,3,0,North,Web,0
52,13,8,0,3.25,3,0,East,Web,0
28,30,6,1,33.67,4,0,South,Mobile,0
37,26,13,0,23.2,4,0,North,Store,0
41,6,6,1,55.5,3,0,South,Mobile,0
37,37,6,1,99.78,4,0,Budapest,Web,0
51,26,10,3,188.3,5,0,South,Web,0
35,15,5,2,179.72,3,0,West,Web,1
35,4,5,1,93.84,3,0,South,Mobile,0
30,22,5,0,0.0,5,0,Budapest,Mobile,0
43,25,9,0,0.0,5,0,South,Store,0
48,33,6,0,48.03,5,0,Budapest,Store,0
31,21,2,0,12.11,3,0,South,Mobile,0
47,30,7,0,9.29,5,0,Budapest,Mobile,0
34,22,14,3,315.13,4,0,North,Mobile,0
48,17,5,0,5.8,3,0,North,Mobile,0
59,17,4,0,31.11,3,0,South,Mobile,0
38,7,4,0,0.0,3,0,East,Mobile,0
50,20,8,2,156.27,3,0,North,Web,0
59,56,4,3,257.75,4,0,North,Store,1
54,20,9,2,157.87,2,0,West,Mobile,0
54,17,9,2,149.89,3,0,North,Store,0
47,16,5,3,224.14,4,0,Budapest,Store,0
41,18,7,0,0.0,4,0,North,Web,0
34,13,9,2,109.05,2,0,East,Mobile,0
27,32,3,2,194.96,3,0,West,Web,0
45,11,1,0,0.0,3,0,Budapest,Web,0
36,28,4,0,0.0,3,0,Budapest,Store,0
26,10,6,0,12.4,4,0,East,Store,0
46,17,6,0,2.17,4,0,West,Web,0
45,31,9,0,0.0,3,0,Budapest,Web,0
44,44,3,2,173.33,5,0,Budapest,Web,0
31,7,9,0,17.32,3,0,Budapest,Mobile,0
29,21,9,1,107.73,5,0,North,Web,0
32,25,5,2,99.69,4,0,South,Web,0
65,20,5,3,296.6,3,1,East,Web,0
28,4,0,0,0.0,3,0,East,Mobile,1
33,31,3,1,63.11,4,0,Budapest,Mobile,0
29,4,7,4,204.06,4,0,North,Mobile,0
42,16,6,1,81.13,4,0,North,Mobile,0
38,27,8,2,211.62,5,0,West,Web,0
51,40,3,2,159.43,5,0,Budapest,Web,0
39,18,7,0,59.33,3,0,Budapest,Web,1
29,24,6,0,0.0,4,0,North,Mobile,0
44,40,4,1,63.62,4,0,South,Mobile,0
42,31,4,0,0.0,5,0,North,Web,0
41,16,10,3,202.54,4,0,South,Mobile,0
48,18,9,3,141.04,5,0,East,Web,0
52,13,3,0,0.0,4,0,East,Web,0
53,17,3,3,171.84,4,0,Budapest,Mobile,0
36,38,6,2,160.39,4,0,West,Mobile,0
31,27,7,1,6.37,4,0,East,Store,0
29,29,4,1,64.6,4,0,East,Store,0
29,19,6,2,160.31,5,0,West,Store,0
45,42,3,0,0.0,3,0,Budapest,Mobile,0
31,2,3,0,9.69,4,0,North,Web,0
57,54,8,5,386.43,4,0,West,Mobile,0
44,16,5,1,87.9,4,0,South,Mobile,0
38,15,3,1,61.61,4,0,East,Web,0
53,15,12,2,136.8,5,1,East,Store,0
27,37,3,1,82.66,4,0,West,Mobile,0
50,23,1,1,83.86,3,0,Budapest,Store,0
25,19,6,3,275.89,5,0,East,Web,0
61,23,8,3,320.75,3,0,Budapest,Web,0
29,9,6,1,85.52,3,0,West,Mobile,0
18,34,14,1,86.69,5,0,Budapest,Web,0
33,20,3,0,0.0,5,0,Budapest,Web,0
31,5,5,1,40.68,3,0,Budapest,Store,0
47,13,5,1,87.31,3,0,Budapest,Mobile,0
65,14,8,2,168.09,4,0,North,Mobile,0
60,25,11,3,327.66,5,0,Budapest,Mobile,0
26,14,3,1,23.41,3,0,Budapest,Store,0
40,35,5,4,303.17,4,0,West,Web,0
48,10,5,2,160.3,3,0,West,Mobile,0
44,13,6,1,93.2,2,0,South,Web,0
61,3,6,0,0.0,4,0,Budapest,Web,0
51,19,5,1,71.74,2,0,Budapest,Web,0
23,24,7,2,173.47,5,0,Budapest,Web,0
39,21,7,0,53.21,5,0,Budapest,Mobile,0
34,8,4,1,92.16,3,1,South,Mobile,0
47,29,5,1,72.33,5,0,East,Web,0
31,3,5,1,26.83,4,0,East,Mobile,0
40,53,7,2,108.74,4,0,South,Web,0
41,11,5,0,0.0,3,0,North,Mobile,0
54,16,5,0,73.56,4,0,North,Mobile,0
31,33,4,1,29.62,4,0,West,Web,0
35,15,7,1,55.01,2,0,West,Web,0
42,7,1,1,54.79,4,0,East,Mobile,0
46,10,6,0,19.05,4,0,Budapest,Web,0
45,21,5,2,143.69,4,0,South,Mobile,0
65,10,1,2,213.95,4,0,Budapest,Web,0
43,19,5,1,64.5,3,0,North,Web,1
40,16,6,3,244.79,4,0,Budapest,Mobile,0
63,45,9,3,249.58,4,0,South,Web,0
48,17,5,3,209.26,3,0,South,Web,0
63,32,6,3,299.43,4,1,Budapest,Store,0
33,9,2,1,104.22,3,0,South,Mobile,0
52,32,6,3,240.79,4,0,East,Store,0
49,32,4,1,124.22,4,0,North,Web,0
66,55,1,1,65.17,5,0,South,Store,0
54,10,3,1,95.88,3,0,South,Web,0
49,48,5,1,85.49,5,0,Budapest,Mobile,0
59,46,5,2,258.45,4,0,Budapest,Web,0
27,15,7,0,0.0,3,0,West,Web,0
33,9,4,0,0.0,5,0,West,Mobile,0
36,56,9,0,0.0,3,0,South,Web,0
25,13,2,2,104.53,2,0,East,Mobile,0
38,30,8,0,49.57,4,0,Budapest,Web,0
39,26,9,0,7.4,5,0,West,Mobile,0
41,10,7,4,281.59,4,0,South,Web,0
57,18,3,1,85.02,4,0,West,Mobile,0
33,23,10,1,67.29,4,0,North,Mobile,0
54,31,5,2,227.02,5,0,West,Mobile,0
48,42,5,2,128.84,4,0,North,Web,0
22,22,4,1,90.15,5,0,West,Store,0
49,9,5,2,202.96,4,1,Budapest,Mobile,0
51,26,2,1,89.79,3,0,North,Mobile,0
18,44,5,1,106.13,3,0,East,Store,0
64,11,7,1,59.96,3,0,Budapest,Web,0
56,51,4,3,339.04,4,0,South,Mobile,0
30,23,8,1,57.35,4,0,Budapest,Web,0
45,44,6,2,174.17,4,0,Budapest,Mobile,0
33,14,2,1,136.56,3,0,East,Web,0
22,44,8,3,192.76,5,0,East,Store,0
51,11,5,0,20.17,5,0,West,Store,0
34,34,9,2,144.23,4,0,East,Mobile,0
48,21,3,1,13.77,4,0,North,Web,0
42,27,8,0,10.16,5,0,Budapest,Mobile,0
46,31,9,2,219.94,4,0,South,Store,0
43,33,8,3,200.55,3,0,East,Mobile,0
20,22,8,2,104.65,5,1,East,Store,0
32,38,5,1,85.91,4,0,West,Web,0
48,18,7,2,146.89,4,0,East,Mobile,0
34,10,3,0,17.06,4,0,South,Web,0
32,30,6,1,48.68,3,0,Budapest,Web,0
26,19,7,0,0.0,5,0,West,Mobile,0
30,31,12,0,37.59,4,0,West,Mobile,0
36,6,2,2,146.42,3,0,West,Mobile,0
50,31,14,0,7.66,5,0,East,Web,0
23,8,6,1,32.53,4,0,East,Web,0
70,39,8,0,30.4,4,0,Budapest,Store,0
35,17,8,2,91.98,4,0,East,Web,0
35,16,6,1,20.75,4,0,West,Web,0
34,20,11,2,164.98,4,0,Budapest,Web,0
33,23,7,2,134.01,5,0,Budapest,Mobile,0
34,51,9,7,618.1,3,0,East,Web,0
39,13,6,0,4.71,4,0,North,Mobile,0
18,45,7,2,106.58,4,0,East,Web,0
18,52,7,0,37.49,4,0,West,Mobile,0
32,34,12,1,0.0,3,0,North,Web,0
24,19,3,0,0.0,3,0,East,Store,0
50,7,5,1,51.34,4,0,South,Web,0
52,32,4,0,48.39,3,0,East,Mobile,0
41,18,7,1,77.04,4,0,North,Mobile,0
47,14,7,0,50.84,4,0,East,Mobile,0
40,10,8,0,0.0,3,0,Budapest,Store,0
25,38,7,1,29.18,4,0,Budapest,Mobile,0
36,34,6,0,0.0,5,0,Budapest,Web,0
38,21,6,3,110.79,3,0,South,Mobile,0
36,23,5,0,0.0,4,0,West,Mobile,0
30,38,6,1,136.17,5,0,South,Mobile,0
54,27,4,2,219.96,4,0,Budapest,Web,0
38,26,9,5,381.11,5,0,South,Store,0
51,18,11,1,45.77,5,0,Budapest,Store,0
45,3,3,1,105.27,3,0,Budapest,Store,0
22,45,6,0,32.28,5,0,Budapest,Web,0
34,7,6,0,17.96,4,0,South,Mobile,0
19,22,9,3,205.41,4,0,West,Web,0
41,43,7,4,427.25,5,0,Budapest,Mobile,1
61,27,10,0,0.0,4,0,West,Store,0
25,21,6,0,22.06,4,0,Budapest,Mobile,0
58,32,4,0,0.0,4,0,West,Store,0
26,16,6,2,183.01,5,0,East,Web,0
34,25,4,0,0.0,4,0,Budapest,Mobile,0
39,29,1,1,79.02,3,0,East,Store,0
36,47,5,4,316.79,4,0,Budapest,Mobile,0
26,34,7,4,346.14,4,0,East,Web,0
47,10,4,0,0.0,3,0,Budapest,Web,0
31,63,2,2,131.28,5,0,Budapest,Mobile,0
34,17,7,2,50.82,3,0,East,Mobile,0
35,58,10,1,72.35,4,0,North,Web,0
40,54,8,1,58.73,5,0,Budapest,Web,0
40,11,6,0,0.0,4,0,Budapest,Store,0
30,3,7,2,124.07,4,0,North,Mobile,0
39,7,9,2,93.15,5,0,Budapest,Web,0
32,30,6,0,0.0,2,0,East,Web,0
43,15,8,0,31.59,5,0,Budapest,Store,0
38,46,1,1,58.85,5,0,South,Mobile,0
32,6,7,1,6.33,3,0,Budapest,Mobile,0
28,27,6,0,0.0,5,0,Budapest,Web,0
42,8,5,1,14.12,3,0,Budapest,Mobile,0
23,15,7,0,0.0,3,0,Budapest,Web,0
36,9,4,1,83.01,4,0,Budapest,Web,0
49,19,3,2,182.9,3,0,Budapest,Store,0
42,29,6,1,98.85,4,0,East,Web,0
38,24,9,2,178.02,4,0,South,Web,0
44,40,5,3,232.67,5,0,East,Mobile,0
44,68,5,3,372.97,4,0,West,Web,0
35,16,3,2,117.9,4,0,Budapest,Store,0
43,35,3,2,233.04,5,1,West,Web,0
25,18,6,1,74.82,4,1,Budapest,Mobile,0
32,20,4,1,95.33,4,0,East,Mobile,0
25,21,6,1,66.66,5,0,West,Mobile,0
25,54,5,3,174.78,5,0,Budapest,Mobile,0
22,50,9,3,273.75,5,0,Budapest,Web,0
43,33,5,2,185.38,5,0,East,Mobile,0
31,6,3,0,20.56,4,0,North,Web,0
37,19,6,2,193.41,3,0,Budapest,Mobile,0
38,38,6,2,218.75,4,0,Budapest,Web,0
33,22,5,0,45.27,5,0,East,Store,0
54,10,7,0,0.0,3,0,West,Web,0
47,13,6,4,440.82,4,0,South,Mobile,0
48,33,8,1,46.36,5,0,Budapest,Web,0
28,35,6,0,0.0,5,0,West,Mobile,0
32,7,8,1,43.49,2,0,South,Store,0
18,11,10,1,47.68,3,0,West,Web,0
59,37,8,1,107.67,4,0,Budapest,Store,0
58,14,10,0,12.33,3,0,Budapest,Web,0
33,36,4,2,114.66,5,0,West,Web,0
46,11,2,0,13.72,4,0,North,Web,0
53,6,7,0,0.0,3,0,West,Store,0
38,61,5,2,218.37,5,0,North,Web,0
29,38,7,1,69.58,5,0,Budapest,Web,0
54,34,7,2,158.68,4,0,South,Web,0
25,2,12,0,0.0,4,0,West,Web,0
31,20,8,1,123.59,5,0,Budapest,Store,0
46,30,5,1,77.28,2,0,East,Store,0
33,36,13,3,174.13,3,0,Budapest,Mobile,0
39,20,3,1,92.26,3,0,Budapest,Web,0
47,9,3,0,12.21,4,0,North,Mobile,0
44,17,7,0,0.0,3,0,Budapest,Mobile,0
25,68,2,1,109.9,4,0,East,Mobile,0
50,26,3,0,0.0,5,0,West,Mobile,0
58,24,10,0,0.0,4,0,South,Store,0
27,55,8,1,90.58,4,0,South,Store,0
47,14,6,2,157.21,3,0,West,Web,0
56,9,3,1,94.19,4,0,Budapest,Web,0
33,27,5,2,111.7,5,1,North,Store,0
49,7,7,1,49.39,5,0,West,Web,0
48,47,4,3,184.98,4,0,North,Mobile,0
44,4,5,0,0.0,3,0,East,Store,0
25,8,4,2,92.28,5,0,South,Web,0
27,28,6,1,65.21,5,0,West,Web,0
69,20,4,1,89.42,3,1,West,Web,1
64,15,3,1,115.92,4,0,Budapest,Web,0
42,16,9,0,12.65,3,0,East,Mobile,0
50,35,8,1,115.67,2,0,East,Web,0
25,13,13,0,13.99,4,0,West,Store,0
66,24,4,1,49.33,4,0,South,Mobile,0
45,31,5,2,95.32,3,0,Budapest,Store,0
30,72,5,2,122.06,5,1,South,Web,0
38,47,8,2,204.65,5,0,East,Store,0
27,14,4,1,45.12,2,1,North,Web,0
62,41,8,0,25.99,4,0,North,Mobile,0
26,70,7,5,422.17,4,0,East,Mobile,0
49,63,10,1,85.02,5,0,West,Mobile,0
42,10,7,0,0.0,4,0,Budapest,Mobile,0
31,9,3,2,247.91,4,0,Budapest,Store,1
49,67,9,1,57.84,5,1,East,Mobile,0
59,51,9,2,240.16,3,0,Budapest,Web,0
30,18,8,4,178.23,4,0,Budapest,Mobile,0
55,35,8,1,113.44,4,0,North,Store,1
52,31,3,1,100.92,4,0,West,Mobile,0
38,30,4,3,270.58,3,1,West,Web,0
39,50,8,2,95.1,5,0,South,Web,0
45,13,6,1,59.05,4,0,Budapest,Web,0
41,25,5,1,79.37,3,0,Budapest,Mobile,0
45,10,7,0,15.69,3,0,Budapest,Mobile,0
18,65,8,4,263.31,5,0,Budapest,Web,0
31,20,6,2,171.69,4,0,North,Web,0
36,32,6,3,174.82,3,0,West,Mobile,0
68,15,8,3,229.6,5,0,South,Web,0
29,50,9,4,230.99,4,0,West,Web,0
43,48,5,6,433.92,5,1,South,Mobile,0
18,23,6,1,53.02,4,0,Budapest,Web,0
42,56,5,3,227.47,5,0,South,Store,0
40,4,6,0,33.78,2,0,West,Web,1
31,32,9,1,75.5,3,0,Budapest,Mobile,0
30,6,3,0,27.55,3,0,Budapest,Web,0
43,32,8,1,110.66,4,0,West,Web,0
47,22,5,1,98.19,4,0,Budapest,Web,0
34,68,8,4,370.83,5,1,North,Web,0
39,17,3,0,53.72,4,0,Budapest,Mobile,0
31,7,5,0,9.59,4,0,East,Web,0
34,7,5,0,3.18,3,0,West,Store,1
49,23,7,0,22.36,4,0,East,Mobile,0
45,7,8,1,57.78,4,0,Budapest,Mobile,0
38,36,8,1,66.8,5,0,Budapest,Mobile,0
49,41,7,0,17.2,4,0,East,Mobile,0
28,17,10,1,66.97,4,0,East,Mobile,0
43,2,7,2,222.63,4,0,East,Store,0
42,15,7,0,0.0,4,0,North,Web,0
59,20,9,2,157.07,4,0,Budapest,Web,0
51,51,5,0,1.7,5,0,Budapest,Mobile,0
48,27,5,2,185.15,4,0,Budapest,Web,0
67,16,4,1,149.03,3,0,East,Mobile,0
34,22,8,1,76.23,4,0,Budapest,Web,0
43,27,8,1,49.57,2,0,East,Web,0
51,7,3,0,0.0,2,0,Budapest,Mobile,0
28,35,4,2,113.45,4,0,North,Mobile,0
37,65,3,0,25.95,3,0,Budapest,Web,0
40,12,10,1,78.8,4,0,Budapest,Store,0
43,38,4,1,97.79,5,0,Budapest,Store,1
37,8,5,2,87.42,5,0,South,Web,1
53,72,8,2,181.69,5,0,North,Store,0
24,10,9,3,275.56,5,0,Budapest,Mobile,0
51,23,4,7,458.9,5,0,West,Store,0
44,19,7,0,0.0,3,0,West,Mobile,0
41,17,4,0,23.84,5,0,West,Store,0
49,42,5,1,98.21,5,0,East,Web,0
30,36,6,1,19.69,5,0,South,Mobile,0
43,18,5,2,64.13,4,0,Budapest,Web,0
41,27,9,0,4.21,3,0,West,Web,0
46,2,7,3,264.64,4,0,Budapest,Mobile,0
25,14,1,1,33.48,3,0,West,Web,0
50,33,6,4,350.03,5,1,Budapest,Web,0
40,35,5,2,170.06,5,0,Budapest,Store,0
32,29,7,3,270.32,3,0,South,Mobile,0
33,33,5,0,0.0,4,0,Budapest,Web,0
29,26,6,0,50.57,4,0,East,Web,0
56,24,7,2,164.92,2,0,East,Store,0
46,48,6,1,97.08,4,0,Budapest,Web,0
38,15,7,2,161.95,3,0,East,Mobile,0
47,14,8,1,77.26,5,0,South,Mobile,0
49,18,3,4,371.34,4,0,North,Mobile,0
37,21,8,5,373.57,3,0,North,Mobile,0
42,10,3,0,22.04,4,0,Budapest,Mobile,0
37,14,5,0,15.31,4,0,Budapest,Web,0
47,42,8,5,645.84,3,0,East,Web,0
40,33,3,0,0.0,5,0,East,Mobile,0
33,21,6,0,48.57,4,0,West,Mobile,0
38,27,3,3,313.17,5,0,South,Web,0
29,69,9,2,274.18,3,0,West,Mobile,0
42,21,5,0,22.34,3,0,East,Web,0
43,72,8,1,115.7,4,0,South,Store,0
74,25,11,1,97.5,4,0,Budapest,Store,0
42,37,7,0,36.43,5,0,North,Web,0
24,45,2,1,115.72,5,0,South,Web,0
41,6,3,1,103.66,4,0,Budapest,Store,0
34,41,5,0,45.21,5,0,West,Mobile,0
31,15,3,0,14.08,4,0,West,Mobile,0
58,14,5,1,67.94,3,0,Budapest,Store,0
46,70,9,4,556.19,5,0,East,Mobile,0
51,6,4,0,0.0,5,0,South,Mobile,0
44,7,5,0,8.84,3,0,North,Web,0
40,11,11,1,96.51,4,0,South,Web,0
31,24,8,0,0.0,4,0,West,Web,0
33,2,7,1,62.34,4,0,East,Web,0
40,32,10,1,107.65,4,0,East,Web,0
48,41,8,1,102.14,5,0,Budapest,Mobile,0
45,24,11,0,10.83,4,0,Budapest,Store,0
33,18,8,0,22.49,3,0,East,Web,0
38,5,7,1,114.69,4,0,Budapest,Web,0
35,36,7,2,150.11,3,0,Budapest,Store,0
35,57,4,1,41.12,4,0,South,Web,0
35,13,4,0,0.0,3,0,West,Mobile,0
40,4,7,0,4.49,4,0,Budapest,Store,0
46,10,3,0,36.64,2,0,Budapest,Mobile,0
44,10,6,1,62.32,4,0,West,Web,0
20,26,11,2,144.86,4,0,East,Store,0
47,18,7,2,146.64,5,0,East,Web,0
28,4,4,0,10.16,4,0,West,Web,0
27,24,4,1,59.77,4,0,Budapest,Mobile,0
18,13,7,0,18.24,4,0,North,Mobile,0
35,50,6,2,192.81,5,0,East,Store,0
29,23,8,1,30.96,5,0,Budapest,Mobile,0
43,53,6,1,122.21,4,0,East,Web,0
44,28,10,2,132.03,5,0,South,Web,0
70,4,6,0,0.04,4,0,Budapest,Mobile,1
20,10,4,0,0.0,4,0,South,Mobile,0
26,8,5,1,119.16,3,0,North,Store,1
67,30,5,3,205.86,4,0,Budapest,Web,0
36,22,7,3,89.85,4,0,East,Web,0
18,15,2,0,0.0,5,0,Budapest,Mobile,0
34,64,10,2,181.64,4,0,West,Web,0
18,28,10,2,118.44,5,0,West,Store,0
33,38,10,1,153.56,4,0,Budapest,Mobile,0
30,1,6,1,41.21,2,0,Budapest,Store,0
30,17,3,0,0.0,4,0,Budapest,Mobile,0
43,35,8,2,200.64,3,0,North,Web,0
36,10,7,0,0.0,4,0,Budapest,Mobile,0
47,12,5,0,0.0,5,0,South,Mobile,0
60,40,7,2,206.41,5,0,North,Mobile,0
43,24,2,0,10.04,5,0,West,Mobile,0
18,6,5,0,0.0,3,0,Budapest,Web,0
62,15,6,3,100.62,5,1,West,Web,0
18,19,2,1,123.96,3,0,South,Web,0
34,27,6,1,86.56,4,0,Budapest,Web,0
37,19,3,0,5.32,4,0,Budapest,Mobile,0
38,14,2,0,0.0,4,0,South,Mobile,0
49,33,7,1,66.28,3,0,South,Web,0
41,20,8,1,85.82,4,1,Budapest,Mobile,1
40,23,11,2,165.64,5,0,East,Store,0
36,17,9,3,169.17,4,0,North,Mobile,0
29,15,7,4,247.73,4,0,North,Web,1
48,7,7,0,0.0,3,0,South,Web,0
41,24,3,2,205.8,3,0,South,Web,0
61,22,5,2,110.56,4,0,South,Web,0
37,24,10,1,43.38,4,0,South,Mobile,0
35,7,8,3,232.11,4,0,South,Mobile,0
48,11,2,1,26.72,4,0,Budapest,Store,0
43,44,3,2,214.71,4,0,South,Mobile,0
33,31,14,1,87.65,4,0,Budapest,Store,0
34,36,8,1,16.95,4,0,Budapest,Store,0
32,5,8,1,55.7,3,0,West,Web,0
36,64,12,2,148.03,4,0,West,Mobile,0
44,39,7,0,0.0,4,0,Budapest,Web,0
18,11,8,3,170.37,4,0,South,Store,0
45,21,5,1,103.53,5,0,South,Mobile,0
40,18,3,0,1.58,3,0,Budapest,Web,0
32,43,5,1,121.38,5,0,North,Store,0
70,21,4,3,259.55,4,0,West,Web,0
35,39,9,1,97.11,5,0,South,Store,0
51,29,5,1,5.67,4,0,Budapest,Web,0
55,16,4,1,93.5,3,0,East,Mobile,0
47,28,10,1,119.84,4,0,North,Web,0
44,35,8,0,0.0,3,0,North,Web,0
60,27,6,2,241.47,4,0,Budapest,Web,0
45,70,12,3,372.32,4,0,South,Mobile,0
22,29,8,1,11.9,4,0,Budapest,Store,0
21,19,7,2,94.09,5,0,Budapest,Mobile,0
27,26,4,2,96.84,5,0,North,Mobile,0
41,8,4,0,34.24,3,0,Budapest,Mobile,0
46,4,8,0,34.1,4,0,West,Web,0
40,22,4,2,125.73,4,0,South,Web,0
46,58,6,1,101.2,4,0,South,Mobile,0
33,21,5,0,9.54,5,0,East,Mobile,0
66,15,5,1,97.92,4,0,Budapest,Mobile,0
27,16,3,1,70.44,3,0,East,Store,0
30,13,3,2,135.74,5,0,Budapest,Mobile,0
60,12,7,1,99.41,4,0,East,Mobile,0
42,17,8,1,75.19,4,0,West,Web,0
36,5,5,1,52.43,4,0,Budapest,Mobile,0
47,22,6,1,121.77,3,0,Budapest,Web,0
45,40,6,1,75.57,5,0,Budapest,Mobile,0
21,24,8,2,144.83,4,0,Budapest,Mobile,0
29,13,7,1,94.03,4,0,Budapest,Mobile,0
41,23,8,2,111.44,4,0,Budapest,Web,0
47,5,7,1,95.0,4,0,East,Web,0
26,7,2,0,4.87,2,0,Budapest,Mobile,0
18,22,8,1,59.99,4,0,West,Store,0
34,36,12,0,31.83,5,0,Budapest,Web,0
45,29,4,2,186.08,3,0,North,Web,0
49,36,6,3,123.73,4,0,South,Web,0
31,15,3,0,15.08,4,0,Budapest,Web,0
24,22,7,2,209.31,4,0,Budapest,Mobile,0
42,29,8,2,192.9,5,0,Budapest,Web,0
32,27,5,1,106.42,4,0,Budapest,Web,0
36,25,9,0,0.0,3,0,Budapest,Store,0
34,36,7,1,88.72,4,0,Budapest,Mobile,0
31,22,3,2,148.9,3,0,North,Store,0
37,26,10,2,286.73,5,0,Budapest,Web,0
43,36,10,4,456.93,4,0,Budapest,Web,0
25,9,9,1,62.97,5,0,Budapest,Mobile,1
36,8,8,0,12.86,4,0,East,Web,0
50,25,4,0,0.0,3,0,West,Store,0
48,9,7,1,97.56,3,0,North,Web,0
44,10,6,0,0.0,3,0,Budapest,Mobile,1
30,2,3,0,0.0,3,0,Budapest,Store,0
41,48,13,1,32.19,5,0,West,Web,0
40,17,6,2,145.53,3,0,Budapest,Store,0
53,27,4,0,54.85,5,0,North,Web,0
36,22,3,1,70.29,4,0,South,Web,0
37,3,8,0,45.82,3,0,Budapest,Web,0
49,17,4,0,0.0,3,0,Budapest,Web,0
35,13,1,0,0.0,4,0,Budapest,Web,0
36,35,11,2,130.14,4,0,East,Web,0
35,18,7,2,237.5,3,0,East,Store,0
29,21,7,0,13.82,5,0,North,Mobile,0
54,14,4,0,0.0,3,0,East,Mobile,1
54,7,9,1,118.15,3,0,Budapest,Mobile,0
45,72,11,4,392.24,5,0,South,Web,0
21,31,7,2,156.76,5,0,West,Web,1
28,32,3,2,102.82,3,0,North,Store,0
29,17,6,0,5.52,4,0,Budapest,Web,1
43,29,5,0,0.0,3,0,Budapest,Mobile,0
57,29,9,1,28.08,5,0,Budapest,Web,0
55,20,8,2,165.18,5,0,North,Web,0
47,42,4,4,321.72,5,1,Budapest,Web,0
50,11,5,0,0.0,3,0,Budapest,Mobile,0
45,19,5,0,0.0,4,0,North,Web,0
27,24,8,2,91.62,5,0,Budapest,Web,1
45,29,8,1,84.06,5,0,Budapest,Store,0
30,16,8,2,100.88,4,0,East,Mobile,0
18,11,3,0,0.0,3,0,West,Web,0
36,28,8,2,231.7,3,0,West,Mobile,0
34,25,7,0,0.0,3,0,Budapest,Mobile,0
45,30,8,0,0.0,5,0,East,Web,0
30,18,2,0,0.0,4,0,West,Mobile,0
23,30,6,1,98.08,3,0,Budapest,Mobile,0
50,38,8,2,233.36,4,0,South,Mobile,0
50,23,3,1,117.34,3,0,East,Mobile,0
64,22,8,0,37.74,5,0,North,Web,0
48,7,5,2,69.88,4,0,North,Mobile,0
41,15,8,2,147.08,4,1,South,Web,0
29,17,3,1,97.72,3,0,West,Web,0
38,11,7,0,4.19,4,0,Budapest,Store,0
45,56,7,2,221.97,5,1,West,Store,0
49,28,5,0,11.37,5,0,Budapest,Web,0
43,28,5,1,169.51,4,0,North,Store,0
52,33,7,1,159.82,4,0,West,Web,0
25,29,4,1,75.0,5,0,West,Web,0
59,33,8,1,28.52,4,0,Budapest,Web,0
44,13,4,1,107.78,4,0,North,Mobile,0
48,3,7,0,0.0,3,0,East,Store,0
33,38,6,5,380.65,4,0,North,Web,0
22,55,5,0,21.22,4,0,Budapest,Mobile,0
33,3,6,1,100.8,4,0,North,Web,0
50,71,9,4,490.12,3,0,South,Web,0
61,33,8,0,0.0,5,0,Budapest,Web,0
47,43,7,1,64.29,3,0,West,Store,0
20,19,3,0,9.89,5,0,East,Mobile,0
38,19,5,0,22.53,5,0,South,Web,0
42,14,5,3,204.42,4,0,East,Web,0
57,14,3,2,260.77,4,1,South,Web,0
39,43,4,0,37.6,3,0,West,Mobile,0
33,14,7,2,50.6,5,0,North,Mobile,0
45,11,5,0,0.0,2,0,North,Store,0
33,11,9,0,10.2,4,0,West,Web,1
45,27,8,1,89.41,5,0,East,Web,0
28,12,12,2,107.26,5,1,East,Store,0
28,21,6,1,70.08,3,0,East,Web,0
33,15,5,0,12.23,4,0,East,Web,1
53,10,6,0,12.58,3,0,North,Web,0
40,22,4,1,22.77,3,0,Budapest,Web,0
58,19,6,0,37.23,5,0,South,Web,0
36,12,10,2,152.87,5,0,West,Web,0
63,33,3,0,18.06,3,0,Budapest,Mobile,0
26,30,1,1,36.18,4,0,West,Store,0
47,26,9,2,75.28,4,0,East,Web,0
37,38,8,1,86.18,4,0,West,Mobile,0
32,30,6,2,172.32,5,0,West,Web,0
41,19,8,0,0.0,4,0,South,Web,0
33,17,2,0,0.0,5,0,North,Mobile,0
45,41,3,1,72.06,4,0,West,Web,0
29,14,5,0,22.66,2,0,South,Store,0
39,13,5,3,232.02,2,0,South,Mobile,0
44,25,7,1,109.0,4,0,Budapest,Mobile,0
55,22,5,0,0.0,3,0,East,Store,0
79,17,6,1,63.64,4,0,Budapest,Web,0
45,6,7,1,82.22,4,0,Budapest,Mobile,0
46,6,7,3,214.1,4,0,Budapest,Mobile,0
45,8,1,0,0.0,2,0,Budapest,Web,1
25,6,7,2,130.18,3,0,East,Web,0
53,20,7,1,83.67,5,0,South,Web,0
44,16,9,0,0.0,5,0,East,Web,0
46,19,7,1,81.57,4,0,Budapest,Store,0
51,60,12,1,114.71,4,0,Budapest,Web,0
62,17,5,0,10.89,4,0,West,Mobile,0
26,40,3,3,241.73,4,0,West,Mobile,0
48,11,5,0,0.0,5,0,Budapest,Web,0
39,45,7,1,97.81,5,1,East,Store,1
41,3,8,2,74.9,3,0,West,Web,0
43,52,7,2,139.56,5,0,North,Web,0
54,22,7,0,0.0,4,0,West,Web,0
61,28,10,2,198.9,5,0,Budapest,Store,0
51,25,4,1,76.24,4,0,East,Store,0
36,36,6,4,294.44,5,0,Budapest,Web,0
48,26,10,3,318.66,4,0,East,Store,0
50,16,7,1,99.58,4,0,South,Mobile,0
38,28,6,2,227.39,5,0,Budapest,Web,0
34,40,5,0,0.0,5,0,Budapest,Store,0
24,30,8,3,251.54,4,0,Budapest,Web,0
51,22,4,0,0.0,2,0,South,Web,0
50,62,8,1,85.61,5,0,East,Web,0
52,32,5,0,0.0,4,0,Budapest,Mobile,1
43,7,2,3,213.4,4,1,West,Web,0
67,72,13,2,168.0,5,0,South,Web,0
20,35,4,1,58.88,5,0,South,Mobile,0
22,60,6,3,292.36,5,0,West,Mobile,0
34,9,6,0,23.06,3,0,North,Web,0
18,8,6,1,86.6,3,0,South,Store,0
57,39,7,1,89.84,4,0,South,Mobile,0
58,27,10,1,71.52,4,0,South,Web,0
43,13,9,2,215.55,4,0,Budapest,Web,0
54,25,7,2,135.76,4,0,Budapest,Web,0
49,36,11,1,70.82,4,0,South,Web,0
42,4,5,0,0.0,5,0,Budapest,Web,0
42,30,5,1,96.35,4,0,East,Web,0
36,24,7,2,149.12,4,0,North,Web,0
56,16,4,2,203.1,5,0,Budapest,Mobile,0
26,48,7,1,92.23,5,0,East,Mobile,0
60,54,3,1,109.5,4,0,North,Web,0
59,29,10,1,38.09,4,0,Budapest,Mobile,0
44,38,8,1,79.67,5,0,South,Web,0
49,1,5,0,15.53,4,0,South,Store,0
61,14,4,4,251.07,4,0,Budapest,Mobile,0
54,11,7,2,162.58,4,1,West,Store,0
18,38,13,2,192.89,5,0,West,Store,0
37,67,5,1,50.32,5,1,West,Web,0
64,40,13,0,0.0,5,0,East,Web,0
37,24,10,1,30.69,3,0,North,Web,0
45,20,4,2,142.85,3,0,Budapest,Web,0
57,29,6,1,0.0,4,0,Budapest,Mobile,0
36,7,6,0,0.0,2,0,West,Web,0
48,35,9,2,198.18,4,0,West,Web,0
57,23,3,1,81.61,3,0,Budapest,Mobile,0
37,18,7,1,87.03,3,0,East,Web,0
61,34,5,0,0.0,4,0,Budapest,Web,1
36,62,5,1,95.41,5,0,East,Web,0
37,7,6,0,34.2,3,0,North,Mobile,0
51,16,3,0,13.92,5,0,West,Web,0
40,61,5,0,0.0,4,0,South,Store,0
55,7,2,0,21.36,3,0,West,Mobile,0
39,42,6,1,66.47,5,0,Budapest,Mobile,0
27,6,2,0,0.0,5,0,West,Web,0
47,66,9,2,251.0,5,0,South,Web,0
49,12,5,1,82.81,4,0,Budapest,Mobile,0
51,29,7,1,31.67,4,0,Budapest,Web,0
47,11,2,0,17.17,4,0,East,Mobile,0
63,19,2,0,9.61,3,0,South,Web,1
36,9,7,1,46.35,4,1,West,Web,0
35,68,9,4,289.58,5,0,North,Mobile,0
52,53,11,1,132.5,5,0,West,Web,0
65,40,6,1,81.67,4,0,Budapest,Web,0
38,30,5,1,38.06,4,0,Budapest,Mobile,0
34,37,4,2,165.33,4,0,North,Mobile,0
29,26,5,0,0.0,3,0,East,Web,0
53,19,3,0,3.99,3,0,South,Mobile,0
55,35,6,1,33.98,5,0,East,Web,1
40,16,6,1,56.6,3,0,Budapest,Mobile,0
37,31,7,1,106.73,4,0,East,Web,0
35,16,5,1,71.3,4,0,Budapest,Web,0
44,25,4,2,186.11,4,0,West,Store,0
46,36,7,2,230.2,3,0,East,Mobile,0
33,11,6,0,0.04,4,0,North,Mobile,0
46,15,7,1,83.51,4,0,East,Store,0
39,26,5,0,14.02,4,0,South,Store,0
38,5,1,2,156.47,4,0,West,Web,0
20,27,5,2,91.81,4,0,North,Mobile,0
36,24,6,1,58.94,4,0,East,Web,1
36,26,8,2,175.1,4,0,Budapest,Web,0
66,31,3,0,0.0,3,0,North,Store,0
50,47,5,1,115.21,4,0,West,Store,0
26,53,10,5,379.58,3,0,East,Mobile,0
33,15,8,2,218.36,4,0,Budapest,Store,0
35,27,5,1,107.09,3,0,West,Web,0
43,25,9,0,0.0,5,0,West,Store,1
48,41,6,0,0.0,4,0,Budapest,Mobile,0
44,9,3,0,0.16,3,0,West,Web,0
62,29,3,2,185.92,3,0,North,Web,0
47,35,5,3,301.93,5,0,South,Mobile,0
30,21,3,1,22.67,4,0,Budapest,Web,0
41,30,8,1,83.47,5,1,Budapest,Mobile,0
39,8,3,0,18.16,4,0,Budapest,Store,0
27,9,6,1,63.73,4,0,West,Store,0
27,7,9,1,58.78,5,0,North,Web,0
33,8,13,3,254.59,5,0,North,Store,0
31,13,3,0,0.0,3,0,South,Web,0
31,34,3,0,0.0,3,0,Budapest,Store,0
26,3,5,0,0.0,3,0,Budapest,Web,0
62,23,5,1,151.02,4,0,Budapest,Web,0
32,24,8,5,415.61,4,1,Budapest,Web,0
40,42,5,3,224.78,5,0,East,Web,0
45,17,1,0,27.41,4,0,East,Mobile,0
32,13,4,1,110.42,4,0,West,Store,0
48,7,4,1,87.85,4,0,West,Mobile,0
38,34,8,1,40.8,4,0,North,Web,0
18,21,6,0,0.0,4,0,East,Mobile,0
37,35,8,2,150.5,4,0,West,Mobile,0
43,40,10,2,78.01,4,0,North,Store,0
33,34,4,1,85.65,4,0,Budapest,Mobile,0
42,13,4,3,218.77,3,0,South,Web,0
40,25,12,2,128.65,4,1,East,Mobile,0
40,27,6,3,306.26,4,0,North,Web,0
19,8,6,0,27.88,3,0,East,Store,0
30,24,4,2,112.04,3,0,South,Store,0
62,33,7,0,10.78,5,0,Budapest,Mobile,0
62,10,0,0,0.0,3,0,West,Web,0
48,41,3,2,166.53,2,0,South,Store,0
36,18,8,1,25.9,4,0,South,Web,0
35,36,6,1,124.29,5,0,East,Web,0
53,38,5,0,3.66,4,0,South,Web,0
18,13,7,3,116.45,3,0,Budapest,Mobile,0
46,21,13,2,185.9,3,0,East,Mobile,0
32,47,3,4,366.96,4,0,Budapest,Web,0
58,17,8,0,3.34,4,0,Budapest,Web,0
39,61,6,1,66.6,5,0,Budapest,Web,0
51,4,2,2,140.74,4,0,South,Store,0
53,21,7,1,44.59,4,0,North,Web,0
38,15,5,1,44.27,3,0,East,Web,0
29,39,4,3,324.95,5,0,West,Web,0
46,72,9,1,97.11,5,0,West,Mobile,0
35,21,4,2,215.54,4,0,Budapest,Mobile,0
18,57,9,1,38.03,4,0,Budapest,Mobile,0
26,17,3,2,144.97,4,0,South,Web,0
40,17,7,0,0.0,4,0,Budapest,Web,0
36,42,9,3,275.0,4,0,West,Store,0
42,9,6,0,0.0,2,0,Budapest,Mobile,0
36,6,8,0,39.58,5,0,Budapest,Mobile,0
38,19,2,1,41.63,5,0,Budapest,Mobile,0
22,45,5,0,19.41,5,0,Budapest,Store,0
47,53,9,1,82.36,5,1,East,Store,0
31,6,6,2,100.46,3,0,Budapest,Web,0
44,20,7,2,116.73,4,0,South,Mobile,0
41,13,7,1,123.23,4,0,East,Store,0
30,17,4,3,188.42,3,0,West,Web,0
23,38,7,3,170.5,5,0,South,Mobile,0
48,29,8,2,225.73,3,0,East,Mobile,0
43,8,5,0,1.16,4,0,Budapest,Mobile,0
51,12,5,1,102.92,4,0,Budapest,Mobile,0
43,26,10,1,137.31,4,0,Budapest,Store,0
28,45,3,1,97.86,5,0,South,Web,0
18,28,6,0,0.0,5,0,East,Mobile,0
42,12,6,1,59.02,3,0,South,Mobile,1
32,41,9,1,91.79,3,0,South,Store,0
68,44,2,1,95.66,4,0,East,Web,0
55,12,5,2,149.75,3,0,South,Mobile,0
47,26,4,2,143.42,5,1,North,Mobile,0
41,44,3,0,36.29,4,0,Budapest,Web,0
31,7,3,0,4.55,3,0,East,Web,0
56,11,6,0,0.0,3,0,East,Mobile,0
31,25,1,0,8.08,3,0,East,Web,0
49,4,7,0,0.0,4,0,Budapest,Mobile,0
38,33,3,1,85.93,3,0,West,Web,0
47,22,2,2,96.84,5,0,South,Mobile,1
57,12,3,0,40.47,5,0,Budapest,Web,0
45,30,6,4,465.11,3,0,West,Web,0
76,8,8,1,39.29,3,0,Budapest,Web,0
36,17,3,2,181.28,3,0,Budapest,Web,0
43,40,4,3,298.68,5,1,East,Mobile,0
30,9,7,2,166.32,4,0,West,Store,1
32,19,8,1,63.32,4,1,Budapest,Mobile,0
39,22,7,0,22.42,3,0,Budapest,Mobile,0
43,15,2,0,0.0,5,0,South,Mobile,0
43,32,10,6,411.58,5,0,South,Store,0
43,41,10,2,222.5,5,0,West,Web,0
50,29,5,2,139.77,5,1,West,Web,0
49,33,10,8,585.21,4,0,East,Store,0
60,9,4,1,67.94,4,0,West,Store,0
40,27,3,2,154.32,4,0,East,Web,0
27,5,6,0,0.0,3,0,South,Mobile,0
36,22,8,0,0.0,4,0,South,Mobile,1
68,40,11,5,577.24,4,1,West,Store,0
41,34,8,1,70.36,4,0,East,Web,0
57,58,11,2,206.91,5,0,West,Mobile,0
39,28,9,0,11.19,5,0,East,Mobile,0
50,17,6,2,101.85,3,0,West,Store,0
53,7,6,2,187.53,5,0,East,Mobile,1
35,19,6,0,4.95,4,0,North,Web,0
31,28,5,0,0.0,4,0,Budapest,Web,0
35,46,7,4,368.36,4,0,East,Mobile,0
34,11,7,1,0.0,4,0,West,Web,0
26,6,4,0,1.77,5,0,Budapest,Web,0
37,32,4,0,0.0,4,0,West,Store,0
41,18,8,1,105.48,4,0,East,Web,0
41,13,6,3,151.97,3,0,South,Web,0
32,15,6,1,0.0,3,0,South,Mobile,1
33,15,6,0,2.16,4,0,West,Mobile,0
30,20,7,2,67.76,4,0,North,Web,0
33,1,3,0,25.04,4,0,West,Mobile,0
27,21,7,1,47.52,4,0,North,Web,0
42,39,4,1,109.36,5,0,Budapest,Store,0
24,59,9,4,302.89,5,1,Budapest,Web,0
36,43,8,1,29.65,4,0,West,Web,0
43,49,4,1,70.4,4,0,West,Mobile,0
62,10,11,2,111.83,5,1,West,Store,1
39,8,4,0,0.0,3,0,South,Mobile,0
37,31,5,1,73.72,5,0,West,Mobile,0
47,15,4,0,0.0,4,0,Budapest,Web,0
47,43,7,3,325.57,4,0,Budapest,Store,0
55,34,9,3,159.64,4,0,West,Store,0
61,13,5,0,9.11,4,0,East,Store,0
45,36,6,0,0.0,4,0,South,Web,0
30,32,4,0,0.0,4,0,South,Mobile,0
41,5,5,2,134.68,3,0,Budapest,Web,0
43,17,5,0,7.47,4,0,Budapest,Web,0
34,21,2,1,121.99,4,0,South,Web,0
45,26,6,0,8.22,4,0,South,Web,0
48,20,9,0,0.0,3,0,South,Mobile,0
29,48,4,1,125.42,4,0,East,Web,1
50,23,7,0,0.0,4,0,Budapest,Store,0
38,59,5,1,150.09,5,0,East,Store,0
30,12,7,0,47.21,4,0,East,Web,0
41,32,6,2,158.4,4,0,Budapest,Web,0
35,32,8,0,0.0,5,0,East,Web,0
18,11,9,3,228.51,4,0,South,Web,0
43,71,8,4,343.72,5,0,South,Web,0
55,23,5,4,481.49,3,0,Budapest,Mobile,0
35,44,6,1,74.1,5,0,East,Web,0
46,18,11,2,158.01,3,0,North,Mobile,0
26,13,5,0,33.64,4,0,Budapest,Web,0
28,15,4,2,160.06,4,0,North,Web,0
31,13,3,0,36.04,2,0,Budapest,Web,0
28,37,5,0,0.0,4,0,East,Mobile,0
48,48,5,3,192.25,4,0,Budapest,Mobile,0
31,37,7,0,0.0,4,0,East,Mobile,0
22,21,7,0,0.0,5,0,East,Web,0
32,4,5,0,0.0,4,0,West,Web,0
46,52,8,1,64.53,5,0,West,Mobile,0
34,11,6,0,15.38,3,0,Budapest,Web,0
38,9,7,1,26.93,3,0,North,Mobile,1
44,12,3,1,48.53,4,0,West,Web,0
49,28,6,0,0.0,4,0,Budapest,Web,0
46,9,8,0,0.0,2,0,Budapest,Store,0
26,53,10,2,72.12,3,0,East,Web,0
49,33,7,0,41.22,3,0,East,Mobile,0
46,41,5,1,82.83,4,0,South,Web,1
42,17,4,1,68.1,5,0,Budapest,Mobile,0
43,47,4,4,311.0,5,0,East,Web,0
53,8,5,1,97.38,4,0,Budapest,Web,0
28,19,4,1,68.14,3,0,West,Web,0
31,14,8,1,80.17,4,0,West,Web,1
33,12,11,0,2.15,5,0,Budapest,Mobile,0
46,46,8,3,297.54,4,0,West,Mobile,0
22,10,9,1,70.52,3,0,West,Mobile,0
45,25,4,1,103.61,5,0,West,Web,0
42,44,7,3,447.77,3,0,South,Web,0
48,56,12,4,460.07,5,0,Budapest,Web,0
29,31,6,3,295.31,5,0,Budapest,Mobile,0
35,18,11,1,57.95,4,0,Budapest,Web,0
38,19,9,1,44.09,5,0,North,Store,0
47,72,10,3,324.18,5,0,South,Web,0
59,49,5,2,176.15,4,0,South,Mobile,0
35,10,6,2,74.48,4,0,South,Store,0
23,46,6,1,96.9,5,0,Budapest,Store,0
34,4,5,1,123.59,3,0,Budapest,Mobile,0
41,7,5,1,86.64,3,0,Budapest,Web,1
48,8,6,2,101.37,5,0,South,Mobile,0
51,30,5,2,109.18,4,0,West,Store,0
42,3,4,0,26.96,3,0,Budapest,Web,0
53,22,8,1,140.78,5,0,South,Mobile,0
67,17,9,1,65.02,4,0,Budapest,Web,0
40,22,6,2,157.07,4,0,West,Mobile,0
62,48,7,3,270.42,5,0,Budapest,Mobile,0
44,19,7,1,55.6,3,0,North,Mobile,0
53,51,12,0,0.0,4,0,Budapest,Mobile,0
40,32,4,0,28.17,5,0,North,Web,0
38,17,11,1,92.06,4,0,Budapest,Store,0
48,10,4,3,294.79,4,0,East,Store,0
28,11,3,1,40.04,4,0,South,Mobile,1
55,26,5,1,111.14,3,0,East,Store,0
20,23,8,3,190.05,4,0,South,Web,0
27,22,5,2,184.59,4,0,North,Web,0
49,16,5,1,23.3,3,1,Budapest,Web,0
24,35,5,1,41.01,4,0,South,Mobile,0
29,10,6,2,187.61,3,0,Budapest,Store,1
39,19,7,0,0.0,5,0,Budapest,Web,0
64,35,6,1,80.82,5,0,Budapest,Web,0
69,35,5,2,186.98,5,0,East,Store,0
18,7,5,2,84.95,4,0,West,Mobile,1
50,32,7,1,90.07,3,0,West,Mobile,0
31,7,5,3,172.56,4,1,North,Web,0
46,21,5,1,30.39,4,0,Budapest,Store,0
59,12,8,0,0.0,4,0,South,Mobile,0
49,5,6,0,4.4,3,0,West,Web,0
43,6,5,2,135.28,4,0,West,Mobile,0
54,52,4,2,169.82,4,0,Budapest,Store,0
39,17,3,1,60.54,5,0,West,Web,0
42,8,5,3,215.37,4,0,East,Web,0
31,12,3,0,0.0,4,0,Budapest,Web,0
38,7,2,1,89.47,3,0,Budapest,Web,0
48,13,4,0,0.0,4,0,Budapest,Mobile,0
46,10,6,1,54.69,3,0,Budapest,Web,0
45,4,5,0,0.0,4,0,West,Mobile,0
35,4,6,1,125.32,3,0,West,Web,0
35,44,5,2,122.45,3,0,North,Web,0
54,11,4,2,152.54,3,0,Budapest,Web,0
40,14,7,2,154.78,5,0,Budapest,Store,0
40,31,7,3,180.87,5,0,South,Mobile,0
42,36,7,3,243.58,5,0,Budapest,Web,0
33,23,5,0,0.0,3,0,East,Web,0
18,30,6,2,189.43,5,0,West,Mobile,0
43,16,5,0,0.0,5,0,East,Mobile,0
37,16,5,0,30.34,4,0,East,Web,0
36,19,9,0,0.0,2,0,East,Web,0
35,12,1,0,27.88,3,0,South,Web,0
32,19,7,2,173.48,4,0,East,Store,0
57,21,2,0,0.0,5,0,West,Store,0
34,16,7,0,0.0,4,0,West,Web,0
50,25,8,1,103.68,4,0,South,Store,0
46,36,9,0,0.0,5,0,East,Web,0
49,25,5,0,13.3,4,0,East,Web,0
53,39,7,3,277.89,4,0,North,Store,0
35,31,1,0,0.0,4,0,Budapest,Mobile,0
38,19,9,3,322.92,4,0,Budapest,Web,0
42,17,8,1,80.18,4,0,Budapest,Web,0
53,8,5,1,98.65,3,0,West,Mobile,0
64,9,5,0,0.0,4,0,Budapest,Mobile,0
44,23,5,0,36.76,3,0,Budapest,Mobile,0
37,24,4,2,152.46,3,0,North,Web,0
33,22,5,0,0.0,3,0,Budapest,Web,0
29,29,4,0,0.0,5,0,West,Store,0
26,17,5,0,16.98,4,0,East,Store,0
57,40,5,0,29.62,4,0,Budapest,Mobile,0
46,14,6,2,157.32,5,0,South,Web,0
52,31,8,4,263.96,5,0,Budapest,Mobile,0
41,46,7,3,323.85,5,0,West,Web,0
39,9,6,2,110.69,3,1,East,Web,0
40,20,7,0,0.0,4,0,East,Store,0
38,24,7,0,17.51,4,0,East,Web,0
35,49,8,4,395.48,4,0,South,Store,0
47,45,5,3,344.29,5,1,Budapest,Mobile,0
38,21,10,1,47.73,3,0,East,Web,0
46,17,4,1,78.73,4,0,South,Store,0
37,17,5,1,29.18,3,0,West,Mobile,0
27,32,5,2,145.75,5,0,North,Web,0
50,43,6,1,87.73,4,0,West,Mobile,0
51,4,8,0,0.0,4,0,Budapest,Store,0
47,56,7,2,246.88,5,0,West,Mobile,0
34,22,6,2,176.03,5,0,East,Web,0
37,14,5,2,167.64,4,0,North,Web,0
25,27,6,3,324.19,2,1,Budapest,Store,0
46,29,10,3,245.77,5,0,Budapest,Web,0
45,3,4,2,182.68,1,0,East,Mobile,0
33,9,9,1,68.29,5,0,Budapest,Web,0
27,9,4,2,172.54,3,0,Budapest,Store,0
51,28,9,0,0.0,4,0,North,Mobile,1
53,33,4,2,154.99,5,0,West,Web,0
51,49,7,0,16.65,4,0,Budapest,Mobile,0
58,19,5,2,126.82,4,0,East,Mobile,0
34,22,3,1,84.78,4,1,North,Web,0
32,42,6,2,213.64,5,0,East,Web,0
51,11,4,1,75.41,4,0,North,Web,1
42,17,5,0,2.72,4,0,West,Store,0
18,11,5,0,0.0,5,0,East,Mobile,0
18,24,6,0,31.86,4,0,East,Mobile,0
37,22,2,1,40.8,3,0,West,Store,0
32,36,3,2,156.99,4,0,North,Web,0
33,25,4,2,232.13,4,0,East,Mobile,0
54,14,6,0,5.54,3,0,Budapest,Web,0
35,9,6,1,69.33,3,0,Budapest,Mobile,0
30,24,7,2,125.91,3,0,East,Web,0
68,19,6,2,108.08,4,0,North,Mobile,0
37,27,9,1,74.99,4,0,Budapest,Web,0
29,15,4,0,0.0,3,0,South,Mobile,0
37,56,7,4,190.33,5,0,North,Mobile,0
59,24,8,2,99.69,4,0,Budapest,Web,0
37,31,9,2,201.41,4,0,West,Web,0
39,9,10,1,35.95,3,0,Budapest,Web,0
34,31,10,1,95.07,5,0,East,Mobile,0
42,72,6,2,190.83,5,0,West,Mobile,0
38,34,7,4,119.96,5,0,South,Mobile,0
31,25,3,0,29.34,4,0,Budapest,Store,0
47,8,3,0,2.61,4,0,Budapest,Mobile,0
48,10,6,0,0.0,4,0,Budapest,Store,0
40,11,9,2,194.74,3,0,West,Mobile,0
50,8,3,0,12.81,3,0,West,Web,0
50,11,7,0,8.34,4,0,West,Mobile,0
34,3,8,0,32.11,4,0,East,Web,0
34,41,6,2,151.26,5,0,Budapest,Mobile,0
53,35,5,2,164.22,4,0,East,Mobile,0
44,27,7,0,0.0,3,0,East,Web,0
47,18,6,1,4.74,3,0,South,Mobile,0
57,34,4,1,99.85,4,0,East,Store,0
21,38,5,4,386.32,4,0,West,Mobile,0
39,59,6,2,170.75,5,0,South,Web,0
32,28,3,1,72.67,5,0,East,Web,0
39,27,6,2,115.44,4,0,Budapest,Mobile,0
58,3,6,1,125.63,4,0,North,Web,0
25,24,10,0,0.0,5,0,East,Web,0
60,36,5,3,277.24,5,0,Budapest,Mobile,0
44,19,7,2,175.7,5,0,South,Web,0
45,39,6,3,290.76,4,0,West,Mobile,1
31,20,4,0,0.0,3,0,East,Web,0
51,42,9,1,82.03,4,0,Budapest,Web,0
21,41,1,0,7.42,5,0,North,Web,0
39,17,3,1,63.62,5,0,Budapest,Web,1
63,36,9,0,7.83,4,0,West,Store,0
36,57,5,1,129.77,5,0,South,Web,0
33,15,8,2,102.87,4,1,Budapest,Mobile,0
49,32,3,0,0.0,4,0,East,Store,0
30,33,9,2,165.19,4,1,Budapest,Web,0
26,8,2,0,0.0,4,0,West,Store,0
51,31,10,1,0.0,4,1,East,Store,0
47,4,7,2,128.54,4,1,Budapest,Mobile,0
24,9,9,0,0.0,5,0,East,Web,0
43,19,7,0,4.65,4,0,East,Web,0
52,8,6,1,105.3,3,0,South,Mobile,0
46,10,9,1,9.43,3,0,West,Web,0
51,27,7,2,149.22,4,0,Budapest,Web,0
27,13,4,0,0.0,3,0,Budapest,Store,0
59,39,4,3,269.92,4,0,South,Web,0
28,22,5,0,14.57,4,0,North,Store,0
73,23,3,2,162.02,4,0,East,Mobile,0
31,21,6,2,186.5,4,0,West,Web,0
45,12,6,1,44.07,5,0,North,Web,0
53,24,8,1,95.66,5,0,Budapest,Web,0
55,54,6,4,421.68,4,0,East,Store,0
38,20,5,0,0.0,4,0,Budapest,Web,0
67,15,9,1,115.64,4,0,Budapest,Mobile,0
54,13,5,0,0.0,4,0,Budapest,Web,0
18,59,8,0,28.79,5,0,East,Web,0
46,23,6,1,88.4,3,0,Budapest,Web,0
41,51,9,0,0.0,4,0,East,Web,0
18,16,5,0,0.0,4,0,Budapest,Web,0
28,19,7,1,38.15,4,0,East,Store,0
26,43,9,4,245.1,5,0,West,Store,0
57,27,6,2,152.39,4,0,North,Mobile,0
42,10,9,3,139.17,3,0,West,Mobile,0
32,14,5,1,147.16,4,0,East,Mobile,0
34,38,5,3,246.71,5,0,West,Web,0
39,18,11,1,46.74,4,0,West,Mobile,0
43,43,13,1,85.91,4,0,West,Web,0
31,19,3,1,135.09,3,0,East,Mobile,1
53,7,8,0,15.07,3,0,East,Web,0
51,46,6,1,119.93,4,0,Budapest,Web,0
35,41,5,0,17.95,4,0,Budapest,Web,0
28,26,7,0,7.57,4,0,Budapest,Mobile,0
51,11,6,2,142.04,3,0,East,Web,0
31,14,6,2,216.15,4,0,North,Mobile,0
35,7,2,0,0.0,4,0,Budapest,Store,0
26,8,2,0,0.0,3,0,West,Web,0
24,16,4,1,86.85,4,0,East,Web,0
42,19,10,2,203.29,3,1,East,Mobile,0
32,45,4,1,139.04,4,0,East,Web,0
43,27,7,5,413.23,4,0,West,Mobile,0
51,48,10,3,306.89,4,0,Budapest,Web,0
47,19,8,1,152.67,4,0,Budapest,Web,0
23,44,9,4,292.64,5,0,Budapest,Web,0
64,28,4,0,11.19,4,0,Budapest,Web,0
43,22,6,0,0.0,5,0,Budapest,Mobile,0
29,43,5,1,109.38,5,0,South,Web,0
61,30,7,0,22.65,4,0,Budapest,Web,0
43,5,3,1,104.02,3,0,West,Web,0
33,22,8,2,130.71,4,0,Budapest,Mobile,0
25,27,4,0,21.83,3,0,West,Web,0
57,44,8,2,235.41,5,0,Budapest,Store,0
18,16,4,0,0.0,4,0,West,Web,0
53,8,1,0,0.0,4,0,West,Mobile,0
49,25,3,2,201.34,3,0,North,Store,1
56,33,8,2,120.87,5,0,Budapest,Mobile,0
58,17,7,0,0.0,5,0,East,Web,0
50,61,9,5,545.39,5,2,West,Web,0
19,38,6,7,598.91,5,0,South,Web,0
50,46,4,2,136.49,4,0,West,Mobile,0
29,26,7,0,15.7,5,0,South,Store,0
26,57,6,5,534.18,5,0,Budapest,Web,0
34,17,9,1,22.38,5,0,Budapest,Web,1
39,7,9,2,188.6,3,0,Budapest,Mobile,0
32,50,8,0,0.0,5,0,West,Mobile,0
52,54,9,2,197.79,4,0,Budapest,Store,0
32,49,6,2,242.93,5,0,North,Web,0
36,18,7,2,149.06,4,0,West,Web,0
26,34,4,2,135.34,4,1,Budapest,Web,0
51,22,7,1,55.3,5,0,South,Web,0
32,19,3,1,77.36,5,0,Budapest,Web,0
50,11,8,1,95.38,3,0,East,Web,0
60,10,4,1,69.41,3,0,East,Web,0
36,56,10,5,636.54,5,0,North,Web,0
47,12,11,1,98.88,5,0,Budapest,Mobile,0
46,26,1,1,22.73,5,0,North,Mobile,0
46,32,11,3,296.19,4,0,South,Web,0
42,72,9,5,505.24,5,0,West,Web,0
29,60,7,4,240.65,4,0,West,Store,0
45,25,9,1,100.84,4,0,Budapest,Web,0
27,21,4,0,38.33,5,0,Budapest,Web,0
37,29,9,0,0.0,5,0,Budapest,Mobile,0
49,56,5,1,121.5,5,0,Budapest,Web,0
50,9,10,1,86.04,3,0,East,Web,0
31,29,12,1,60.5,4,0,South,Web,0
27,12,4,1,81.24,3,0,Budapest,Mobile,0
51,39,6,4,199.32,4,1,South,Web,0
32,63,7,0,34.12,5,0,East,Mobile,0
44,41,3,1,74.99,2,0,Budapest,Web,0
57,52,6,1,88.22,4,0,East,Mobile,0
50,22,9,2,139.45,4,0,Budapest,Mobile,0
46,26,6,3,181.17,4,0,Budapest,Mobile,0
18,23,3,1,86.55,5,0,West,Mobile,0
47,23,8,0,0.0,5,0,West,Mobile,0
43,22,6,1,79.09,3,0,Budapest,Web,0
26,12,6,0,0.0,3,0,East,Mobile,0
20,25,4,1,56.29,3,0,Budapest,Mobile,0
28,3,7,0,0.0,3,0,West,Store,0
42,7,6,2,157.59,5,0,West,Store,0
47,18,9,1,50.77,4,0,Budapest,Web,0
46,18,4,1,80.33,4,0,West,Web,0
56,33,12,2,149.56,4,0,West,Web,0
21,9,5,1,41.68,4,0,South,Web,0
30,2,9,2,110.78,4,0,East,Mobile,0
51,8,11,2,174.67,4,0,Budapest,Web,0
31,23,6,0,0.0,5,0,East,Web,0
40,17,8,3,251.28,5,1,West,Store,0
44,36,5,2,234.54,5,0,West,Store,0
34,31,4,0,0.0,4,0,South,Mobile,0
51,42,4,2,96.31,5,0,Budapest,Mobile,0
51,41,9,2,188.03,3,0,East,Web,0
44,15,6,2,151.16,3,0,East,Web,0
28,9,4,0,33.66,4,0,Budapest,Web,0
35,11,8,1,58.3,4,0,East,Web,0
30,22,7,0,46.13,5,0,Budapest,Web,0
42,19,4,2,96.85,2,0,West,Web,0
43,37,5,1,102.78,4,0,North,Mobile,0
31,5,4,1,30.72,3,0,West,Mobile,0
59,43,6,0,2.05,4,0,South,Mobile,0
46,5,4,0,0.0,3,0,West,Web,0
47,45,11,0,0.0,3,0,West,Mobile,0
50,25,6,2,182.44,5,1,West,Web,0
62,46,5,3,244.02,4,0,East,Store,0
52,18,5,1,108.68,2,0,East,Mobile,0
47,17,4,2,152.13,3,0,Budapest,Store,0
41,20,6,2,137.43,4,0,East,Store,0
34,24,5,0,0.0,4,0,Budapest,Web,0
44,5,5,0,12.15,3,0,East,Web,0
37,18,8,3,98.94,5,0,West,Web,0
54,44,7,1,108.46,5,0,West,Web,0
49,20,12,2,159.33,5,0,Budapest,Mobile,0
21,27,9,1,95.61,4,0,Budapest,Mobile,1
48,10,3,1,28.86,5,0,North,Web,0
43,43,13,0,0.0,3,0,East,Store,0
42,7,6,2,99.03,4,0,East,Web,0
37,2,9,2,193.25,3,0,East,Mobile,0
53,15,6,2,99.01,4,1,Budapest,Store,0
49,5,3,0,0.0,3,0,South,Mobile,0
36,24,6,1,37.84,5,0,East,Mobile,0
55,20,6,1,72.48,3,1,North,Web,0
36,5,5,0,0.53,4,0,West,Store,0
38,16,7,1,156.24,5,0,South,Web,0
62,13,8,1,126.53,4,0,Budapest,Store,0
49,12,2,0,0.0,3,0,Budapest,Mobile,1
41,27,8,1,116.33,4,0,East,Store,0
38,19,4,3,167.63,3,0,West,Mobile,0
31,21,5,3,332.37,4,0,East,Mobile,0
45,70,5,1,84.48,5,0,Budapest,Web,0
55,4,1,0,0.0,3,0,Budapest,Mobile,0
27,30,5,2,111.27,3,0,Budapest,Mobile,0
41,72,11,2,236.88,5,0,West,Store,0
36,17,6,2,211.74,3,0,Budapest,Mobile,0
19,58,5,1,81.85,4,0,South,Web,0
36,24,7,0,20.94,4,0,Budapest,Mobile,0
48,9,6,1,82.09,4,0,Budapest,Web,0
30,38,6,0,0.0,5,0,South,Store,0
23,24,5,1,27.48,4,0,South,Web,0
57,25,5,2,228.59,4,0,North,Web,0
57,9,2,0,27.87,3,0,Budapest,Web,0
63,15,5,0,0.0,3,0,South,Mobile,0
32,2,8,0,0.0,4,0,Budapest,Store,0
29,27,6,1,79.9,3,0,West,Web,0
60,18,11,1,38.16,4,0,Budapest,Web,0
36,19,6,0,16.65,5,0,Budapest,Mobile,0
48,9,7,0,0.0,4,0,Budapest,Web,0
67,24,3,1,155.0,4,0,East,Store,0
27,19,5,0,0.0,3,0,West,Web,0
52,29,12,1,117.5,4,0,West,Web,0
26,4,10,0,4.67,3,0,Budapest,Mobile,0
36,15,6,0,9.3,4,0,East,Web,0
21,20,6,1,14.73,5,0,South,Web,0
35,15,2,0,25.88,5,0,South,Mobile,0
41,25,5,0,0.0,5,0,East,Store,1
41,30,6,0,4.63,4,0,North,Web,0
19,22,5,1,64.59,4,0,West,Store,0
60,49,7,1,79.7,4,0,North,Web,0
18,19,5,1,46.48,4,0,East,Store,0
62,36,6,4,406.31,4,0,South,Web,0
59,44,13,1,82.77,5,1,East,Store,0
59,40,7,1,42.55,3,0,West,Store,0
28,30,8,3,253.8,5,0,East,Mobile,0
18,21,9,2,120.39,4,0,East,Mobile,0
39,66,10,2,136.05,5,0,South,Web,0
39,36,10,1,127.94,5,0,West,Store,0
19,28,8,0,0.0,5,0,Budapest,Web,0
47,30,7,1,0.0,4,0,South,Mobile,0
56,22,6,2,208.8,5,0,West,Mobile,0
50,26,6,0,4.01,5,0,East,Web,0
47,24,3,1,89.73,3,0,West,Mobile,0
49,17,5,0,0.0,4,0,East,Web,0
47,28,8,0,0.0,3,0,Budapest,Web,0
18,14,9,2,118.8,3,0,South,Web,0
43,28,4,0,0.0,4,0,West,Store,0
51,9,14,4,263.69,4,0,Budapest,Mobile,0
29,8,6,0,0.0,3,0,Budapest,Mobile,0
30,26,8,2,138.89,5,0,South,Mobile,0
49,18,3,0,0.0,5,0,Budapest,Mobile,0
45,48,7,1,147.01,3,0,West,Mobile,0
42,5,4,0,23.89,4,0,East,Web,0
55,28,10,2,186.21,4,1,Budapest,Mobile,0
29,32,2,2,184.67,5,0,Budapest,Web,0
44,17,9,1,142.63,5,0,West,Mobile,0
35,23,8,0,0.0,3,0,West,Web,0
33,15,11,2,246.12,4,0,Budapest,Web,0
39,17,5,0,0.0,5,0,Budapest,Mobile,0
45,28,9,3,236.24,5,0,North,Mobile,0
44,17,4,0,15.22,5,0,South,Mobile,0
27,34,8,0,0.0,4,0,South,Web,0
28,24,6,0,0.0,4,0,South,Web,0
33,30,7,2,179.81,3,0,West,Mobile,0
48,26,11,3,251.53,4,0,West,Web,0
26,16,5,1,98.01,4,0,West,Web,0
41,33,10,3,197.44,5,1,South,Mobile,0
54,14,2,1,69.87,3,0,Budapest,Web,0
35,25,4,2,246.55,4,0,West,Web,0
37,41,1,0,0.0,5,0,West,Web,0
37,22,4,1,75.7,4,0,Budapest,Web,0
25,44,10,3,212.93,5,0,South,Web,0
42,59,7,6,640.17,5,1,South,Web,0
67,40,14,2,142.42,5,0,Budapest,Web,0
52,11,6,0,60.82,3,0,East,Mobile,0
29,8,7,1,89.33,4,0,West,Web,0
46,8,3,1,72.79,2,0,West,Store,0
30,26,8,0,16.86,3,0,West,Web,0
41,60,5,1,53.73,3,0,East,Web,0
33,38,4,0,23.1,5,0,Budapest,Web,0
46,19,8,1,82.72,4,0,East,Store,0
32,23,11,1,46.28,4,0,East,Web,0
53,19,5,0,8.25,4,0,South,Mobile,0
34,18,9,2,177.68,4,0,North,Web,0
39,45,5,0,0.0,4,0,West,Mobile,0
65,22,4,1,129.72,3,0,North,Web,0
47,54,4,2,151.54,4,0,Budapest,Store,0
30,16,7,4,351.03,3,0,Budapest,Store,0
64,34,10,4,409.48,4,0,Budapest,Mobile,0
46,29,6,0,29.74,4,0,Budapest,Web,0
37,22,5,1,34.86,3,0,Budapest,Mobile,0
44,38,6,0,0.0,4,0,West,Web,0
42,16,5,1,111.5,3,0,South,Mobile,0
33,59,14,3,254.34,4,0,East,Mobile,0
33,32,3,1,88.67,3,1,West,Mobile,0
18,10,6,4,285.58,4,0,South,Web,0
60,36,9,1,81.67,4,0,North,Web,0
47,19,5,2,211.73,4,0,Budapest,Web,0
45,19,7,3,264.0,4,0,East,Web,0
60,21,6,1,91.87,3,0,West,Web,0
37,62,8,5,519.86,5,0,Budapest,Web,0
30,23,4,2,107.43,4,0,North,Web,0
33,55,8,1,103.16,5,0,East,Store,0
54,9,5,1,53.31,4,0,East,Mobile,0
58,72,9,2,175.43,5,0,West,Mobile,0
35,48,8,1,61.59,4,0,Budapest,Web,0
47,21,6,1,56.13,5,0,West,Mobile,0
41,59,8,0,40.41,5,0,Budapest,Store,0
31,11,8,0,0.0,5,0,South,Mobile,0
42,28,4,1,105.67,4,0,Budapest,Web,0
31,37,6,0,11.22,4,0,West,Web,0
41,25,8,1,71.05,4,0,West,Web,0
43,15,5,0,0.0,4,0,East,Web,0
44,52,4,1,89.31,5,0,South,Web,0
42,6,3,0,0.0,2,0,South,Mobile,0
50,54,8,2,189.27,4,0,East,Store,0
39,14,6,2,111.6,4,0,South,Web,0
38,12,7,0,0.0,4,0,South,Web,0
34,52,6,1,118.1,4,0,North,Mobile,0
47,10,5,0,34.09,3,0,South,Store,0
55,9,4,1,103.16,3,0,Budapest,Web,0
39,26,9,1,52.75,3,0,Budapest,Mobile,0
47,13,6,0,13.61,3,0,West,Mobile,0
41,9,6,0,32.43,4,0,Budapest,Mobile,0
66,57,8,3,131.8,5,0,West,Web,0
45,35,5,3,200.82,4,0,North,Store,0
32,25,3,2,204.66,5,0,Budapest,Web,0
31,18,8,0,25.86,3,0,Budapest,Mobile,0
39,22,12,1,123.93,5,0,North,Mobile,0
59,22,5,0,11.7,4,0,West,Web,0
54,22,5,0,0.0,4,0,North,Store,0
23,5,4,0,10.46,3,0,South,Mobile,0
44,50,4,2,242.88,4,0,South,Web,0
38,11,11,2,126.11,5,0,Budapest,Mobile,0
43,42,6,0,15.89,4,0,West,Mobile,0
49,33,7,2,179.69,5,0,Budapest,Store,0
56,53,9,1,73.44,5,0,Budapest,Store,0
46,27,2,1,86.74,4,0,South,Mobile,0
18,14,6,0,15.57,3,0,Budapest,Mobile,0
38,31,3,2,120.37,5,0,Budapest,Mobile,0
63,6,7,1,107.26,3,0,North,Web,0
33,33,4,2,141.83,5,0,West,Web,0
48,29,5,1,109.26,4,0,South,Web,0
33,23,8,0,0.0,3,0,Budapest,Web,0
45,14,3,1,89.67,3,0,East,Store,0
35,34,6,0,5.04,4,0,West,Mobile,0
38,10,3,0,0.0,3,0,West,Mobile,0
22,10,10,0,4.72,4,0,Budapest,Web,0
23,42,8,3,149.42,4,0,Budapest,Mobile,0
20,10,2,2,165.94,5,0,Budapest,Mobile,1
24,19,4,0,6.31,4,0,Budapest,Mobile,0
48,7,8,1,54.91,4,0,North,Web,0
27,31,10,3,206.92,4,0,Budapest,Mobile,0
30,39,8,1,117.36,3,0,East,Web,0
46,11,5,2,99.63,4,0,West,Mobile,0
41,21,7,0,0.0,2,0,West,Web,0
23,45,6,3,262.52,4,0,Budapest,Web,0
18,7,6,0,39.31,3,0,East,Web,0
37,18,8,3,280.56,3,2,South,Web,0
62,4,4,1,41.39,2,0,Budapest,Web,0
36,10,8,1,90.07,3,0,North,Store,0
61,11,3,1,78.41,4,0,South,Web,0
58,16,5,2,221.54,3,0,West,Mobile,0
33,29,9,0,44.45,4,0,Budapest,Store,0
53,42,4,0,0.0,5,0,Budapest,Web,0
37,14,4,1,76.75,2,0,Budapest,Mobile,0
30,6,5,2,229.62,4,0,East,Web,0
39,34,5,2,94.59,4,0,North,Web,0
18,27,6,1,53.49,4,0,North,Web,0
34,21,5,1,91.34,3,0,Budapest,Web,0
53,18,3,0,0.0,3,0,South,Store,0
20,9,5,2,137.81,3,0,Budapest,Mobile,0
39,56,4,3,285.13,3,0,West,Store,0
24,25,8,2,144.44,4,0,South,Web,0
44,37,8,2,164.29,4,0,Budapest,Web,0
29,17,8,2,156.37,4,0,East,Store,0
36,12,6,0,21.64,4,0,South,Web,0
31,41,9,0,2.8,3,0,West,Web,0
28,55,4,2,200.39,4,0,East,Web,0
36,27,7,0,0.0,3,0,West,Web,0
46,33,5,2,152.66,4,0,South,Mobile,0
43,19,5,1,93.29,3,0,Budapest,Web,0
47,53,8,4,346.53,5,1,Budapest,Mobile,0
51,46,8,3,323.7,4,0,West,Mobile,0
48,21,5,2,139.61,5,0,North,Web,0
29,10,4,0,0.0,5,0,Budapest,Mobile,0
27,22,8,0,25.57,4,0,Budapest,Store,0
56,25,5,1,97.49,4,0,South,Mobile,0
44,27,8,4,411.68,5,0,Budapest,Web,0
21,10,6,0,0.0,5,0,East,Web,0
41,10,6,0,19.89,4,0,Budapest,Web,0
30,11,4,0,9.84,4,0,North,Web,0
50,10,4,0,0.0,4,0,Budapest,Mobile,0
61,22,6,1,136.3,3,0,North,Web,0
30,33,9,1,56.43,4,0,Budapest,Mobile,0
32,30,3,2,86.11,4,0,Budapest,Mobile,0
48,17,6,1,24.0,5,0,North,Web,0
37,11,6,1,104.94,4,0,Budapest,Web,0
27,36,7,0,0.0,3,0,East,Web,0
34,13,3,2,73.41,3,0,Budapest,Web,0
38,23,3,3,244.08,5,0,East,Web,0
44,28,1,0,59.73,3,0,East,Web,0
44,38,5,0,18.13,3,0,West,Store,0
26,26,7,3,221.32,4,0,Budapest,Mobile,0
44,12,7,0,0.0,5,0,Budapest,Web,0
52,30,9,4,225.64,4,0,East,Mobile,0
30,24,5,5,425.47,4,0,Budapest,Store,0
28,39,3,2,145.31,4,0,South,Web,0
34,10,6,2,140.65,4,0,Budapest,Web,0
47,20,8,2,157.79,4,0,North,Web,0
47,30,6,3,245.51,5,1,East,Mobile,0
48,2,4,0,0.0,3,0,Budapest,Store,0
44,7,7,0,2.99,4,0,East,Web,1
53,26,5,2,136.48,2,0,Budapest,Web,0
42,11,7,0,9.06,4,0,West,Mobile,0
31,17,4,1,64.8,4,0,South,Web,0
54,23,10,0,0.0,3,0,South,Web,0
58,16,8,0,10.57,4,0,North,Mobile,0
42,38,2,0,0.0,3,0,East,Web,0
29,8,6,2,124.66,4,0,Budapest,Mobile,0
21,6,6,3,78.19,4,0,East,Mobile,0
27,17,8,2,96.95,4,0,Budapest,Mobile,0
53,25,4,2,235.85,3,0,East,Web,0
40,12,6,2,109.59,4,0,East,Mobile,0
47,35,5,4,386.83,4,1,Budapest,Web,0
31,30,4,3,217.33,4,0,North,Web,0
41,22,6,3,291.33,3,0,Budapest,Web,0
51,66,4,1,72.51,4,0,East,Web,0
57,10,6,0,32.11,2,0,West,Web,0
48,27,5,0,0.0,5,0,East,Store,0
62,30,5,2,197.69,3,0,East,Web,0
55,24,4,0,0.0,4,0,Budapest,Mobile,0
52,14,5,2,230.21,4,0,West,Mobile,0
18,19,8,4,250.42,4,0,East,Web,0
27,10,3,0,47.85,4,0,East,Mobile,0
20,6,7,0,0.0,4,0,East,Store,0
30,17,4,0,0.0,4,0,East,Store,0
32,41,5,2,178.41,4,1,West,Store,0
27,16,2,0,0.0,4,0,Budapest,Web,0
63,6,4,0,0.0,4,0,North,Web,0
72,10,4,0,0.0,4,0,Budapest,Mobile,0
35,18,6,0,8.0,4,0,Budapest,Mobile,0
27,23,5,0,0.0,4,0,Budapest,Web,0
51,26,10,0,5.6,5,0,East,Web,0
44,23,4,0,11.83,5,0,South,Web,0
57,23,5,1,119.27,4,0,Budapest,Mobile,0
53,16,4,2,109.99,4,0,South,Mobile,0
28,11,4,1,81.02,4,0,West,Web,0
66,21,8,1,80.35,4,0,Budapest,Mobile,0
52,36,7,2,196.01,4,0,East,Mobile,0
50,57,6,1,115.23,5,1,West,Mobile,0
52,18,1,2,157.98,4,0,North,Mobile,0
56,17,3,1,113.09,4,0,East,Store,0
37,9,5,0,0.0,3,0,South,Web,0
27,16,3,1,57.73,2,0,West,Web,0
43,32,7,1,95.26,4,0,Budapest,Web,0
18,54,6,2,186.37,3,0,Budapest,Store,0
67,6,3,0,0.0,3,0,East,Store,0
53,11,4,0,23.75,3,0,Budapest,Store,0
23,10,5,1,72.56,3,0,Budapest,Web,0
54,21,8,1,89.08,3,0,West,Web,0
40,31,7,1,43.83,3,0,Budapest,Web,0
24,5,3,0,12.1,3,0,Budapest,Store,0
22,46,8,1,130.96,4,0,Budapest,Web,0
29,7,4,1,77.29,4,0,Budapest,Store,0
27,72,5,3,246.51,5,0,East,Web,0
43,68,4,1,109.66,5,0,South,Mobile,0
50,18,8,1,69.58,4,0,North,Store,1
46,29,7,0,39.47,3,0,Budapest,Store,0
37,28,4,0,2.29,4,0,Budapest,Mobile,0
18,20,9,3,245.13,4,1,North,Mobile,0
39,27,3,2,119.8,3,0,West,Web,1
46,30,8,3,247.79,4,0,Budapest,Web,0
44,15,2,2,153.17,3,0,Budapest,Mobile,0
38,34,4,2,174.58,3,0,West,Web,1
34,10,4,1,118.65,4,0,Budapest,Web,0
49,7,8,2,231.27,1,0,West,Mobile,1
55,10,4,1,55.44,4,0,East,Web,0
52,10,4,2,157.93,3,0,West,Store,0
41,24,7,1,78.57,5,0,East,Web,0
24,9,5,0,0.0,3,0,West,Mobile,0
33,8,6,1,62.7,4,0,West,Store,0
46,16,5,2,166.27,4,0,Budapest,Mobile,0
43,26,7,3,334.37,4,1,West,Store,0
58,8,12,3,217.57,3,0,West,Mobile,0
43,13,10,2,123.02,3,0,Budapest,Web,0
35,3,10,3,268.12,4,0,South,Store,0
53,35,4,1,84.62,3,0,East,Web,0
55,17,8,0,41.22,5,0,West,Web,0
45,28,9,3,265.24,3,0,East,Web,0
38,9,5,1,40.77,3,0,North,Store,0
28,11,7,1,63.04,4,0,East,Web,0
66,35,5,2,175.22,5,0,Budapest,Store,0
38,72,3,2,194.44,5,0,East,Web,0
39,51,4,3,186.56,4,0,West,Store,0
60,6,3,0,0.0,3,0,Budapest,Web,0
46,33,6,3,347.81,5,0,Budapest,Mobile,0
39,35,3,2,191.87,4,0,Budapest,Web,0
29,43,8,3,245.82,4,0,South,Store,0
45,2,6,0,0.0,4,0,West,Web,0
21,24,4,1,101.55,5,0,South,Web,0
22,9,4,1,2.36,3,0,East,Web,0
46,8,3,1,101.96,5,0,West,Web,0
34,5,7,1,134.8,4,0,North,Web,0
27,12,4,2,158.52,3,0,West,Web,0
34,15,3,0,0.0,4,0,West,Store,0
47,9,8,0,0.0,5,0,West,Web,0
41,25,6,3,252.08,4,0,Budapest,Mobile,0
38,34,7,4,223.73,4,0,Budapest,Store,0
31,3,5,0,32.55,5,0,West,Web,0
23,22,5,1,75.63,3,0,Budapest,Web,0
31,7,5,0,10.88,3,0,North,Web,0
43,32,8,0,37.44,4,0,East,Web,0
28,30,10,3,171.57,4,0,North,Web,0
37,35,4,0,15.31,5,0,Budapest,Web,0
48,24,6,1,56.17,4,0,East,Web,0
25,8,4,2,212.89,3,0,Budapest,Store,0
54,26,8,0,21.61,4,0,Budapest,Web,0
38,26,6,0,0.74,4,0,Budapest,Web,0
35,33,7,0,43.36,3,0,West,Web,0
46,66,12,2,139.05,5,1,Budapest,Web,0
47,40,4,1,150.06,4,0,South,Mobile,0
40,51,8,2,143.67,5,0,South,Mobile,0
36,31,4,0,0.0,4,0,Budapest,Mobile,0
29,14,3,0,47.93,5,0,North,Web,0
40,14,2,1,66.94,4,0,West,Web,0
28,2,5,1,104.42,3,0,Budapest,Store,0
67,15,6,2,205.45,3,0,Budapest,Mobile,0
30,42,8,1,65.67,4,0,East,Web,0
55,25,8,2,192.81,3,0,West,Web,0
29,28,12,2,125.37,4,0,Budapest,Mobile,0
29,14,1,2,211.96,3,0,Budapest,Web,0
27,27,2,1,67.7,3,0,North,Web,0
57,27,6,0,19.72,5,0,West,Store,0
70,11,5,3,186.37,5,0,Budapest,Mobile,0
57,34,8,1,71.8,5,0,Budapest,Mobile,0
44,14,4,2,141.32,4,0,West,Web,0
44,11,6,1,21.38,4,0,East,Web,0
18,45,6,4,334.14,4,0,Budapest,Mobile,0
66,33,11,2,179.12,5,0,South,Store,0
46,39,6,2,159.79,4,0,East,Web,0
22,55,10,3,259.65,4,1,West,Web,0
23,44,8,2,209.88,4,0,Budapest,Mobile,0
40,23,6,2,85.8,3,0,East,Mobile,0
41,39,6,3,259.08,4,0,East,Web,0
18,24,4,2,148.09,5,1,Budapest,Mobile,0
42,8,7,0,10.31,4,0,West,Web,0
24,6,5,2,210.13,2,1,Budapest,Web,0
42,17,4,1,103.93,4,0,West,Web,0
49,12,4,0,0.0,3,0,West,Store,0
29,5,3,0,22.68,3,0,Budapest,Web,0
39,7,10,1,80.59,4,0,Budapest,Web,0
30,35,10,0,42.23,5,0,Budapest,Web,0
53,3,5,0,12.58,4,0,South,Store,0
27,36,2,1,28.64,5,0,Budapest,Mobile,0
32,34,4,0,14.62,5,0,East,Web,0
46,19,6,1,44.21,4,0,East,Web,0
40,16,5,0,24.7,5,0,East,Mobile,0
20,18,5,1,82.73,3,0,Budapest,Web,0
43,23,5,0,0.0,4,0,South,Web,0
27,20,9,1,52.18,5,0,West,Web,0
48,19,9,0,14.44,5,0,North,Store,0
60,42,9,3,219.41,5,0,East,Mobile,0
44,10,6,1,41.0,3,0,Budapest,Store,0
43,4,4,1,76.12,4,0,Budapest,Store,0
27,37,10,2,196.09,4,0,West,Mobile,0
36,8,8,0,0.0,4,0,North,Web,0
41,48,7,1,93.24,5,0,South,Web,0
18,37,3,0,0.0,5,0,Budapest,Web,0
33,6,9,1,21.06,5,0,South,Web,0
43,21,6,1,61.35,3,0,East,Mobile,0
27,17,7,1,114.78,4,0,East,Store,0
35,54,7,1,67.43,5,0,Budapest,Web,0
42,14,6,0,0.0,4,0,East,Mobile,0
61,54,3,1,85.4,3,0,East,Mobile,0
42,31,6,1,92.39,3,0,Budapest,Web,0
60,32,10,3,257.34,5,0,West,Web,0
31,17,6,0,0.0,3,0,East,Web,0
53,8,6,2,116.72,2,0,North,Web,0
32,47,4,2,109.81,4,0,Budapest,Mobile,0
35,22,3,1,55.63,3,0,West,Store,0
26,11,2,1,66.53,4,0,Budapest,Web,0
43,23,8,1,118.56,3,0,Budapest,Store,0
49,17,7,2,84.77,4,0,Budapest,Web,0
44,39,9,0,0.0,4,0,North,Mobile,0
54,31,5,0,0.0,4,0,Budapest,Store,0
38,31,8,2,225.51,4,0,West,Store,0
57,49,6,2,209.54,5,0,South,Store,0
46,16,7,1,83.45,5,0,Budapest,Store,0
46,20,5,1,83.58,5,0,Budapest,Web,0
46,24,3,1,80.3,4,0,West,Store,0
59,65,5,2,164.91,5,0,East,Web,0
54,15,9,0,0.0,4,0,East,Mobile,0
28,23,4,3,206.09,4,0,East,Mobile,0
55,4,8,0,36.24,3,0,West,Mobile,0
50,18,5,0,0.0,4,0,East,Web,0
24,31,3,3,124.07,4,0,Budapest,Web,0
45,12,5,0,0.0,3,0,East,Store,0
28,62,7,4,410.78,5,0,West,Web,0
51,32,8,1,86.39,3,0,Budapest,Web,0
36,5,2,2,121.02,3,0,Budapest,Store,0
34,15,5,1,56.79,5,0,South,Web,0
55,31,5,1,64.85,4,0,North,Web,0
18,1,4,0,0.0,3,0,South,Web,0
37,26,8,1,75.7,5,0,South,Mobile,0
53,53,4,1,107.09,4,0,West,Store,0
27,34,6,2,184.93,4,0,East,Web,0
44,8,8,0,0.0,4,0,Budapest,Web,0
38,25,8,1,32.81,5,0,East,Web,0
43,34,6,3,250.86,4,0,East,Mobile,0
56,17,5,0,17.87,4,0,South,Web,0
41,44,4,1,55.62,3,0,Budapest,Mobile,0
51,10,5,3,358.71,2,0,West,Mobile,0
49,6,9,1,116.77,4,0,West,Store,0
50,40,6,1,162.43,5,0,Budapest,Web,0
42,18,9,1,65.76,5,0,Budapest,Store,0
40,36,9,2,126.33,4,0,West,Store,0
52,21,5,0,21.83,3,0,East,Web,0
47,19,7,2,90.16,4,0,East,Mobile,0
24,14,12,1,111.72,4,0,North,Mobile,0
41,15,5,1,0.0,4,0,Budapest,Mobile,0
26,5,7,2,149.6,4,0,West,Store,0
36,10,4,4,263.17,4,0,East,Web,0
47,22,2,0,0.0,4,0,West,Mobile,0
44,51,7,1,114.05,4,0,Budapest,Store,0
59,16,3,1,59.23,4,0,Budapest,Mobile,0
29,4,8,3,220.08,2,0,Budapest,Web,0
62,14,4,1,106.19,4,0,West,Web,0
30,22,7,3,79.79,4,0,Budapest,Web,0
44,63,11,4,358.61,3,0,East,Store,0
60,2,5,0,0.0,2,0,Budapest,Mobile,0
38,6,9,0,7.92,4,0,Budapest,Web,0
32,3,4,1,65.29,4,0,East,Web,0
42,24,3,1,21.62,4,0,Budapest,Mobile,1
47,20,3,1,19.92,4,0,West,Web,1
54,22,7,2,120.77,5,0,East,Mobile,0
33,4,8,0,23.09,2,0,West,Web,0
49,37,6,1,81.6,5,0,Budapest,Store,0
33,23,7,1,68.15,5,0,East,Web,0
39,24,9,2,171.18,4,0,North,Mobile,0
25,12,4,2,126.3,4,1,West,Mobile,0
29,40,7,4,380.87,4,0,East,Mobile,0
40,19,5,1,26.42,4,0,East,Web,0
48,32,7,0,0.0,4,0,North,Mobile,0
43,3,8,0,21.46,4,0,East,Web,0
46,48,5,1,107.1,5,0,West,Web,0
41,16,8,0,0.0,3,0,Budapest,Mobile,0
50,12,10,1,116.97,3,0,East,Web,0
66,19,4,1,74.03,4,0,South,Mobile,0
45,20,6,1,80.38,5,0,West,Store,0
47,13,6,2,273.87,3,1,Budapest,Store,0
36,61,10,2,236.44,4,0,West,Web,0
49,30,7,0,16.87,3,0,East,Mobile,0
23,27,4,1,19.69,5,0,East,Store,0
46,7,4,1,128.12,3,0,Budapest,Web,0
40,9,8,0,14.59,4,0,West,Web,0
18,4,6,2,37.91,3,0,East,Web,0
59,68,16,4,355.15,5,0,North,Web,0
25,27,6,1,67.17,5,0,North,Mobile,0
75,51,5,3,172.28,4,0,Budapest,Web,0
58,12,6,3,121.46,4,0,East,Web,0
42,13,7,1,79.34,4,0,South,Store,0
71,22,3,0,24.88,4,0,Budapest,Store,0
19,18,8,4,243.42,3,0,Budapest,Store,0
44,20,4,1,67.29,4,0,West,Web,0
39,52,9,3,300.8,5,0,Budapest,Web,0
38,21,2,0,0.0,3,0,West,Web,0
53,22,8,1,140.76,4,0,West,Web,0
26,16,6,0,13.88,4,0,East,Mobile,0
27,31,4,2,180.66,4,1,East,Web,0
66,8,12,1,71.74,3,0,West,Mobile,0
36,13,5,0,20.37,4,0,North,Web,0
37,23,6,0,0.0,4,0,Budapest,Store,0
21,25,4,1,50.14,4,0,Budapest,Store,0
38,20,4,0,0.0,4,0,East,Web,1
30,15,5,1,84.71,4,0,North,Mobile,0
40,10,2,1,46.5,3,0,West,Store,0
50,29,4,1,138.98,4,0,South,Store,0
46,24,6,2,139.87,4,0,Budapest,Web,0
39,38,11,2,195.09,3,0,East,Mobile,0
48,39,2,1,56.77,5,0,Budapest,Web,0
28,17,4,0,0.0,3,0,North,Mobile,0
41,64,7,0,34.59,5,0,East,Web,0
34,29,5,3,239.46,5,0,West,Web,0
39,43,9,1,8.06,5,0,East,Web,0
26,7,7,3,237.5,4,0,East,Web,0
62,34,6,0,24.48,4,0,North,Mobile,0
36,16,1,0,0.0,3,0,West,Store,0
32,14,8,3,257.39,5,0,South,Web,0
40,20,7,0,0.0,3,0,Budapest,Web,0
46,27,8,2,139.34,5,0,West,Mobile,0
23,23,6,1,64.29,4,0,South,Web,0
44,14,7,4,229.78,4,0,West,Mobile,0
31,21,3,1,112.3,3,0,West,Mobile,0
44,25,5,1,75.05,4,0,West,Store,0
44,44,7,0,36.19,4,0,West,Store,0
29,20,5,1,10.75,3,0,South,Web,0
29,30,4,0,3.72,4,0,North,Web,0
28,43,6,2,114.17,5,0,Budapest,Store,0
43,12,7,0,45.86,4,0,South,Web,0
38,20,8,1,15.73,4,0,Budapest,Web,0
25,26,6,3,159.18,4,0,Budapest,Mobile,0
36,45,4,1,67.95,4,1,North,Mobile,0
29,9,7,1,94.8,4,0,East,Web,0
42,59,8,5,483.61,4,0,Budapest,Mobile,0
35,28,5,1,33.88,3,0,Budapest,Mobile,0
36,10,6,0,0.0,4,0,South,Store,0
57,16,4,0,12.62,5,0,West,Web,0
42,17,10,1,57.42,4,0,South,Web,0
63,39,5,0,24.48,5,0,South,Mobile,0
28,25,8,2,160.58,5,0,East,Mobile,0
18,12,7,1,57.15,4,0,South,Store,0
56,39,3,2,157.9,5,0,East,Web,0
50,17,9,5,484.64,3,0,Budapest,Web,0
46,11,5,2,180.89,3,0,North,Mobile,0
37,9,9,1,24.61,4,0,South,Web,0
39,50,7,0,46.59,4,0,South,Web,0
36,30,11,1,99.33,4,0,East,Store,0
35,72,4,0,10.73,4,0,West,Mobile,0
27,14,6,2,152.1,3,0,Budapest,Web,0
40,22,5,1,125.82,4,0,East,Web,0
45,24,3,0,0.0,5,0,Budapest,Web,0
31,5,7,0,3.87,3,0,West,Mobile,0
46,11,6,0,0.17,4,0,Budapest,Store,0
22,22,8,1,57.15,4,0,Budapest,Web,0
40,23,3,2,126.53,5,0,Budapest,Store,0
44,4,4,1,103.95,3,0,East,Web,0
36,37,6,4,353.39,5,0,East,Mobile,0
27,37,5,2,177.16,4,0,West,Mobile,0
45,6,1,2,120.58,5,0,West,Web,0
38,14,4,0,27.82,5,0,Budapest,Store,0
39,14,4,1,18.56,5,0,South,Web,0
39,49,6,2,139.23,3,0,Budapest,Store,0
25,12,2,3,174.58,3,0,West,Web,0
29,27,3,2,92.02,3,0,West,Mobile,0
40,12,4,0,26.53,3,0,South,Web,0
48,13,7,1,53.49,3,0,East,Web,0
50,14,2,0,34.41,3,0,North,Store,0
18,21,6,1,66.83,5,0,South,Mobile,0
48,8,7,0,0.0,4,0,Budapest,Web,0
22,23,7,1,130.4,4,0,South,Web,0
64,16,7,3,259.63,4,0,Budapest,Mobile,0
43,26,11,1,54.44,5,0,Budapest,Web,0
33,30,7,3,189.54,5,0,South,Web,0
50,12,7,1,67.9,3,1,East,Web,0
18,40,12,3,284.11,5,0,East,Web,0
37,30,5,2,168.33,4,0,West,Web,1
36,34,7,1,75.56,4,0,East,Mobile,0
51,47,8,0,0.0,5,0,Budapest,Web,0
31,35,8,1,118.18,5,0,East,Web,0
41,22,12,2,240.09,5,0,West,Store,0
50,18,5,3,173.35,3,1,South,Mobile,0
54,9,2,0,26.13,3,0,Budapest,Web,0
30,2,2,0,22.3,5,0,Budapest,Mobile,0
54,25,16,2,161.56,4,0,Budapest,Web,0
38,31,4,2,212.61,5,0,East,Web,0
31,13,6,1,56.2,3,0,North,Web,0
52,63,14,1,114.48,5,0,South,Web,0
44,5,8,0,35.09,4,0,Budapest,Mobile,1
35,21,4,2,239.14,3,0,West,Mobile,0
32,21,11,1,126.82,4,0,Budapest,Web,0
61,27,7,2,107.61,5,0,East,Web,0
18,12,4,0,0.0,3,0,Budapest,Mobile,0
43,10,8,0,0.0,5,0,East,Web,0
41,61,4,3,231.99,5,0,East,Mobile,0
51,9,9,0,1.6,4,0,East,Mobile,0
49,17,7,1,94.1,4,0,West,Store,0
43,23,7,2,167.11,3,0,Budapest,Web,0
31,15,2,1,59.41,2,0,Budapest,Web,0
29,51,12,4,298.76,5,1,East,Mobile,0
38,17,7,2,179.94,3,0,West,Web,0
33,36,9,0,0.0,5,0,West,Web,0
32,6,5,3,259.34,4,0,West,Store,0
42,25,5,2,160.69,5,0,Budapest,Mobile,0
50,23,7,0,15.65,4,0,North,Mobile,0
33,7,3,0,0.0,4,0,Budapest,Mobile,0
36,20,4,1,68.91,4,0,South,Web,0
72,56,5,2,206.59,5,0,North,Web,0
47,37,5,2,146.67,4,0,West,Mobile,0
29,18,8,3,133.33,5,0,Budapest,Mobile,0
53,10,4,2,130.47,2,0,Budapest,Mobile,0
66,34,6,1,24.31,3,0,Budapest,Mobile,0
44,15,5,1,45.99,4,0,Budapest,Mobile,0
51,12,1,1,74.94,3,0,Budapest,Store,0
26,32,4,1,85.45,3,0,North,Mobile,0
33,14,6,0,0.0,2,0,Budapest,Store,0
49,22,3,1,95.16,4,0,West,Web,0
49,31,5,2,166.71,4,1,Budapest,Web,0
42,36,3,1,80.66,4,0,West,Web,0
50,17,7,4,410.97,3,0,East,Web,0
45,37,7,3,251.15,5,0,Budapest,Web,0
18,15,8,1,34.67,4,0,Budapest,Web,0
32,57,4,2,124.94,5,0,West,Mobile,0
56,42,8,0,0.0,4,0,Budapest,Mobile,0
36,72,8,2,227.42,5,0,West,Web,0
28,19,4,1,90.31,4,0,Budapest,Mobile,0
34,10,8,0,54.45,5,0,East,Web,0
55,7,5,0,15.38,3,0,Budapest,Web,0
28,60,11,1,8.8,5,0,East,Mobile,0
33,8,4,0,18.95,3,0,Budapest,Mobile,1
26,72,4,1,133.73,5,0,East,Mobile,0
33,23,6,0,33.89,4,0,South,Mobile,0
37,1,8,2,167.2,3,1,Budapest,Mobile,0
42,38,5,3,253.06,3,0,South,Mobile,0
41,43,7,0,0.0,5,0,East,Web,0
26,15,7,0,0.0,5,0,Budapest,Mobile,0
22,18,2,4,182.11,3,0,West,Web,1
30,7,4,3,217.01,5,1,Budapest,Store,1
52,4,6,0,0.0,3,0,East,Web,0
40,28,5,2,103.04,5,0,West,Web,0
61,18,3,2,164.03,3,0,Budapest,Web,0
47,16,4,2,218.26,5,0,West,Web,0
58,25,9,1,59.49,4,0,East,Web,0
41,29,6,0,39.65,3,0,Budapest,Mobile,0
42,13,4,0,0.0,4,0,South,Mobile,0
31,28,10,4,329.96,3,0,North,Web,0
56,72,10,3,402.51,5,0,Budapest,Web,0
18,5,3,0,0.0,4,0,North,Mobile,0
58,49,2,1,82.31,5,0,East,Web,0
32,17,6,1,43.56,4,0,East,Mobile,0
42,12,4,1,57.19,5,1,Budapest,Mobile,0
36,40,6,1,121.7,5,0,East,Mobile,0
53,23,11,3,252.2,5,0,Budapest,Store,0
29,21,6,1,92.93,4,0,Budapest,Web,0
45,18,7,1,77.58,4,1,West,Web,0
44,16,3,1,52.4,5,0,West,Mobile,0
39,26,5,2,79.9,3,0,East,Mobile,0
25,39,7,0,1.05,5,0,Budapest,Mobile,0
27,28,3,0,10.72,5,0,West,Mobile,1
45,21,3,4,300.91,3,0,West,Web,0
35,29,7,1,62.44,4,0,West,Web,0
51,40,6,1,48.17,4,0,North,Web,0
40,37,3,1,31.75,5,0,West,Web,1
36,11,7,1,103.6,4,0,East,Mobile,0
41,49,7,1,92.89,3,0,Budapest,Mobile,0
31,21,6,0,60.08,4,0,Budapest,Web,0
34,12,8,1,46.78,3,0,West,Mobile,0
46,9,2,3,266.09,4,0,West,Web,0
46,29,5,2,193.17,4,0,Budapest,Store,0
46,16,8,5,320.7,4,0,West,Mobile,0
41,8,8,2,224.4,4,0,Budapest,Mobile,0
30,41,6,3,288.71,5,0,West,Mobile,0
54,33,4,2,91.82,5,1,East,Store,0
35,57,4,1,93.73,5,0,East,Mobile,0
20,46,5,1,99.83,5,0,South,Web,0
40,7,4,1,15.56,4,0,East,Web,0
38,21,4,1,50.83,5,0,East,Mobile,0
52,3,3,0,0.0,4,0,West,Web,0
28,8,7,1,26.93,3,0,North,Web,0
64,34,9,1,97.92,4,0,East,Store,0
18,19,7,1,83.71,4,0,North,Web,0
59,14,7,3,275.1,3,0,West,Web,0
40,18,5,1,51.31,3,0,East,Web,0
44,5,4,2,147.7,3,0,West,Web,0
34,3,7,0,6.47,3,0,Budapest,Web,0
33,21,7,1,92.0,4,0,West,Mobile,0
40,13,8,3,214.76,3,0,East,Mobile,0
68,13,4,1,108.43,3,0,North,Web,0
40,12,6,1,40.08,5,0,Budapest,Store,0
58,30,10,0,0.0,4,0,West,Web,0
40,34,5,4,327.5,4,0,East,Store,0
35,48,9,0,11.01,5,0,Budapest,Web,0
28,41,8,1,116.64,5,0,Budapest,Store,0
61,11,4,0,0.0,3,0,Budapest,Web,0
59,8,6,1,49.89,2,0,East,Mobile,0
55,24,4,1,74.55,3,0,North,Mobile,0
66,14,3,2,108.99,4,0,Budapest,Web,0
50,22,6,1,119.79,5,0,Budapest,Store,0
34,21,9,1,92.71,4,0,East,Store,0
33,7,2,1,77.19,2,0,Budapest,Web,0
33,24,4,2,79.15,4,0,Budapest,Web,0
39,33,7,1,71.31,3,0,Budapest,Web,0
41,21,8,2,149.12,4,1,West,Web,0
43,20,6,1,77.46,3,0,Budapest,Web,0
35,5,8,0,0.0,3,0,East,Mobile,0
35,43,12,5,403.13,5,1,East,Web,1
52,21,6,2,181.01,5,0,Budapest,Store,0
50,12,6,0,0.0,3,0,West,Mobile,0
34,39,8,2,118.47,5,0,South,Store,0
57,15,5,1,52.0,3,0,Budapest,Web,0
62,16,5,1,95.88,4,0,Budapest,Web,0
53,26,9,2,170.93,3,0,West,Store,0
40,41,7,3,218.45,4,0,Budapest,Store,0
54,11,9,0,8.0,4,0,Budapest,Mobile,1
34,28,3,2,120.71,4,0,Budapest,Mobile,0
36,49,9,4,241.03,5,0,West,Web,0
34,50,4,1,65.97,4,0,South,Web,0
48,29,6,2,263.84,5,1,West,Mobile,0
42,39,9,3,158.8,5,0,Budapest,Mobile,0
48,21,5,0,0.83,5,0,Budapest,Mobile,0
37,10,6,1,13.3,3,0,East,Store,0
46,1,8,2,199.09,3,0,South,Web,0
43,17,6,3,260.87,4,0,South,Web,0
25,14,2,0,0.0,4,0,West,Mobile,0
36,30,10,0,25.43,3,0,Budapest,Web,0
38,43,15,2,140.46,4,0,Budapest,Web,0
71,13,6,0,0.0,2,0,Budapest,Web,0
44,5,7,0,24.5,4,0,South,Mobile,0
39,29,8,1,56.2,5,0,West,Mobile,0
33,32,13,1,106.49,4,0,South,Mobile,0
36,15,8,1,69.6,4,0,South,Store,0
39,13,8,4,416.39,4,0,South,Web,0
31,18,6,1,129.09,5,0,West,Mobile,0
35,10,2,1,126.54,4,0,East,Store,0
23,72,9,4,323.59,4,0,Budapest,Web,0
32,14,8,3,327.09,5,0,West,Web,0
36,7,5,1,22.3,4,0,East,Store,0
30,16,4,0,0.0,2,0,Budapest,Web,0
29,54,4,0,0.0,4,0,South,Web,0
46,24,8,1,64.3,4,0,Budapest,Web,0
35,35,7,0,0.0,5,0,West,Web,0
39,5,7,1,72.38,4,0,West,Web,0
35,33,4,1,115.81,5,0,Budapest,Web,0
49,41,6,0,0.0,4,0,Budapest,Mobile,0
30,20,7,0,41.65,4,0,West,Store,0
20,72,9,1,78.22,5,0,East,Mobile,0
26,18,8,2,71.33,4,0,Budapest,Store,0
37,12,6,0,0.0,5,0,East,Web,0
46,3,4,0,43.54,4,0,Budapest,Web,1
37,7,3,0,4.19,4,0,Budapest,Mobile,0
59,22,5,1,32.27,4,0,West,Mobile,0
45,26,3,1,66.01,4,0,South,Mobile,0
28,4,12,2,86.79,3,0,South,Web,1
55,19,6,0,25.56,4,0,Budapest,Web,0
34,13,7,1,152.07,3,0,East,Web,0
25,29,11,1,84.93,3,0,Budapest,Web,0
51,18,13,3,223.23,4,1,South,Mobile,0
50,23,3,0,0.0,4,0,Budapest,Web,0
42,6,6,0,45.36,3,0,East,Mobile,0
56,2,7,0,30.31,3,0,Budapest,Mobile,0
48,17,4,0,0.0,2,0,West,Mobile,0
29,30,4,0,35.14,4,0,Budapest,Mobile,1
38,47,6,0,0.0,5,0,West,Web,0
24,8,4,1,58.29,4,0,West,Store,0
57,11,7,1,45.76,4,0,East,Web,0
28,7,10,2,108.57,4,0,Budapest,Web,0
47,14,7,0,44.81,5,0,East,Mobile,0
38,9,14,1,8.92,4,0,West,Mobile,0
48,24,6,1,0.0,5,0,North,Mobile,0
38,11,7,2,78.27,3,0,East,Mobile,0
45,8,5,1,58.02,2,0,East,Mobile,0
42,54,5,1,21.69,5,0,East,Web,0
52,3,4,0,0.0,4,0,East,Mobile,0
21,21,10,1,101.47,4,0,Budapest,Web,0
54,28,4,1,78.12,5,0,East,Web,0
50,18,11,0,0.0,4,0,North,Mobile,0
28,23,8,0,0.0,3,0,West,Web,0
30,14,5,1,78.68,4,0,North,Mobile,0
43,16,6,0,0.0,3,0,Budapest,Mobile,0
34,27,4,4,407.67,3,1,East,Web,0
32,45,8,1,74.06,4,0,Budapest,Store,0
18,60,9,1,100.15,5,0,West,Web,0
51,16,5,0,0.0,3,0,South,Web,0
66,30,9,1,95.7,3,0,North,Store,0
42,14,5,0,0.0,4,0,Budapest,Mobile,0
51,13,2,2,125.27,4,0,Budapest,Mobile,0
68,6,7,0,0.0,4,0,West,Store,0
46,3,6,0,0.0,3,0,Budapest,Web,0
31,5,10,0,19.53,4,0,Budapest,Web,0
35,6,9,2,110.23,3,0,East,Mobile,0
39,15,3,0,35.14,2,0,South,Store,0
43,16,10,2,113.71,4,0,West,Mobile,0
38,4,8,0,0.0,3,0,East,Mobile,0
64,24,2,0,0.0,5,0,North,Mobile,0
18,40,11,1,106.29,4,0,Budapest,Mobile,0
29,12,7,0,0.0,5,0,West,Store,0
37,27,3,1,66.18,4,0,East,Web,0
29,40,6,0,0.0,5,0,Budapest,Mobile,0
50,18,8,1,103.95,4,0,Budapest,Mobile,0
59,10,4,0,0.0,4,0,West,Web,0
43,26,7,4,329.77,5,0,Budapest,Web,0
18,23,5,1,117.8,3,0,West,Web,0
42,31,6,1,40.0,4,0,East,Web,0
39,21,3,1,63.45,3,0,North,Web,0
42,12,11,1,119.4,3,1,North,Web,0
20,12,10,4,314.62,4,0,North,Mobile,0
57,22,8,1,54.16,5,0,South,Mobile,0
18,16,10,1,105.97,3,0,South,Mobile,0
44,41,4,3,236.41,3,1,East,Web,0
53,42,4,2,132.15,4,0,West,Mobile,0
35,62,4,2,128.87,4,0,East,Web,0
44,23,10,1,54.37,4,0,South,Store,0
42,16,6,1,144.7,4,0,West,Web,0
51,10,9,0,0.0,4,0,West,Web,0
53,35,4,1,110.02,4,0,South,Web,0
27,21,4,2,222.28,3,0,Budapest,Web,0
49,14,12,2,69.46,5,0,North,Web,0
32,28,9,1,42.77,4,0,North,Mobile,0
32,13,4,3,279.93,4,0,Budapest,Store,0
50,4,5,2,121.01,3,0,East,Web,0
32,16,4,0,0.0,4,0,North,Web,0
30,6,7,1,85.32,4,0,North,Store,0
30,20,4,3,138.41,4,1,South,Web,0
23,34,6,1,44.96,5,0,Budapest,Store,0
34,20,5,1,130.21,3,0,East,Store,0
41,31,10,0,0.0,4,0,South,Web,0
25,32,9,2,51.72,4,0,Budapest,Web,0
49,38,7,1,62.89,4,0,Budapest,Web,0
47,11,4,0,0.0,5,0,South,Mobile,0
35,5,8,1,79.75,3,0,Budapest,Mobile,0
37,18,5,1,133.19,4,0,East,Mobile,0
42,15,4,1,85.95,3,0,East,Mobile,0
50,19,4,2,77.06,3,0,Budapest,Web,0
58,36,5,0,6.0,4,0,South,Web,0
35,11,5,0,8.34,3,0,East,Web,0
33,18,3,0,0.0,3,0,West,Store,0
33,15,6,2,178.59,3,0,South,Web,1
57,30,8,1,130.66,5,0,Budapest,Web,0
31,15,9,1,121.6,3,0,West,Web,0
38,7,4,0,2.31,4,0,Budapest,Store,0
28,10,8,1,64.0,4,0,West,Web,0
53,23,9,2,190.15,3,0,West,Mobile,0
27,22,8,1,53.71,4,0,East,Store,0
49,30,8,0,0.0,4,0,Budapest,Mobile,0
32,8,7,0,29.24,2,0,Budapest,Web,0
19,5,6,1,6.24,4,0,Budapest,Mobile,0
31,63,6,0,18.64,5,0,East,Store,0
37,21,6,2,170.75,5,0,Budapest,Web,0
46,27,4,0,5.98,4,0,East,Store,1
34,28,4,1,46.55,4,0,Budapest,Web,0
56,35,10,3,264.01,5,0,South,Mobile,0
36,20,4,1,45.96,4,0,Budapest,Store,0
51,6,14,0,27.64,4,0,East,Mobile,0
42,5,7,1,17.0,3,0,East,Store,0
54,24,6,1,139.12,4,0,North,Store,0
68,6,6,0,20.62,3,0,Budapest,Web,0
64,6,5,1,49.15,3,0,Budapest,Mobile,1
44,35,6,0,0.0,3,0,Budapest,Store,0
51,26,10,3,193.25,5,0,West,Mobile,0
27,7,2,1,62.99,3,0,South,Web,0
34,32,3,0,0.0,4,0,West,Mobile,0
36,19,11,1,33.83,5,0,West,Mobile,0
43,14,6,2,145.35,5,0,West,Web,1
63,23,2,0,0.0,4,0,Budapest,Mobile,0
35,15,10,0,47.55,4,0,Budapest,Web,0
32,19,6,0,0.0,4,0,West,Store,1
38,44,9,1,72.19,3,0,North,Store,0
34,24,3,1,116.04,3,0,South,Mobile,0
31,19,10,0,22.03,4,0,West,Store,0
43,24,6,3,268.59,4,0,North,Web,0
40,20,6,3,265.56,5,0,West,Web,0
26,3,7,1,11.61,4,0,South,Store,0
30,45,3,0,0.23,4,0,West,Web,0
34,28,6,2,121.26,5,0,West,Mobile,0
18,24,7,1,52.21,5,0,Budapest,Store,0
26,17,5,4,387.62,4,0,South,Web,0
40,15,8,0,0.0,3,0,North,Store,0
60,21,5,3,312.55,4,0,South,Mobile,0
43,16,7,1,57.03,4,0,North,Mobile,0
32,24,6,2,149.91,5,0,Budapest,Mobile,0
29,26,3,1,65.55,4,0,West,Mobile,0
27,12,3,0,30.56,4,0,Budapest,Web,0
36,28,5,3,281.09,4,0,East,Store,0
26,17,5,0,8.7,4,0,West,Web,0
18,29,9,1,72.29,3,1,South,Mobile,0
18,50,7,2,155.78,4,0,Budapest,Mobile,0
40,15,4,0,0.0,4,0,South,Store,0
49,15,6,0,0.0,4,0,South,Mobile,0
51,28,7,1,41.75,3,0,Budapest,Web,0
57,27,12,1,110.03,4,0,West,Mobile,0
65,12,4,0,0.0,2,0,Budapest,Store,0
57,12,4,2,176.29,2,0,East,Web,0
50,38,4,0,34.76,4,0,East,Store,0
23,41,5,2,135.53,5,1,North,Store,0
32,11,3,0,0.0,3,0,Budapest,Web,1
28,50,8,5,485.24,5,0,South,Web,0
51,48,6,2,212.96,5,0,West,Store,0
20,12,7,1,81.88,4,0,South,Mobile,0
29,39,8,4,425.05,4,0,North,Web,0
36,14,4,2,148.44,5,1,East,Store,0
33,32,3,1,75.55,5,0,East,Mobile,0
42,21,6,1,59.78,3,0,North,Web,0
53,18,7,4,369.88,4,0,West,Mobile,0
41,34,5,3,248.03,5,0,Budapest,Web,0
31,8,5,1,19.17,3,0,Budapest,Mobile,0
22,11,6,1,37.53,5,0,East,Web,0
52,15,8,1,49.44,5,0,West,Web,0
39,20,6,3,168.44,3,0,Budapest,Web,0
35,26,9,1,52.12,5,0,Budapest,Mobile,0
28,41,5,2,128.97,5,0,Budapest,Mobile,0
52,26,6,0,17.91,4,0,Budapest,Mobile,0
53,13,5,1,95.06,4,0,North,Mobile,0
47,34,6,1,88.72,4,0,Budapest,Mobile,0
30,2,7,0,52.09,3,0,Budapest,Mobile,0
61,72,7,3,276.34,5,0,North,Web,0
29,39,7,3,227.73,4,1,Budapest,Web,0
66,72,6,3,325.68,5,0,East,Store,0
33,12,5,1,72.9,3,0,Budapest,Web,0
40,32,6,1,145.57,5,0,West,Store,0
28,36,10,1,38.92,4,0,East,Web,0
38,24,7,1,116.49,5,0,East,Web,0
34,24,9,2,73.88,4,0,South,Mobile,0
35,12,9,1,85.41,3,0,South,Store,0
40,59,6,1,86.79,3,0,North,Mobile,0
45,43,8,0,0.0,3,0,South,Web,0
53,31,5,1,73.17,4,0,Budapest,Web,0
38,67,3,0,0.45,3,0,North,Mobile,0
51,5,7,0,22.73,2,0,East,Mobile,0
35,43,6,2,236.71,4,0,East,Mobile,0
51,25,5,1,90.04,4,0,South,Mobile,0
42,31,6,1,74.9,4,0,South,Web,0
26,9,2,1,90.56,2,0,Budapest,Web,0
35,33,7,0,2.61,5,0,Budapest,Mobile,0
51,19,7,1,46.25,4,0,Budapest,Web,0
40,49,6,6,538.69,3,0,West,Web,0
46,13,6,2,170.98,4,0,Budapest,Web,0
23,30,10,1,54.2,4,0,South,Store,0
34,23,4,1,106.92,4,0,North,Web,0
40,20,6,0,0.0,4,0,East,Mobile,0
59,12,4,0,0.0,3,0,West,Web,0
56,17,2,0,21.77,4,0,East,Web,0
31,28,10,1,109.57,4,0,West,Web,0
54,32,4,2,100.52,4,0,Budapest,Store,0
44,13,5,1,81.55,3,0,East,Mobile,0
31,18,10,4,263.12,4,0,East,Store,0
42,28,8,2,164.87,5,0,Budapest,Mobile,0
32,7,8,1,112.64,4,0,South,Store,0
50,40,12,4,396.98,4,1,North,Web,0
38,21,4,1,54.45,4,0,Budapest,Web,0
41,20,5,2,194.58,3,0,West,Mobile,0
28,42,11,3,260.17,3,0,Budapest,Web,0
48,16,4,2,103.19,2,0,East,Mobile,1
59,35,12,6,654.65,3,0,East,Web,0
49,25,7,1,110.55,4,0,Budapest,Mobile,0
18,11,6,2,123.34,5,0,West,Web,0
33,47,8,3,311.62,5,0,Budapest,Store,0
34,26,6,1,8.33,3,0,South,Mobile,0
49,46,4,0,0.0,5,0,East,Web,0
45,5,3,1,117.02,3,1,South,Web,0
38,14,9,0,32.98,4,0,East,Store,0
47,20,6,0,52.92,5,0,West,Store,0
36,11,6,2,95.71,3,0,South,Store,0
25,36,6,1,81.13,5,0,West,Mobile,0
30,30,7,3,242.05,5,0,East,Web,0
53,37,8,4,362.98,4,0,Budapest,Web,0
46,27,7,2,189.94,3,0,East,Web,0
46,44,9,2,151.39,4,0,Budapest,Mobile,0
33,22,9,4,165.22,5,0,North,Mobile,0
33,24,8,0,4.26,4,0,Budapest,Store,0
29,35,6,0,0.0,4,0,Budapest,Web,0
50,29,5,3,216.2,4,0,Budapest,Web,0
51,6,1,0,0.0,3,0,North,Web,0
39,7,5,1,111.01,4,0,Budapest,Web,0
44,16,2,2,144.52,4,0,West,Store,0
30,9,7,0,48.99,4,0,South,Web,0
63,25,3,0,0.0,5,0,South,Mobile,0
44,36,3,1,61.4,4,0,Budapest,Web,0
50,5,4,0,0.0,3,0,East,Mobile,0
35,23,10,0,30.32,4,0,Budapest,Web,0
22,31,7,0,38.05,3,0,West,Mobile,0
39,14,0,1,124.43,5,0,Budapest,Mobile,0
68,40,3,1,95.77,5,0,West,Web,0
30,19,3,0,24.89,3,0,Budapest,Web,0
36,21,8,2,87.32,2,0,West,Web,0
54,24,6,2,133.37,4,0,East,Mobile,0
59,44,8,5,557.24,4,0,Budapest,Web,0
37,35,10,3,276.68,4,0,Budapest,Web,0
49,13,4,3,260.73,3,0,South,Store,0
32,11,7,2,93.64,4,0,West,Mobile,0
43,25,8,0,10.36,5,0,West,Web,0
57,1,6,1,62.85,4,0,South,Web,0
44,16,9,1,136.94,4,0,Budapest,Web,0
38,43,8,0,2.52,3,0,South,Mobile,0
31,66,4,0,2.93,5,0,West,Web,0
27,6,7,2,216.61,5,0,Budapest,Web,0
32,21,4,0,0.83,4,0,Budapest,Mobile,1
49,50,10,3,247.21,4,0,Budapest,Web,0
22,35,3,1,85.22,4,0,Budapest,Mobile,0
34,19,6,0,49.33,4,0,South,Store,0
30,29,10,1,88.95,4,0,South,Web,0
29,22,7,1,111.52,4,0,Budapest,Mobile,0
39,18,5,1,100.41,5,0,Budapest,Mobile,0
54,27,10,2,147.03,4,0,Budapest,Web,0
33,7,7,0,16.66,3,0,North,Store,0
38,9,7,0,0.0,4,0,West,Web,0
37,18,5,0,14.22,4,0,East,Web,1
30,22,6,3,164.8,5,0,East,Web,0
43,3,6,1,114.84,4,0,West,Mobile,0
27,21,6,3,235.82,5,0,Budapest,Web,0
39,9,10,1,65.95,4,0,East,Store,0
57,56,7,3,324.13,4,0,Budapest,Store,0
44,13,5,0,0.0,3,0,Budapest,Mobile,0
59,35,2,0,0.0,5,0,East,Mobile,0
53,32,14,0,0.0,5,0,West,Web,0
43,72,9,5,429.87,5,0,West,Web,0
40,25,5,2,146.89,3,0,East,Store,0
50,33,6,1,50.43,5,0,West,Mobile,0
59,11,1,1,105.25,5,0,West,Store,1
44,25,5,1,42.14,3,0,West,Store,0
48,9,3,0,0.0,4,0,East,Store,0
35,24,8,2,131.83,3,0,North,Web,0
48,30,9,1,48.15,4,0,North,Web,0
41,31,7,0,23.69,3,0,West,Mobile,0
18,9,11,2,203.9,5,0,South,Web,0
48,13,5,0,0.0,4,0,North,Web,0
32,23,6,1,109.81,4,1,South,Web,0
31,10,8,1,112.81,4,0,Budapest,Web,0
46,25,8,0,59.99,4,0,Budapest,Mobile,1
40,12,4,1,41.78,3,0,South,Store,0
43,16,8,0,0.0,4,0,West,Web,0
60,7,2,0,0.0,4,0,South,Web,0
67,7,10,2,148.71,4,0,Budapest,Web,0
45,31,6,4,294.45,4,0,East,Web,0
66,33,7,3,290.17,4,0,Budapest,Store,0
44,18,4,1,63.09,5,0,West,Web,0
26,16,5,2,115.26,5,0,Budapest,Mobile,0
45,16,2,0,0.0,5,0,Budapest,Web,0
41,17,5,1,64.03,4,0,East,Mobile,0
53,13,4,0,0.0,5,0,Budapest,Mobile,0
39,26,8,3,242.46,3,0,Budapest,Store,0
51,22,10,3,300.9,4,0,South,Web,0
18,36,7,1,32.08,4,0,Budapest,Mobile,0
38,11,5,0,39.79,3,0,South,Mobile,1
56,30,7,2,131.18,3,0,East,Web,0
60,8,6,0,14.8,4,0,West,Web,0
43,20,6,1,77.42,5,0,West,Mobile,0
40,15,4,2,180.72,3,0,East,Store,0
42,2,5,0,18.57,3,0,Budapest,Web,0
39,48,8,5,487.08,5,0,West,Mobile,0
23,26,2,3,240.32,4,0,South,Web,1
39,42,9,1,95.62,4,0,West,Mobile,0
45,72,7,2,161.19,4,0,Budapest,Web,0
25,13,2,1,103.62,4,1,East,Web,0
42,32,4,0,34.28,4,0,South,Mobile,0
52,15,4,0,22.84,4,0,West,Mobile,0
44,22,8,3,189.66,5,1,North,Web,0
41,6,4,0,23.5,2,0,Budapest,Mobile,0
56,28,6,3,329.34,4,0,East,Web,0
42,30,4,3,171.31,4,0,West,Mobile,0
40,5,4,0,0.0,4,0,Budapest,Mobile,0
60,33,5,2,239.95,4,0,North,Web,0
68,12,3,0,1.2,3,0,South,Web,0
39,21,10,0,2.11,4,0,North,Mobile,0
44,18,14,3,218.85,3,0,Budapest,Store,0
37,7,5,2,125.5,4,0,South,Store,0
49,13,8,0,0.0,4,0,South,Mobile,0
51,25,9,2,154.59,4,0,South,Store,0
45,32,8,4,283.98,5,0,North,Mobile,0
31,47,5,1,93.38,4,0,East,Mobile,0
24,33,4,1,53.64,4,1,West,Mobile,0
43,32,11,0,0.0,5,0,West,Store,0
35,8,6,2,196.74,3,0,Budapest,Web,0
36,38,6,2,130.47,4,0,East,Mobile,0
41,57,8,1,70.72,4,1,North,Web,0
47,14,11,0,19.15,5,0,West,Store,0
35,11,5,2,139.3,3,0,South,Store,0
45,7,3,0,32.13,2,0,East,Mobile,1
37,15,9,1,64.23,4,0,Budapest,Mobile,0
34,24,5,0,21.1,4,0,East,Mobile,0
40,25,5,2,237.69,4,0,South,Web,0
37,14,6,0,0.0,5,0,West,Web,0
49,9,4,0,0.0,4,0,West,Web,0
49,12,7,0,0.0,4,0,East,Mobile,0
43,42,6,4,455.06,5,1,Budapest,Mobile,0
32,24,5,1,37.04,5,0,North,Store,0
61,55,2,0,0.0,4,0,North,Web,0
42,25,5,0,0.0,4,0,East,Web,0
65,7,5,0,0.0,4,0,South,Web,0
50,26,7,2,164.17,4,0,Budapest,Mobile,0
24,6,7,0,0.0,3,0,Budapest,Web,0
44,23,4,1,54.2,2,0,West,Web,0
36,9,1,1,63.76,3,0,South,Mobile,0
42,13,3,0,0.0,3,0,West,Web,0
36,30,10,2,181.8,5,0,North,Web,0
44,52,3,0,0.0,3,0,Budapest,Mobile,0
30,45,8,2,97.48,5,0,North,Store,0
32,9,9,0,0.0,4,0,North,Web,0
56,19,5,2,180.07,4,0,Budapest,Web,0
34,16,3,0,0.0,4,0,Budapest,Web,0
36,9,9,0,0.0,4,0,South,Web,0
20,34,9,2,103.75,5,0,Budapest,Store,0
51,30,2,0,31.85,3,0,East,Mobile,0
47,11,6,0,0.0,2,0,East,Web,0
59,14,5,2,166.67,4,0,South,Web,0
33,31,6,0,11.71,3,0,Budapest,Mobile,1
60,33,12,1,48.6,4,0,West,Web,0
55,14,4,0,29.28,5,0,East,Mobile,0
47,22,4,1,79.8,3,1,Budapest,Web,0
51,29,5,0,0.0,4,0,Budapest,Mobile,0
52,14,3,0,7.53,4,0,West,Web,0
65,9,9,1,164.68,3,0,West,Web,0
41,30,7,1,80.59,3,0,West,Mobile,0
24,20,3,0,0.0,4,0,Budapest,Mobile,0
47,9,10,0,28.4,3,0,West,Web,0
48,21,4,0,0.0,5,0,East,Mobile,0
58,15,4,0,0.0,4,0,West,Mobile,0
35,36,10,0,17.67,4,0,Budapest,Web,0
51,47,4,0,21.69,5,0,Budapest,Web,0
33,21,6,0,0.0,4,0,North,Mobile,1
63,52,4,0,0.0,4,0,South,Web,0
30,11,8,1,45.95,5,0,East,Web,0
34,18,4,3,235.08,2,0,Budapest,Web,0
45,31,6,1,128.2,5,0,North,Mobile,0
41,21,4,1,114.58,4,1,Budapest,Mobile,1
27,20,6,1,67.13,5,0,East,Web,0
18,26,4,0,0.0,4,0,South,Mobile,0
43,41,13,2,163.95,4,0,North,Web,0
49,6,5,0,0.0,4,0,Budapest,Mobile,0
58,72,14,4,376.65,5,0,Budapest,Mobile,0
33,26,6,2,228.12,4,0,Budapest,Web,0
51,22,3,1,95.13,3,0,North,Web,0
42,11,6,1,118.54,4,0,East,Web,0
35,21,7,2,113.57,5,0,Budapest,Web,0
46,8,7,2,166.36,3,0,South,Mobile,0
34,52,4,2,110.72,5,0,Budapest,Store,0
21,18,5,0,0.0,4,0,Budapest,Store,0
39,29,6,1,78.65,5,0,East,Store,0
47,61,7,3,267.02,5,0,North,Mobile,0
37,21,8,2,122.35,3,0,Budapest,Web,0
46,19,4,0,14.87,5,0,South,Web,1
29,18,6,0,47.98,3,0,Budapest,Web,0
32,7,9,0,0.8,4,0,North,Mobile,0
53,31,6,0,0.0,4,0,North,Mobile,0
56,35,8,1,107.33,4,0,Budapest,Mobile,0
56,10,6,1,43.58,3,0,East,Store,0
37,16,5,2,185.92,3,0,South,Web,1
43,3,6,0,0.0,3,0,East,Store,0
48,21,6,0,39.09,4,0,West,Store,0
59,22,2,1,65.47,3,0,North,Mobile,0
56,12,6,0,44.78,5,0,East,Store,0
29,11,7,0,0.0,4,0,North,Store,0
45,9,5,1,86.68,4,0,East,Web,0
49,5,7,0,26.5,3,0,Budapest,Mobile,0
58,15,7,0,24.41,4,0,Budapest,Web,0
46,24,5,1,65.94,4,0,East,Web,0
27,55,4,1,78.24,3,0,South,Web,1
45,15,5,3,238.09,4,0,East,Store,0
32,57,10,1,20.32,5,0,Budapest,Mobile,0
30,43,6,2,105.29,4,1,Budapest,Mobile,0
32,28,3,0,0.0,4,0,West,Web,0
67,11,5,0,19.35,3,0,East,Web,0
43,5,4,0,0.0,3,0,Budapest,Mobile,0
33,14,2,0,0.0,5,0,West,Mobile,0
39,6,8,2,139.44,4,0,Budapest,Mobile,0
57,27,6,1,87.01,4,0,West,Web,0
46,42,7,2,166.08,4,0,Budapest,Web,0
41,21,7,1,70.25,4,0,West,Web,0
45,33,8,2,160.25,4,0,West,Web,0
43,35,5,2,209.16,5,0,East,Mobile,0
40,6,7,1,74.36,3,0,East,Mobile,0
45,12,7,2,147.42,4,0,Budapest,Web,0
24,29,6,1,48.14,4,0,North,Mobile,0
18,31,10,1,46.16,4,0,East,Mobile,0
42,25,4,1,103.36,3,0,North,Mobile,0
24,38,7,3,293.45,5,0,Budapest,Mobile,0
45,20,6,2,192.21,3,0,South,Store,0
23,14,7,0,0.0,3,0,West,Web,0
40,52,8,3,322.32,4,0,West,Store,0
41,35,1,2,229.82,4,0,East,Web,0
29,24,6,2,198.8,4,0,Budapest,Mobile,0
30,25,6,3,305.98,5,1,Budapest,Web,0
48,13,4,0,14.62,5,0,West,Web,0
35,27,6,0,0.0,4,0,Budapest,Web,0
31,6,8,2,40.09,3,0,North,Store,0
46,34,5,0,7.59,4,0,North,Mobile,0
55,21,7,0,54.2,4,0,Budapest,Mobile,0
43,60,7,2,230.24,4,0,North,Mobile,0
33,13,4,2,151.43,3,1,Budapest,Web,0
35,40,7,2,32.05,5,0,Budapest,Store,0
29,10,6,0,13.21,4,0,West,Mobile,0
43,25,6,1,27.04,4,0,Budapest,Web,0
35,30,3,0,0.0,4,0,East,Store,1
62,10,6,1,104.92,4,0,Budapest,Web,0
40,16,6,0,9.88,2,0,East,Mobile,0
31,50,7,1,104.74,4,0,West,Mobile,0
38,18,6,0,0.0,4,0,North,Web,0
40,15,1,0,0.0,4,0,East,Mobile,1
46,7,6,2,192.08,2,0,East,Mobile,0
41,54,3,2,149.09,5,0,Budapest,Web,0
41,9,10,2,93.33,2,0,South,Mobile,0
23,20,4,2,152.02,4,0,South,Web,1
64,48,9,0,2.5,5,0,North,Web,1
45,25,4,2,266.44,5,0,South,Store,0
46,57,10,2,243.5,4,0,South,Web,0
18,20,3,1,64.34,5,0,Budapest,Mobile,0
63,59,10,2,173.26,5,0,Budapest,Web,0
49,26,4,2,156.0,4,0,East,Store,0
34,15,5,2,114.14,3,0,West,Web,0
37,23,6,0,0.0,5,0,Budapest,Mobile,0
33,35,6,2,160.24,4,0,North,Mobile,0
34,26,3,0,0.0,4,0,Budapest,Mobile,0
32,11,6,1,89.89,5,0,East,Mobile,0
18,15,8,1,56.92,3,0,Budapest,Mobile,0
42,11,5,0,3.73,4,0,South,Web,0
52,4,8,1,91.16,3,0,East,Mobile,0
28,10,5,0,0.0,3,0,Budapest,Mobile,1
53,13,7,2,225.28,3,0,South,Web,0
61,54,5,2,181.07,5,0,Budapest,Mobile,0
35,49,8,0,19.16,5,0,West,Mobile,0
23,11,4,3,205.98,4,0,East,Mobile,0
59,23,2,2,153.43,4,0,South,Web,0
33,16,7,0,0.0,4,0,West,Web,0
29,41,9,1,32.76,5,0,West,Mobile,0
54,17,8,3,328.54,3,0,Budapest,Web,0
62,20,12,0,39.09,4,0,East,Web,0
28,31,6,1,65.01,4,0,North,Store,0
37,22,4,0,0.0,4,0,Budapest,Web,0
58,14,6,1,52.25,3,0,Budapest,Mobile,0
29,38,10,4,393.84,4,1,North,Mobile,0
63,57,7,2,193.38,3,0,South,Web,0
21,16,6,1,150.25,3,0,North,Mobile,0
52,22,2,0,0.0,3,0,East,Mobile,0
31,45,11,2,143.35,5,0,Budapest,Web,0
49,23,10,5,307.68,4,0,West,Mobile,0
26,18,2,1,58.44,3,0,West,Web,0
55,29,13,0,0.0,5,0,Budapest,Store,0
19,6,6,0,9.19,2,0,South,Mobile,1
57,24,7,2,117.04,4,0,East,Mobile,0
29,37,7,3,238.1,5,0,Budapest,Web,0
56,46,6,0,0.89,4,0,Budapest,Mobile,0
30,37,14,3,286.83,5,0,South,Mobile,0
41,9,1,1,120.19,3,0,East,Mobile,0
43,41,3,3,379.45,5,0,North,Web,0
44,21,4,1,128.04,3,0,East,Web,0
44,27,5,3,134.3,3,0,Budapest,Mobile,0
35,4,7,1,82.22,3,0,South,Web,0
51,28,5,2,238.51,4,0,South,Web,0
41,44,5,0,0.0,3,0,South,Web,0
27,37,5,2,165.84,5,0,East,Mobile,0
43,62,5,2,143.18,4,0,East,Web,0
35,6,3,1,84.48,4,0,South,Mobile,0
67,2,4,0,16.25,4,0,South,Mobile,0
49,21,2,1,82.42,4,0,North,Store,0
44,46,3,0,7.47,4,0,East,Web,0
49,11,7,3,198.19,3,0,Budapest,Web,0
20,36,5,2,102.93,5,0,South,Store,0
30,24,7,1,110.61,5,0,North,Store,0
41,45,10,2,144.15,4,0,South,Web,0
55,33,5,2,223.32,3,0,Budapest,Web,1
44,4,5,1,82.92,5,0,West,Store,0
31,41,6,1,110.45,2,0,Budapest,Web,0
51,21,5,2,230.76,5,0,Budapest,Web,0
49,33,8,0,0.38,4,0,East,Mobile,0
20,24,5,3,184.24,5,0,East,Store,0
32,17,3,1,45.03,4,0,Budapest,Store,0
34,23,8,2,107.01,4,0,West,Web,0
61,27,4,1,71.88,4,0,East,Web,0
43,12,5,2,232.48,4,0,East,Store,0
50,20,9,3,260.63,5,0,East,Web,0
65,14,7,1,123.36,5,0,North,Web,0
30,9,8,0,0.0,3,0,South,Web,0
50,28,4,2,136.63,4,0,Budapest,Web,0
44,10,4,0,0.0,4,0,East,Web,0
61,43,12,0,0.0,3,0,Budapest,Mobile,0
66,28,6,1,94.82,5,0,East,Web,0
65,26,4,3,306.14,4,1,Budapest,Web,0
30,23,2,0,38.3,4,0,Budapest,Web,0
63,21,10,2,117.67,4,0,Budapest,Store,0
34,20,7,0,0.0,3,0,Budapest,Store,0
27,10,5,0,0.0,3,0,North,Mobile,0
41,3,9,0,14.37,5,0,Budapest,Web,0
40,40,3,0,43.45,3,0,West,Mobile,0
18,51,4,4,244.88,5,1,Budapest,Web,0
50,13,7,4,409.41,3,0,Budapest,Store,0
22,6,6,0,0.0,3,0,East,Mobile,0
55,51,7,1,118.05,4,0,East,Store,0
44,17,7,0,34.78,5,0,Budapest,Mobile,0
50,10,6,0,0.0,3,0,North,Web,0
38,18,13,1,72.18,2,0,Budapest,Store,0
53,34,3,1,120.88,4,0,West,Web,0
36,48,4,2,99.48,4,0,South,Web,0
45,57,8,2,226.47,4,0,North,Web,0
54,4,4,0,1.5,4,0,East,Web,0
51,3,3,1,81.36,3,0,East,Web,0
41,5,6,2,64.73,4,0,South,Mobile,0
33,16,4,1,116.52,3,0,South,Store,0
41,28,5,0,0.0,5,0,Budapest,Store,0
26,16,5,0,0.0,4,0,East,Mobile,0
46,10,14,2,178.2,4,0,North,Mobile,0
31,10,6,2,115.42,5,0,Budapest,Mobile,0
59,5,4,1,94.82,5,0,East,Web,0
25,16,7,1,45.85,5,0,West,Web,0
46,7,9,1,89.87,3,0,Budapest,Mobile,1
38,37,5,1,59.67,4,1,Budapest,Mobile,0
21,43,8,2,128.93,3,0,Budapest,Web,0
62,14,4,2,221.25,4,0,West,Mobile,0
32,34,8,3,178.84,4,0,North,Web,0
47,12,7,0,11.29,4,0,East,Store,0
54,30,5,1,94.11,5,0,East,Web,0
51,13,3,0,15.05,3,0,East,Store,0
33,33,6,3,201.68,3,1,West,Web,0
42,29,5,0,0.0,5,0,West,Mobile,0
40,36,6,2,167.31,4,0,North,Web,0
40,34,9,2,198.92,5,0,Budapest,Web,0
39,72,4,2,175.33,4,1,Budapest,Mobile,0
36,8,5,1,106.15,4,0,South,Mobile,0
56,15,5,3,302.86,3,0,East,Mobile,0
36,35,12,4,303.93,3,0,Budapest,Mobile,0
48,32,5,2,192.03,5,1,Budapest,Web,0
53,18,8,1,118.21,5,0,East,Mobile,0
34,28,9,1,90.24,3,0,East,Web,0
41,25,5,2,167.75,3,0,Budapest,Web,0
26,19,2,0,0.0,5,0,South,Mobile,0
55,22,4,0,0.0,5,0,West,Mobile,0
34,29,5,1,48.25,4,0,Budapest,Web,0
35,20,4,0,19.55,4,0,West,Web,0
34,18,8,2,106.48,5,0,South,Store,0
35,5,6,1,23.7,4,0,Budapest,Store,0
35,72,6,1,85.71,4,0,North,Mobile,0
31,22,7,1,93.32,5,0,Budapest,Web,0
37,24,8,1,103.75,3,0,Budapest,Mobile,0
44,18,4,0,0.0,5,0,Budapest,Web,0
47,50,4,1,94.31,4,0,West,Store,0
33,15,3,1,89.9,5,0,South,Web,0
43,19,3,1,43.37,4,0,North,Web,0
36,22,5,1,50.62,4,0,Budapest,Mobile,0
33,50,6,1,51.45,5,0,West,Store,0
43,19,6,0,2.62,5,0,South,Mobile,0
36,26,10,0,0.0,4,0,East,Store,0
47,4,7,3,119.53,3,0,Budapest,Web,0
52,11,8,0,16.26,3,0,Budapest,Mobile,0
36,23,8,1,90.64,5,0,North,Web,0
34,24,11,1,92.92,4,0,West,Web,1
34,56,4,2,185.87,5,0,South,Web,0
29,7,10,0,7.24,5,0,Budapest,Mobile,0
33,59,7,2,177.13,5,0,West,Mobile,0
27,16,9,3,197.64,3,0,Budapest,Web,0
47,50,5,2,173.08,5,0,South,Mobile,0
20,17,9,0,25.77,3,0,Budapest,Web,0
45,16,8,0,0.0,4,0,Budapest,Web,0
51,11,4,3,168.03,4,0,West,Mobile,0
33,16,6,1,95.19,4,0,East,Web,0
54,13,8,2,175.68,5,0,South,Web,0
40,59,4,1,79.65,3,0,Budapest,Store,0
20,41,4,1,76.3,3,0,South,Web,0
64,8,4,0,5.28,4,0,Budapest,Mobile,0
49,22,6,1,74.04,4,0,Budapest,Web,0
38,25,2,0,0.0,3,0,Budapest,Web,0
70,22,5,0,6.71,4,0,West,Mobile,0
49,22,5,2,121.28,3,1,North,Store,0
28,33,5,3,252.76,4,0,Budapest,Mobile,0
43,6,3,1,26.96,3,1,Budapest,Mobile,0
46,10,4,0,0.0,2,0,Budapest,Store,0
48,13,2,0,14.22,5,0,South,Web,0
43,27,4,1,94.89,5,0,East,Mobile,0
36,10,12,0,30.77,5,0,North,Mobile,0
55,44,9,2,162.0,4,0,Budapest,Store,0
39,10,5,0,52.11,4,0,West,Mobile,0
35,8,7,2,273.11,4,0,Budapest,Web,0
37,11,5,0,14.23,4,0,West,Web,0
46,11,8,1,125.15,2,0,East,Web,0
43,9,5,1,65.28,3,0,Budapest,Store,1
37,23,5,0,0.0,4,0,North,Mobile,0
29,40,9,3,205.41,5,0,East,Mobile,0
47,32,4,2,102.08,4,0,Budapest,Web,0
64,36,7,0,4.71,4,0,Budapest,Web,0
41,26,7,1,70.54,4,1,North,Mobile,0
27,9,3,2,161.65,5,0,North,Web,0
37,28,7,1,27.06,3,0,West,Store,0
28,12,8,1,46.02,4,0,Budapest,Mobile,0
49,18,12,2,108.9,3,0,Budapest,Mobile,0
56,9,5,0,0.0,3,0,North,Web,0
18,27,12,1,48.0,4,0,Budapest,Store,0
55,37,10,1,85.24,5,0,West,Mobile,1
23,27,13,0,5.46,4,0,East,Store,0
42,39,3,0,4.18,5,0,East,Mobile,0
18,48,7,1,87.88,5,0,Budapest,Web,0
24,10,5,1,56.7,5,0,North,Store,0
44,21,5,2,146.49,4,0,Budapest,Mobile,0
41,14,9,1,54.63,2,0,West,Store,0
26,7,6,0,0.0,5,0,Budapest,Web,0
43,5,6,0,17.2,3,0,North,Store,0
47,16,4,1,66.04,5,0,Budapest,Web,0
46,29,7,0,54.16,5,0,North,Mobile,1
39,28,6,2,188.75,5,0,West,Web,0
48,16,7,3,251.85,4,0,Budapest,Web,0
51,27,11,6,612.27,3,0,East,Web,0
34,39,7,5,465.5,3,0,East,Mobile,0
24,41,7,3,250.61,4,1,South,Store,0
28,39,9,2,224.89,4,0,West,Web,0
48,27,3,0,10.96,3,0,East,Web,0
56,14,2,1,122.26,5,0,Budapest,Web,0
45,14,4,2,146.11,4,0,North,Web,0
40,18,7,1,72.22,4,0,West,Store,0
35,6,9,1,94.35,4,0,West,Web,0
31,25,3,1,33.26,5,0,South,Mobile,0
60,22,2,2,180.2,4,0,East,Web,0
34,22,2,1,68.6,4,0,South,Web,0
44,3,1,0,0.0,3,0,East,Web,0
37,72,8,1,73.67,4,0,Budapest,Web,0
24,11,8,3,258.59,2,1,East,Mobile,0
51,25,6,0,14.73,5,0,East,Web,0
26,15,3,3,136.5,5,0,East,Mobile,0
51,18,5,2,143.89,3,0,South,Mobile,0
50,8,6,0,0.0,4,0,Budapest,Mobile,0
37,22,6,1,72.47,4,0,North,Store,0
54,21,6,0,0.0,3,0,Budapest,Mobile,0
55,19,9,0,0.0,5,0,East,Web,0
18,17,8,0,33.5,4,0,East,Mobile,0
29,19,6,2,82.32,4,0,Budapest,Web,0
18,25,2,0,5.51,5,0,East,Mobile,0
31,8,9,1,98.52,4,0,East,Mobile,0
48,13,2,0,22.95,5,0,Budapest,Web,0
42,72,9,3,301.22,5,0,East,Web,0
40,10,4,0,26.84,4,0,Budapest,Mobile,0
51,27,7,1,82.87,4,0,North,Web,0
52,11,5,0,16.74,5,0,East,Web,1
40,15,7,1,52.81,3,0,Budapest,Mobile,0
29,16,4,1,69.2,4,0,Budapest,Mobile,1
40,49,3,2,203.83,4,0,Budapest,Store,0
46,13,4,0,0.0,3,0,East,Web,1
40,14,5,1,46.48,3,1,North,Mobile,0
54,19,12,1,61.89,3,0,West,Web,0
56,15,4,0,0.0,4,0,South,Web,0
28,43,4,2,90.48,4,0,Budapest,Mobile,0
36,17,4,0,4.29,5,0,South,Mobile,0
42,9,8,2,113.78,4,0,South,Web,0
42,14,6,1,20.03,4,0,Budapest,Mobile,0
27,28,6,2,101.92,3,0,North,Web,0
28,14,4,3,251.72,5,0,East,Mobile,0
30,18,6,2,140.2,4,0,East,Web,0
42,7,7,0,0.88,4,0,West,Web,0
18,50,5,1,55.83,5,0,Budapest,Web,0
36,46,9,1,110.84,5,0,Budapest,Mobile,1
44,11,6,1,94.59,3,0,Budapest,Web,0
29,23,4,0,0.0,4,0,South,Mobile,0
54,14,6,2,173.09,4,0,South,Store,0
65,20,4,2,186.84,3,0,Budapest,Mobile,0
33,37,9,1,0.0,4,0,East,Web,1
37,7,4,0,17.08,3,0,East,Mobile,0
34,50,6,2,234.69,5,0,Budapest,Web,0
42,25,7,1,77.67,4,0,Budapest,Web,0
59,62,9,2,235.06,5,0,South,Mobile,0
58,5,6,0,34.91,3,0,Budapest,Mobile,0
18,12,3,0,0.0,4,0,East,Web,0
48,17,9,1,98.31,5,0,Budapest,Web,0
38,3,3,0,0.94,4,0,East,Mobile,0
35,6,4,0,0.0,3,0,East,Store,0
38,17,9,1,37.17,5,0,East,Web,0
80,46,9,0,0.0,5,0,East,Web,0
33,25,6,2,190.02,5,0,North,Mobile,0
65,10,6,0,0.0,5,0,South,Mobile,0
45,15,14,1,169.82,5,0,West,Mobile,0
28,8,4,1,34.57,2,0,North,Store,0
42,6,5,0,5.19,4,0,South,Web,1
56,19,3,1,120.76,4,0,South,Web,0
38,15,6,0,0.0,4,0,West,Store,0
40,14,11,4,304.02,3,0,South,Mobile,0
40,39,15,4,261.64,4,0,East,Web,0
49,7,3,1,89.39,3,0,Budapest,Store,0
49,15,8,2,116.94,3,0,East,Web,0
34,53,12,1,52.47,5,0,Budapest,Store,0
37,54,10,3,222.92,5,1,West,Web,0
63,34,5,0,9.71,4,0,North,Store,0
51,44,8,1,118.29,4,0,Budapest,Web,0
54,15,4,1,112.21,4,0,North,Web,0
42,55,2,3,301.32,4,0,Budapest,Mobile,0
56,72,9,1,130.17,4,0,South,Store,0
41,29,12,0,33.38,5,0,Budapest,Mobile,0
39,36,4,0,3.5,4,0,West,Web,0
42,19,6,2,100.33,4,0,West,Store,0
30,19,6,2,86.26,3,0,East,Store,0
48,14,6,1,108.46,4,0,South,Web,0
49,37,5,2,227.53,4,0,East,Web,0
25,24,5,3,241.15,4,0,Budapest,Web,0
49,48,4,1,106.32,3,0,West,Mobile,0
32,9,4,0,32.03,3,0,Budapest,Web,0
63,49,8,1,69.02,5,0,Budapest,Store,0
49,15,7,2,141.73,3,0,Budapest,Store,0
40,5,10,1,88.75,3,0,East,Mobile,0
38,39,6,0,0.0,5,0,West,Store,0
48,20,11,2,141.35,3,0,South,Web,0
41,23,5,1,95.44,4,0,West,Web,0
34,9,6,1,17.45,4,0,Budapest,Web,0
49,44,10,2,159.89,4,0,South,Web,0
39,35,7,2,171.49,4,0,Budapest,Store,0
39,18,2,0,16.81,2,0,Budapest,Web,1
42,20,6,0,32.56,4,0,Budapest,Mobile,0
51,31,6,1,112.71,3,0,East,Store,0
53,23,4,0,0.0,4,0,South,Mobile,0
45,18,1,0,35.52,3,0,East,Store,0
44,3,10,1,103.49,4,0,East,Store,0
18,33,4,0,10.54,4,0,Budapest,Mobile,0
46,31,6,1,49.61,4,0,Budapest,Store,0
48,28,10,2,85.52,4,0,Budapest,Web,0
33,20,11,4,353.59,4,0,Budapest,Web,0
58,32,1,0,0.0,3,0,East,Web,1
39,25,5,0,17.63,4,0,South,Web,0
43,21,2,0,40.02,5,0,West,Web,0
32,25,3,2,158.25,3,1,East,Mobile,0
66,13,6,2,167.09,3,0,Budapest,Web,0
37,13,8,0,0.0,4,0,Budapest,Mobile,0
51,14,2,1,44.0,3,0,Budapest,Web,0
29,34,5,3,207.4,4,0,Budapest,Web,0
43,54,8,3,292.43,5,0,Budapest,Web,0
49,20,10,1,94.61,4,0,Budapest,Store,1
36,53,10,0,42.47,5,0,South,Web,0
42,16,1,1,77.85,3,0,West,Mobile,1
48,10,7,1,105.61,3,0,South,Web,0
39,4,1,0,0.58,3,0,East,Web,0
48,15,6,2,141.53,4,0,South,Web,0
59,4,6,0,0.0,4,0,East,Mobile,0
50,10,4,0,0.0,3,0,Budapest,Mobile,0
43,36,4,1,107.55,5,0,East,Mobile,0
31,17,5,1,15.09,4,0,North,Web,0
53,12,8,0,0.0,4,0,West,Mobile,0
60,16,3,1,75.68,3,0,Budapest,Store,0
30,22,5,1,112.43,3,0,South,Web,0
35,6,4,2,125.0,5,0,South,Store,0
43,15,7,1,90.68,5,0,South,Store,0
24,8,6,0,53.62,3,0,Budapest,Web,0
43,22,1,0,0.0,4,0,South,Web,0
53,17,1,0,0.0,4,0,West,Web,0
46,20,6,0,0.0,4,0,Budapest,Mobile,0
33,12,6,1,97.94,4,0,North,Mobile,1
44,47,15,1,147.14,5,0,East,Mobile,0
33,13,7,3,165.16,3,1,Budapest,Mobile,0
29,37,4,2,94.17,5,0,East,Web,0
54,32,3,0,0.0,4,0,East,Mobile,0
49,3,8,3,295.98,3,0,Budapest,Mobile,0
52,39,7,3,213.22,4,0,Budapest,Mobile,0
43,44,4,1,117.72,5,0,West,Web,1
55,44,7,3,268.05,4,0,North,Web,0
60,16,15,4,293.99,4,0,Budapest,Web,0
41,7,10,2,193.03,4,0,Budapest,Web,0
20,11,8,0,0.0,3,0,South,Web,0
19,39,4,0,0.0,4,0,South,Web,0
23,11,10,1,25.35,5,0,South,Web,0
25,20,7,0,0.0,4,0,Budapest,Web,0
54,20,4,0,0.0,3,0,Budapest,Web,0
33,43,7,3,202.44,4,0,Budapest,Mobile,0
40,16,6,0,5.16,4,0,North,Mobile,0
42,22,9,1,111.82,2,0,West,Mobile,0
59,17,4,0,0.0,5,0,East,Web,0
57,23,8,2,164.52,4,1,East,Store,0
41,16,7,0,0.0,5,0,West,Web,0
36,5,4,2,147.69,5,0,West,Web,0
30,54,12,3,292.2,4,0,South,Mobile,0
57,40,7,0,0.0,2,0,East,Web,0
53,41,5,4,285.83,4,0,Budapest,Web,0
18,42,11,2,205.91,4,0,West,Mobile,0
18,6,4,3,251.76,3,0,West,Web,0
58,13,7,1,100.52,3,0,North,Web,0
24,51,11,1,64.75,4,0,East,Store,0
35,17,5,4,276.18,3,0,Budapest,Store,0
43,38,6,5,412.68,4,0,East,Mobile,0
34,47,12,1,106.15,5,0,Budapest,Store,0
47,25,5,2,173.02,3,0,West,Web,0
30,41,2,0,86.51,5,0,Budapest,Mobile,0
61,30,4,4,287.31,4,0,Budapest,Mobile,0
51,15,5,1,77.64,4,0,South,Web,0
25,7,9,1,43.2,3,0,North,Mobile,0
39,23,6,2,231.0,5,0,South,Mobile,0
52,6,4,2,119.67,2,0,Budapest,Web,0
18,72,10,3,329.38,4,0,Budapest,Web,1
39,25,4,0,60.03,4,0,South,Web,0
26,9,6,2,231.62,3,0,South,Mobile,0
75,8,4,0,13.61,3,0,North,Web,0
42,11,4,2,164.09,4,0,Budapest,Web,0
37,59,6,3,241.83,5,0,West,Mobile,0
37,52,7,2,248.82,5,0,East,Mobile,0
26,72,11,2,133.92,5,0,East,Mobile,0
42,31,5,1,61.94,5,0,Budapest,Store,0
38,6,2,0,0.0,3,0,East,Web,0
43,67,2,0,37.83,4,0,East,Mobile,0
18,33,5,1,95.28,5,0,East,Web,0
34,64,11,2,146.21,5,0,Budapest,Web,0
42,11,13,2,179.42,5,0,East,Mobile,0
31,35,8,4,334.24,5,0,Budapest,Web,0
47,11,7,0,0.0,3,0,East,Web,0
34,15,2,0,0.0,4,0,South,Store,1
18,17,3,2,111.05,5,0,East,Mobile,0
59,27,3,1,57.86,3,1,North,Web,1
62,28,9,0,40.72,4,0,Budapest,Web,0
37,26,9,0,49.18,5,0,Budapest,Store,0
46,14,10,1,86.64,5,0,South,Mobile,0
18,14,4,0,0.0,2,0,West,Web,0
63,59,7,3,225.48,5,0,West,Web,0
54,35,6,2,143.99,5,0,Budapest,Web,0
52,24,5,2,162.14,5,0,Budapest,Store,0
56,10,3,0,0.0,4,0,Budapest,Store,0
28,10,9,1,74.06,4,0,South,Web,0
43,36,7,2,190.81,4,0,Budapest,Mobile,0
50,23,4,2,227.94,5,0,Budapest,Web,0
58,24,7,0,40.12,5,0,East,Store,0
50,9,4,3,301.7,4,0,West,Web,0
38,18,5,0,0.0,4,0,East,Web,0
51,8,9,3,268.04,4,0,South,Store,0
53,22,5,4,217.82,4,0,Budapest,Web,0
18,15,5,0,0.0,3,0,East,Web,0
48,20,3,1,82.41,4,1,North,Web,0
70,38,11,3,265.07,4,0,West,Web,0
50,19,10,0,5.36,4,0,West,Mobile,0
40,14,8,0,19.69,5,0,North,Web,0
51,42,11,5,550.75,4,0,Budapest,Store,0
45,50,8,1,52.91,5,0,North,Store,0
54,17,4,1,100.63,5,0,West,Web,0
31,39,5,3,273.76,4,0,North,Mobile,0
55,26,5,1,70.69,5,0,North,Web,0
46,29,5,1,42.77,4,0,Budapest,Web,0
45,34,7,3,250.83,5,0,East,Web,0
51,16,6,0,0.0,3,0,Budapest,Mobile,0
27,24,4,2,185.99,5,0,East,Web,0
44,16,8,0,46.67,5,0,East,Mobile,0
38,9,3,1,117.93,4,0,East,Web,0
37,15,10,1,84.54,4,0,North,Web,0
37,38,5,4,216.25,4,0,North,Web,0
29,16,11,2,148.41,5,0,South,Web,0
48,53,10,3,214.03,4,0,Budapest,Web,0
29,42,9,3,192.29,4,0,Budapest,Mobile,0
37,17,3,1,44.4,4,0,Budapest,Store,0
35,37,6,2,180.27,4,0,Budapest,Store,0
45,15,3,0,0.0,5,0,West,Mobile,0
43,22,3,0,20.93,4,0,East,Store,0
52,10,4,1,94.44,4,0,East,Mobile,0
18,46,9,1,21.78,5,0,Budapest,Web,0
56,16,5,0,0.0,4,0,East,Web,0
46,12,6,2,122.67,3,0,Budapest,Web,0
39,18,10,3,305.75,5,0,Budapest,Web,0
46,23,2,3,308.08,5,0,East,Web,0
30,25,6,2,204.37,2,0,West,Mobile,0
22,39,5,0,0.0,3,0,West,Web,0
18,37,4,2,195.37,5,0,East,Web,0
50,15,6,2,150.07,3,0,Budapest,Web,0
38,7,1,0,9.49,5,0,Budapest,Mobile,0
32,33,7,1,94.7,4,0,West,Mobile,0
70,7,4,0,63.49,5,0,East,Web,0
45,36,7,2,214.52,5,0,South,Web,0
53,14,8,0,0.0,5,0,Budapest,Mobile,0
47,72,7,1,57.41,5,0,East,Web,0
44,13,8,2,154.23,5,0,Budapest,Web,0
55,53,8,1,115.98,4,0,Budapest,Store,0
47,8,10,1,94.35,4,0,West,Mobile,0
52,21,8,2,102.5,3,0,North,Mobile,0
39,67,6,4,393.0,4,0,East,Store,0
57,40,6,0,23.85,5,0,East,Store,0
53,4,10,0,86.36,4,0,Budapest,Web,0
54,12,4,2,140.16,4,0,Budapest,Web,0
30,13,7,1,0.0,4,0,South,Mobile,0
25,18,8,2,177.85,4,0,East,Web,0
37,22,8,0,0.0,3,0,East,Mobile,0
56,18,10,2,129.95,5,0,Budapest,Mobile,0
40,22,7,1,66.81,4,0,East,Mobile,0
27,15,5,1,82.37,3,0,South,Mobile,1
55,35,8,6,485.3,3,0,South,Web,0
29,17,7,0,0.0,4,0,West,Web,0
38,22,12,0,0.0,4,0,Budapest,Mobile,0
41,51,2,4,418.46,4,0,Budapest,Web,0
41,9,10,1,60.78,3,0,Budapest,Web,0
37,12,2,0,29.39,3,0,South,Store,0
51,30,6,2,64.82,4,0,North,Web,0
55,18,2,1,98.52,3,0,North,Mobile,0
53,9,2,0,46.92,4,0,West,Store,0
49,14,7,2,143.59,5,0,East,Store,0
48,30,15,3,255.68,4,0,North,Web,0
39,27,8,2,145.77,5,0,South,Web,0
28,67,8,0,0.0,4,0,West,Mobile,0
49,24,2,0,1.09,5,0,Budapest,Web,0
64,30,8,1,149.05,3,0,Budapest,Web,0
18,9,1,0,14.08,4,0,West,Web,0
46,8,8,3,239.93,4,0,Budapest,Web,0
21,15,8,1,87.5,5,0,Budapest,Web,0
58,13,11,0,23.97,3,0,West,Store,0
33,32,9,3,255.92,5,1,East,Store,0
35,7,4,0,20.1,4,0,South,Web,0
38,9,5,0,0.0,3,0,Budapest,Store,0
30,32,7,1,91.23,5,0,West,Mobile,0
39,11,9,3,207.27,4,0,Budapest,Mobile,0
31,38,6,3,299.39,3,0,West,Mobile,0
37,32,11,1,94.5,4,0,Budapest,Mobile,0
51,19,3,2,211.47,4,0,North,Web,0
60,11,6,0,4.52,4,0,South,Web,0
18,27,5,3,281.71,5,1,East,Web,0
32,40,6,0,26.23,4,0,North,Web,0
53,41,5,1,127.07,5,0,South,Web,0
44,26,8,1,36.04,5,0,Budapest,Store,0
45,21,11,0,0.0,3,0,West,Store,0
49,8,3,1,145.44,3,0,Budapest,Mobile,0
54,18,8,0,0.0,4,0,South,Web,0
35,27,9,2,222.37,4,0,North,Web,0
59,30,3,0,9.84,4,0,Budapest,Web,0
33,30,6,3,214.79,4,0,North,Mobile,0
45,40,10,0,0.0,5,0,South,Web,0
18,27,7,2,72.62,5,0,East,Mobile,0
46,12,6,0,11.24,4,0,North,Store,0
39,28,7,3,256.96,4,0,Budapest,Store,0
37,4,4,1,57.74,3,0,Budapest,Mobile,0
45,2,5,0,6.02,4,0,West,Web,0
59,23,5,0,12.69,4,0,South,Web,0
19,21,6,0,15.64,3,0,Budapest,Web,0
44,20,4,1,117.02,4,0,East,Store,0
58,19,7,1,40.58,3,0,West,Store,0
39,9,1,1,77.56,3,0,Budapest,Mobile,0
18,20,5,3,191.84,5,0,Budapest,Web,0
42,11,8,2,175.08,3,0,East,Store,1
39,48,15,1,103.18,4,0,Budapest,Mobile,0
34,12,4,0,0.0,5,0,North,Web,0
51,11,3,0,0.0,3,0,Budapest,Mobile,0
34,28,4,0,59.36,4,0,North,Mobile,0
31,33,2,1,57.96,4,0,South,Web,0
40,8,4,0,0.0,4,0,East,Web,0
42,7,9,1,40.75,4,0,West,Web,0
47,36,3,1,48.04,4,0,Budapest,Mobile,0
30,10,5,1,50.06,3,0,Budapest,Mobile,0
42,63,5,0,0.0,4,0,West,Web,0
39,30,5,2,94.81,5,0,West,Mobile,0
45,19,6,0,24.22,4,0,Budapest,Web,0
38,23,7,1,109.31,5,0,Budapest,Store,0
29,22,6,3,223.5,4,0,South,Mobile,0
44,49,3,1,63.03,4,1,Budapest,Web,0
45,39,3,4,433.73,4,0,West,Mobile,0
33,30,7,2,115.16,4,0,West,Mobile,0
32,17,8,1,124.12,3,0,Budapest,Web,0
37,42,3,2,127.17,4,0,South,Web,0
31,10,12,1,39.94,2,0,South,Store,0
47,8,4,1,63.82,4,0,North,Web,0
48,20,5,2,154.5,4,0,South,Mobile,0
35,7,2,0,0.0,3,0,Budapest,Web,0
53,9,7,1,62.8,4,0,South,Mobile,0
35,47,3,1,39.33,5,1,Budapest,Web,0
37,35,10,2,162.74,5,0,South,Web,0
36,5,6,1,13.41,4,0,South,Mobile,0
42,22,4,2,81.15,4,0,North,Mobile,0
51,7,6,1,92.32,4,0,South,Mobile,0
37,18,6,2,162.17,3,0,South,Mobile,0
50,7,7,0,14.22,5,0,East,Web,0
41,45,8,0,0.0,4,0,Budapest,Web,0
24,16,10,1,75.23,3,0,North,Web,0
27,32,8,0,0.0,4,0,West,Store,0
65,40,5,1,57.85,5,0,Budapest,Web,0
50,36,3,2,94.85,5,0,East,Mobile,0
38,13,5,2,227.32,4,0,East,Mobile,0
48,7,4,1,123.77,5,0,West,Store,0
32,7,10,1,26.77,3,0,North,Web,0
36,19,3,2,136.89,3,0,North,Mobile,0
43,27,8,1,56.32,4,0,North,Mobile,0
48,3,3,0,4.64,3,0,South,Mobile,0
37,31,4,2,128.9,4,0,South,Store,0
57,3,3,1,74.93,4,0,Budapest,Web,1
40,28,10,0,33.32,3,0,South,Web,0
56,6,3,1,49.03,3,0,East,Mobile,0
43,10,6,2,201.6,4,0,East,Store,0
42,8,8,2,164.41,4,0,East,Web,0
51,72,10,5,500.68,5,0,West,Store,0
32,37,2,2,178.95,4,0,South,Web,0
37,16,8,2,175.53,4,0,Budapest,Mobile,0
33,7,5,0,0.0,3,0,North,Mobile,0
30,21,4,0,0.0,4,0,East,Web,0
28,36,8,3,85.26,5,0,East,Store,0
27,2,2,0,0.0,3,0,East,Web,0
35,34,5,3,266.05,4,0,South,Store,0
34,7,4,2,138.12,4,0,East,Web,0
29,12,7,2,208.89,5,1,West,Web,0
59,16,6,0,0.0,3,0,Budapest,Mobile,0
68,13,3,1,81.36,4,0,North,Mobile,0
62,8,5,0,2.27,4,0,East,Web,0
62,6,7,2,164.05,3,0,South,Mobile,0
42,13,6,4,177.03,4,0,West,Web,0
57,22,3,2,156.13,4,0,South,Web,0
23,26,4,2,156.08,4,0,South,Web,0
31,14,3,0,0.0,3,0,North,Web,0
18,21,6,2,106.04,5,0,Budapest,Web,0
42,67,9,5,520.79,4,0,Budapest,Store,0
41,50,3,1,64.51,4,0,East,Mobile,0
21,32,7,2,125.75,4,0,South,Web,0
47,21,7,1,88.09,5,0,East,Mobile,0
61,15,7,3,229.19,5,0,East,Web,0
70,58,7,1,97.96,4,0,Budapest,Store,0
22,72,6,4,330.55,4,1,West,Web,0
61,16,5,0,8.99,3,0,Budapest,Web,0
32,5,2,0,5.47,3,0,North,Store,0
46,15,7,4,331.01,4,1,Budapest,Store,0
28,34,3,1,14.46,5,0,North,Mobile,0
46,29,6,1,35.77,5,0,West,Mobile,0
49,24,13,2,168.04,3,0,West,Web,0
18,8,9,1,60.07,4,0,Budapest,Web,0
18,57,3,1,64.93,4,0,Budapest,Store,0
31,31,6,2,145.24,3,0,East,Web,0
39,23,2,0,7.34,4,0,East,Store,0
48,27,5,3,218.31,4,0,East,Mobile,0
35,21,8,1,112.56,4,0,North,Web,0
50,23,8,1,134.81,5,0,West,Mobile,0
46,38,11,3,258.07,4,0,Budapest,Store,0
52,12,6,1,87.76,3,0,North,Web,0
53,32,3,2,229.28,4,0,South,Web,0
31,28,5,1,117.66,5,0,North,Store,0
38,7,5,2,169.65,3,0,West,Mobile,0
45,7,3,0,6.19,2,0,East,Web,0
51,12,9,5,490.93,3,0,Budapest,Mobile,0
57,39,2,0,0.0,4,0,North,Mobile,0
40,24,5,3,234.33,4,0,Budapest,Web,0
39,26,6,0,12.74,4,0,Budapest,Web,0
32,29,5,2,215.69,3,0,East,Web,0
45,9,8,1,77.3,4,0,North,Web,0
38,38,5,1,92.75,3,0,South,Mobile,0
57,16,8,2,158.89,2,0,South,Mobile,0
44,9,6,0,0.0,5,0,East,Web,0
33,35,2,2,95.48,4,0,Budapest,Store,0
22,30,9,1,71.78,3,0,South,Mobile,0
61,28,6,1,59.26,4,0,Budapest,Mobile,0
51,28,5,0,0.0,4,0,Budapest,Web,0
19,7,6,1,43.52,4,0,North,Mobile,0
27,51,4,2,189.8,4,0,Budapest,Web,0
38,72,5,2,124.22,3,0,North,Web,0
37,7,3,0,0.0,4,0,Budapest,Store,0
45,21,5,1,69.93,2,0,Budapest,Mobile,0
25,18,4,1,86.84,4,0,North,Store,1
55,19,3,1,92.83,3,0,East,Web,0
18,10,3,1,98.93,3,0,West,Web,0
44,10,2,0,3.89,4,0,South,Web,0
62,23,4,0,25.65,4,0,South,Web,0
44,4,4,2,56.27,4,0,East,Store,0
18,21,2,0,0.0,4,0,Budapest,Web,0
53,16,9,1,145.66,4,0,East,Mobile,0
48,36,9,0,0.0,4,0,East,Mobile,0
24,17,3,1,89.46,4,0,Budapest,Web,0
44,29,6,2,137.65,4,0,East,Mobile,0
50,14,9,1,108.68,4,0,East,Mobile,0
48,72,7,3,318.27,4,0,West,Web,0
61,14,8,1,94.14,4,0,West,Web,0
41,22,12,3,308.31,2,0,West,Store,0
41,26,3,0,0.81,4,0,Budapest,Web,0
60,28,7,2,110.17,4,0,West,Web,0
43,19,7,2,221.44,3,0,West,Web,0
30,21,7,0,0.0,5,0,East,Web,0
42,50,7,2,183.92,5,0,East,Web,0
19,48,6,2,178.68,3,0,North,Mobile,0
66,24,5,3,205.55,4,0,Budapest,Web,0
78,48,9,3,274.7,4,0,West,Web,0
32,47,6,2,107.06,5,0,South,Web,0
41,7,3,0,10.71,3,0,West,Web,0
38,15,5,0,5.29,5,0,Budapest,Mobile,0
42,15,7,1,43.17,4,0,South,Mobile,0
39,7,7,1,55.37,3,0,South,Mobile,0
48,19,3,1,24.45,4,0,East,Web,0
63,46,4,1,91.33,5,1,East,Web,0
18,16,3,0,0.0,4,0,South,Web,0
36,41,5,1,82.91,5,0,South,Web,0
49,10,4,1,110.69,3,0,Budapest,Web,0
39,5,7,0,0.0,5,0,South,Mobile,0
49,12,7,0,0.0,3,0,East,Mobile,0
46,20,9,3,203.33,4,0,South,Mobile,0
26,19,9,0,0.0,5,0,Budapest,Mobile,0
55,5,4,0,0.0,4,0,South,Mobile,0
44,3,4,0,1.41,4,0,Budapest,Web,0
23,24,8,0,0.0,3,0,Budapest,Web,0
25,53,6,2,157.59,5,0,Budapest,Web,0
36,11,5,0,22.06,4,0,North,Web,0
25,15,5,0,0.0,3,0,North,Web,0
37,18,5,0,0.0,4,0,West,Web,0
76,25,3,1,61.18,4,0,South,Mobile,1
46,3,6,0,0.0,3,0,South,Mobile,0
36,20,13,1,48.12,3,0,West,Mobile,0
19,16,2,0,8.86,4,0,Budapest,Web,0
51,72,8,4,324.6,4,0,Budapest,Mobile,0
27,15,11,3,206.86,4,0,South,Web,0
46,16,6,0,27.51,5,0,West,Web,0
40,8,6,0,0.0,1,0,East,Web,0
35,17,2,2,159.2,3,0,South,Mobile,0
48,27,3,1,80.42,5,0,South,Web,0
42,6,4,0,0.03,5,0,South,Web,0
34,37,6,0,24.07,4,0,Budapest,Mobile,0
30,7,6,0,23.6,4,0,West,Web,0
38,5,9,0,0.0,4,0,Budapest,Mobile,0
68,8,9,1,56.08,3,0,West,Store,0
64,15,4,1,43.65,3,0,Budapest,Mobile,0
55,38,8,3,191.09,4,0,West,Web,0
46,17,1,1,86.77,3,0,West,Web,0
39,29,4,0,4.44,4,0,East,Mobile,0
64,19,10,0,19.65,4,0,Budapest,Mobile,0
60,24,3,0,0.0,4,0,South,Store,0
32,13,3,0,0.0,4,0,Budapest,Web,0
21,42,7,0,10.02,4,0,South,Mobile,0
36,25,13,2,176.83,5,1,Budapest,Mobile,0
44,42,7,3,246.5,5,0,South,Store,0
56,29,6,1,107.57,3,0,Budapest,Web,0
34,72,5,2,120.37,4,1,Budapest,Store,0
54,11,6,1,30.91,4,0,South,Mobile,0
49,22,9,3,175.75,5,1,Budapest,Store,0
36,36,3,1,79.97,4,0,East,Mobile,0
38,14,4,3,273.91,4,0,East,Web,0
48,12,8,1,88.44,4,0,East,Mobile,0
46,33,8,1,91.87,5,0,South,Store,0
40,32,4,1,81.51,5,0,East,Mobile,0
31,30,4,1,102.0,4,0,East,Web,0
54,32,8,2,184.24,5,0,West,Web,0
48,8,5,1,52.34,4,0,Budapest,Store,0
45,40,9,2,237.22,5,0,East,Store,0
48,34,5,2,197.48,4,0,West,Mobile,0
43,26,9,1,121.33,3,0,Budapest,Web,0
26,27,5,0,2.48,4,0,South,Store,0
31,13,8,1,31.49,5,0,Budapest,Mobile,0
50,8,9,2,161.89,4,0,East,Web,0
32,23,3,0,1.66,4,0,Budapest,Web,0
48,8,9,1,88.25,2,0,West,Mobile,0
35,26,3,0,13.38,4,0,Budapest,Store,0
45,19,5,1,0.32,4,0,West,Mobile,0
28,19,5,0,0.0,4,0,Budapest,Web,0
43,24,6,2,184.96,3,0,Budapest,Web,0
33,27,4,2,174.05,4,0,South,Web,0
31,50,9,3,180.61,4,0,North,Store,0
57,26,4,2,131.73,3,1,North,Web,0
45,16,6,0,0.0,4,0,East,Mobile,0
32,33,6,1,82.37,4,0,East,Web,0
62,39,6,3,380.45,5,0,Budapest,Web,0
49,26,6,5,362.92,3,0,Budapest,Web,0
40,16,3,1,44.34,4,0,South,Web,0
55,15,5,1,85.27,3,0,West,Web,0
47,10,10,2,134.4,4,0,North,Mobile,0
39,12,7,3,268.68,3,0,East,Web,0
45,27,3,1,51.99,5,0,Budapest,Web,0
41,10,6,1,90.36,5,0,South,Mobile,0
29,30,8,1,89.0,4,0,South,Web,0
57,16,6,1,77.19,4,0,West,Web,0
34,8,2,0,0.0,4,0,South,Web,1
43,18,2,0,0.0,3,0,South,Mobile,1
39,17,7,1,41.58,3,1,Budapest,Mobile,1
53,41,7,3,91.66,5,0,Budapest,Mobile,0
42,4,7,0,0.0,4,0,West,Mobile,0
47,28,11,1,101.69,4,0,Budapest,Web,0
31,18,6,1,64.74,4,0,Budapest,Web,0
58,23,6,1,51.67,5,0,West,Store,0
43,8,2,2,103.1,3,0,Budapest,Mobile,0
26,28,5,3,314.48,4,0,Budapest,Mobile,0
47,17,8,2,131.45,4,0,East,Store,0
34,8,10,1,28.07,5,0,West,Web,0
43,12,4,2,141.75,3,0,South,Web,0
45,32,4,2,130.88,4,0,West,Store,0
53,26,3,0,0.0,4,0,Budapest,Web,0
33,22,8,4,375.95,5,1,Budapest,Web,0
33,41,6,0,29.25,4,0,Budapest,Mobile,0
23,8,7,3,230.47,4,0,East,Mobile,0
51,37,6,0,3.88,5,0,East,Web,0
36,5,1,0,0.0,2,0,North,Mobile,1
44,19,7,1,103.26,4,0,South,Mobile,0
46,43,10,1,35.7,3,0,Budapest,Mobile,0
51,16,4,0,0.0,4,0,South,Web,0
37,9,10,0,0.0,4,0,East,Store,0
18,41,7,0,0.0,4,0,North,Web,0
43,11,1,0,0.0,3,0,South,Store,0
35,21,6,1,104.84,4,0,West,Store,1
18,23,9,1,83.94,5,0,Budapest,Web,0
37,8,7,0,0.0,4,0,Budapest,Store,0
37,54,3,1,98.35,3,0,South,Store,0
23,18,5,2,97.1,4,0,East,Web,0
36,61,5,4,416.95,5,2,Budapest,Store,0
34,16,5,1,69.32,2,0,South,Store,0
44,16,9,2,133.36,3,0,Budapest,Web,0
57,24,3,1,92.76,5,0,South,Mobile,0
50,6,3,3,305.73,4,0,North,Web,1
40,45,10,1,78.33,5,0,North,Store,0
30,12,6,0,0.0,4,0,Budapest,Web,0
35,63,7,3,221.14,5,0,East,Web,0
38,20,3,2,186.13,3,0,South,Web,1
60,53,7,1,133.9,4,0,East,Web,0
49,45,5,1,90.16,4,1,West,Store,0
37,32,6,3,182.06,4,0,North,Web,0
29,20,14,4,335.54,2,2,South,Web,0
28,30,9,1,88.71,5,0,South,Web,0
38,53,12,1,97.59,4,0,East,Mobile,0
42,12,3,1,102.9,3,0,East,Web,0
46,16,3,0,0.0,5,0,South,Mobile,0
49,36,4,2,122.99,4,0,East,Mobile,0
44,33,6,1,123.28,4,0,South,Web,0
31,9,4,1,93.54,4,0,Budapest,Web,0
39,15,3,1,123.49,5,0,West,Web,0
32,38,7,3,250.81,5,0,Budapest,Mobile,0
42,51,12,2,160.58,5,0,Budapest,Mobile,0
18,25,5,2,113.61,5,0,Budapest,Web,0
49,55,9,3,295.5,3,0,South,Mobile,0
54,30,3,1,134.41,4,0,Budapest,Mobile,0
32,20,4,0,8.8,4,0,North,Web,0
59,5,1,0,0.0,4,0,South,Web,0
66,52,2,3,174.43,4,0,East,Mobile,1
51,19,5,0,9.31,4,0,Budapest,Web,0
29,15,7,3,311.42,4,0,North,Mobile,0
45,10,5,3,232.56,3,0,Budapest,Web,0
41,37,6,1,97.09,4,0,East,Web,1
56,14,5,0,5.22,2,0,West,Web,1
60,35,7,1,47.2,3,0,East,Mobile,0
45,30,5,3,200.07,3,0,North,Web,0
48,33,7,2,213.03,4,0,South,Store,0
28,39,7,2,248.53,5,0,West,Web,0
37,43,6,0,0.0,3,0,South,Web,0
52,56,6,0,39.39,5,0,North,Web,0
52,26,6,1,49.37,3,0,Budapest,Mobile,0
44,37,6,3,276.04,3,0,Budapest,Mobile,0
21,14,3,1,101.36,4,0,Budapest,Store,0
59,21,8,2,196.7,3,1,West,Mobile,0
41,26,4,1,21.54,5,0,Budapest,Web,0
53,8,4,1,113.8,3,0,East,Mobile,0
44,24,4,1,107.63,5,0,East,Mobile,0
36,26,5,0,0.0,4,0,North,Mobile,0
49,11,6,0,24.22,4,0,South,Mobile,0
45,7,7,2,186.74,4,0,Budapest,Store,0
28,48,11,1,76.58,5,0,West,Store,0
18,16,4,1,62.68,4,0,Budapest,Web,1
31,28,5,2,139.15,3,0,North,Web,0
26,48,8,1,139.48,3,0,North,Store,0
50,39,6,0,25.13,5,0,East,Mobile,0
33,65,3,3,286.82,4,0,Budapest,Mobile,0
25,42,6,0,58.26,5,0,East,Store,0
31,10,6,1,45.84,4,0,Budapest,Mobile,0
26,31,11,2,122.07,5,0,East,Mobile,0
27,55,4,1,87.03,5,0,West,Web,0
32,9,5,1,75.1,4,0,East,Mobile,0
38,5,6,0,2.48,4,0,North,Mobile,0
45,32,7,2,142.37,4,0,Budapest,Mobile,0
39,16,7,2,139.67,5,0,Budapest,Mobile,0
31,12,13,2,131.05,4,0,South,Web,0
42,21,7,1,81.36,4,0,Budapest,Web,0
55,51,5,3,213.28,5,0,Budapest,Web,0
53,42,9,0,13.42,4,0,North,Mobile,0
39,47,8,2,299.3,4,0,South,Web,0
56,6,6,1,96.69,4,0,West,Web,0
53,15,6,2,117.95,4,0,North,Mobile,0
55,23,4,0,3.6,4,0,West,Web,0
39,33,8,2,146.55,4,1,South,Mobile,0
40,8,6,0,0.0,3,0,West,Mobile,0
45,17,5,2,264.7,4,0,Budapest,Web,0
54,26,8,0,2.09,3,0,West,Web,0
23,26,6,1,101.0,4,0,West,Web,0
50,56,3,1,69.23,2,0,North,Mobile,0
46,9,8,0,3.18,5,0,West,Web,0
57,56,7,1,105.28,4,0,West,Web,0
45,7,9,1,113.69,3,0,North,Mobile,0
42,24,8,0,0.0,3,0,North,Store,0
53,27,7,2,141.01,3,0,East,Store,0
47,23,7,1,55.55,3,0,East,Store,0
25,54,6,2,141.44,5,0,Budapest,Web,0
48,34,10,4,354.66,5,0,East,Web,0
39,10,11,1,50.45,4,0,West,Web,0
70,50,6,3,340.98,4,1,West,Web,0
37,24,4,3,156.38,3,0,South,Web,0
34,2,6,2,157.17,2,0,Budapest,Web,1
57,53,9,1,89.95,5,0,South,Web,0
52,18,4,0,0.0,2,0,East,Store,0
29,38,6,1,77.99,4,0,North,Web,0
45,26,4,1,70.35,5,0,Budapest,Mobile,0
52,16,6,0,0.0,4,0,East,Web,0
41,22,3,1,64.2,3,0,Budapest,Web,0
28,52,3,1,51.45,4,0,South,Web,0
34,31,8,1,45.65,3,0,South,Mobile,0
42,35,4,2,127.38,4,1,Budapest,Mobile,0
47,31,12,2,199.65,4,0,Budapest,Web,0
22,13,4,1,53.57,4,0,Budapest,Mobile,0
58,27,7,1,79.93,5,0,West,Web,0
33,52,6,1,80.45,4,0,East,Web,0
54,24,4,2,240.91,3,0,East,Mobile,0
65,22,1,1,44.18,3,0,East,Web,0
50,25,5,0,10.19,4,0,Budapest,Web,0
50,34,5,0,0.07,3,0,Budapest,Mobile,0
49,21,1,2,172.22,4,0,South,Web,0
31,26,9,2,191.74,5,0,South,Web,0
35,35,7,4,135.41,5,0,West,Mobile,0
34,42,5,2,134.5,4,0,South,Web,0
44,46,2,0,0.0,4,0,East,Mobile,0
65,29,7,0,0.0,3,0,Budapest,Mobile,0
49,36,6,0,25.34,3,0,Budapest,Web,0
35,16,5,0,0.0,3,0,Budapest,Web,0
45,9,11,1,96.77,3,0,West,Mobile,0
60,33,11,0,47.85,5,0,East,Store,0
47,2,5,1,66.65,4,0,East,Mobile,0
54,25,8,0,0.0,5,0,Budapest,Web,0
65,11,3,1,13.07,4,0,Budapest,Web,0
63,22,8,1,99.13,4,0,East,Web,0
34,14,8,2,184.75,5,0,West,Mobile,0
44,6,6,0,0.0,4,0,Budapest,Web,0
38,20,3,2,188.24,3,0,South,Web,0
46,15,3,0,26.94,4,0,Budapest,Web,1
38,40,9,1,84.5,4,0,East,Mobile,0
33,24,11,1,94.55,3,1,Budapest,Store,0
46,10,6,3,155.08,4,0,West,Store,0
41,26,8,3,232.62,4,0,Budapest,Mobile,0
44,36,8,2,191.99,4,0,Budapest,Mobile,0
52,21,7,3,259.85,3,1,East,Web,0
31,22,4,0,0.0,5,0,Budapest,Mobile,0
22,35,6,2,114.86,5,0,South,Mobile,0
39,16,8,0,0.0,4,0,South,Web,0
50,6,4,2,194.5,2,1,North,Web,1
44,13,8,3,302.72,4,1,West,Mobile,0
28,18,5,2,203.09,4,0,Budapest,Web,0
58,22,5,4,317.88,3,0,South,Store,0
29,26,4,3,185.86,5,0,North,Store,0
39,13,8,1,77.03,3,0,East,Store,0
56,23,8,3,245.53,5,0,Budapest,Web,0
29,14,6,3,184.54,2,1,Budapest,Web,0
21,38,4,2,127.6,5,0,West,Mobile,0
40,57,4,2,171.97,5,0,West,Web,0
26,30,8,0,0.0,4,0,Budapest,Mobile,0
48,24,4,0,0.0,4,0,South,Mobile,0
29,18,6,1,96.11,4,0,East,Mobile,0
34,47,4,0,37.56,5,0,Budapest,Web,0
40,16,5,2,84.86,3,0,Budapest,Web,0
38,1,4,0,0.0,4,0,Budapest,Store,0
44,18,7,1,82.8,4,0,East,Web,0
31,8,9,0,0.0,4,0,East,Mobile,0
56,8,4,0,30.18,4,0,North,Mobile,0
31,49,14,2,199.34,5,0,East,Mobile,0
57,37,2,2,151.04,4,0,East,Mobile,0
54,9,9,0,3.32,3,0,Budapest,Web,0
36,26,9,5,490.2,5,1,Budapest,Store,0
60,21,8,0,0.0,4,0,West,Store,0
38,6,3,1,96.45,3,0,West,Web,0
38,6,2,2,114.14,2,0,North,Mobile,0
54,22,6,1,120.01,5,0,South,Web,0
31,12,2,1,78.61,4,0,Budapest,Web,1
57,7,6,0,0.12,3,0,East,Mobile,0
22,55,12,2,165.37,5,0,South,Store,0
34,47,8,0,21.63,5,0,West,Store,0
41,16,6,1,105.87,4,0,Budapest,Mobile,0
39,15,10,2,144.92,5,0,Budapest,Web,0
18,5,8,1,45.36,4,0,South,Mobile,0
40,17,6,2,181.58,3,0,East,Web,0
46,3,4,4,164.39,2,0,West,Web,1
53,15,7,0,0.33,3,0,East,Store,0
34,35,10,0,22.97,4,0,Budapest,Web,0
39,47,6,3,358.12,3,1,Budapest,Mobile,0
19,16,10,1,77.59,3,0,East,Store,0
18,25,5,0,14.32,4,0,South,Web,0
22,13,9,1,91.04,5,0,West,Mobile,0
41,15,4,2,177.89,4,0,Budapest,Web,0
44,13,6,1,48.68,4,0,Budapest,Mobile,0
25,18,5,1,83.76,5,0,Budapest,Web,0
42,65,4,3,170.31,5,0,Budapest,Web,0
45,21,8,0,7.32,5,0,Budapest,Store,0
42,25,6,0,12.33,4,0,East,Web,0
49,21,11,1,64.61,4,0,Budapest,Web,0
51,15,4,0,0.0,4,0,North,Web,0
21,64,4,2,186.63,5,0,East,Web,1
47,11,7,1,85.13,4,0,East,Mobile,0
58,72,9,2,188.55,4,0,West,Web,0
30,6,2,0,0.0,4,0,East,Mobile,0
31,23,3,1,97.33,3,0,West,Mobile,0
46,10,3,0,0.0,4,0,Budapest,Store,0
41,36,9,3,295.36,3,0,Budapest,Mobile,0
64,19,8,1,68.67,4,0,North,Mobile,0
36,22,16,1,90.22,4,0,Budapest,Web,0
40,20,5,1,63.83,3,0,West,Web,0
36,23,9,1,83.87,4,0,Budapest,Web,0
51,23,6,0,0.0,4,0,Budapest,Web,0
53,22,2,1,69.1,5,0,North,Mobile,0
52,25,2,0,0.0,3,0,Budapest,Web,0
35,30,5,0,0.0,3,0,South,Web,0
47,21,7,1,101.64,4,0,Budapest,Web,0
45,69,10,4,293.64,5,0,East,Web,0
36,16,7,3,230.26,3,0,Budapest,Web,0
34,17,6,3,216.31,3,0,North,Mobile,0
51,28,5,2,164.99,4,0,North,Web,0
19,30,9,5,313.73,5,1,East,Store,1
37,31,6,0,4.0,4,0,East,Web,0
30,13,4,0,0.0,4,0,Budapest,Web,0
23,38,12,4,294.09,4,0,Budapest,Web,0
34,1,5,2,124.94,3,1,East,Mobile,0
30,18,7,3,208.87,4,0,West,Mobile,0
43,12,8,2,192.75,4,0,Budapest,Mobile,0
43,10,4,0,0.0,2,0,West,Mobile,1
32,17,10,2,307.38,4,0,North,Web,0
31,17,6,0,0.0,4,0,Budapest,Mobile,0
36,32,10,1,83.18,5,0,West,Web,0
41,31,7,1,161.45,4,0,Budapest,Web,1
60,26,12,1,101.93,4,0,West,Web,0
49,27,4,0,0.0,3,0,West,Web,0
38,19,4,2,124.73,4,0,South,Web,0
44,33,5,1,118.96,4,0,Budapest,Web,0
27,45,10,0,0.0,4,0,North,Web,0
53,18,4,1,80.8,3,0,Budapest,Mobile,0
51,20,9,1,51.07,4,0,Budapest,Store,0
31,8,5,0,0.0,4,0,North,Web,0
26,21,5,1,55.31,3,0,West,Store,0
52,29,7,1,47.12,4,0,East,Web,0
30,26,5,1,117.55,5,0,North,Store,0
50,12,6,1,81.04,4,0,Budapest,Web,0
29,25,7,0,0.0,4,0,West,Store,1
57,7,8,1,37.62,5,0,Budapest,Web,0
59,63,6,1,116.5,5,0,Budapest,Web,0
19,7,5,1,88.96,3,0,Budapest,Store,0
27,28,5,4,327.48,5,1,North,Mobile,0
44,22,10,3,339.59,4,0,East,Web,0
62,30,4,1,131.62,4,0,North,Web,0
40,11,9,1,72.5,3,0,South,Mobile,0
72,15,4,1,170.42,4,0,Budapest,Web,0
48,46,8,2,199.68,4,0,West,Web,0
47,20,6,0,0.0,5,0,Budapest,Mobile,0
49,37,10,1,74.27,4,0,East,Web,0
41,72,5,0,6.96,4,0,South,Web,0
41,16,9,0,0.0,5,0,South,Web,0
51,19,4,0,20.36,3,0,East,Web,0
43,20,6,0,0.0,3,0,Budapest,Mobile,0
43,8,6,0,40.09,4,0,Budapest,Web,0
40,19,6,1,103.02,4,0,North,Mobile,0
23,12,3,3,90.56,3,0,East,Web,0
20,22,5,3,151.42,3,0,Budapest,Store,0
25,8,5,1,25.66,3,0,East,Web,0
19,28,7,1,37.3,4,0,West,Mobile,1
36,18,7,4,290.03,3,0,North,Mobile,0
18,15,5,0,20.0,4,0,Budapest,Web,0
63,20,8,0,0.0,3,0,Budapest,Web,0
32,44,3,1,67.4,5,0,Budapest,Mobile,0
34,8,5,0,7.48,4,0,Budapest,Web,0
45,12,3,0,0.0,4,0,North,Web,0
64,34,4,0,6.44,3,0,West,Web,0
18,41,2,1,28.55,5,0,West,Mobile,0
34,5,7,3,187.2,4,0,South,Store,0
49,22,9,0,0.0,4,0,West,Mobile,0
39,7,3,2,154.27,4,0,North,Mobile,0
45,5,6,1,54.25,4,0,East,Mobile,0
55,39,4,1,109.59,2,1,Budapest,Web,0
30,47,8,2,140.43,4,0,Budapest,Web,0
30,2,8,2,104.4,3,0,South,Web,1
41,43,5,1,160.28,4,0,North,Web,0
28,3,5,1,112.63,3,0,South,Mobile,0
41,23,8,4,306.71,4,0,Budapest,Web,0
43,39,10,2,180.12,5,0,Budapest,Mobile,0
57,10,10,0,0.0,3,0,East,Web,0
37,53,10,2,130.25,5,0,South,Mobile,0
30,13,6,0,20.08,3,0,South,Mobile,0
52,23,3,2,204.79,5,0,West,Web,0
28,18,5,0,0.0,5,0,Budapest,Web,0
41,31,6,3,244.09,4,0,West,Mobile,0
60,27,8,3,105.35,5,0,Budapest,Mobile,0
30,34,5,2,117.15,4,0,South,Web,0
38,6,2,1,126.75,4,0,South,Web,0
49,12,7,0,0.0,3,0,Budapest,Web,0
44,9,5,0,0.73,4,0,East,Store,0
68,19,9,2,164.3,4,0,Budapest,Web,0
61,49,7,3,199.19,5,1,East,Web,0
33,15,5,0,12.77,3,0,East,Store,0
33,25,4,0,0.0,4,0,Budapest,Web,0
39,26,5,2,186.92,4,0,West,Store,0
26,23,9,0,0.0,4,0,Budapest,Web,0
41,28,9,2,192.77,5,0,East,Store,1
42,22,7,1,80.58,5,0,Budapest,Web,0
43,15,2,2,85.4,4,0,South,Web,0
41,42,7,3,158.06,4,0,Budapest,Mobile,0
54,14,7,0,0.0,4,0,South,Web,0
39,32,4,2,156.64,4,0,Budapest,Store,1
18,7,4,0,0.0,3,0,Budapest,Store,0
24,30,5,3,304.12,4,0,Budapest,Store,0
51,22,10,0,40.06,4,0,East,Mobile,0
39,19,2,0,0.0,4,0,West,Web,0
44,34,9,2,150.95,4,0,West,Mobile,0
75,13,5,0,21.43,3,0,West,Web,0
32,18,7,1,92.64,3,0,East,Web,0
57,7,2,1,59.34,4,0,South,Mobile,0
38,47,6,2,174.83,5,0,South,Web,0
37,60,10,1,66.94,5,0,West,Mobile,0
42,30,2,0,23.58,5,0,Budapest,Web,0
32,7,2,0,48.53,3,0,Budapest,Store,0
57,57,6,2,231.37,5,0,Budapest,Store,0
53,41,9,2,176.97,5,0,South,Web,0
50,11,8,1,69.94,4,0,Budapest,Store,0
20,4,4,0,0.0,4,0,Budapest,Mobile,0
29,25,12,1,39.28,5,0,East,Web,0
57,30,3,1,73.82,3,0,South,Mobile,0
22,15,6,1,56.27,4,0,Budapest,Mobile,0
45,7,4,1,29.67,2,0,South,Store,0
23,13,8,0,8.12,3,0,South,Web,0
41,20,7,2,117.47,5,0,Budapest,Web,0
31,39,5,3,216.3,4,0,Budapest,Store,0
49,18,8,0,0.0,5,0,Budapest,Web,0
31,19,4,1,72.72,4,0,East,Mobile,0
36,35,9,1,56.86,4,0,Budapest,Mobile,0
49,20,1,0,0.0,3,0,West,Mobile,0
53,17,5,1,81.72,3,0,Budapest,Mobile,0
58,24,9,2,153.96,4,0,Budapest,Web,0
31,8,5,0,0.0,4,0,North,Mobile,0
48,39,11,2,134.93,5,0,Budapest,Web,0
36,11,7,0,0.0,3,0,East,Web,0
43,24,3,1,110.75,5,0,North,Mobile,0
44,32,5,5,497.31,5,1,Budapest,Web,0
43,8,4,1,79.65,4,0,North,Store,0
48,17,3,0,0.0,2,0,West,Web,0
51,13,4,1,99.78,3,0,Budapest,Web,0
33,45,5,1,116.27,4,0,Budapest,Web,0
25,59,6,1,72.51,4,0,East,Store,0
54,8,9,4,368.85,4,0,Budapest,Web,0
18,13,5,2,64.18,3,0,East,Mobile,0
47,42,6,2,235.15,4,0,East,Store,0
33,11,8,1,83.11,3,0,South,Store,0
20,29,5,3,186.09,4,0,East,Web,0
29,28,7,3,239.3,4,0,North,Web,0
23,33,5,2,124.81,4,0,East,Mobile,1
47,25,9,1,75.52,3,0,Budapest,Web,0
18,25,8,2,194.94,4,0,Budapest,Store,0
31,24,3,2,152.72,4,0,South,Web,0
39,6,4,1,56.83,2,0,North,Mobile,0
25,23,6,0,0.0,4,0,South,Mobile,0
47,8,8,2,133.49,5,0,East,Mobile,0
41,22,7,1,62.85,4,0,South,Web,0
43,23,7,0,0.0,4,0,Budapest,Web,1
43,10,6,1,113.37,4,0,West,Web,0
49,21,9,1,87.25,4,0,Budapest,Store,0
36,63,9,5,276.46,5,0,North,Mobile,0
28,29,4,0,6.4,4,0,East,Mobile,0
50,38,6,1,45.36,4,0,Budapest,Store,0
28,58,14,2,126.92,5,0,Budapest,Web,0
32,35,5,0,0.0,4,0,Budapest,Web,0
73,33,10,3,230.88,5,1,Budapest,Mobile,0
51,72,9,4,329.29,5,1,Budapest,Web,0
19,34,10,1,91.82,5,0,South,Web,0
41,30,7,2,85.95,4,0,North,Web,0
48,27,6,1,144.47,5,0,North,Mobile,0
26,32,7,3,278.94,5,0,Budapest,Mobile,0
41,7,5,1,112.65,3,0,West,Web,0
56,29,8,2,224.03,5,0,Budapest,Web,0
48,25,11,1,71.6,3,0,Budapest,Mobile,0
31,12,6,1,79.1,3,0,North,Mobile,0
44,22,9,3,195.6,4,0,West,Web,0
62,23,6,2,152.67,4,0,Budapest,Web,0
33,20,2,3,343.14,3,0,North,Mobile,0
35,46,5,2,218.47,4,0,Budapest,Mobile,0
42,12,10,1,95.87,5,0,Budapest,Web,0
47,65,6,2,183.59,5,0,Budapest,Mobile,0
46,22,6,1,93.79,3,0,Budapest,Web,0
39,23,2,3,247.31,4,1,South,Web,0
18,66,12,2,166.86,5,0,South,Mobile,0
46,5,14,1,103.07,5,0,Budapest,Web,0
36,21,4,3,261.91,5,0,Budapest,Web,0
60,42,4,2,251.62,4,0,South,Web,0
58,16,9,0,0.0,5,0,Budapest,Web,0
72,57,9,3,344.78,5,0,East,Web,0
44,45,7,1,126.92,5,0,South,Store,0
40,53,6,1,77.61,5,0,North,Store,0
45,40,8,0,9.36,5,0,Budapest,Web,0
34,18,4,1,85.83,4,0,West,Web,0
55,53,9,2,260.09,5,0,Budapest,Mobile,0
23,71,7,4,278.95,5,0,East,Mobile,0
46,16,7,3,240.4,5,0,North,Web,0
51,47,4,0,0.0,4,0,West,Store,0
39,21,5,0,47.67,5,0,Budapest,Web,0
29,15,4,1,98.75,4,0,Budapest,Mobile,0
19,15,12,0,0.0,4,0,North,Store,0
42,23,2,0,0.0,3,0,South,Mobile,0
42,17,2,0,14.27,4,0,Budapest,Web,0
41,23,7,2,222.93,3,0,West,Mobile,0
46,15,5,0,0.0,4,0,North,Mobile,0
40,38,9,4,357.81,4,0,Budapest,Store,0
19,38,4,0,7.18,4,0,Budapest,Mobile,1
58,59,7,2,241.71,5,0,South,Web,0
48,20,6,1,82.08,3,0,South,Mobile,0
55,22,6,3,306.79,4,0,South,Web,0
25,18,6,3,108.13,5,1,East,Web,0
50,24,4,1,58.83,4,0,West,Store,0
41,4,6,2,229.73,5,0,Budapest,Web,0
39,11,5,1,82.03,3,0,Budapest,Web,0
42,8,9,2,64.41,4,0,East,Web,0
64,15,8,1,52.04,4,0,Budapest,Web,0
50,17,5,0,22.22,4,0,Budapest,Web,0
33,27,2,2,182.89,3,0,East,Mobile,0
39,17,7,1,75.68,4,0,South,Store,0
30,6,5,3,93.0,3,0,Budapest,Web,0
44,5,8,2,161.64,2,0,East,Web,0
36,21,7,2,85.26,3,1,Budapest,Mobile,1
44,27,7,1,50.45,4,0,South,Store,0
34,10,5,3,246.42,3,0,Budapest,Web,0
55,9,4,0,57.13,4,0,West,Mobile,0
70,11,10,2,144.46,2,0,East,Web,0
42,25,8,1,91.06,5,0,East,Web,0
43,4,6,0,10.44,4,0,East,Mobile,0
50,17,4,0,0.0,4,0,North,Web,0
42,49,8,3,159.45,4,0,North,Mobile,0
39,45,5,1,136.62,3,0,West,Web,0
24,26,5,0,0.0,4,0,East,Mobile,0
40,20,5,1,88.61,4,0,Budapest,Mobile,0
47,22,4,2,209.98,4,0,North,Mobile,1
65,41,10,2,226.26,5,0,East,Web,0
72,36,8,0,37.46,4,0,South,Web,0
62,13,4,1,135.8,3,0,East,Web,0
18,38,4,1,45.24,3,0,Budapest,Store,0
45,19,6,0,0.0,4,0,Budapest,Store,0
29,42,11,3,237.53,5,0,South,Mobile,0
50,24,13,3,297.84,5,0,North,Web,0
39,16,7,0,0.0,3,0,West,Web,0
35,17,11,2,162.76,5,0,East,Web,0
33,43,9,3,288.94,4,0,Budapest,Store,0
43,36,5,0,22.92,5,0,North,Web,0
34,40,3,0,0.0,4,0,South,Web,0
18,28,7,4,244.41,5,0,South,Store,0
36,23,4,2,170.73,5,0,Budapest,Web,0
48,25,6,1,147.32,4,0,North,Mobile,0
50,72,4,3,248.36,5,2,South,Web,0
38,26,4,1,87.2,5,0,Budapest,Web,0
40,8,2,0,0.0,4,0,West,Web,0
35,8,6,2,139.82,4,0,East,Web,0
56,16,5,4,280.01,5,0,South,Web,0
46,9,1,0,21.59,3,0,East,Web,0
40,8,8,0,29.67,4,0,North,Web,0
33,66,7,2,164.97,3,0,South,Mobile,0
63,35,3,3,367.61,5,0,North,Mobile,0
32,50,8,6,558.92,3,0,East,Web,0
40,6,5,2,255.96,4,0,Budapest,Web,0
36,32,2,0,7.59,5,0,West,Mobile,0
37,30,6,3,266.24,5,0,Budapest,Mobile,0
27,52,5,0,0.0,5,0,South,Mobile,0
28,13,8,0,44.4,3,0,Budapest,Web,0
42,35,2,1,99.39,4,0,Budapest,Web,0
53,16,9,0,12.3,3,0,West,Mobile,0
28,31,5,3,172.26,5,0,Budapest,Web,0
37,16,9,3,220.02,5,0,East,Mobile,0
46,25,12,2,163.28,5,0,Budapest,Web,0
52,22,5,0,0.0,4,0,South,Web,0
37,13,10,1,85.13,4,0,West,Web,0
47,16,3,0,18.04,3,0,East,Web,0
52,8,5,0,0.0,3,0,West,Mobile,0
30,19,5,2,153.97,5,0,Budapest,Store,0
33,12,7,1,56.44,4,0,South,Web,0
40,12,1,1,48.23,4,0,East,Mobile,0
62,22,5,0,0.39,4,0,North,Web,0
39,9,6,1,72.93,5,0,Budapest,Mobile,0
46,31,4,3,247.39,4,0,Budapest,Mobile,0
28,51,5,0,36.73,4,0,Budapest,Mobile,0
42,18,6,1,98.16,5,0,South,Store,0
57,25,8,1,96.51,5,1,West,Store,0
33,41,3,1,91.49,5,0,East,Web,0
47,18,8,0,0.0,4,0,Budapest,Store,0
61,26,7,4,328.78,4,0,North,Mobile,0
19,47,5,0,0.0,5,0,Budapest,Store,0
50,13,4,1,68.63,3,0,East,Mobile,0
18,16,5,1,51.99,3,0,South,Web,0
44,32,5,0,32.57,5,0,East,Mobile,0
36,61,6,1,105.98,5,0,Budapest,Web,0
39,7,6,2,195.06,5,0,East,Web,0
27,16,7,0,0.0,5,0,Budapest,Web,0
56,63,5,3,269.81,5,0,North,Mobile,0
55,30,16,2,155.46,4,0,Budapest,Web,0
38,18,5,2,123.27,3,0,Budapest,Web,0
59,25,4,1,131.45,4,0,South,Store,0
44,6,3,1,31.0,4,0,Budapest,Mobile,0
24,23,4,2,155.29,3,0,Budapest,Mobile,0
47,17,12,2,211.95,4,0,South,Web,0
36,12,4,1,113.62,3,0,East,Web,0
34,11,4,1,101.06,3,0,South,Web,0
32,19,7,3,289.19,3,0,Budapest,Mobile,0
33,17,7,0,2.49,4,0,Budapest,Web,0
25,17,3,0,51.01,5,0,South,Web,0
40,22,6,1,73.15,5,0,West,Web,0
30,47,6,3,226.07,3,0,North,Web,0
49,14,3,0,0.0,5,0,East,Web,0
36,24,11,0,0.63,5,0,Budapest,Web,0
36,31,3,0,0.0,5,0,East,Mobile,0
38,37,6,3,218.68,5,0,North,Mobile,0
40,64,5,4,310.69,4,0,West,Mobile,0
29,37,6,2,116.0,5,0,South,Store,0
36,23,11,2,116.37,4,0,East,Web,0
37,16,8,0,4.94,4,0,Budapest,Mobile,0
44,15,6,1,61.72,4,0,Budapest,Mobile,0
48,6,9,1,69.51,3,0,North,Web,0
50,23,6,0,0.0,4,0,North,Web,0
18,7,6,0,17.76,3,0,Budapest,Web,0
70,27,8,0,29.44,3,0,North,Mobile,0
31,14,5,0,0.0,4,0,West,Store,0
57,38,7,3,255.77,3,0,East,Store,0
34,19,8,0,0.0,3,0,North,Web,0
34,50,12,1,96.63,4,0,Budapest,Web,0
59,12,9,2,257.73,4,0,South,Web,0
59,11,6,0,4.83,2,0,Budapest,Store,0
53,55,8,1,67.1,5,0,Budapest,Web,0
24,44,6,1,82.38,5,0,South,Web,0
29,15,7,0,1.2,5,0,North,Mobile,0
45,55,9,1,62.58,5,0,North,Web,0
49,20,6,3,156.98,4,0,West,Web,0
36,52,5,1,9.11,4,0,Budapest,Web,0
49,61,3,3,250.77,4,0,Budapest,Store,0
51,29,7,2,209.56,3,0,West,Web,0
26,5,1,1,62.99,2,1,Budapest,Store,0
23,23,3,1,59.36,3,0,South,Web,0
42,39,2,1,70.11,2,1,Budapest,Web,0
26,72,8,2,180.68,5,0,South,Web,0
32,6,8,1,67.75,3,0,North,Store,0
72,9,5,1,132.68,4,0,North,Mobile,0
42,17,5,2,184.69,4,0,South,Mobile,0
41,34,3,0,8.8,3,0,Budapest,Web,0
46,31,3,3,256.68,4,0,Budapest,Mobile,0
51,19,7,0,0.0,3,0,Budapest,Mobile,0
34,43,9,2,175.19,5,0,Budapest,Web,0
46,35,7,0,13.2,4,0,Budapest,Mobile,0
61,14,5,1,33.9,4,0,South,Mobile,0
46,33,9,1,67.63,4,0,North,Web,1
61,6,6,3,204.75,4,0,East,Mobile,0
35,26,10,3,377.36,4,0,East,Mobile,0
68,3,5,1,87.19,3,0,West,Mobile,0
45,31,5,1,52.35,4,0,North,Store,0
55,3,6,0,0.0,4,0,Budapest,Store,0
32,30,5,1,50.71,5,1,West,Web,0
30,45,8,1,86.79,5,0,Budapest,Mobile,0
22,10,5,3,204.45,2,0,Budapest,Mobile,0
43,28,5,1,35.92,4,0,South,Store,0
60,9,8,0,0.0,4,0,North,Mobile,1
32,24,9,2,136.02,4,0,West,Web,0
28,30,10,1,99.23,4,0,South,Store,0
46,32,2,2,204.08,5,0,North,Web,0
38,14,1,0,6.42,2,0,Budapest,Web,0
34,44,2,3,217.6,5,0,East,Mobile,0
51,24,6,1,99.33,4,0,South,Mobile,0
42,39,8,2,108.14,4,1,East,Web,0
40,6,9,2,90.08,3,0,North,Mobile,0
46,23,7,1,65.15,4,0,Budapest,Web,0
59,36,5,2,251.03,4,0,East,Store,0
35,9,6,0,0.0,4,0,West,Web,0
18,16,5,3,144.41,5,0,West,Mobile,0
66,26,5,0,48.63,4,0,South,Mobile,0
62,14,2,3,235.55,4,0,East,Web,0
23,21,6,1,104.58,4,0,North,Web,0
52,44,8,2,139.64,4,0,Budapest,Mobile,0
32,18,7,1,64.36,5,0,Budapest,Mobile,0
27,26,7,1,123.35,4,0,North,Web,0
53,21,1,2,189.34,4,0,Budapest,Web,0
32,21,10,1,72.13,4,0,West,Store,0
41,9,6,1,118.05,5,0,North,Web,0
31,23,5,1,100.48,5,0,Budapest,Mobile,0
51,13,8,1,96.98,4,0,East,Web,0
24,50,4,1,134.74,4,0,Budapest,Mobile,0
73,53,7,0,8.2,5,0,South,Mobile,0
39,10,4,0,0.0,5,0,South,Mobile,0
45,50,8,0,18.95,5,0,South,Web,0
46,15,9,1,66.81,5,0,East,Mobile,0
66,18,5,1,93.32,4,0,West,Web,0
33,40,3,2,160.08,3,0,East,Web,0
50,28,6,0,0.0,5,0,West,Web,0
48,11,8,1,44.35,3,0,West,Store,0
34,72,6,1,125.64,5,0,West,Web,0
31,20,9,2,144.34,4,0,West,Store,0
34,22,6,0,9.15,4,0,West,Store,0
52,41,4,0,28.36,4,0,South,Mobile,0
49,23,1,0,24.43,4,0,East,Store,0
53,25,6,2,219.59,5,0,Budapest,Web,0
30,25,5,2,220.5,4,0,East,Web,0
30,30,8,2,127.24,5,0,South,Web,0
32,19,3,1,73.97,4,0,West,Store,0
39,27,6,2,148.91,5,0,East,Store,0
20,12,4,1,78.53,5,0,Budapest,Store,0
29,26,11,0,0.0,4,0,North,Mobile,0
54,29,6,1,135.16,4,0,Budapest,Web,0
39,24,6,3,245.92,4,0,West,Web,0
42,21,3,0,4.08,2,0,East,Web,0
32,3,6,1,59.93,4,0,West,Mobile,0
60,6,3,2,147.76,4,0,East,Mobile,0
48,12,3,0,0.0,4,0,Budapest,Web,0
57,7,8,3,341.88,5,0,South,Store,0
20,11,4,0,0.0,3,0,East,Mobile,0
55,18,6,2,154.8,4,0,North,Web,1
33,16,4,0,0.0,4,0,West,Mobile,0
46,28,5,1,132.07,4,0,North,Store,0
31,23,5,2,144.29,3,0,South,Store,0
44,12,8,1,83.59,5,0,South,Mobile,0
41,30,4,1,89.35,4,0,East,Mobile,0
73,52,9,2,165.08,4,0,North,Web,0
41,36,6,3,244.15,4,0,Budapest,Mobile,0
27,28,6,2,96.46,4,0,Budapest,Web,0
48,7,6,1,103.72,4,0,Budapest,Mobile,0
48,17,8,1,59.71,3,0,South,Store,0
56,3,3,1,81.29,4,0,Budapest,Mobile,0
47,44,6,3,261.68,4,0,West,Web,0
50,13,11,0,10.31,4,0,South,Mobile,0
51,40,9,1,48.39,4,0,Budapest,Mobile,0
43,42,10,2,145.43,5,0,South,Web,0
44,17,4,0,17.49,4,0,Budapest,Web,0
24,8,6,1,45.63,2,0,East,Web,0
41,33,3,1,0.0,3,0,Budapest,Web,0
40,16,5,3,264.91,5,0,Budapest,Store,0
52,15,8,0,21.59,3,0,East,Web,0
30,13,13,1,65.07,4,0,North,Web,0
41,41,10,3,343.77,4,0,South,Mobile,0
28,24,4,0,30.18,4,0,South,Web,0
40,25,6,1,48.35,3,0,East,Mobile,0
31,8,7,1,105.35,4,0,East,Web,0
48,4,5,1,53.89,3,0,North,Web,0
24,31,9,3,201.88,4,0,West,Web,0
70,35,2,2,164.65,5,0,North,Web,0
39,11,6,1,88.15,4,0,Budapest,Web,0
42,4,7,1,53.89,4,0,South,Mobile,0
33,49,8,2,217.57,5,0,Budapest,Web,0
37,27,7,2,151.42,5,0,Budapest,Mobile,0
54,22,8,1,55.02,4,0,Budapest,Mobile,0
49,3,2,1,41.22,3,0,East,Web,0
23,9,4,1,62.09,1,0,South,Mobile,0
28,38,5,0,0.25,5,0,Budapest,Mobile,0
34,23,6,2,78.79,3,0,East,Store,0
52,26,11,1,73.32,3,0,Budapest,Mobile,0
34,4,3,1,75.75,4,0,Budapest,Store,0
33,16,4,0,26.82,3,0,Budapest,Web,0
28,19,5,4,218.84,4,0,South,Web,0
53,51,5,2,122.67,3,0,North,Store,0
34,13,5,0,0.0,2,0,West,Store,0
38,59,16,4,323.85,4,0,North,Mobile,0
37,31,7,3,222.5,5,0,East,Store,0
41,10,5,0,48.67,4,0,Budapest,Mobile,0
18,29,3,0,32.03,4,0,West,Web,0
28,72,5,2,152.45,5,0,West,Web,0
27,16,7,2,207.97,4,0,Budapest,Store,0
32,8,7,0,0.0,4,0,North,Web,1
42,43,7,0,27.95,5,0,East,Mobile,0
51,11,4,0,0.0,3,0,East,Web,0
23,67,6,2,189.04,5,0,Budapest,Web,0
49,52,7,2,97.39,3,0,Budapest,Web,0
23,13,9,0,2.21,4,0,East,Mobile,0
33,14,6,1,116.84,3,0,South,Mobile,1
27,32,6,2,215.97,4,0,South,Web,1
42,23,3,0,32.42,4,0,West,Mobile,0
39,1,10,1,83.5,4,0,South,Web,0
60,11,2,2,175.78,4,0,West,Web,0
59,9,3,0,0.0,3,0,West,Store,0
51,5,7,1,39.26,3,0,West,Web,0
18,21,6,1,115.63,5,0,Budapest,Store,0
59,13,8,2,213.88,5,0,West,Mobile,0
34,43,5,0,0.0,3,0,East,Web,0
42,72,11,0,0.0,5,0,East,Store,0
43,22,8,3,167.18,3,0,South,Web,0
47,55,4,2,195.18,5,0,Budapest,Mobile,0
58,16,6,3,122.68,4,0,North,Mobile,0
32,22,7,4,218.83,4,0,Budapest,Store,0
61,49,6,2,233.19,5,0,Budapest,Web,0
20,20,6,1,50.85,5,0,North,Mobile,0
38,68,6,0,0.0,5,0,North,Mobile,0
39,36,6,1,113.32,4,0,South,Store,0
25,27,8,1,77.1,4,0,West,Mobile,0
32,20,8,1,66.92,4,0,Budapest,Web,0
54,41,6,1,89.27,5,1,North,Web,0
32,18,4,0,0.0,4,0,East,Mobile,0
49,17,5,2,136.9,4,0,Budapest,Mobile,0
37,27,4,0,22.24,4,0,South,Web,0
33,10,5,0,0.0,5,0,Budapest,Store,0
33,31,9,3,234.29,5,0,South,Web,0
24,25,6,2,226.0,3,1,North,Mobile,0
58,28,7,0,0.0,3,0,West,Mobile,0
34,20,6,1,146.34,4,0,North,Web,0
57,13,3,1,84.99,3,0,East,Store,0
40,10,9,2,150.12,4,0,South,Store,1
45,7,7,1,72.67,3,0,East,Web,0
38,13,4,1,51.77,2,0,West,Store,0
62,40,8,2,194.28,5,0,South,Web,0
34,13,8,2,147.48,3,0,East,Store,0
57,26,6,1,83.29,4,0,Budapest,Mobile,0
47,20,4,2,152.29,4,0,South,Mobile,0
38,43,6,2,171.56,5,0,Budapest,Web,0
45,72,6,3,335.29,5,0,East,Store,0
52,44,4,2,228.54,4,0,Budapest,Web,0
24,7,5,0,22.84,4,0,South,Web,0
27,62,3,1,108.09,4,0,South,Web,0
25,15,3,0,2.04,5,0,East,Mobile,0
31,51,7,2,211.18,5,0,East,Web,0
48,3,3,1,139.73,4,0,South,Store,0
65,38,8,2,155.29,5,0,Budapest,Mobile,0
26,37,4,0,0.0,3,0,Budapest,Mobile,0
37,38,4,2,156.7,4,0,West,Store,0
41,7,3,0,38.16,4,0,Budapest,Web,0
56,31,4,2,162.22,4,0,East,Web,0
37,26,7,1,114.27,4,0,Budapest,Mobile,0
36,30,10,2,136.04,5,0,South,Web,0
58,21,6,1,114.75,5,0,Budapest,Web,0
30,1,4,1,79.36,4,0,East,Mobile,0
51,16,11,3,239.77,4,0,East,Web,0
42,23,7,0,0.0,3,0,South,Mobile,0
46,8,5,0,0.0,4,0,West,Mobile,0
33,14,1,1,51.56,3,0,South,Web,0
33,15,6,0,0.0,4,0,East,Mobile,0
44,32,3,0,10.15,4,0,East,Mobile,0
20,34,3,1,40.37,5,0,East,Web,0
42,22,8,2,198.99,4,0,East,Web,1
38,47,8,3,265.4,4,0,East,Mobile,0
53,34,5,1,90.82,5,0,West,Store,0
40,43,3,2,159.07,5,0,Budapest,Web,0
39,20,4,2,166.43,5,0,West,Store,0
51,15,5,0,0.0,3,0,West,Web,0
52,26,2,1,51.81,2,0,South,Web,0
51,27,9,1,56.94,3,0,Budapest,Mobile,0
28,18,9,1,109.62,5,0,Budapest,Web,0
46,30,4,1,90.56,5,0,West,Web,0
27,17,8,4,313.46,4,0,Budapest,Store,0
18,27,8,2,132.68,4,0,Budapest,Web,0
58,8,4,1,127.93,4,0,East,Mobile,0
48,11,3,2,154.57,3,0,South,Store,0
36,28,2,1,64.74,5,0,Budapest,Mobile,0
43,26,6,0,32.57,2,0,Budapest,Web,0
42,20,7,1,75.91,3,0,North,Web,0
69,10,5,1,63.66,4,1,East,Mobile,0
55,16,11,1,157.52,4,0,Budapest,Web,0
30,9,11,5,301.74,5,0,South,Mobile,0
48,12,7,0,0.0,4,0,Budapest,Web,0
39,25,8,1,46.65,5,0,North,Web,0
43,7,7,0,2.0,4,0,Budapest,Mobile,0
57,28,9,1,130.06,4,0,North,Web,0
44,26,7,1,78.61,4,0,Budapest,Web,1
59,28,11,2,170.18,5,0,West,Mobile,0
30,9,6,1,103.56,2,0,West,Mobile,0
36,11,4,0,0.0,3,0,East,Web,0
48,20,2,3,230.49,4,0,South,Mobile,0
34,16,5,1,59.95,4,0,South,Store,0
23,21,9,2,57.65,4,1,West,Mobile,0
52,72,10,3,232.72,5,0,West,Mobile,0
40,12,5,0,0.0,5,0,Budapest,Store,0
24,44,13,1,77.52,5,0,East,Mobile,0
31,13,6,1,115.26,3,0,North,Store,0
59,16,5,1,81.35,3,0,North,Web,0
27,23,7,0,62.31,3,0,Budapest,Mobile,1
30,2,5,0,0.0,5,0,Budapest,Mobile,0
43,21,5,2,170.26,4,0,North,Store,0
50,19,3,4,293.91,4,1,East,Web,0
31,12,2,0,1.86,3,0,Budapest,Web,0
41,8,5,0,0.0,3,0,Budapest,Mobile,0
29,23,4,2,162.64,3,0,West,Web,0
43,26,6,0,6.73,5,0,West,Mobile,0
47,6,5,0,0.0,3,0,Budapest,Web,1
51,40,6,2,163.48,5,0,South,Store,0
39,15,6,0,0.0,3,0,South,Store,0
50,22,8,1,76.24,4,0,North,Web,0
27,6,10,1,55.28,3,0,East,Web,0
42,5,4,1,51.83,4,0,North,Web,0
49,15,7,1,159.95,5,0,West,Web,0
42,25,5,2,156.08,3,0,East,Web,0
52,22,8,0,0.0,3,0,East,Web,0
33,31,3,1,72.22,4,0,Budapest,Web,0
40,24,6,1,60.66,3,0,North,Web,0
48,5,5,1,126.38,3,0,North,Mobile,0
48,44,7,3,303.01,3,0,Budapest,Web,0
23,31,6,1,112.68,3,0,South,Web,0
52,18,7,0,22.97,3,0,North,Web,1
38,22,6,2,161.57,3,0,West,Mobile,0
35,25,4,0,0.0,3,0,East,Mobile,0
27,19,2,0,0.0,4,0,North,Mobile,0
38,11,4,3,231.63,5,0,Budapest,Web,0
31,21,8,2,123.39,4,0,West,Web,0
31,10,8,0,7.8,3,0,East,Store,0
53,6,2,0,30.09,3,0,North,Web,0
47,26,6,2,73.32,4,0,Budapest,Web,0
52,15,10,0,5.37,4,0,South,Mobile,0
58,66,8,2,201.32,4,0,East,Mobile,0
48,21,7,1,108.3,3,0,Budapest,Mobile,0
26,9,4,2,94.41,3,0,East,Store,0
43,13,5,0,0.0,4,0,North,Mobile,1
61,20,4,1,133.11,3,0,West,Store,0
32,8,5,1,44.23,3,0,Budapest,Store,0
25,27,2,0,8.44,4,0,North,Store,0
64,13,8,1,66.16,4,0,West,Mobile,0
18,7,6,0,25.56,3,0,Budapest,Web,0
24,40,8,3,165.17,4,0,West,Web,0
26,28,9,3,253.36,5,1,West,Mobile,0
46,46,4,1,144.73,5,0,West,Web,0
42,27,7,1,62.39,3,0,East,Mobile,0
38,11,7,2,113.78,5,0,West,Web,0
18,72,10,1,94.34,5,0,West,Web,0
41,23,8,2,172.12,4,0,South,Store,0
50,27,8,2,225.09,4,0,West,Web,0
47,47,8,4,428.04,5,0,West,Store,0
33,20,2,0,11.21,4,0,West,Web,1
52,10,6,0,0.0,3,0,South,Mobile,0
49,12,4,0,0.0,3,0,West,Mobile,0
23,30,6,1,19.96,4,1,East,Web,0
71,17,5,1,40.08,5,0,West,Mobile,0
49,63,4,2,167.92,5,0,Budapest,Mobile,0
30,14,3,1,68.39,5,0,Budapest,Web,0
59,41,4,1,109.72,5,0,West,Mobile,0
42,34,5,0,66.44,3,0,West,Mobile,0
54,43,3,1,65.97,3,0,Budapest,Store,0
23,19,9,0,0.0,5,0,South,Web,0
45,10,7,2,131.25,3,0,South,Web,0
31,42,8,2,185.95,4,0,South,Mobile,0
43,20,6,0,44.66,4,0,South,Web,0
39,57,7,2,105.14,5,0,East,Web,0
30,15,5,2,141.28,3,0,South,Mobile,0
40,11,12,2,196.76,4,0,Budapest,Store,0
35,9,2,1,97.5,3,0,West,Store,0
54,26,4,2,46.55,5,1,Budapest,Mobile,0
39,28,5,2,141.58,5,0,East,Web,0
25,17,9,3,324.94,5,0,Budapest,Store,0
53,9,6,1,141.51,2,0,Budapest,Mobile,1
36,18,7,0,0.0,3,0,Budapest,Mobile,0
29,10,6,0,8.19,3,0,Budapest,Web,0
41,8,3,0,0.0,3,0,East,Web,0
51,12,4,0,0.0,4,0,East,Web,0
42,9,7,0,0.0,2,0,Budapest,Store,0
56,31,2,2,134.49,4,0,West,Store,0
27,54,8,2,228.13,4,0,Budapest,Mobile,0
38,1,6,1,89.08,3,0,West,Mobile,0
54,19,7,4,478.95,5,0,Budapest,Web,0
46,3,6,1,87.01,5,0,North,Store,0
31,18,9,2,158.8,3,0,Budapest,Mobile,0
34,18,7,0,0.0,4,0,Budapest,Store,0
40,34,8,0,0.0,3,0,Budapest,Web,0
45,32,6,1,88.17,4,0,South,Mobile,0
22,21,10,1,106.2,5,0,North,Web,0
42,24,11,1,88.02,4,0,Budapest,Store,0
31,27,9,1,25.71,4,0,West,Web,0
52,10,2,0,0.0,4,0,East,Web,0
29,9,5,2,153.79,4,0,Budapest,Web,0
47,23,8,2,244.92,5,0,West,Store,0
60,53,5,1,125.93,5,0,Budapest,Mobile,0
41,26,7,2,142.94,3,0,South,Web,0
55,21,3,0,21.17,3,0,West,Store,0
59,33,7,2,172.38,3,0,Budapest,Web,0
48,16,6,1,105.54,4,0,West,Web,0
21,2,9,2,84.74,4,0,Budapest,Store,0
30,72,12,1,59.67,5,0,East,Web,0
47,23,9,3,254.68,4,0,Budapest,Store,0
37,32,12,2,216.84,5,0,North,Web,0
43,31,11,6,411.43,4,0,East,Mobile,0
52,16,11,2,180.93,4,0,South,Web,0
31,9,9,0,0.0,4,0,Budapest,Mobile,0
38,6,4,3,287.04,5,1,South,Mobile,0
44,27,7,0,0.0,4,0,Budapest,Store,0
41,43,8,0,0.0,5,0,North,Store,0
38,13,3,1,112.07,3,0,East,Web,0
41,7,3,1,15.34,4,0,South,Store,0
59,14,5,1,84.36,4,0,East,Store,0
30,19,6,2,49.11,4,0,North,Web,0
26,29,8,0,0.6,4,0,West,Web,0
56,29,3,0,6.6,5,0,South,Store,0
18,31,6,0,4.0,4,0,South,Store,0
58,22,9,1,74.14,4,0,South,Mobile,0
37,58,8,1,35.13,5,0,West,Store,0
38,18,5,1,65.87,4,0,Budapest,Mobile,0
57,72,10,0,0.0,5,0,East,Mobile,0
46,12,5,2,170.38,2,0,South,Web,0
47,22,8,0,17.46,4,0,Budapest,Mobile,0
39,35,9,1,16.06,5,0,West,Mobile,0
61,33,4,2,212.98,4,0,West,Mobile,0
49,17,3,0,0.0,2,0,North,Mobile,0
46,12,7,3,158.31,3,0,North,Store,0
40,14,6,1,100.71,3,0,East,Mobile,0
38,41,11,1,98.76,5,0,East,Mobile,0
43,13,6,1,27.84,4,0,West,Mobile,0
49,23,4,3,185.9,3,0,Budapest,Mobile,0
38,18,8,2,271.03,4,1,East,Mobile,0
44,14,5,2,110.19,5,0,East,Web,1
40,11,6,2,161.79,3,0,North,Mobile,0
48,24,5,4,400.74,4,1,East,Mobile,0
32,72,10,5,443.43,5,0,Budapest,Web,0
41,38,13,2,123.3,3,0,Budapest,Mobile,0
50,40,9,4,411.98,5,1,Budapest,Web,0
29,46,6,1,73.67,3,0,Budapest,Mobile,0
65,47,8,2,157.88,5,0,Budapest,Web,0
28,16,5,1,16.51,3,0,North,Store,0
44,22,7,0,0.0,5,0,West,Mobile,0
34,32,7,3,192.65,4,0,East,Mobile,0
40,7,2,0,23.13,3,0,West,Web,0
43,34,7,1,57.98,4,0,West,Web,0
59,27,5,2,265.55,4,0,South,Web,0
30,22,9,0,26.27,5,0,North,Store,0
36,24,8,1,43.66,3,0,Budapest,Store,0
57,15,9,1,137.81,5,0,South,Mobile,0
38,51,8,1,111.9,4,0,South,Mobile,0
51,26,10,2,212.05,5,0,Budapest,Mobile,0
18,20,4,1,27.23,4,0,Budapest,Store,0
31,7,7,0,13.09,5,0,Budapest,Store,0
47,5,8,0,0.0,3,0,East,Store,1
27,29,8,2,179.43,4,0,Budapest,Mobile,0
32,26,7,1,134.72,5,0,Budapest,Store,0
47,12,6,1,120.55,3,0,North,Web,1
55,10,3,0,0.0,4,0,South,Web,1
29,37,2,1,83.49,3,0,East,Store,0
48,4,5,0,0.0,3,0,East,Web,0
51,20,7,3,249.42,3,0,West,Web,0
60,7,9,2,144.11,4,0,Budapest,Mobile,0
45,51,7,1,92.23,4,0,West,Mobile,0
46,25,4,1,95.66,5,0,Budapest,Web,0
41,7,7,1,106.27,3,0,West,Mobile,0
51,20,6,3,280.98,4,0,South,Mobile,0
60,18,3,1,89.86,3,1,South,Mobile,0
43,54,10,1,115.43,4,0,Budapest,Mobile,0
48,56,7,3,186.61,5,0,North,Web,0
18,25,4,1,53.09,5,0,Budapest,Web,0
41,26,9,2,179.3,4,0,Budapest,Web,0
42,10,4,1,91.33,2,0,South,Web,0
44,34,10,1,134.86,4,0,South,Mobile,0
42,13,3,1,51.38,4,0,North,Mobile,0
45,12,7,2,157.7,3,0,Budapest,Mobile,1
39,15,6,1,61.26,4,0,West,Mobile,0
54,43,12,3,242.64,4,0,North,Store,0
49,42,8,1,72.29,4,0,North,Web,0
39,3,4,1,20.9,2,0,East,Web,1
18,13,5,0,11.39,3,0,North,Web,0
38,6,10,2,149.9,4,0,North,Store,0
33,24,10,0,0.0,5,0,Budapest,Mobile,0
33,30,10,2,135.37,4,0,North,Store,0
45,36,9,0,0.0,4,0,East,Web,0
50,26,13,4,310.07,4,1,Budapest,Mobile,0
46,61,6,3,278.46,4,0,South,Web,0
52,11,8,0,14.77,3,0,Budapest,Mobile,0
29,30,9,0,14.68,5,0,South,Mobile,0
49,44,11,4,303.72,4,0,Budapest,Web,0
45,5,5,1,42.92,4,0,Budapest,Mobile,0
52,6,7,2,105.88,4,0,South,Mobile,0
22,35,9,4,303.03,5,1,East,Web,0
62,6,4,1,86.57,2,0,North,Web,0
35,42,7,1,76.48,4,0,West,Mobile,0
46,19,7,1,81.53,4,0,West,Web,0
40,8,4,0,38.83,4,0,West,Web,0
35,19,3,1,61.38,4,0,Budapest,Store,0
51,22,6,0,0.0,4,0,Budapest,Store,1
35,29,8,0,0.0,5,0,Budapest,Web,0
56,29,6,2,167.91,3,0,West,Store,0
45,63,7,6,595.98,5,0,South,Mobile,0
18,20,8,0,8.73,5,0,West,Web,0
40,7,6,1,133.42,2,0,Budapest,Store,0
36,9,5,1,113.28,3,0,Budapest,Web,0
32,28,8,2,170.48,3,0,East,Mobile,0
47,14,9,1,55.5,3,0,East,Mobile,0
42,6,5,0,15.05,3,0,Budapest,Mobile,0
45,15,2,0,20.58,4,0,North,Web,0
30,10,5,0,11.4,4,0,North,Web,0
32,24,5,2,100.43,3,0,Budapest,Web,0
23,63,5,1,72.31,5,1,East,Store,0
37,32,7,4,383.88,3,0,East,Web,0
49,14,6,1,115.35,3,0,West,Mobile,0
40,40,14,0,12.29,4,0,Budapest,Web,0
28,72,6,4,285.95,5,0,West,Web,0
55,16,10,1,82.58,5,0,South,Store,0
43,21,13,1,89.76,4,0,West,Mobile,0
50,13,7,1,22.89,4,0,Budapest,Mobile,0
37,27,8,1,84.61,5,0,Budapest,Mobile,0
40,11,5,2,100.4,3,0,South,Store,0
19,19,7,1,92.1,5,0,West,Web,0
35,12,3,2,125.27,3,0,West,Mobile,0
36,18,7,4,374.42,3,1,Budapest,Web,0
50,2,5,0,37.26,5,0,Budapest,Mobile,0
49,47,7,2,198.87,3,0,Budapest,Mobile,0
43,56,5,0,15.4,5,0,South,Mobile,0
43,33,8,1,60.59,3,0,Budapest,Web,0
38,6,7,0,0.0,3,0,South,Web,0
41,29,5,1,26.3,3,0,Budapest,Mobile,1
35,6,7,0,87.69,4,0,South,Web,0
41,35,5,2,149.6,4,0,West,Mobile,0
51,20,8,1,35.19,5,0,Budapest,Web,0
46,18,1,0,10.79,4,0,Budapest,Mobile,0
58,24,9,1,65.29,4,0,East,Web,0
45,31,13,3,281.13,4,0,Budapest,Mobile,0
53,64,3,2,150.19,5,0,Budapest,Mobile,0
45,24,3,0,2.44,4,0,East,Web,0
18,21,9,3,177.45,5,0,North,Mobile,0
46,36,4,1,28.28,4,1,West,Store,0
42,14,6,1,64.59,3,0,South,Mobile,0
41,56,14,3,203.07,5,0,West,Mobile,0
32,10,10,3,190.95,4,0,West,Mobile,0
59,39,6,0,0.0,4,0,East,Store,0
30,11,3,1,69.47,3,0,South,Mobile,0
37,52,6,2,154.79,4,0,North,Store,0
32,17,3,0,64.62,3,0,North,Web,0
57,36,5,3,422.98,3,1,West,Store,0
46,19,5,1,25.87,4,0,Budapest,Mobile,0
30,18,10,1,98.91,4,0,North,Web,0
27,27,6,0,2.11,5,0,South,Store,0
26,18,3,2,106.99,2,0,North,Web,0
27,14,4,1,69.82,4,0,East,Web,0
24,37,10,2,126.24,5,0,West,Web,0
49,9,5,0,0.0,4,0,Budapest,Store,0
57,64,5,3,249.62,4,0,West,Web,0
30,62,7,1,141.79,4,0,Budapest,Store,0
18,12,4,2,111.86,4,0,Budapest,Mobile,0
36,23,4,0,0.0,3,0,East,Web,1
31,34,3,2,141.46,4,0,Budapest,Store,0
34,17,6,1,57.51,4,0,Budapest,Store,0
38,39,7,0,20.5,5,0,West,Web,0
39,22,9,1,89.2,4,0,West,Mobile,0
43,10,5,0,0.0,3,0,West,Store,0
27,19,4,1,50.05,4,0,East,Mobile,0
30,22,5,3,210.63,4,0,West,Web,0
20,4,2,0,0.0,5,0,South,Web,0
53,21,6,0,43.28,4,0,South,Web,0
35,37,5,0,0.0,5,0,Budapest,Store,0
18,10,1,1,72.87,3,0,West,Web,0
35,6,2,1,110.94,4,0,South,Store,0
61,16,8,0,0.0,5,0,West,Mobile,0
47,20,7,1,72.92,3,0,West,Store,0
18,18,5,0,27.01,3,0,Budapest,Mobile,0
33,65,8,0,0.0,5,0,Budapest,Store,0
36,25,6,2,185.29,4,0,North,Mobile,0
22,22,5,0,0.0,5,0,Budapest,Web,0
51,24,6,1,83.91,5,0,Budapest,Web,0
72,25,5,1,57.05,4,0,East,Mobile,0
58,15,6,0,40.91,2,0,East,Web,0
25,54,5,3,223.25,5,0,East,Mobile,0
48,40,2,3,334.2,3,0,Budapest,Mobile,1
45,20,5,2,164.78,4,0,Budapest,Web,0
28,16,6,2,82.72,5,0,Budapest,Web,0
44,18,6,2,93.35,5,0,East,Web,0
42,63,5,0,9.92,5,0,East,Mobile,0
47,35,5,0,24.03,3,0,West,Web,0
58,7,4,0,0.0,2,0,Budapest,Web,0
46,7,4,0,0.0,4,0,Budapest,Mobile,0
37,62,7,1,79.5,5,0,West,Web,0
51,8,4,1,69.65,3,0,South,Store,1
42,10,6,1,90.13,4,0,Budapest,Mobile,0
44,13,6,1,45.6,4,0,Budapest,Mobile,1
54,29,11,2,265.17,4,0,South,Web,0
22,15,5,2,105.93,3,0,South,Web,0
41,9,6,0,0.0,2,0,West,Web,0
36,2,5,1,93.14,3,0,Budapest,Mobile,0
51,24,4,2,160.41,3,0,East,Store,0
23,60,5,1,84.3,5,0,West,Web,0
57,13,8,3,305.08,5,0,North,Mobile,0
70,20,7,2,131.89,5,0,South,Web,0
34,20,6,1,69.58,4,0,East,Web,0
31,36,3,2,142.45,4,0,Budapest,Web,0
23,28,5,1,122.1,5,0,South,Web,0
34,53,2,2,271.38,4,0,West,Web,0
58,22,7,2,161.6,4,0,South,Mobile,0
27,19,7,1,129.24,4,0,Budapest,Web,0
40,21,3,1,92.38,3,0,North,Mobile,0
42,39,10,4,278.0,3,0,Budapest,Store,0
18,68,9,4,302.5,5,0,Budapest,Web,0
31,36,8,2,212.13,5,1,South,Store,0
58,5,8,0,25.56,5,0,East,Mobile,0
59,44,7,4,267.48,4,0,Budapest,Mobile,0
46,37,1,1,80.97,4,0,Budapest,Web,0
37,16,6,1,125.66,5,0,Budapest,Web,0
57,37,3,2,211.05,4,0,Budapest,Mobile,0
31,15,2,0,0.0,5,0,East,Mobile,0
45,24,7,1,0.0,3,0,Budapest,Web,0
34,3,8,0,0.0,4,0,East,Mobile,0
36,10,4,1,116.43,4,0,West,Web,0
70,29,2,2,284.84,3,0,West,Web,0
59,25,5,2,176.24,5,0,South,Mobile,0
44,22,4,3,310.22,3,0,Budapest,Store,0
59,72,5,1,137.12,5,0,South,Store,0
21,46,7,1,72.81,4,0,South,Mobile,0
46,12,0,1,84.05,4,0,Budapest,Store,0
18,38,7,0,0.0,4,0,West,Store,0
38,51,8,2,181.21,5,0,Budapest,Mobile,0
27,11,7,0,0.0,4,0,Budapest,Web,0
25,11,4,0,0.0,3,0,Budapest,Web,0
42,40,9,3,199.74,4,0,Budapest,Web,0
25,19,9,2,135.9,4,0,West,Mobile,0
47,15,7,2,105.37,4,0,West,Mobile,0
38,27,3,2,192.95,4,0,West,Mobile,0
39,25,3,0,24.41,5,0,North,Web,0
40,9,7,1,59.34,3,0,South,Store,0
47,9,6,0,26.32,3,0,North,Web,0
31,23,5,1,94.34,3,0,Budapest,Store,0
46,11,3,1,108.82,3,0,Budapest,Web,0
59,39,5,1,60.03,4,0,North,Web,1
45,39,7,2,127.2,3,0,West,Store,0
32,40,5,2,173.36,4,0,West,Store,0
40,29,5,2,202.05,4,0,South,Web,0
48,11,9,0,0.0,4,0,South,Store,0
60,9,4,1,91.54,5,0,Budapest,Web,0
43,9,4,0,0.0,4,0,South,Store,0
47,9,8,1,89.52,3,0,South,Store,0
43,34,11,2,110.26,5,0,South,Web,0
53,13,7,2,151.28,3,0,Budapest,Store,0
23,31,6,2,153.24,5,0,Budapest,Web,0
48,17,8,0,48.37,4,0,East,Mobile,0
18,6,7,2,71.62,3,0,East,Store,0
38,54,4,1,38.3,4,0,Budapest,Mobile,0
29,25,4,1,54.47,3,0,West,Web,0
61,17,9,2,183.28,4,0,Budapest,Web,0
27,52,6,3,224.08,5,0,Budapest,Web,0
49,10,5,1,25.75,4,0,South,Web,1
41,19,7,1,74.0,4,0,West,Store,0
28,8,4,1,80.92,5,0,West,Web,0
30,34,8,4,237.09,5,0,West,Web,0
21,10,6,0,0.0,5,0,East,Web,0
25,12,8,0,0.0,4,0,South,Store,0
48,10,4,2,172.9,4,1,Budapest,Web,1
29,17,4,1,59.71,5,0,South,Web,0
54,13,7,1,77.57,3,0,South,Web,0
33,22,3,1,83.05,5,0,South,Web,0
41,25,11,1,113.3,5,0,West,Store,0
47,6,4,0,10.63,4,0,Budapest,Mobile,0
41,40,10,2,82.42,5,0,North,Mobile,0
36,12,2,1,95.13,5,0,East,Mobile,0
60,12,7,0,0.0,3,0,East,Web,0
43,25,6,0,0.0,3,0,Budapest,Mobile,0
26,6,4,1,67.3,3,0,Budapest,Store,0
48,8,4,1,152.95,4,0,Budapest,Store,0
55,33,4,0,0.0,5,0,Budapest,Web,0
37,10,3,1,21.75,3,0,West,Mobile,0
42,18,4,1,97.02,4,0,East,Mobile,0
42,27,6,1,80.01,5,0,North,Store,0
20,13,5,0,29.72,4,0,West,Store,0
42,11,4,1,105.5,5,0,West,Mobile,0
51,34,7,2,224.6,3,0,South,Web,0
25,32,6,0,0.0,5,0,East,Store,0
48,34,4,2,157.17,5,0,South,Mobile,0
38,44,6,2,182.02,5,0,East,Mobile,0
42,64,9,4,404.48,4,0,South,Mobile,0
31,18,4,2,178.49,3,0,Budapest,Web,0
47,31,7,1,63.2,4,0,East,Web,0
43,25,2,0,10.71,3,0,East,Store,0
37,17,7,1,58.64,3,0,North,Web,0
25,19,10,1,59.15,5,0,Budapest,Store,0
34,4,5,0,23.62,3,0,West,Web,0
38,12,6,1,64.4,4,0,South,Web,0
32,50,4,0,0.0,4,0,East,Store,0
22,17,6,0,0.0,3,0,Budapest,Mobile,0
37,8,5,2,152.14,3,0,Budapest,Mobile,0
43,59,7,3,199.53,4,0,West,Mobile,0
43,72,14,2,201.11,5,1,Budapest,Mobile,0
44,29,4,3,213.52,4,0,East,Web,0
56,17,8,0,0.0,4,0,Budapest,Web,0
53,23,1,0,0.0,3,0,East,Mobile,0
55,37,5,3,273.95,3,0,Budapest,Web,0
20,20,2,0,3.32,4,0,South,Mobile,0
24,43,7,2,110.55,5,1,South,Web,0
49,13,2,0,0.0,2,0,South,Web,0
33,10,4,0,51.24,4,0,South,Mobile,0
31,5,6,1,61.72,3,0,West,Web,0
39,72,3,2,180.04,4,0,East,Web,0
34,19,3,0,9.47,4,0,South,Mobile,0
18,16,7,2,189.42,4,0,Budapest,Web,0
34,16,7,1,97.21,4,0,Budapest,Web,0
44,25,6,2,142.74,4,0,West,Mobile,0
18,10,10,0,27.69,5,0,South,Store,0
22,66,12,1,153.96,5,1,South,Web,0
37,38,4,3,136.53,4,0,South,Web,0
43,12,8,0,0.0,5,0,Budapest,Web,0
39,19,6,2,185.64,4,0,Budapest,Web,0
32,32,9,2,163.09,5,0,West,Web,0
34,4,4,0,0.0,3,0,South,Web,0
47,18,6,0,11.3,4,0,Budapest,Web,0
32,33,8,1,81.1,3,0,Budapest,Web,0
44,3,4,0,20.94,5,0,South,Web,0
34,6,7,0,0.0,3,0,East,Store,0
28,21,10,0,18.34,3,0,East,Store,0
41,45,4,1,95.57,5,0,South,Mobile,0
44,10,9,3,207.08,3,0,East,Web,0
50,25,5,0,35.87,4,0,East,Mobile,0
20,53,2,2,180.68,5,0,East,Web,0
31,21,5,2,70.83,4,0,East,Mobile,0
38,39,6,1,98.23,5,0,West,Web,0
49,11,6,0,0.0,3,0,Budapest,Store,0
66,22,6,0,0.0,4,0,Budapest,Mobile,0
53,19,4,0,9.97,5,0,North,Mobile,0
48,22,5,3,247.35,4,0,South,Store,0
44,20,5,3,151.23,3,0,West,Store,1
37,21,6,2,188.01,4,0,East,Web,0
33,32,10,2,166.35,2,1,West,Mobile,0
36,65,7,1,70.43,5,0,Budapest,Mobile,0
26,17,2,0,0.0,3,0,West,Mobile,0
27,63,9,0,24.67,5,0,West,Mobile,0
30,14,3,1,77.16,3,0,North,Web,0
56,36,8,0,7.51,4,0,South,Mobile,0
37,8,3,0,30.08,5,0,South,Web,0
23,58,10,1,115.12,5,0,Budapest,Web,0
36,11,5,1,88.69,3,0,South,Store,0
54,33,7,2,218.34,4,0,West,Store,0
44,13,3,1,146.0,4,0,South,Store,0
42,10,5,1,86.51,5,1,East,Mobile,0
31,3,5,0,0.0,3,0,East,Web,0
43,27,8,2,156.55,5,0,Budapest,Web,0
35,15,1,0,15.11,4,0,Budapest,Store,0
69,7,8,0,53.47,4,0,North,Web,0
34,32,3,0,17.01,4,0,South,Mobile,0
36,29,6,1,165.43,4,0,South,Web,0
39,34,5,1,81.19,4,0,West,Mobile,0
67,22,6,2,226.73,3,0,Budapest,Web,0
41,2,3,0,20.22,4,0,South,Web,0
45,38,11,2,99.07,4,0,West,Mobile,0
62,16,4,0,0.0,4,0,South,Web,1
42,21,4,1,65.94,4,0,Budapest,Store,0
25,51,5,0,0.0,5,0,West,Store,0
43,37,9,1,67.61,5,0,Budapest,Mobile,0
47,42,6,2,127.68,5,0,Budapest,Web,0
40,9,4,2,140.96,4,0,South,Mobile,0
53,28,5,1,46.5,4,0,West,Mobile,0
20,31,3,1,44.74,5,1,East,Mobile,0
23,32,4,0,0.0,5,0,South,Web,0
56,8,2,0,0.0,5,0,Budapest,Store,0
41,25,6,4,261.48,5,0,South,Web,0
31,9,10,3,276.63,5,0,North,Mobile,0
50,58,6,2,200.6,5,0,West,Mobile,0
57,6,7,1,117.53,3,0,Budapest,Web,0
26,12,8,1,83.17,3,0,Budapest,Web,0
33,13,4,1,85.03,4,0,South,Mobile,0
43,22,8,0,37.75,4,0,West,Mobile,0
33,34,6,1,123.98,4,0,West,Web,0
27,3,8,0,23.07,4,0,West,Store,0
29,18,8,1,85.08,4,0,East,Mobile,0
51,13,5,0,37.83,4,0,Budapest,Web,0
39,18,8,2,145.88,4,1,Budapest,Mobile,0
44,72,10,1,91.9,5,0,North,Store,0
37,12,8,0,0.0,4,0,East,Mobile,0
54,21,5,0,0.0,3,0,West,Web,0
56,24,3,0,22.07,3,0,West,Mobile,0
32,7,9,1,79.81,3,1,North,Mobile,0
53,5,6,1,54.37,5,1,North,Web,0
40,35,9,1,60.87,4,0,South,Mobile,0
23,33,10,0,0.0,4,0,South,Mobile,0
20,25,8,0,0.0,5,0,Budapest,Store,0
45,21,9,0,55.63,3,0,West,Web,0
44,10,3,0,29.38,4,0,East,Web,0
36,22,4,4,406.0,3,0,Budapest,Web,0
48,27,5,2,127.15,4,0,East,Mobile,0
38,19,6,2,192.67,5,0,Budapest,Web,0
39,15,6,2,158.65,4,0,West,Web,0
42,29,7,0,34.26,4,0,Budapest,Web,0
28,51,4,2,137.95,5,0,Budapest,Web,0
57,14,6,1,60.28,3,0,East,Web,0
30,14,6,0,25.49,3,0,West,Mobile,0
57,16,6,0,0.0,5,0,North,Store,0
42,11,5,0,17.71,3,0,North,Web,0
31,27,5,1,111.52,3,0,South,Web,0
31,34,5,2,166.57,4,0,Budapest,Web,0
49,27,8,1,115.95,5,0,South,Web,0
41,34,8,1,105.88,5,0,North,Store,0
59,18,6,1,73.5,4,1,North,Web,0
35,3,3,0,0.0,3,0,Budapest,Store,0
42,34,7,1,87.45,4,0,West,Store,0
41,24,8,3,180.73,4,0,Budapest,Web,0
26,20,2,1,76.97,4,0,Budapest,Web,0
43,40,10,3,258.95,4,0,Budapest,Web,0
56,31,6,2,146.52,5,1,West,Web,0
45,8,5,1,100.6,3,0,Budapest,Store,0
32,23,8,3,149.28,4,0,South,Mobile,0
50,43,6,2,128.0,5,0,Budapest,Web,0
35,25,5,1,107.39,4,0,West,Store,0
41,25,9,2,179.89,3,0,South,Store,0
41,13,5,1,58.81,4,0,East,Web,0
47,45,7,1,58.62,5,0,Budapest,Mobile,0
31,43,5,2,195.82,4,1,South,Mobile,0
37,35,6,2,159.36,5,0,North,Web,0
36,28,4,1,119.26,4,0,South,Mobile,0
32,10,8,0,0.0,4,0,North,Mobile,1
20,4,7,0,31.86,3,0,Budapest,Web,0
31,48,4,1,90.14,4,0,South,Mobile,0
32,32,8,1,24.9,3,0,South,Web,0
25,52,4,1,106.23,4,0,East,Mobile,0
54,52,4,2,254.56,4,0,Budapest,Mobile,0
47,22,5,1,18.08,3,0,South,Web,0
26,45,4,2,263.0,5,0,Budapest,Web,0
30,12,4,0,0.0,3,0,West,Mobile,0
51,22,2,0,0.0,4,0,East,Store,0
44,29,4,1,76.4,4,0,East,Web,0
29,31,3,2,209.61,4,0,Budapest,Store,0
34,27,5,2,96.61,4,0,Budapest,Web,0
50,5,6,1,51.76,4,0,Budapest,Mobile,0
66,27,10,1,78.27,3,0,Budapest,Mobile,0
65,24,6,1,97.16,4,0,North,Web,0
56,18,6,0,8.58,4,0,North,Web,0
33,13,4,1,11.22,4,0,North,Mobile,0
48,16,8,1,120.17,4,0,West,Store,0
48,10,0,0,0.0,4,0,South,Web,0
30,28,3,2,113.51,3,0,East,Mobile,0
47,21,5,1,81.99,4,0,East,Mobile,1
33,28,1,0,0.0,4,0,North,Store,0
37,6,11,0,0.0,3,0,West,Web,0
34,17,4,2,127.35,4,0,Budapest,Mobile,0
32,4,5,1,68.43,3,0,South,Store,0
45,23,5,4,363.65,5,0,South,Mobile,0
24,44,9,2,152.34,4,0,West,Web,1
31,22,7,1,50.79,5,0,Budapest,Web,0
61,31,6,1,97.5,4,0,East,Web,0
56,28,6,1,126.95,4,0,West,Web,0
35,36,4,2,120.93,4,0,East,Mobile,0
49,50,5,2,208.0,5,0,East,Mobile,0
18,17,9,1,85.12,4,0,Budapest,Web,0
22,18,7,1,91.74,4,0,North,Mobile,0
30,36,6,1,113.63,4,0,West,Mobile,0
37,29,6,3,211.68,3,0,Budapest,Mobile,0
40,29,8,0,12.17,3,0,Budapest,Web,0
40,19,6,1,100.4,3,0,Budapest,Store,0
29,43,11,5,446.06,4,0,East,Web,0
48,30,5,2,157.65,3,0,Budapest,Mobile,0
55,11,6,0,3.09,3,0,North,Web,0
26,32,3,1,135.11,4,0,Budapest,Mobile,0
18,11,3,1,35.55,3,0,East,Store,1
38,32,5,3,202.65,5,0,North,Web,0
42,72,8,4,465.63,5,0,East,Store,0
35,5,9,0,0.0,4,0,South,Mobile,0
63,8,9,1,70.04,4,0,South,Mobile,0
27,72,4,1,113.34,4,0,North,Web,0
42,8,6,0,0.0,4,0,Budapest,Store,0
30,15,7,1,65.38,4,0,North,Web,0
53,22,6,1,130.48,4,0,East,Web,0
63,17,5,1,94.6,5,0,East,Web,0
48,38,8,1,88.48,5,0,Budapest,Web,0
54,16,8,0,0.23,4,0,North,Store,0
23,64,7,1,27.06,4,0,West,Mobile,0
32,15,3,1,135.49,4,0,South,Mobile,0
78,46,11,3,229.34,5,0,Budapest,Store,0
40,22,5,0,0.0,4,0,West,Web,0
47,24,7,2,215.37,4,0,Budapest,Store,0
45,22,4,3,205.7,3,0,Budapest,Web,0
50,18,9,0,0.0,3,0,Budapest,Store,0
33,13,7,1,34.86,4,0,Budapest,Mobile,0
40,33,7,3,248.02,4,0,West,Web,0
41,36,5,1,122.15,3,0,East,Mobile,0
32,25,10,2,195.09,3,0,Budapest,Mobile,0
58,72,8,1,143.33,5,0,Budapest,Mobile,0
36,47,5,3,130.17,5,0,North,Mobile,0
29,28,6,1,11.19,5,0,South,Web,0
46,6,6,1,138.18,3,0,North,Web,0
23,13,3,1,79.45,4,0,East,Web,0
34,41,10,2,187.28,4,0,Budapest,Web,0
38,13,7,0,2.22,3,0,Budapest,Web,0
25,23,6,0,0.0,3,0,North,Web,0
45,8,4,0,27.85,3,0,Budapest,Mobile,0
32,41,6,2,237.94,3,0,Budapest,Store,0
45,21,7,1,54.13,4,0,South,Web,1
29,36,9,5,376.04,5,0,East,Web,0
65,19,6,0,8.75,4,0,South,Web,0
40,24,7,0,1.35,4,0,South,Web,0
38,9,8,1,87.45,3,0,Budapest,Store,0
34,72,11,5,375.39,5,0,Budapest,Store,0
35,45,12,2,148.9,5,1,South,Mobile,0
31,27,6,1,57.32,4,0,Budapest,Store,0
30,17,2,1,134.61,4,0,East,Store,0
30,21,8,1,48.9,5,0,Budapest,Web,0
66,72,14,4,362.01,5,0,South,Store,0
48,32,10,2,192.54,4,0,Budapest,Web,0
38,33,8,1,109.39,5,0,North,Web,0
37,34,7,0,0.0,4,0,Budapest,Web,0
51,15,3,0,20.56,4,0,West,Web,0
40,17,5,0,18.2,3,0,Budapest,Mobile,0
35,25,4,1,42.66,3,0,East,Web,0
28,10,7,0,0.0,4,0,Budapest,Web,0
61,17,4,1,69.94,4,0,East,Mobile,1
26,20,10,2,153.64,2,1,Budapest,Web,0
30,3,5,0,0.0,3,0,West,Mobile,0
51,34,6,3,206.49,4,0,South,Mobile,0
51,52,8,1,75.47,4,0,North,Web,0
60,23,11,4,212.76,4,0,Budapest,Web,0
39,21,11,1,61.33,4,0,Budapest,Store,0
44,19,4,2,178.87,3,0,East,Mobile,0
40,24,7,0,0.0,5,0,South,Web,0
26,4,8,1,26.1,3,0,South,Web,0
36,23,3,1,76.88,3,0,Budapest,Mobile,0
54,19,5,1,71.93,5,0,Budapest,Mobile,0
62,51,6,1,79.35,4,0,North,Store,0
18,40,5,1,56.01,4,0,East,Web,0
42,27,4,1,39.98,4,0,Budapest,Mobile,0
38,10,7,1,74.36,3,0,Budapest,Mobile,0
29,37,3,0,0.0,4,0,Budapest,Web,0
56,10,8,2,215.65,5,0,North,Web,0
30,12,9,0,0.0,4,0,Budapest,Web,0
19,30,7,1,94.31,4,0,North,Mobile,0
44,9,6,1,94.79,3,0,Budapest,Web,0
20,32,6,0,62.63,3,0,East,Mobile,0
52,6,6,0,0.0,5,0,South,Web,0
70,35,7,3,291.42,4,0,West,Web,1
26,40,7,0,8.98,5,0,South,Store,0
59,25,6,1,87.88,4,0,West,Web,0
39,50,6,2,140.51,5,0,Budapest,Mobile,0
56,26,3,3,245.1,4,0,Budapest,Web,0
36,7,5,0,0.0,3,0,South,Web,0
53,18,7,3,388.99,4,0,Budapest,Mobile,0
31,21,7,1,72.63,4,0,East,Web,0
47,42,9,1,70.23,5,0,South,Web,0
60,37,6,2,117.29,5,0,Budapest,Web,0
30,39,5,2,144.15,5,0,Budapest,Web,0
40,11,6,3,148.42,3,0,West,Mobile,0
58,47,10,2,146.88,5,1,North,Web,0
34,10,6,1,92.77,3,0,Budapest,Web,0
43,17,0,0,0.0,2,0,West,Store,0
38,72,11,0,0.0,5,0,Budapest,Store,0
24,25,6,2,174.01,4,0,East,Mobile,0
18,40,4,4,391.25,4,0,South,Web,0
49,54,6,3,270.87,5,0,North,Web,0
18,8,7,0,0.0,3,0,Budapest,Web,0
49,24,6,0,1.3,5,0,East,Mobile,0
47,49,8,1,110.22,4,0,East,Web,0
34,23,9,3,290.73,4,0,West,Mobile,0
69,22,6,1,103.23,5,0,South,Web,0
58,19,6,0,0.0,4,0,East,Store,0
27,18,8,0,0.0,4,0,Budapest,Web,0
29,16,3,1,81.99,3,0,West,Web,0
31,23,2,2,116.12,3,1,East,Web,0
52,37,11,0,24.39,5,0,West,Mobile,0
57,72,6,1,82.66,5,0,East,Web,0
34,22,2,2,169.24,4,0,East,Store,1
62,37,2,3,233.62,4,0,East,Mobile,0
26,30,9,0,14.35,4,0,South,Mobile,0
54,59,5,2,241.17,5,0,Budapest,Web,0
41,5,5,1,86.44,3,0,West,Web,0
36,9,7,1,49.37,4,0,Budapest,Web,0
32,8,8,0,0.0,3,0,South,Mobile,0
25,13,6,0,0.0,2,0,Budapest,Mobile,0
62,14,8,0,0.82,5,0,West,Web,0
35,42,6,4,209.77,5,0,West,Mobile,1
39,34,5,1,72.12,5,0,East,Web,0
18,16,7,1,71.34,5,0,South,Mobile,0
48,16,5,2,143.89,4,0,South,Web,0
51,17,5,0,15.65,3,0,Budapest,Web,0
47,17,7,3,197.36,2,0,Budapest,Web,0
28,27,10,2,151.66,5,1,Budapest,Web,0
30,11,3,3,131.99,4,0,Budapest,Web,0
49,27,7,1,65.34,3,0,East,Store,0
54,18,5,0,0.0,5,0,South,Store,0
51,11,2,0,29.91,3,0,Budapest,Web,0
38,35,6,0,3.3,4,0,Budapest,Web,0
34,35,2,1,85.22,4,0,South,Mobile,0
56,2,4,2,186.43,4,0,South,Web,0
57,13,4,2,253.89,4,0,West,Store,0
45,41,3,1,87.82,4,0,South,Web,0
28,42,8,0,0.58,5,0,South,Web,0
48,38,6,1,118.89,4,0,South,Web,1
33,21,6,1,69.26,5,0,East,Web,0
43,37,8,2,189.47,4,0,East,Web,0
48,19,5,2,205.37,4,0,South,Web,0
41,40,7,2,261.93,4,0,Budapest,Store,0
30,32,4,1,74.39,3,0,West,Web,0
20,33,4,1,46.12,4,0,South,Web,0
31,46,5,0,0.51,5,0,Budapest,Web,0
38,8,5,1,81.98,4,0,West,Web,0
54,10,6,0,4.69,4,0,Budapest,Store,0
50,20,1,0,22.56,4,0,Budapest,Web,0
41,11,4,0,0.0,3,0,East,Store,0
48,18,4,1,90.31,4,0,Budapest,Web,1
42,26,4,0,0.0,4,0,East,Mobile,0
32,15,3,0,0.0,4,0,Budapest,Web,0
46,9,5,0,0.0,1,0,North,Web,1
58,16,5,1,102.36,4,0,West,Store,0
39,18,3,1,89.26,4,0,Budapest,Mobile,0
32,28,2,2,169.03,3,0,South,Web,0
25,15,3,0,20.95,3,0,North,Web,0
41,21,14,3,223.36,3,0,Budapest,Web,0
47,17,6,1,114.53,3,0,Budapest,Mobile,0
29,17,8,1,32.72,4,0,North,Mobile,0
52,28,7,1,55.81,4,0,North,Mobile,0
51,35,3,3,353.09,4,0,Budapest,Web,0
40,39,9,5,311.11,5,0,South,Mobile,0
40,26,4,0,0.0,3,0,Budapest,Mobile,0
60,24,5,2,251.72,4,0,East,Web,0
49,19,7,1,55.84,5,0,West,Web,0
38,4,4,0,37.46,4,0,Budapest,Store,1
33,20,3,0,0.0,3,0,East,Web,0
32,70,4,5,637.22,5,0,North,Store,0
32,27,12,0,0.0,4,0,East,Mobile,0
60,47,5,3,268.74,5,0,Budapest,Web,0
40,38,5,2,144.44,4,0,Budapest,Web,0
69,51,8,5,375.22,2,0,Budapest,Store,0
30,68,9,2,150.15,3,0,South,Web,0
21,34,9,0,9.7,5,0,Budapest,Web,0
36,13,4,0,0.0,4,0,Budapest,Web,0
36,15,8,2,155.51,5,0,South,Mobile,0
47,12,2,1,69.19,4,1,Budapest,Store,0
45,14,6,2,159.86,4,1,South,Mobile,0
32,48,5,4,381.95,4,0,West,Web,1
56,24,7,3,260.66,5,0,North,Web,0
42,22,4,1,50.18,3,0,East,Mobile,0
40,5,4,0,8.05,4,0,South,Store,0
35,33,4,0,8.06,4,0,West,Web,0
46,37,10,0,17.97,5,0,South,Web,0
43,33,2,3,295.25,5,0,Budapest,Web,0
30,15,8,3,176.41,5,0,East,Web,0
35,15,8,0,0.0,4,0,Budapest,Store,0
39,15,11,1,83.03,3,0,East,Mobile,0
47,23,5,1,42.45,4,0,South,Web,0
26,72,5,1,144.81,5,0,West,Mobile,0
50,19,6,1,129.89,4,0,South,Web,0
54,24,3,0,38.38,3,0,East,Mobile,0
65,31,2,0,0.0,4,0,North,Store,0
49,7,0,1,96.21,3,0,Budapest,Web,1
44,20,2,2,208.53,5,0,North,Web,0
61,28,4,0,0.0,3,0,East,Mobile,0
27,20,5,0,0.0,4,0,West,Store,1
43,11,9,1,144.6,4,0,South,Web,0
50,15,3,1,86.79,2,0,East,Web,0
43,42,6,2,231.75,3,0,Budapest,Mobile,0
20,18,5,1,40.2,4,0,South,Mobile,0
54,72,5,0,11.86,5,0,East,Web,0
18,7,4,0,20.0,3,0,West,Web,0
46,12,5,1,75.97,4,0,East,Mobile,0
42,3,4,0,10.41,2,0,Budapest,Store,0
34,14,5,0,7.29,3,0,East,Mobile,0
51,20,7,2,149.51,5,0,East,Mobile,0
31,15,7,1,75.22,4,0,Budapest,Web,0
41,48,10,7,681.03,5,0,Budapest,Store,0
39,31,7,0,0.0,5,0,Budapest,Web,0
57,14,8,1,68.25,3,0,West,Web,0
47,41,6,1,82.36,5,0,South,Store,0
58,25,2,1,46.86,5,0,East,Web,0
47,7,5,1,25.83,3,0,Budapest,Web,0
40,15,5,0,0.0,4,0,East,Web,0
53,16,7,0,4.73,4,0,North,Web,0
25,17,6,4,241.3,4,0,West,Mobile,0
18,54,7,0,8.72,4,0,Budapest,Web,0
55,12,9,5,389.19,3,0,Budapest,Mobile,1
34,10,6,3,253.24,3,0,North,Store,0
42,34,10,4,442.13,5,0,Budapest,Mobile,0
32,8,6,0,0.0,5,0,Budapest,Web,0
51,25,7,1,70.83,3,0,Budapest,Mobile,0
52,8,8,1,57.41,3,0,West,Web,0
47,20,4,0,0.95,5,0,South,Web,0
55,52,4,3,350.26,5,1,Budapest,Web,0
56,20,3,1,56.57,2,0,East,Store,0
61,22,10,4,219.29,4,0,Budapest,Mobile,0
51,27,4,0,0.0,4,0,West,Web,0
31,28,7,1,97.61,5,0,West,Store,0
44,28,5,0,0.0,4,0,West,Web,0
38,35,5,1,71.65,5,0,East,Web,0
28,14,6,0,9.14,2,0,Budapest,Mobile,0
46,27,6,0,0.0,3,0,East,Web,0
43,23,11,1,103.15,4,0,West,Web,0
34,31,5,0,26.33,4,0,Budapest,Mobile,0
39,24,6,2,137.82,4,0,South,Web,0
25,12,6,1,30.27,4,0,East,Web,0
53,6,2,1,66.92,3,0,South,Mobile,0
55,7,4,1,75.41,4,0,West,Web,0
53,53,5,2,170.64,4,0,East,Web,0
60,21,5,0,0.0,3,0,Budapest,Mobile,0
35,32,3,0,30.47,5,0,East,Web,0
38,14,3,1,13.12,4,0,Budapest,Mobile,0
37,31,3,1,89.29,5,0,Budapest,Mobile,0
18,29,7,1,74.01,5,0,North,Web,0
25,21,6,2,232.58,4,0,Budapest,Web,0
29,23,6,3,267.55,4,0,West,Web,0
62,60,12,4,382.65,5,0,West,Web,0
35,32,7,2,111.2,3,0,Budapest,Store,0
23,19,4,1,73.17,4,0,North,Web,0
47,37,7,0,0.0,4,0,Budapest,Mobile,0
56,14,5,0,15.45,3,0,South,Mobile,0
25,40,10,2,192.8,4,0,Budapest,Mobile,0
30,16,8,1,38.79,3,0,East,Web,0
32,25,6,1,135.9,3,0,South,Web,0
46,72,8,1,84.7,5,1,East,Mobile,0
38,21,6,1,127.63,4,0,Budapest,Mobile,1
74,36,4,2,131.29,5,0,West,Mobile,0
58,20,8,2,148.16,4,0,West,Web,0
41,46,6,0,0.0,5,0,East,Web,0
54,22,2,3,275.65,4,0,North,Mobile,0
50,30,6,0,0.0,5,0,South,Mobile,0
55,12,6,0,43.02,4,0,Budapest,Mobile,0
19,41,6,1,65.22,5,0,South,Web,0
33,16,4,0,3.25,3,0,East,Store,0
32,13,3,0,65.03,3,0,East,Web,0
29,5,5,1,131.14,3,0,East,Web,0
43,29,9,2,211.6,4,0,Budapest,Store,0
28,53,10,1,44.95,4,0,Budapest,Mobile,0
68,5,8,2,167.6,3,0,Budapest,Store,0
48,32,4,1,85.82,4,0,Budapest,Mobile,1
57,51,5,1,49.69,4,0,Budapest,Mobile,0
34,35,5,2,189.0,4,0,West,Web,0
33,29,8,0,7.5,3,0,Budapest,Web,0
18,11,7,1,35.66,4,1,South,Web,0
62,48,3,1,43.06,5,0,East,Web,0
48,23,10,1,62.13,5,0,Budapest,Web,0
18,34,2,1,40.1,3,0,West,Web,1
23,22,3,1,126.65,4,0,West,Mobile,0
55,33,3,4,311.77,5,0,East,Mobile,0
24,15,6,2,163.07,3,0,East,Web,0
26,20,6,2,109.5,4,0,North,Web,0
48,36,4,5,387.64,4,0,West,Web,0
20,44,7,1,67.33,5,0,West,Web,0
49,14,11,2,161.41,5,0,South,Store,0
32,27,11,2,89.33,3,0,East,Mobile,0
31,49,12,2,196.26,5,0,East,Web,0
40,17,5,2,144.61,4,0,East,Web,0
58,40,2,1,110.33,3,0,South,Store,0
64,12,14,3,359.56,4,0,Budapest,Web,0
55,10,3,0,23.06,3,0,South,Mobile,1
48,8,1,0,0.0,4,0,South,Web,0
46,72,8,0,0.0,5,0,East,Store,0
48,30,9,0,0.0,3,0,East,Web,0
30,49,7,1,62.86,4,0,West,Mobile,0
28,19,9,2,93.43,4,0,Budapest,Store,0
45,21,8,3,232.41,5,0,North,Web,0
70,17,3,3,111.07,4,0,West,Mobile,0
31,59,5,2,177.06,2,0,West,Mobile,0
46,21,6,1,41.59,3,0,East,Store,0
59,16,5,0,50.6,4,0,Budapest,Mobile,1
37,16,4,2,167.88,3,0,East,Web,0
53,3,8,0,0.0,3,0,East,Store,0
30,6,9,2,180.52,4,0,West,Store,0
32,16,5,2,149.4,4,0,North,Web,0
31,9,6,1,60.37,5,0,West,Web,0
48,26,3,0,0.0,5,0,Budapest,Store,0
48,52,5,7,713.5,4,0,South,Mobile,0
28,43,4,3,260.13,5,0,South,Web,0
55,12,6,2,145.71,5,0,South,Web,0
53,24,3,2,146.39,4,0,East,Web,0
30,39,9,3,153.17,4,0,Budapest,Store,0
47,8,4,1,95.02,4,0,Budapest,Web,1
53,54,5,4,379.7,5,0,Budapest,Web,0
45,20,9,1,17.21,5,0,East,Store,0
45,25,9,1,68.19,4,0,Budapest,Web,0
43,33,5,0,0.0,5,0,North,Web,0
52,40,7,1,68.7,4,0,Budapest,Mobile,0
24,17,4,2,89.12,3,0,Budapest,Mobile,0
50,41,7,1,39.26,4,0,Budapest,Mobile,1
36,22,4,1,76.41,4,0,Budapest,Mobile,0
32,38,6,1,79.45,5,0,East,Store,0
42,31,9,2,167.57,3,0,West,Web,0
33,26,6,0,15.67,5,0,West,Mobile,0
26,33,10,0,37.08,4,0,South,Web,0
38,23,5,3,251.06,4,0,East,Web,0
38,37,7,1,74.23,3,0,East,Mobile,0
43,27,6,2,92.16,4,0,North,Mobile,0
40,17,6,1,68.56,3,0,East,Web,0
30,25,7,2,146.73,3,0,West,Store,0
47,9,11,0,0.0,3,0,Budapest,Mobile,0
62,5,11,3,255.92,4,1,West,Web,0
50,6,7,0,20.01,4,0,Budapest,Mobile,0
51,32,7,0,4.22,4,0,Budapest,Store,0
46,9,4,0,0.0,5,0,Budapest,Store,0
49,37,10,3,313.65,5,0,Budapest,Mobile,0
29,12,3,1,89.74,3,0,East,Mobile,0
37,41,12,3,295.51,5,1,West,Store,0
58,26,7,1,28.05,4,0,West,Web,0
43,10,4,0,0.0,5,0,South,Store,0
54,38,4,2,158.51,3,0,South,Web,0
38,31,4,1,121.9,4,0,West,Mobile,0
39,17,5,0,17.21,4,0,East,Mobile,0
41,47,7,2,196.09,3,0,South,Web,0
58,25,4,1,74.67,3,0,North,Store,1
52,48,8,0,0.0,5,0,Budapest,Web,0
46,33,3,1,38.93,4,0,Budapest,Web,0
41,34,7,3,264.74,5,0,Budapest,Web,0
33,50,6,0,26.25,5,0,South,Web,0
66,9,7,1,70.08,4,0,South,Store,0
18,8,6,1,122.65,4,0,Budapest,Mobile,0
36,19,7,2,156.21,3,0,West,Web,0
27,26,7,3,224.08,4,0,Budapest,Mobile,0
39,12,7,0,0.0,5,0,Budapest,Web,0
18,11,3,1,32.91,4,0,South,Web,0
25,18,4,2,155.09,4,0,West,Mobile,0
31,11,5,1,85.9,4,0,West,Store,0
49,17,10,2,187.21,4,0,Budapest,Store,0
53,14,4,0,25.94,4,0,East,Web,0
22,14,9,1,7.53,4,0,North,Mobile,0
36,7,6,0,0.0,5,0,West,Web,0
44,36,10,4,394.06,5,0,South,Mobile,0
35,33,5,3,196.42,3,0,South,Web,0
37,21,11,1,30.34,4,0,West,Web,0
61,20,10,2,223.35,5,0,South,Store,0
24,42,7,1,36.4,4,0,West,Store,0
54,4,3,0,0.0,4,0,South,Mobile,0
19,29,8,2,148.53,2,0,East,Web,0
56,52,8,2,148.7,3,0,Budapest,Web,0
42,32,8,3,261.88,3,0,West,Web,0
43,24,3,0,0.0,3,0,West,Store,0
31,51,4,0,13.38,5,0,East,Web,0
18,8,8,1,119.41,5,0,West,Web,0
34,21,4,3,236.28,4,0,West,Web,0
40,34,5,1,66.26,4,0,Budapest,Web,0
24,9,7,2,193.78,5,0,Budapest,Web,0
53,40,6,1,77.44,5,0,East,Web,0
50,26,6,0,16.02,4,0,Budapest,Mobile,0
40,36,12,1,79.53,4,0,South,Mobile,0
36,36,6,2,200.83,4,0,Budapest,Store,0
35,10,6,1,65.8,4,0,West,Store,0
61,5,9,1,100.44,4,0,Budapest,Store,0
21,16,10,1,60.96,5,0,North,Mobile,0
42,45,6,2,202.83,5,0,East,Web,0
26,33,10,0,0.0,3,0,Budapest,Web,0
60,43,7,4,491.18,4,0,Budapest,Mobile,0
28,19,5,1,59.86,4,0,Budapest,Mobile,0
37,8,5,2,141.28,4,0,Budapest,Web,0
47,23,6,2,139.44,4,0,West,Web,0
24,2,5,2,125.79,3,0,Budapest,Mobile,0
51,26,8,2,134.84,5,0,South,Web,0
31,4,3,1,58.6,3,0,East,Mobile,0
52,28,8,1,107.1,4,0,West,Web,0
29,13,8,0,0.0,3,0,Budapest,Web,0
41,26,9,0,40.51,5,0,East,Store,0
34,37,9,3,320.26,4,0,East,Mobile,0
46,54,6,0,0.0,5,0,West,Mobile,0
62,22,10,1,53.41,4,0,Budapest,Store,0
44,42,15,4,332.34,4,0,Budapest,Store,0
59,27,2,0,0.0,3,0,South,Mobile,0
38,14,6,0,0.0,4,0,Budapest,Store,0
42,33,7,3,203.77,4,0,West,Mobile,0
47,45,9,3,256.76,5,0,Budapest,Mobile,0
44,30,6,2,91.19,4,0,North,Web,0
41,32,5,1,72.05,5,0,East,Mobile,0
51,13,8,0,30.44,4,0,Budapest,Web,0
71,13,5,1,113.3,5,0,West,Store,0
18,17,9,4,130.46,2,0,East,Mobile,0
44,33,4,0,0.0,5,0,Budapest,Web,0
38,4,5,0,21.39,3,0,West,Store,0
44,34,7,5,400.32,4,1,East,Web,0
56,22,8,1,68.83,4,0,Budapest,Web,0
43,31,5,0,0.0,4,0,West,Mobile,0
58,14,1,0,54.09,4,0,Budapest,Mobile,0
30,41,12,3,233.51,4,0,East,Web,0
31,41,9,4,373.77,4,0,South,Store,0
44,23,3,1,51.45,4,0,South,Web,0
18,22,8,2,238.66,3,0,South,Store,0
53,11,6,1,89.97,4,0,West,Store,0
50,12,7,1,67.53,3,0,North,Web,0
63,36,8,1,18.4,5,0,Budapest,Mobile,0
40,13,1,1,82.16,3,0,South,Web,0
36,20,11,1,75.7,3,0,East,Mobile,0
40,17,7,1,49.81,3,0,South,Store,0
45,68,6,0,1.03,4,0,South,Web,0
50,14,2,2,133.23,3,0,Budapest,Web,0
59,16,7,1,54.33,3,0,North,Web,0
31,26,4,1,98.51,5,0,North,Store,0
39,29,5,1,148.37,5,0,Budapest,Web,0
45,70,8,6,512.12,5,0,Budapest,Web,0
18,8,6,0,0.0,2,0,Budapest,Mobile,1
50,41,7,1,89.69,5,0,West,Mobile,0
34,7,10,1,79.15,3,0,West,Web,0
41,34,13,2,222.26,4,1,West,Web,0
44,23,8,1,114.86,3,0,West,Web,0
39,19,5,1,86.5,4,0,West,Web,0
28,20,5,2,157.7,4,0,West,Mobile,0
33,28,13,1,74.21,4,0,North,Web,0
56,11,7,0,9.64,4,0,Budapest,Web,0
28,17,5,1,82.18,2,0,Budapest,Mobile,0
47,16,2,0,24.45,3,0,West,Mobile,0
43,30,3,2,176.91,5,0,Budapest,Store,0
57,39,4,2,213.09,4,0,Budapest,Mobile,0
47,13,5,0,0.0,4,0,South,Web,0
38,26,8,2,192.22,4,1,Budapest,Web,0
52,19,2,2,118.29,4,0,South,Mobile,0
42,27,12,2,217.8,2,0,South,Web,0
63,18,8,1,40.83,5,0,North,Web,0
49,43,6,3,266.28,3,0,West,Web,0
49,15,5,3,263.35,3,0,West,Web,0
25,19,4,3,253.62,4,0,Budapest,Store,0
47,25,8,4,288.02,5,0,West,Mobile,0
37,26,6,1,74.78,5,0,Budapest,Web,0
32,10,5,1,116.34,4,0,Budapest,Store,0
53,37,3,2,105.71,4,0,Budapest,Web,0
32,9,4,0,0.0,5,0,Budapest,Web,0
47,7,7,3,210.22,4,0,South,Web,0
37,8,9,2,117.29,5,1,North,Store,0
19,51,14,2,165.26,5,1,East,Web,0
31,45,5,0,35.35,4,0,West,Mobile,0
27,27,6,4,348.07,4,0,Budapest,Web,0
35,38,5,0,35.64,4,0,West,Mobile,0
30,33,6,4,365.91,5,0,South,Mobile,0
41,28,8,1,24.98,4,0,West,Mobile,0
43,25,12,4,281.42,5,0,South,Store,0
23,22,6,2,163.53,4,0,Budapest,Mobile,0
39,17,5,1,93.91,4,0,South,Web,0
33,35,4,1,78.85,4,0,East,Mobile,0
31,36,6,2,154.53,4,0,South,Store,0
33,24,5,1,55.45,3,0,North,Mobile,0
51,13,3,0,0.0,4,0,Budapest,Mobile,0
41,9,4,0,0.0,3,0,South,Web,0
29,49,5,0,0.0,3,0,East,Store,0
52,7,5,0,0.0,4,0,South,Mobile,0
37,46,4,2,193.16,4,0,Budapest,Store,0
37,19,6,0,41.52,3,0,West,Web,0
27,6,7,2,98.62,3,0,South,Mobile,0
46,31,6,2,142.37,3,1,Budapest,Store,1
43,49,5,2,132.82,5,0,North,Mobile,0
45,14,3,2,257.27,3,0,East,Web,0
76,25,4,2,250.5,4,0,South,Web,0
40,23,2,1,105.84,5,0,Budapest,Store,0
42,19,5,1,42.76,4,0,West,Mobile,0
50,16,4,0,38.03,3,0,Budapest,Web,0
42,13,2,2,116.69,3,0,Budapest,Mobile,0
18,11,6,0,0.0,4,0,Budapest,Mobile,0
45,8,6,2,140.1,4,0,Budapest,Store,0
63,12,5,0,0.0,3,0,South,Store,0
34,30,10,2,145.98,4,0,West,Web,0
44,19,5,2,89.55,4,0,Budapest,Web,0
60,15,9,3,262.44,4,0,East,Web,0
31,39,4,0,0.0,5,0,North,Mobile,0
44,31,5,4,355.93,5,0,Budapest,Mobile,0
46,9,4,0,0.0,4,0,North,Web,0
42,19,8,3,242.78,3,0,East,Mobile,0
18,16,4,1,64.2,4,0,South,Web,0
40,34,5,1,78.28,5,0,South,Web,0
48,18,4,0,0.0,3,0,Budapest,Web,0
42,38,4,0,29.52,4,0,East,Mobile,0
55,29,10,1,95.61,5,0,South,Mobile,0
26,2,2,0,0.0,2,0,East,Web,0
28,12,5,0,16.01,4,0,Budapest,Mobile,0
38,8,6,0,0.0,5,0,South,Web,0
36,33,8,3,236.15,4,0,Budapest,Store,0
38,15,8,1,99.42,4,0,East,Web,0
43,10,9,0,0.0,3,0,North,Web,0
53,36,6,2,186.63,4,0,West,Store,0
21,26,6,0,29.23,3,0,West,Mobile,0
18,25,8,1,23.92,5,0,West,Web,0
40,6,4,0,40.23,4,0,Budapest,Store,0
24,8,7,2,92.32,3,0,North,Mobile,0
23,11,6,0,9.07,3,0,East,Mobile,0
35,34,9,2,162.92,4,0,West,Mobile,0
29,37,5,0,0.0,5,0,West,Mobile,0
43,30,11,3,158.12,4,0,North,Mobile,0
19,61,8,3,316.12,4,0,Budapest,Mobile,0
49,12,8,0,0.0,3,0,North,Mobile,1
35,21,4,0,0.0,5,0,East,Web,0
55,23,3,1,71.72,4,0,Budapest,Web,0
47,15,7,1,94.43,5,0,East,Web,0
36,34,7,1,92.14,3,0,South,Mobile,0
43,33,2,1,138.96,3,0,North,Mobile,0
47,16,6,0,0.0,4,0,West,Mobile,0
39,16,8,1,85.63,5,0,Budapest,Web,0
35,31,6,1,51.88,4,0,West,Web,0
52,8,5,1,119.64,3,0,North,Mobile,0
31,16,4,2,158.81,3,0,Budapest,Web,0
45,26,3,0,20.08,4,0,North,Web,0
44,9,7,0,0.0,4,0,Budapest,Web,0
45,11,6,1,50.28,3,0,North,Store,0
37,15,8,1,60.33,5,0,South,Web,0
55,18,5,1,32.41,4,0,West,Web,0
18,25,5,1,78.07,5,0,Budapest,Web,0
44,7,7,1,86.18,5,0,Budapest,Mobile,0
32,10,2,0,0.0,3,0,West,Web,0
18,29,7,2,117.91,4,0,East,Mobile,0
28,27,4,0,0.0,4,0,Budapest,Web,0
45,34,4,3,268.24,4,0,South,Web,0
42,22,5,0,3.87,3,0,South,Web,0
38,30,8,4,374.51,5,1,East,Mobile,0
33,26,7,1,75.09,5,0,South,Store,0
48,29,8,2,167.05,5,0,Budapest,Web,0
45,7,8,0,20.33,4,0,South,Store,0
73,25,4,1,79.88,5,0,Budapest,Web,0
39,8,5,0,2.16,4,0,West,Store,0
47,11,6,0,21.92,4,0,East,Web,0
39,37,8,0,0.0,4,0,South,Web,0
29,30,4,2,173.24,4,0,East,Web,0
52,22,6,0,13.28,3,0,West,Web,0
54,18,8,2,146.72,4,0,Budapest,Mobile,0
31,6,2,2,122.39,3,0,West,Web,0
42,38,5,1,121.3,4,0,North,Mobile,0
38,14,5,1,60.87,2,0,Budapest,Web,0
43,11,8,2,180.4,4,0,Budapest,Mobile,0
42,48,7,1,104.63,5,0,South,Web,0
45,27,8,3,259.79,4,0,Budapest,Mobile,0
56,18,6,2,181.34,3,0,South,Mobile,0
35,39,6,2,225.58,5,0,South,Mobile,0
18,13,4,3,209.79,2,0,South,Web,0
18,4,4,0,0.0,4,0,South,Mobile,0
34,37,6,1,108.21,5,0,East,Web,0
29,14,5,0,10.51,3,0,North,Store,0
42,17,6,0,4.89,5,0,Budapest,Web,0
34,72,7,6,546.59,5,0,South,Mobile,0
50,15,3,2,146.65,4,0,Budapest,Mobile,0
46,29,9,2,173.73,3,0,Budapest,Mobile,0
18,26,4,0,12.32,4,0,Budapest,Mobile,0
65,6,10,0,0.0,4,0,Budapest,Web,0
25,14,7,2,76.3,3,0,South,Web,1
46,9,7,0,1.67,4,0,Budapest,Store,0
39,39,8,0,7.54,4,0,Budapest,Mobile,0
43,30,8,2,102.59,3,0,North,Mobile,0
44,65,4,0,13.5,4,0,North,Web,0
39,14,3,0,42.18,5,0,East,Mobile,0
19,31,11,1,86.77,5,0,East,Web,0
44,3,6,0,0.0,4,0,Budapest,Mobile,0
41,63,3,0,15.0,4,0,North,Mobile,0
18,18,9,3,197.66,4,0,South,Web,1
42,15,6,1,89.97,5,0,East,Mobile,0
42,65,12,4,339.32,5,0,Budapest,Store,0
54,21,4,1,66.19,4,0,East,Web,0
32,15,8,1,111.79,4,0,Budapest,Web,0
22,31,6,2,75.17,5,0,Budapest,Web,0
56,16,11,2,161.79,4,0,North,Mobile,0
54,10,1,0,0.0,4,0,North,Web,0
42,16,3,0,0.0,3,0,South,Web,0
53,14,5,2,86.6,5,0,East,Web,0
52,31,10,1,82.41,4,0,West,Mobile,0
49,11,8,1,84.55,3,1,East,Web,0
34,17,11,1,112.0,4,0,South,Web,0
42,32,7,2,136.53,5,0,Budapest,Mobile,0
39,13,3,0,12.47,4,0,Budapest,Mobile,0
26,38,6,1,69.0,4,0,East,Mobile,0
54,32,5,6,563.35,5,1,Budapest,Mobile,0
21,32,11,1,118.7,4,0,North,Mobile,0
45,6,6,0,0.0,4,0,West,Web,0
41,16,7,2,109.44,4,0,East,Web,0
22,28,4,1,36.58,5,0,South,Web,0
63,25,12,1,102.36,4,1,South,Mobile,0
42,34,2,0,0.0,3,0,West,Web,0
33,16,5,0,0.0,4,0,North,Mobile,0
49,18,6,0,35.35,4,0,South,Mobile,0
39,36,10,3,252.74,4,0,South,Mobile,0
40,8,4,2,180.25,3,0,Budapest,Web,0
29,12,6,1,95.43,4,0,Budapest,Web,0
53,12,7,2,162.91,3,0,East,Web,0
45,8,7,1,104.17,4,0,Budapest,Mobile,0
49,21,6,1,105.47,5,0,West,Store,1
52,9,6,2,194.09,3,0,East,Web,0
32,28,8,1,79.39,5,1,East,Web,0
38,25,6,2,157.32,3,0,Budapest,Web,0
53,14,3,0,35.33,4,0,Budapest,Mobile,0
18,23,3,3,204.83,4,0,Budapest,Web,0
30,17,2,1,48.18,3,0,West,Web,0
41,45,2,4,409.88,5,0,Budapest,Web,0
34,49,4,2,111.03,5,0,Budapest,Web,0
40,28,5,0,29.15,4,0,East,Mobile,0
57,9,8,2,145.49,4,0,Budapest,Store,0
45,31,5,0,13.13,4,0,East,Web,0
34,30,4,0,0.0,4,0,North,Mobile,0
18,9,7,2,196.65,4,0,South,Web,0
37,4,2,1,22.08,3,0,East,Web,0
37,17,5,0,0.0,3,0,Budapest,Web,0
45,21,6,0,0.0,3,0,Budapest,Web,0
31,9,5,2,62.62,5,0,Budapest,Web,0
50,35,4,1,60.74,5,0,Budapest,Mobile,0
34,8,8,0,11.72,3,0,East,Web,0
27,21,4,0,0.0,3,0,Budapest,Mobile,0
37,6,6,0,3.67,4,0,East,Web,0
25,49,9,3,290.38,3,0,East,Mobile,0
35,9,5,0,7.63,4,0,West,Mobile,0
63,35,2,3,204.84,4,0,Budapest,Mobile,0
62,22,7,0,0.0,4,0,Budapest,Web,0
52,25,5,0,0.0,4,0,Budapest,Store,0
44,31,7,1,77.59,5,0,East,Mobile,0
46,19,5,0,21.84,3,0,Budapest,Web,0
35,7,4,0,0.0,4,0,North,Web,0
31,15,2,1,126.84,3,0,East,Web,0
47,7,7,4,150.71,3,0,West,Mobile,0
57,62,4,2,204.84,5,0,West,Web,0
50,21,4,3,285.34,3,0,North,Store,0
40,27,6,1,117.81,3,0,West,Mobile,0
57,18,7,1,130.29,4,0,West,Store,0
48,16,3,2,208.05,4,0,Budapest,Mobile,0
40,15,7,0,0.0,2,0,South,Web,0
44,13,5,0,0.0,3,0,South,Store,0
33,36,7,2,115.24,3,0,Budapest,Mobile,0
60,55,7,2,194.98,4,0,Budapest,Web,0
37,16,5,0,0.0,4,0,North,Store,0
45,6,3,0,11.35,3,0,West,Mobile,0
44,38,6,1,132.7,5,0,Budapest,Web,0
43,33,3,1,31.13,4,0,East,Mobile,0
62,13,4,2,142.43,5,0,Budapest,Mobile,0
51,12,9,1,56.2,4,0,North,Mobile,0
26,13,7,1,39.9,4,0,Budapest,Mobile,1
53,18,7,3,277.0,3,0,West,Store,0
41,25,3,0,13.21,4,0,South,Web,0
39,51,3,2,165.32,5,0,South,Web,0
43,23,4,1,70.24,5,0,Budapest,Web,0
47,19,5,0,0.0,4,0,South,Web,0
25,12,5,1,80.06,2,0,East,Store,0
39,50,5,0,0.0,4,0,South,Web,0
24,13,3,1,79.74,3,0,Budapest,Mobile,0
27,28,4,0,23.23,5,0,North,Web,0
37,26,5,3,225.71,4,0,Budapest,Store,0
49,46,14,2,213.18,3,0,West,Store,0
50,34,7,1,131.41,5,0,Budapest,Web,0
44,22,8,0,26.35,3,0,East,Store,0
27,42,9,1,39.83,5,0,South,Mobile,0
45,40,14,2,195.29,4,0,Budapest,Store,0
45,37,5,1,43.96,5,0,Budapest,Web,0
27,15,3,1,67.39,3,0,East,Mobile,0
18,15,6,1,74.64,4,0,East,Mobile,0
45,15,2,0,0.0,3,0,Budapest,Web,1
18,42,7,2,91.97,4,0,Budapest,Store,0
50,25,10,1,94.26,4,0,West,Store,0
33,19,5,1,85.17,4,0,South,Mobile,0
57,21,6,1,34.66,5,0,North,Web,0
40,32,3,1,136.56,3,0,West,Mobile,1
21,18,4,0,23.59,4,0,East,Store,1
46,37,9,2,119.04,5,0,North,Web,0
36,12,9,0,7.96,4,0,West,Web,0
53,18,2,1,91.47,3,0,West,Mobile,0
24,27,5,2,110.05,4,0,East,Web,0
49,10,6,1,75.82,4,0,East,Store,0
30,17,6,0,0.0,5,0,West,Web,0
52,45,9,3,340.79,5,0,North,Mobile,0
48,19,5,2,208.9,3,0,Budapest,Web,0
22,60,6,2,227.89,3,0,Budapest,Web,0
41,72,9,3,246.94,5,0,Budapest,Mobile,0
55,39,3,1,118.81,5,0,Budapest,Store,0
33,20,4,5,359.72,3,0,North,Mobile,1
41,21,4,1,80.91,4,0,Budapest,Web,1
42,5,8,0,0.0,4,0,East,Store,0
51,65,10,3,313.35,5,0,North,Web,0
70,12,9,2,215.59,3,0,Budapest,Mobile,0
50,10,6,0,0.0,2,0,Budapest,Web,0
40,32,4,2,205.93,4,0,Budapest,Web,0
44,49,7,2,160.16,5,0,Budapest,Mobile,0
38,26,4,1,99.13,5,0,East,Mobile,0
46,40,5,1,78.86,4,1,Budapest,Web,0
53,59,5,3,318.47,3,0,Budapest,Mobile,0
50,29,5,1,47.54,4,0,Budapest,Mobile,0
32,20,6,1,80.9,3,0,East,Mobile,0
52,37,6,0,0.0,3,0,West,Web,1
38,4,1,0,0.0,4,0,North,Web,0
41,12,7,0,0.0,3,0,East,Web,0
29,32,5,0,2.36,4,0,Budapest,Mobile,0
40,39,8,2,220.21,5,0,East,Mobile,0
39,24,7,0,3.57,5,0,West,Store,0
33,23,6,3,204.94,3,1,South,Mobile,0
18,5,7,0,0.0,2,0,South,Web,0
32,2,2,0,16.51,4,0,Budapest,Web,0
43,50,6,3,141.38,3,0,North,Store,0
28,25,5,3,196.81,5,0,West,Mobile,0
39,24,6,0,0.0,4,0,Budapest,Web,0
37,15,7,1,65.48,3,0,Budapest,Mobile,0
80,18,5,0,3.85,5,0,Budapest,Web,0
58,22,8,1,129.99,5,0,North,Web,0
51,55,6,2,112.81,4,0,South,Mobile,0
36,51,8,0,7.77,4,0,East,Web,0
51,69,9,2,249.79,5,0,West,Mobile,0
56,6,6,0,0.0,3,0,Budapest,Web,0
18,55,5,2,102.09,4,0,South,Web,0
44,17,6,3,146.09,5,1,Budapest,Store,0
49,12,10,0,50.55,3,0,East,Web,0
42,31,4,1,124.56,3,0,Budapest,Web,0
59,50,7,1,48.69,5,0,West,Mobile,0
23,4,6,0,0.0,4,0,Budapest,Store,1
51,46,8,3,218.24,5,0,Budapest,Store,0
29,10,8,2,180.04,5,0,Budapest,Mobile,0
43,36,2,3,333.45,5,0,East,Mobile,0
28,32,8,3,338.8,5,0,West,Web,0
47,36,10,0,0.0,5,0,Budapest,Web,0
22,21,6,1,47.17,4,0,Budapest,Web,0
43,63,6,0,10.95,4,0,West,Store,0
48,16,3,0,27.41,2,0,West,Store,0
58,37,5,1,58.47,3,0,Budapest,Web,0
43,25,3,0,45.56,4,0,Budapest,Web,0
30,51,4,2,191.25,5,0,South,Mobile,0
20,41,7,2,128.53,4,0,East,Web,0
60,42,4,3,275.15,5,0,Budapest,Store,0
54,19,8,1,90.45,5,1,South,Web,0
49,4,2,1,126.2,3,0,Budapest,Store,0
50,23,4,0,0.29,4,0,Budapest,Web,0
47,14,14,1,67.57,3,0,Budapest,Web,0
35,44,12,4,405.99,4,0,Budapest,Store,0
47,56,4,3,186.12,4,0,East,Web,0
47,26,10,0,38.15,4,0,Budapest,Store,0
32,8,4,0,23.35,3,0,West,Web,0
35,14,3,0,0.0,4,0,East,Store,0
30,19,5,0,15.09,4,0,South,Web,0
72,11,6,2,259.14,5,0,Budapest,Web,1
38,47,5,0,0.0,4,0,Budapest,Web,0
31,7,4,1,161.69,4,1,Budapest,Web,0
47,72,7,1,36.54,5,0,Budapest,Web,0
65,6,4,1,59.72,4,0,South,Mobile,0
49,18,9,2,114.51,3,0,Budapest,Mobile,0
18,11,7,0,0.0,4,0,Budapest,Web,0
34,18,6,2,188.9,3,0,Budapest,Web,0
39,20,6,3,252.71,4,0,East,Mobile,0
21,10,2,2,134.23,3,0,West,Mobile,0
57,21,5,1,33.73,4,0,East,Mobile,0
46,68,9,3,153.18,5,0,Budapest,Mobile,0
29,48,8,4,230.58,3,1,Budapest,Store,0
19,23,8,1,45.47,4,0,Budapest,Mobile,0
58,20,6,2,247.77,3,0,South,Mobile,0
46,55,4,2,108.08,4,0,West,Mobile,0
44,19,9,1,45.05,5,0,West,Web,0
54,21,4,0,0.0,5,0,North,Web,0
49,34,7,3,279.2,5,0,North,Web,0
50,39,4,2,138.21,5,0,East,Web,0
32,44,9,3,296.5,5,1,West,Web,0
40,62,10,5,474.69,5,0,East,Store,0
46,38,10,5,276.73,5,0,East,Mobile,0
80,21,6,0,0.0,5,0,East,Mobile,0
57,20,4,2,187.71,4,0,North,Web,1
43,39,8,3,307.76,5,0,West,Web,0
30,43,7,4,380.54,5,0,South,Web,0
25,7,7,1,21.07,4,0,West,Mobile,0
27,16,7,2,242.02,3,0,Budapest,Store,0
39,43,5,0,37.68,4,0,West,Store,0
46,32,6,1,114.4,4,0,West,Web,0
25,21,5,1,47.33,3,0,Budapest,Web,0
33,26,7,1,107.58,4,0,Budapest,Web,0
30,56,5,5,554.74,5,0,East,Web,0
54,72,7,0,0.0,5,0,Budapest,Mobile,0
46,17,5,1,46.42,2,0,Budapest,Mobile,0
45,40,9,2,142.39,4,0,West,Mobile,0
27,8,4,0,0.0,4,0,North,Web,0
37,26,10,0,48.34,4,0,South,Mobile,0
32,12,5,4,261.18,3,0,West,Mobile,0
53,23,5,0,0.0,4,0,West,Mobile,0
56,11,4,0,16.39,3,0,Budapest,Store,0
44,20,10,0,0.0,4,0,East,Store,0
67,11,7,1,87.32,3,0,North,Web,0
32,44,9,1,86.15,4,0,North,Mobile,0
39,19,3,0,0.0,4,0,East,Web,0
29,26,5,0,16.08,4,0,Budapest,Web,0
60,13,6,0,0.0,5,0,Budapest,Store,0
40,15,2,0,0.0,4,0,East,Web,0
44,67,7,3,164.75,5,0,West,Mobile,0
29,14,11,3,211.17,5,1,Budapest,Store,1
25,30,7,1,70.19,5,0,Budapest,Mobile,0
45,13,10,1,68.34,4,0,West,Mobile,0
41,49,4,3,208.41,3,0,South,Store,0
48,2,6,1,89.42,4,0,North,Mobile,0
69,9,3,0,15.15,3,0,East,Mobile,0
43,16,6,2,223.78,4,0,Budapest,Mobile,0
37,47,5,3,254.65,5,0,Budapest,Mobile,0
60,31,5,0,23.52,4,0,East,Web,0
29,45,8,2,139.4,5,0,Budapest,Mobile,0
32,16,8,1,57.57,5,0,West,Mobile,0
25,15,6,1,57.25,4,0,North,Web,0
42,34,9,0,0.0,3,0,Budapest,Store,0
52,38,13,1,42.89,4,1,East,Store,0
69,37,8,3,296.93,3,0,East,Mobile,0
52,41,3,2,188.06,2,0,East,Web,1
35,15,2,0,0.0,4,0,South,Web,0
38,25,3,1,99.25,5,0,Budapest,Mobile,0
49,19,9,1,28.38,5,0,East,Web,0
18,36,10,1,46.15,5,0,North,Mobile,0
18,16,9,0,27.06,4,0,North,Mobile,0
18,51,8,0,0.0,4,0,Budapest,Store,0
58,51,5,2,218.18,5,0,East,Web,0
25,29,10,3,206.12,3,0,Budapest,Mobile,0
40,37,3,0,7.47,5,0,South,Web,0
35,15,8,1,54.31,3,0,East,Mobile,0
34,21,4,1,71.41,5,0,West,Web,0
59,21,6,3,335.8,3,0,Budapest,Web,0
30,29,7,3,187.03,4,0,South,Mobile,0
43,37,9,3,175.41,3,0,Budapest,Web,0
26,31,3,0,41.92,4,0,Budapest,Store,0
66,11,7,1,113.8,3,0,North,Web,0
37,12,7,4,223.33,4,0,West,Web,0
61,12,9,1,75.1,3,0,Budapest,Mobile,0
32,18,7,2,154.74,4,0,North,Mobile,0
37,57,11,3,248.28,5,0,Budapest,Mobile,0
31,5,2,0,0.0,4,0,South,Mobile,0
70,25,4,0,8.76,2,0,Budapest,Mobile,0
38,16,7,1,105.54,3,0,Budapest,Store,0
41,24,9,1,78.52,3,0,East,Mobile,0
30,8,4,0,0.0,4,0,Budapest,Web,1
68,18,3,1,84.29,4,0,West,Mobile,0
34,2,5,1,62.17,5,0,Budapest,Mobile,0
50,26,3,0,9.6,3,0,North,Mobile,0
50,16,7,0,0.0,4,0,East,Web,0
29,64,3,1,139.09,5,0,West,Store,0
41,30,7,1,0.0,4,0,North,Mobile,0
39,17,6,0,0.0,2,0,North,Store,1
47,40,5,1,112.04,3,0,South,Store,0
36,27,9,1,33.61,5,0,Budapest,Mobile,1
31,13,7,3,215.17,4,0,West,Web,0
39,43,7,4,244.77,4,0,South,Store,0
51,10,6,0,0.0,3,0,South,Web,0
31,15,8,1,109.47,4,0,Budapest,Mobile,0
42,11,6,0,27.65,5,0,West,Mobile,0
38,29,8,1,79.9,3,0,Budapest,Web,0
33,31,8,3,229.31,5,0,South,Web,0
32,33,4,3,189.89,3,0,East,Web,0
50,22,6,2,155.53,3,0,West,Store,0
42,19,7,1,53.4,4,0,South,Mobile,0
40,20,6,2,119.34,4,0,Budapest,Web,0
41,2,3,0,0.0,5,0,South,Web,0
30,30,11,2,162.19,4,0,North,Web,0
36,23,6,0,25.35,5,0,East,Web,0
40,26,7,2,223.69,3,0,West,Store,1
31,9,5,1,88.21,3,0,Budapest,Web,0
26,67,8,4,404.67,5,0,East,Web,0
40,8,7,0,43.36,2,0,Budapest,Mobile,0
43,32,7,1,113.26,3,0,South,Web,0
41,6,5,2,161.78,4,0,South,Store,0
21,52,10,3,160.73,5,0,South,Web,0
24,6,4,0,2.72,3,0,North,Mobile,0
27,16,6,0,0.0,3,0,East,Web,0
37,28,6,2,156.42,4,0,West,Web,0
48,8,5,1,77.83,3,0,Budapest,Mobile,0
25,28,8,1,77.81,5,1,Budapest,Web,0
36,7,5,0,0.0,2,0,Budapest,Mobile,1
36,6,5,0,0.0,3,0,North,Mobile,0
36,16,6,1,75.01,4,1,West,Web,0
48,30,0,3,226.03,3,1,South,Web,0
18,33,6,2,61.97,4,0,West,Web,0
33,15,7,0,0.0,3,0,Budapest,Mobile,0
50,26,6,3,271.75,4,1,Budapest,Web,0
45,16,5,2,142.42,5,1,East,Web,0
48,12,6,1,126.58,4,0,North,Mobile,0
31,13,7,2,196.17,5,0,West,Web,0
58,33,8,2,69.81,3,0,North,Store,0
47,38,9,4,353.23,4,0,West,Store,0
41,41,3,3,402.66,5,0,Budapest,Store,0
48,45,11,2,212.49,4,0,East,Web,0
67,8,8,0,0.0,3,0,South,Mobile,0
62,6,8,0,0.0,3,0,West,Web,0
48,24,8,2,182.75,5,0,North,Web,0
37,10,5,0,24.0,4,0,South,Mobile,0
52,27,7,1,69.09,4,0,West,Web,0
36,15,8,1,50.9,4,0,Budapest,Web,0
18,50,7,1,77.62,5,0,South,Mobile,0
27,13,4,0,5.37,5,0,West,Mobile,0
43,19,7,1,51.61,5,0,West,Web,0
38,7,6,3,322.81,5,0,East,Mobile,0
49,5,6,0,0.0,2,0,West,Mobile,0
37,10,7,1,48.96,4,0,West,Mobile,0
36,47,6,3,276.19,4,0,East,Web,0
53,9,8,0,15.98,4,0,West,Store,0
48,9,10,2,108.77,4,0,West,Web,0
37,27,1,1,79.98,5,0,Budapest,Mobile,0
32,6,5,2,130.36,4,0,Budapest,Mobile,0
51,7,8,3,253.66,5,0,North,Web,0
42,18,6,0,0.0,4,0,East,Web,0
29,3,3,1,14.2,3,0,Budapest,Mobile,0
42,25,8,1,74.81,5,0,South,Mobile,0
55,71,9,2,137.13,5,0,North,Mobile,0
42,6,2,2,105.41,4,0,North,Web,0
60,46,7,2,210.77,5,0,East,Web,0
34,23,6,0,5.25,4,0,Budapest,Web,0
40,26,4,0,12.26,4,0,South,Web,0
52,11,8,1,138.08,4,1,South,Mobile,0
48,7,11,1,119.86,4,0,West,Web,0
48,25,5,2,198.35,5,1,Budapest,Web,0
26,21,0,0,39.02,3,0,South,Mobile,0
41,44,5,3,189.4,4,0,South,Web,0
46,49,4,2,193.78,4,0,West,Web,0
36,9,10,1,66.74,3,0,West,Web,0
39,15,9,2,234.84,4,0,South,Store,0
44,7,5,0,52.57,4,0,West,Web,0
56,21,4,2,127.68,4,0,Budapest,Store,0
35,34,7,2,190.47,4,0,North,Web,0
51,35,7,4,246.01,5,0,Budapest,Web,0
44,30,7,0,0.0,4,0,South,Web,0
50,27,4,2,170.76,5,0,North,Web,0
18,35,4,2,134.12,4,0,Budapest,Web,0
29,24,4,4,218.46,5,0,West,Mobile,0
52,5,2,1,102.45,3,0,South,Mobile,0
77,14,5,0,0.0,5,0,South,Web,0
32,19,3,4,286.16,3,0,West,Web,0
36,14,3,1,94.89,3,0,West,Mobile,0
42,29,8,1,69.71,3,0,West,Store,0
52,21,7,1,107.36,5,0,North,Store,0
46,39,3,1,80.5,4,0,East,Web,0
26,4,4,1,58.28,5,0,South,Web,0
54,57,10,1,78.04,4,0,East,Web,0
65,12,8,2,235.14,4,0,North,Mobile,0
44,5,7,1,81.08,5,1,South,Web,0
36,32,8,2,145.64,4,0,South,Web,0
59,20,8,2,234.38,3,1,East,Mobile,0
41,53,8,2,136.69,3,0,West,Web,0
44,32,6,1,70.3,4,0,West,Web,0
38,18,5,1,69.94,3,0,Budapest,Web,0
55,25,9,3,243.81,4,0,North,Mobile,0
59,11,7,1,65.37,3,0,Budapest,Store,0
42,72,8,4,448.16,5,0,Budapest,Mobile,0
58,59,6,2,213.61,5,0,East,Store,0
44,27,5,2,228.52,4,0,Budapest,Mobile,0
37,52,9,1,102.5,5,0,North,Mobile,0
55,14,3,0,0.0,4,0,West,Web,0
46,15,6,0,0.0,4,0,East,Web,0
45,10,5,3,203.18,3,0,East,Store,0
32,66,8,3,176.68,5,0,West,Web,0
56,12,1,1,90.67,3,0,South,Store,1
29,7,7,0,0.0,4,0,East,Store,0
18,6,9,0,22.01,3,0,Budapest,Store,0
61,26,10,2,136.86,3,0,East,Web,0
25,39,4,1,14.57,4,0,South,Mobile,0
28,12,6,0,0.0,4,0,West,Mobile,0
43,11,3,0,25.03,3,0,East,Web,0
40,47,8,2,219.4,5,0,Budapest,Mobile,0
21,13,6,2,157.69,3,0,Budapest,Web,0
33,33,7,2,119.99,3,1,South,Store,0
39,33,7,3,204.12,5,0,West,Mobile,0
46,14,9,3,191.58,4,1,North,Mobile,0
27,7,5,2,104.39,4,0,West,Mobile,0
30,37,6,0,10.38,5,0,West,Mobile,0
30,16,8,0,34.01,4,0,South,Web,0
51,33,4,0,0.0,3,0,East,Web,0
38,41,2,0,0.0,4,0,East,Web,0
33,16,5,1,44.77,3,0,South,Mobile,0
64,7,5,0,0.0,3,0,Budapest,Web,0
39,16,6,1,77.89,4,0,East,Mobile,0
48,10,4,1,43.66,3,0,East,Web,0
51,18,5,1,102.85,4,0,Budapest,Mobile,0
47,48,11,2,215.81,5,0,Budapest,Web,0
57,39,6,3,353.3,4,0,East,Web,0
63,52,5,3,257.77,5,1,West,Mobile,0
18,55,4,1,75.35,4,0,Budapest,Mobile,0
45,28,3,1,101.31,3,0,Budapest,Web,0
44,69,17,4,377.53,5,0,South,Store,0
28,48,6,3,311.5,4,1,West,Mobile,0
29,21,4,3,133.84,3,0,East,Web,0
51,43,3,3,299.5,3,0,Budapest,Web,0
44,41,9,4,311.54,5,0,Budapest,Store,0
62,12,5,1,77.83,3,0,South,Web,0
21,23,10,0,0.0,4,0,East,Web,0
41,1,7,0,0.0,4,0,West,Web,0
63,38,8,1,77.35,4,0,West,Mobile,0
25,21,6,0,0.0,3,0,East,Store,0
46,18,7,1,86.23,4,0,North,Store,0
32,46,8,1,110.04,4,0,Budapest,Web,0
18,33,7,1,64.73,5,0,Budapest,Web,0
29,9,8,0,17.0,4,0,East,Mobile,0
34,43,13,1,54.33,3,0,South,Mobile,0
45,31,8,4,276.67,5,0,West,Web,0
36,4,8,0,0.0,5,0,West,Web,0
45,37,6,2,160.17,5,0,South,Store,0
36,9,8,1,88.17,4,0,Budapest,Mobile,0
51,24,6,0,66.46,5,0,Budapest,Web,0
33,30,6,2,130.6,5,1,South,Web,0
39,6,4,1,56.03,4,0,East,Web,0
60,23,9,0,0.0,5,0,North,Web,0
24,72,4,1,41.51,5,0,East,Web,0
33,15,7,2,161.06,3,0,West,Web,0
44,39,11,1,115.71,5,0,North,Store,1
46,37,3,1,80.71,4,0,West,Mobile,0
34,18,2,0,20.12,4,0,South,Mobile,0
21,18,6,1,63.9,3,0,East,Store,0
46,45,7,1,81.88,4,0,East,Mobile,0
49,19,5,2,106.38,3,0,South,Web,0
44,12,5,0,5.44,4,0,West,Mobile,0
44,29,11,2,196.19,4,0,West,Mobile,0
39,16,6,1,32.58,4,0,Budapest,Web,0
39,9,6,1,93.88,5,0,South,Mobile,0
23,43,6,0,31.24,4,0,North,Store,0
34,15,7,1,73.52,4,0,Budapest,Mobile,0
34,10,9,0,18.63,4,0,South,Web,0
48,24,4,2,171.53,5,0,South,Web,0
31,38,10,1,139.16,5,0,Budapest,Web,0
63,15,4,0,0.0,2,0,North,Web,0
18,13,5,1,77.21,4,0,South,Web,0
26,3,6,0,1.04,3,0,Budapest,Web,0
44,53,10,5,428.96,4,0,West,Web,0
36,21,4,2,156.01,4,0,Budapest,Web,0
44,46,3,1,32.23,5,0,East,Web,0
52,32,6,2,100.88,3,0,East,Web,0
39,60,5,1,65.75,5,0,Budapest,Mobile,0
26,28,11,1,83.66,4,0,South,Mobile,0
48,20,2,1,87.41,3,0,Budapest,Mobile,0
41,22,5,2,131.95,4,0,Budapest,Web,0
47,38,10,3,224.32,5,0,Budapest,Store,0
42,19,4,3,244.08,4,0,South,Store,0
34,42,2,1,41.08,3,0,South,Mobile,0
47,7,6,0,7.6,4,0,East,Mobile,0
32,8,9,3,220.1,4,0,East,Web,0
61,31,2,0,9.54,4,0,West,Store,0
68,11,5,0,51.3,3,0,Budapest,Store,0
47,12,6,1,107.22,4,0,North,Mobile,1
21,36,9,3,84.77,5,0,West,Mobile,0
45,14,14,2,152.86,4,0,East,Web,0
39,40,10,0,13.09,5,0,East,Mobile,0
52,20,3,0,13.44,4,0,North,Web,0
61,24,7,1,57.53,4,0,East,Mobile,0
56,30,3,2,163.76,4,0,East,Mobile,0
49,63,9,2,156.94,5,0,Budapest,Store,0
34,22,6,0,12.56,4,0,East,Store,0
43,14,8,0,14.92,5,0,West,Mobile,0
33,27,9,1,117.51,4,0,Budapest,Mobile,0
41,12,6,0,26.63,4,0,South,Web,0
42,21,8,0,13.94,5,0,East,Web,0
48,61,7,0,0.32,4,0,Budapest,Web,0
57,29,7,0,17.44,5,0,East,Store,0
25,25,8,0,0.0,4,0,Budapest,Mobile,0
22,62,4,2,215.28,5,0,South,Web,0
30,13,11,0,12.51,5,0,North,Web,0
39,12,8,0,27.25,4,0,South,Web,1
41,72,7,3,347.16,3,0,East,Store,0
52,20,5,2,174.06,4,0,Budapest,Mobile,0
33,9,3,1,50.2,3,0,Budapest,Mobile,0
37,10,6,2,105.56,3,0,South,Mobile,0
45,26,3,1,96.01,5,0,Budapest,Mobile,0
38,72,8,1,73.5,4,0,East,Web,0
60,18,5,3,404.93,4,0,North,Mobile,0
43,10,6,2,77.84,5,0,Budapest,Mobile,0
50,11,9,2,182.6,4,0,Budapest,Web,0
29,34,8,0,21.28,5,0,Budapest,Web,0
25,28,8,2,119.88,5,0,West,Web,0
48,33,5,4,364.1,5,0,East,Web,0
52,10,8,0,2.11,5,0,Budapest,Web,0
46,18,6,4,250.9,4,0,South,Web,0
37,1,7,2,131.72,3,0,South,Mobile,0
56,59,10,1,86.79,5,1,West,Web,0
37,10,4,0,54.59,4,0,East,Mobile,1
32,30,5,3,147.98,5,0,North,Web,0
20,17,4,2,109.05,3,0,East,Mobile,0
54,32,9,2,172.09,3,0,South,Web,0
73,42,8,1,103.6,4,1,East,Mobile,0
55,27,8,0,0.0,5,0,West,Web,0
54,21,3,1,44.58,4,0,West,Web,0
44,31,4,3,145.59,3,0,Budapest,Web,0
38,15,8,0,0.0,4,0,East,Mobile,0
45,58,10,2,232.79,5,0,Budapest,Mobile,0
29,9,3,0,0.0,5,0,East,Web,0
33,18,5,2,89.87,4,0,West,Web,0
41,36,3,1,45.62,3,0,South,Mobile,0
46,30,1,2,183.76,5,0,Budapest,Mobile,0
27,26,8,1,79.78,5,0,Budapest,Mobile,0
39,39,12,3,228.34,4,0,North,Web,0
41,19,9,2,226.8,2,0,East,Mobile,0
58,28,8,0,0.0,4,0,Budapest,Web,0
58,44,9,1,114.02,3,0,South,Web,0
30,17,7,1,61.12,4,0,North,Web,0
50,9,8,0,2.92,3,0,East,Store,0
45,17,3,3,205.43,3,0,East,Store,0
44,21,2,1,86.16,5,0,East,Web,0
25,25,10,0,15.57,4,0,South,Web,0
52,26,11,6,417.0,4,0,Budapest,Mobile,0
44,11,3,1,53.32,4,0,East,Mobile,0
46,16,3,1,65.4,3,0,West,Store,1
22,16,6,0,0.0,5,0,East,Store,0
23,12,4,2,114.44,2,0,West,Mobile,0
42,20,4,1,41.01,4,0,East,Web,0
51,32,4,1,82.15,5,0,North,Mobile,0
63,17,3,1,71.01,3,0,Budapest,Store,0
34,20,4,1,71.99,3,0,Budapest,Store,0
42,9,3,0,0.0,3,0,West,Store,0
40,41,11,5,464.58,4,1,North,Mobile,0
57,17,2,0,0.0,4,0,Budapest,Web,0
23,17,6,1,63.03,5,0,West,Web,0
53,15,9,0,43.85,3,0,South,Web,0
24,17,3,0,30.71,4,0,North,Mobile,1
50,12,6,5,391.51,4,0,West,Web,0
43,37,10,5,401.58,5,1,Budapest,Mobile,0
18,5,9,0,15.01,3,0,East,Store,0
40,13,4,1,86.82,4,0,South,Mobile,0
40,8,5,0,0.0,4,0,West,Mobile,1
37,62,6,2,178.14,5,0,South,Web,0
27,39,5,3,104.8,2,0,East,Store,0
57,6,4,0,24.59,3,0,South,Web,1
39,25,4,0,34.2,4,0,East,Mobile,0
52,21,5,2,91.58,4,0,East,Web,0
34,41,5,0,18.98,3,0,South,Mobile,0
45,38,4,1,37.33,5,0,North,Store,0
36,11,3,2,213.92,3,0,West,Web,0
21,27,9,2,116.22,4,0,Budapest,Store,0
48,4,7,0,0.0,3,0,Budapest,Mobile,0
43,40,2,1,62.32,4,0,Budapest,Mobile,0
60,28,4,2,194.09,4,0,West,Mobile,0
43,12,6,2,179.53,2,0,Budapest,Mobile,0
29,16,5,0,12.4,4,0,North,Web,0
23,12,10,1,27.51,5,0,East,Mobile,0
42,16,9,2,109.91,4,0,Budapest,Mobile,0
30,9,9,0,0.0,4,0,Budapest,Web,0
47,16,8,0,2.66,4,0,East,Mobile,0
27,25,5,0,31.96,4,0,South,Store,0
36,24,5,0,0.0,3,0,South,Mobile,0
32,38,6,1,97.16,4,0,North,Web,1
48,23,8,0,0.0,4,0,East,Web,0
56,9,3,0,29.54,4,0,East,Mobile,0
34,33,9,2,160.49,4,0,West,Store,0
34,25,8,1,34.72,4,0,Budapest,Web,0
46,13,5,0,0.41,2,0,Budapest,Store,0
61,12,8,0,5.52,4,0,East,Mobile,0
52,61,11,7,601.79,5,0,South,Mobile,0
47,12,3,1,93.4,4,0,West,Store,0
61,34,7,3,245.21,4,0,Budapest,Store,0
48,14,1,0,3.58,4,0,West,Web,0
47,40,10,0,0.0,3,0,North,Mobile,0
18,37,7,0,18.42,5,0,West,Web,0
31,29,7,0,0.0,4,0,West,Mobile,0
48,7,7,0,14.75,3,0,Budapest,Store,0
41,37,10,4,429.17,4,0,Budapest,Web,0
32,31,7,3,183.51,4,1,West,Web,0
21,27,6,4,328.2,5,0,North,Web,0
27,22,5,1,103.66,5,0,West,Web,0
46,26,10,1,70.76,4,0,Budapest,Store,0
37,25,8,5,405.91,4,0,Budapest,Web,0
43,13,7,1,45.83,3,0,Budapest,Web,0
49,24,8,0,0.0,5,0,East,Mobile,0
67,18,6,4,422.71,4,0,Budapest,Mobile,0
55,31,5,2,194.59,3,1,East,Web,0
40,14,7,1,114.64,4,0,West,Store,0
46,9,4,0,0.0,4,0,West,Mobile,0
20,19,4,0,0.0,2,0,Budapest,Store,0
21,72,12,7,604.13,5,0,West,Mobile,0
32,30,2,1,77.88,3,0,South,Web,0
29,41,8,1,96.79,4,0,West,Store,0
40,12,2,1,88.03,4,0,South,Web,0
48,24,5,2,173.58,3,0,South,Web,0
26,21,7,1,47.78,4,0,South,Web,0
18,12,6,6,460.94,4,0,Budapest,Store,0
43,13,6,1,115.74,2,0,North,Web,0
35,58,6,0,8.41,5,0,South,Web,0
34,28,10,2,123.06,4,0,South,Mobile,0
49,31,10,2,130.55,4,0,Budapest,Store,0
40,15,7,4,401.63,4,0,North,Web,0
58,13,7,1,89.31,4,0,Budapest,Mobile,0
58,25,8,2,109.8,3,0,Budapest,Mobile,0
40,11,9,3,245.25,4,0,Budapest,Web,0
31,7,9,0,0.0,4,0,West,Mobile,0
37,3,1,1,71.48,3,0,South,Web,0
57,32,15,3,213.26,5,0,West,Mobile,0
54,23,8,1,116.31,4,0,South,Web,0
49,14,5,1,102.76,4,0,Budapest,Mobile,0
59,30,5,1,87.48,2,0,North,Web,0
58,26,6,0,8.84,4,0,East,Web,0
44,23,9,2,143.47,4,0,West,Mobile,0
50,72,4,0,0.0,5,0,East,Web,0
44,27,6,2,152.28,4,0,Budapest,Mobile,0
44,21,7,0,0.0,4,0,Budapest,Web,0
48,28,5,1,139.22,4,0,South,Web,0
26,12,7,2,154.66,4,0,West,Mobile,1
29,21,3,2,107.24,3,0,South,Web,0
22,33,4,1,44.29,5,0,East,Web,0
38,9,6,3,300.63,3,0,East,Web,0
52,19,8,1,85.73,2,0,Budapest,Mobile,0
44,28,6,1,82.57,4,0,East,Mobile,0
36,49,3,2,182.52,4,0,Budapest,Web,0
33,42,9,3,259.73,4,0,East,Mobile,0
43,13,9,2,120.33,3,0,East,Mobile,0
50,35,3,4,414.25,4,0,East,Mobile,0
35,54,7,0,0.0,5,0,Budapest,Store,0
69,40,6,2,194.97,4,0,North,Mobile,0
27,10,8,0,1.72,5,0,South,Web,1
42,13,8,2,140.68,3,0,West,Mobile,0
18,65,7,1,122.63,5,0,Budapest,Mobile,0
37,13,4,1,33.88,3,0,North,Web,0
33,14,6,1,131.75,5,0,East,Mobile,0
50,13,4,0,12.07,3,0,East,Store,0
49,27,4,3,149.88,4,0,North,Web,1
46,24,9,1,100.26,4,0,North,Mobile,0
40,17,6,0,0.0,4,0,Budapest,Mobile,0
45,24,18,1,35.38,5,0,North,Mobile,0
62,26,5,1,67.24,3,0,Budapest,Store,0
48,21,11,2,199.15,4,0,North,Mobile,0
42,26,6,0,31.6,5,0,Budapest,Web,0
34,15,2,0,0.0,4,0,South,Mobile,0
60,48,8,3,174.93,4,0,Budapest,Mobile,0
47,40,10,1,91.04,4,0,South,Web,0
42,37,3,2,203.92,4,0,South,Web,0
32,32,7,2,128.49,3,0,East,Mobile,0
51,12,6,2,166.94,4,0,Budapest,Store,0
26,13,5,2,125.63,3,0,North,Mobile,0
31,26,8,1,76.5,5,0,West,Web,0
48,9,1,1,45.01,4,0,Budapest,Web,0
53,21,8,1,69.37,4,0,West,Mobile,0
39,31,8,2,162.22,3,0,North,Mobile,0
45,22,10,2,155.6,3,0,South,Mobile,0
44,26,6,2,217.93,4,0,Budapest,Web,0
31,15,1,1,74.4,5,0,South,Web,0
68,10,4,0,22.94,3,0,Budapest,Store,0
53,33,1,0,0.0,4,0,West,Mobile,0
33,29,4,2,150.48,4,0,South,Web,0
51,10,5,2,181.45,4,0,North,Store,0
44,29,7,0,0.0,4,0,West,Mobile,0
44,5,5,0,0.0,3,0,Budapest,Mobile,1
44,48,7,1,60.3,4,0,Budapest,Web,0
28,19,6,1,47.28,5,0,West,Web,0
29,35,8,3,204.81,4,0,East,Web,0
57,21,4,1,80.5,3,0,South,Mobile,0
47,12,7,0,43.52,5,0,Budapest,Mobile,0
43,35,5,1,74.41,4,0,North,Web,0
39,40,2,1,99.84,4,0,East,Web,0
39,42,2,2,233.03,4,0,Budapest,Web,0
40,27,4,0,34.35,5,0,West,Web,0
27,14,4,0,32.89,3,0,North,Web,0
18,18,6,1,96.19,4,0,Budapest,Store,0
60,31,4,0,6.82,4,0,Budapest,Store,0
67,17,14,0,21.71,4,0,East,Store,0
42,42,1,1,98.39,3,0,Budapest,Store,0
43,38,8,1,88.05,5,0,North,Store,0
36,70,9,2,220.02,5,0,North,Web,0
53,6,2,0,9.07,4,0,Budapest,Web,0
43,21,7,0,0.0,4,0,Budapest,Web,0
47,8,2,0,4.0,3,0,East,Mobile,0
47,41,10,0,0.0,4,0,North,Web,0
33,8,6,1,64.0,4,0,West,Web,0
49,6,5,1,69.41,3,0,East,Store,0
34,10,5,1,61.4,4,0,Budapest,Web,0
38,46,9,3,301.1,5,1,North,Web,0
42,51,5,1,68.23,5,0,North,Web,0
19,13,5,1,95.66,4,0,Budapest,Web,0
38,17,7,1,35.6,3,0,Budapest,Mobile,0
46,16,7,1,88.72,4,0,South,Web,0
24,33,7,0,0.0,5,0,West,Mobile,0
56,24,11,4,296.24,3,0,East,Mobile,0
31,15,6,0,0.0,5,0,Budapest,Mobile,0
38,20,6,0,23.34,4,0,East,Web,0
50,14,3,1,92.31,3,0,West,Mobile,0
55,36,4,0,0.0,4,0,Budapest,Store,0
31,24,6,1,75.94,5,0,North,Web,1
58,34,2,1,96.38,4,0,East,Store,0
29,42,4,3,224.86,4,0,East,Web,0
42,10,4,0,0.0,5,0,North,Mobile,1
55,2,10,0,0.0,4,0,Budapest,Store,0
46,10,4,1,50.26,5,0,Budapest,Web,1
31,37,4,1,106.03,4,0,West,Mobile,0
51,19,4,3,227.44,4,0,Budapest,Store,0
57,7,5,0,0.0,4,0,Budapest,Web,0
56,7,5,0,15.14,4,0,West,Mobile,0
36,36,1,0,0.0,4,0,East,Web,0
26,20,8,1,68.55,5,0,Budapest,Web,0
35,6,4,0,0.0,4,0,West,Web,0
59,6,10,2,168.89,1,0,East,Mobile,0
32,21,8,0,0.0,5,0,East,Mobile,0
73,33,8,1,126.24,4,0,Budapest,Store,0
33,57,7,0,0.0,4,0,Budapest,Mobile,0
21,41,12,3,325.46,5,0,North,Web,0
37,38,7,2,105.36,4,0,North,Mobile,0
29,25,4,4,321.86,4,0,Budapest,Store,0
24,39,6,2,77.88,5,0,North,Mobile,0
54,28,10,2,173.5,4,0,West,Mobile,0
26,29,7,0,35.61,5,0,Budapest,Mobile,0
29,13,7,1,14.39,5,0,West,Web,1
19,44,6,0,0.0,5,0,West,Mobile,0
54,31,9,0,0.0,4,0,Budapest,Web,0
41,10,1,0,14.55,4,0,North,Web,0
41,11,8,0,0.0,4,0,West,Web,0
37,21,3,2,80.19,3,0,Budapest,Mobile,0
54,18,3,0,0.0,3,0,South,Web,0
37,8,7,1,85.23,4,0,South,Mobile,0
41,15,5,1,78.3,4,0,South,Web,0
56,23,11,5,478.57,3,0,North,Web,0
25,9,8,3,142.49,4,0,Budapest,Mobile,0
32,27,6,2,157.1,3,0,Budapest,Store,0
37,38,11,1,134.61,4,1,North,Mobile,0
40,8,3,1,146.99,4,0,Budapest,Mobile,0
33,20,8,3,275.78,5,1,West,Mobile,0
18,19,4,2,102.74,3,0,Budapest,Store,0
36,18,3,1,26.6,3,0,South,Mobile,0
42,52,6,2,196.53,5,0,North,Store,0
41,14,5,2,177.34,5,0,East,Web,0
32,20,3,2,97.08,4,0,East,Web,0
56,6,8,2,155.47,4,0,North,Web,0
45,28,5,1,63.25,4,0,West,Mobile,0
37,12,10,1,57.49,3,0,West,Web,0
36,3,7,1,63.74,4,0,Budapest,Mobile,0
46,13,7,1,89.62,4,0,Budapest,Web,0
46,34,6,0,0.0,4,0,Budapest,Mobile,0
37,27,7,1,74.59,4,0,South,Web,0
35,4,6,1,86.42,3,0,West,Mobile,0
73,21,6,2,294.85,5,0,Budapest,Mobile,0
51,69,10,2,196.08,5,0,East,Mobile,0
47,5,7,1,101.8,3,1,Budapest,Web,0
41,49,8,1,53.81,3,0,South,Store,0
55,24,8,2,93.18,4,1,West,Web,0
31,9,3,0,20.08,5,0,West,Web,0
40,72,10,2,188.53,5,1,East,Mobile,0
57,72,6,2,163.45,5,0,East,Web,0
45,40,4,1,119.22,5,0,East,Mobile,0
33,30,5,3,213.61,4,0,Budapest,Web,0
18,31,2,1,102.29,4,0,North,Store,0
57,14,4,1,99.12,3,0,Budapest,Mobile,0
62,27,8,0,12.55,3,0,West,Web,0
49,24,4,3,217.39,4,0,North,Web,1
47,44,7,2,165.29,3,0,Budapest,Store,0
35,15,6,1,77.91,4,0,Budapest,Store,0
60,29,10,1,81.42,4,0,East,Store,0
38,28,9,0,31.03,4,0,Budapest,Web,0
33,43,9,4,354.67,4,0,West,Web,0
48,15,9,2,150.42,4,0,Budapest,Web,0
49,31,8,3,185.93,4,0,South,Web,0
29,42,6,1,83.98,5,0,East,Web,0
32,15,5,1,76.77,4,0,West,Web,1
55,21,5,0,0.0,5,0,East,Mobile,0
40,22,3,0,0.0,3,0,Budapest,Mobile,0
54,33,4,2,152.12,4,0,West,Web,0
30,46,9,1,16.86,4,0,North,Web,0
55,18,8,3,251.33,5,0,Budapest,Mobile,0
46,24,2,2,165.11,2,0,Budapest,Web,0
27,23,6,2,89.18,5,0,Budapest,Mobile,0
45,42,6,3,333.45,5,0,West,Web,0
38,32,6,1,62.45,4,0,East,Web,0
25,10,4,1,61.06,4,0,Budapest,Mobile,0
42,31,7,1,21.87,3,0,East,Mobile,0
33,21,14,2,242.1,5,0,South,Store,0
48,7,1,3,204.2,4,0,East,Mobile,0
48,13,8,1,54.01,4,0,East,Web,0
47,23,8,3,288.05,4,0,South,Mobile,0
18,23,4,2,212.2,4,0,East,Web,0
32,10,3,2,160.71,3,0,North,Web,0
26,14,8,1,112.91,3,0,South,Web,1
51,46,13,1,63.67,5,0,East,Mobile,0
19,22,9,3,257.63,4,1,West,Web,0
37,24,5,3,275.08,4,0,West,Web,0
32,8,10,1,66.88,3,0,South,Mobile,0
51,8,10,3,307.88,3,0,Budapest,Store,0
53,19,5,1,74.82,3,0,South,Web,0
56,34,1,2,117.99,5,0,East,Web,0
38,45,12,2,122.68,5,0,South,Web,0
47,42,6,2,81.89,5,0,West,Web,0
41,21,3,0,0.0,4,0,North,Web,1
34,18,6,0,39.13,4,0,East,Mobile,0
19,46,5,3,239.77,4,0,East,Store,0
38,17,6,2,231.34,4,0,Budapest,Mobile,0
44,14,7,2,154.22,4,1,Budapest,Mobile,0
52,2,1,1,39.39,3,0,West,Web,0
59,19,10,2,130.79,3,0,North,Store,0
48,35,3,3,374.0,4,0,East,Web,0
35,16,3,3,223.16,4,0,South,Mobile,0
18,13,4,0,0.0,3,0,Budapest,Web,0
26,10,6,0,0.95,3,0,Budapest,Web,0
18,22,6,3,63.69,4,1,West,Mobile,0
49,6,8,0,0.0,4,0,North,Web,0
48,8,6,2,179.03,4,0,South,Web,0
39,16,5,1,105.38,4,0,West,Mobile,0
18,72,6,1,54.49,5,0,West,Web,0
41,27,8,1,153.67,5,0,West,Web,0
32,10,6,1,71.58,2,0,West,Store,0
50,12,3,1,86.54,3,0,Budapest,Web,0
32,8,8,0,48.49,4,0,Budapest,Store,0
28,45,9,2,149.41,5,0,Budapest,Web,0
36,30,6,1,57.26,4,0,West,Mobile,0
34,56,8,0,0.0,5,0,East,Store,0
33,13,8,2,105.86,3,0,West,Web,0
50,10,7,1,70.87,3,0,West,Web,0
52,33,5,4,399.13,4,0,East,Web,1
25,19,4,0,59.05,4,0,East,Mobile,0
49,22,6,2,96.93,3,0,South,Web,0
58,36,4,1,75.48,4,0,Budapest,Web,0
39,14,6,0,0.0,4,0,Budapest,Store,0
24,36,6,3,219.08,5,1,Budapest,Web,0
31,22,5,2,140.48,4,0,North,Mobile,0
40,6,4,1,32.14,3,0,West,Web,0
52,44,6,0,0.22,4,0,North,Store,0
40,19,10,1,93.54,4,0,Budapest,Web,0
46,21,7,0,14.11,3,0,East,Mobile,1
56,38,3,2,202.99,5,0,East,Mobile,0
35,29,6,2,111.11,5,0,Budapest,Web,0
36,31,3,3,236.1,5,0,Budapest,Mobile,0
20,12,3,2,121.37,3,0,Budapest,Mobile,0
55,19,6,1,15.32,4,1,South,Store,0
18,39,4,3,278.91,4,0,Budapest,Web,0
48,66,19,2,164.39,5,0,West,Web,0
34,14,6,0,0.0,5,0,North,Web,0
51,7,4,0,20.52,5,0,Budapest,Store,0
37,31,6,4,434.33,4,1,South,Web,0
52,28,1,0,0.0,3,0,East,Web,0
18,37,6,0,28.29,4,0,North,Web,0
40,22,8,3,271.91,4,0,Budapest,Mobile,0
49,52,9,5,511.69,4,0,North,Web,0
40,27,8,1,80.1,4,0,West,Store,0
25,72,8,3,165.96,5,0,Budapest,Store,0
20,23,3,2,143.24,2,0,Budapest,Web,1
69,38,8,3,346.3,5,1,Budapest,Web,0
53,46,5,0,6.57,5,0,Budapest,Store,0
27,39,8,3,302.13,5,0,West,Mobile,0
36,42,5,1,113.58,5,0,Budapest,Mobile,0
57,18,4,1,66.36,5,0,East,Store,0
22,3,3,0,33.58,3,0,South,Mobile,0
35,43,9,0,0.0,3,0,Budapest,Mobile,0
50,11,5,0,20.69,5,0,Budapest,Store,0
52,7,2,0,0.0,4,0,South,Mobile,0
60,41,9,3,260.51,4,0,Budapest,Web,0
29,36,13,2,162.83,4,0,Budapest,Web,0
23,26,6,1,26.36,5,0,West,Web,0
35,34,9,2,178.66,5,0,Budapest,Store,0
24,38,7,1,95.97,3,0,South,Mobile,0
59,12,8,2,181.61,4,0,East,Mobile,0
46,21,6,1,150.1,4,0,South,Mobile,0
48,7,3,1,115.39,4,0,South,Mobile,0
36,12,4,0,24.46,4,0,South,Store,0
19,24,3,0,15.94,4,0,North,Web,0
33,22,5,1,116.96,2,0,Budapest,Web,0
30,30,4,0,14.93,4,0,East,Mobile,0
71,54,10,2,235.52,4,0,West,Mobile,0
51,15,9,0,44.12,4,0,West,Web,0
42,13,5,0,0.0,3,0,South,Store,0
25,10,7,1,127.15,4,0,South,Web,1
62,38,4,2,243.65,5,0,South,Mobile,0
28,8,5,3,290.12,4,0,Budapest,Web,0
47,20,6,1,125.08,3,1,East,Web,0
29,27,3,0,10.82,4,0,Budapest,Store,0
41,21,5,0,0.0,5,0,East,Web,0
50,18,6,0,0.0,3,0,East,Mobile,0
48,18,6,1,109.74,5,0,East,Web,1
57,17,12,0,0.0,4,0,East,Mobile,0
54,39,3,1,78.64,5,0,East,Mobile,0
47,20,6,1,115.55,5,0,Budapest,Store,0
39,15,5,1,111.0,3,0,North,Store,0
26,33,9,2,172.57,5,0,West,Web,0
30,24,9,4,384.29,4,0,North,Mobile,0
48,10,5,0,26.24,5,0,North,Mobile,0
33,44,9,4,321.94,3,0,West,Mobile,0
37,26,8,0,0.0,5,0,Budapest,Mobile,0
46,52,7,1,97.41,5,0,Budapest,Store,0
51,12,4,1,86.23,3,0,South,Web,0
27,46,6,0,0.0,5,0,South,Web,0
63,8,2,0,0.0,3,0,West,Web,0
28,10,6,0,20.18,4,0,Budapest,Web,0
46,6,8,1,39.99,4,0,East,Mobile,0
44,27,1,1,88.65,3,0,East,Store,0
33,16,3,0,0.0,4,0,Budapest,Web,0
35,16,8,1,32.56,4,0,Budapest,Web,0
48,35,9,2,103.76,4,0,South,Mobile,0
22,36,9,1,87.2,5,0,South,Web,0
57,11,4,0,21.08,3,0,Budapest,Web,0
53,9,8,2,214.86,4,1,Budapest,Mobile,0
25,24,4,0,0.0,3,0,East,Mobile,0
47,4,8,0,28.73,4,0,Budapest,Store,0
25,17,8,0,0.0,2,0,North,Store,0
23,35,9,0,61.12,4,0,Budapest,Web,0
43,22,3,2,201.39,4,1,West,Store,0
52,53,9,3,438.18,5,0,West,Mobile,0
44,26,4,1,60.92,5,0,Budapest,Mobile,0
35,19,9,0,14.93,3,0,West,Web,0
48,12,5,0,0.0,3,0,North,Web,0
28,28,3,0,0.0,5,0,West,Mobile,0
42,31,6,1,70.44,5,0,South,Web,0
36,11,7,1,89.36,4,0,East,Mobile,1
41,45,8,2,128.4,5,0,South,Mobile,0
54,31,3,1,107.64,4,0,Budapest,Mobile,0
50,6,11,1,69.33,3,0,North,Mobile,0
37,22,5,1,21.66,5,0,South,Web,0
38,10,5,0,3.91,4,0,Budapest,Mobile,0
44,42,5,2,208.96,5,0,South,Web,0
55,37,8,2,233.46,4,0,Budapest,Mobile,0
43,48,13,4,312.63,5,0,South,Web,0
29,28,8,0,0.0,3,0,Budapest,Web,0
37,26,3,1,16.59,4,0,North,Mobile,0
43,16,10,2,71.12,3,0,Budapest,Web,0
25,44,9,4,296.98,5,0,Budapest,Web,0
29,24,6,2,180.17,5,0,East,Store,0
41,31,8,2,58.06,4,0,West,Web,0
44,3,5,1,38.05,2,0,Budapest,Web,0
18,9,4,1,64.46,5,0,South,Web,0
48,48,6,2,113.4,4,0,East,Web,0
21,27,11,0,9.19,4,0,East,Web,0
23,12,1,0,7.36,4,0,Budapest,Mobile,0
30,34,9,4,341.12,5,0,East,Mobile,0
42,11,5,2,126.94,3,0,Budapest,Mobile,0
34,27,4,2,205.35,4,0,Budapest,Web,0
35,20,4,1,75.77,3,0,South,Web,0
34,15,11,2,116.98,3,0,East,Mobile,0
45,34,6,0,0.0,4,0,Budapest,Web,0
28,20,7,1,79.8,5,0,South,Mobile,0
46,11,4,3,77.95,4,0,East,Web,0
56,20,4,1,99.13,4,0,South,Web,0
35,27,7,0,24.05,4,0,North,Store,0
44,27,6,0,13.41,5,0,Budapest,Mobile,0
71,18,7,0,0.0,5,0,Budapest,Mobile,0
56,35,6,0,0.0,3,0,West,Mobile,0
41,14,9,2,152.19,4,0,West,Web,0
43,8,1,1,62.46,3,0,South,Mobile,1
39,14,6,1,24.43,4,0,East,Web,0
30,24,6,1,60.4,5,0,North,Web,0
44,25,6,0,0.0,5,0,West,Mobile,0
33,32,7,0,6.43,3,0,East,Mobile,0
34,11,3,1,86.63,4,0,East,Store,0
53,37,4,2,126.29,4,0,Budapest,Web,0
37,27,6,2,99.85,5,0,Budapest,Web,0
48,6,8,0,6.71,2,0,West,Mobile,1
59,21,6,2,113.41,5,0,Budapest,Mobile,0
45,23,6,1,61.38,4,0,South,Web,0
32,40,5,4,312.56,5,0,South,Web,0
45,46,9,3,281.18,5,0,West,Mobile,0
53,12,6,3,333.41,3,0,West,Mobile,0
51,21,7,2,60.79,4,0,West,Web,0
30,10,7,1,116.31,3,0,Budapest,Web,0
49,37,3,2,210.92,3,1,North,Mobile,0
39,33,8,2,133.21,3,0,North,Mobile,1
27,18,7,3,175.45,4,0,Budapest,Web,0
18,43,6,1,62.23,5,0,Budapest,Mobile,0
18,14,9,0,31.17,5,0,North,Web,0
63,15,6,1,113.58,3,0,Budapest,Web,0
40,18,5,1,51.52,2,1,East,Store,0
39,29,7,2,175.62,4,0,South,Web,0
48,16,3,1,109.98,4,0,Budapest,Web,0
70,26,7,3,306.34,4,0,Budapest,Store,1
47,11,8,3,240.48,3,0,South,Web,0
51,19,3,1,94.34,5,0,North,Mobile,1
43,3,3,0,3.02,2,0,East,Web,0
27,38,5,1,63.57,4,0,East,Web,0
31,6,4,1,11.72,4,0,South,Mobile,0
50,6,9,1,95.3,3,0,Budapest,Store,0
28,14,7,2,171.23,3,0,North,Store,0
52,41,9,3,253.2,3,0,North,Mobile,0
42,19,6,0,0.0,3,0,Budapest,Store,0
53,43,6,3,178.14,5,0,West,Mobile,0
18,38,4,0,0.0,5,0,South,Mobile,0
41,33,4,0,0.0,4,0,North,Web,0
54,12,5,0,0.0,3,0,Budapest,Web,0
52,16,1,1,80.24,3,1,South,Mobile,0
31,24,2,2,213.59,4,0,South,Web,0
38,41,5,2,142.61,5,0,North,Web,0
41,7,4,1,67.79,4,0,West,Web,0
43,13,5,0,0.0,4,0,East,Mobile,0
52,30,6,1,57.63,5,0,West,Mobile,0
59,40,2,1,75.26,4,0,Budapest,Mobile,0
44,24,6,0,21.15,4,0,North,Web,0
31,3,3,1,69.47,4,0,Budapest,Web,0
55,15,3,1,74.01,5,0,Budapest,Web,0
32,15,9,1,95.22,5,0,North,Store,0
35,20,6,2,187.58,4,0,South,Web,0
32,22,3,2,147.86,3,0,West,Mobile,1
56,39,6,0,0.0,5,0,Budapest,Web,0
48,24,9,2,65.4,4,0,East,Web,1
43,10,3,1,96.05,2,0,South,Web,0
38,23,8,1,112.35,4,0,North,Mobile,0
50,40,8,0,35.07,5,0,Budapest,Web,0
27,28,6,3,185.17,4,0,North,Web,0
51,15,5,0,0.01,5,0,West,Mobile,0
80,13,8,2,164.97,4,0,Budapest,Web,0
26,15,6,0,14.38,4,0,West,Mobile,0
51,22,6,3,292.19,4,0,East,Web,0
54,16,3,0,0.0,4,0,Budapest,Web,0
40,15,4,0,0.0,3,0,South,Mobile,0
41,10,5,1,66.77,4,0,East,Mobile,0
61,18,9,0,18.84,5,0,West,Store,0
44,10,5,0,0.0,4,0,South,Web,0
50,14,6,1,52.34,4,0,South,Web,0
38,17,3,2,117.09,3,0,Budapest,Web,0
57,15,3,0,5.71,3,0,Budapest,Web,0
39,21,5,0,0.0,3,0,West,Mobile,0
40,7,8,2,210.39,4,0,North,Web,0
41,15,11,2,168.76,4,0,West,Web,0
41,10,9,0,0.0,4,0,East,Web,0
43,2,4,0,11.35,2,0,East,Web,0
22,44,6,1,113.83,4,0,Budapest,Store,0
60,14,6,0,0.0,4,0,East,Web,1
55,16,7,0,0.0,4,0,South,Web,1
51,45,4,1,153.61,5,0,West,Web,0
35,22,1,0,3.87,4,0,West,Mobile,0
39,49,6,1,12.12,4,0,North,Store,0
37,60,10,3,339.31,5,0,Budapest,Web,0
27,11,3,0,0.0,3,0,South,Mobile,0
18,20,6,1,106.97,4,0,East,Web,1
42,21,3,1,79.28,5,0,East,Mobile,1
30,17,5,0,0.0,4,0,Budapest,Web,0
47,61,6,1,91.91,4,0,Budapest,Web,0
36,20,4,0,0.0,3,0,South,Web,0
34,16,4,0,12.55,3,0,Budapest,Store,0
46,6,9,3,211.64,4,0,West,Web,0
38,10,4,2,102.34,3,0,Budapest,Mobile,0
46,32,6,1,85.91,4,0,West,Mobile,0
39,5,11,0,0.0,3,0,North,Mobile,0
41,22,5,0,32.87,3,0,East,Mobile,0
40,44,7,3,263.23,5,0,North,Web,0
32,7,4,1,97.44,5,0,West,Store,0
42,2,4,0,0.0,4,0,West,Web,0
28,26,4,0,0.0,4,0,South,Mobile,0
51,29,4,0,1.11,5,0,East,Web,0
46,14,8,1,82.76,3,0,West,Web,0
28,27,10,4,312.53,5,0,South,Mobile,0
35,15,9,0,27.84,4,0,West,Web,0
51,13,6,1,39.88,3,0,East,Web,0
36,24,4,3,337.4,4,0,Budapest,Mobile,0
43,17,5,0,0.0,4,0,West,Web,0
42,5,7,1,31.7,4,0,West,Mobile,0
36,46,7,0,0.0,4,0,South,Web,0
53,19,4,0,42.88,3,0,Budapest,Store,0
49,34,6,0,9.1,5,0,North,Mobile,0
69,29,6,1,86.26,3,0,West,Mobile,0
24,31,4,1,50.92,3,0,Budapest,Mobile,0
40,30,9,0,0.0,5,0,East,Mobile,0
37,14,5,1,29.78,4,0,East,Mobile,0
56,31,7,1,98.8,4,0,Budapest,Web,0
43,16,6,1,115.35,4,0,Budapest,Mobile,0
52,56,4,0,9.42,5,0,West,Mobile,0
28,26,3,4,350.29,3,1,West,Mobile,0
43,11,7,0,28.21,4,0,South,Mobile,0
48,5,8,0,0.0,3,0,South,Store,0
18,26,3,2,174.69,4,0,South,Mobile,0
36,14,7,0,55.33,4,0,North,Store,0
28,27,7,2,158.04,4,1,Budapest,Web,0
67,41,10,2,149.08,4,0,Budapest,Store,0
18,23,3,0,0.0,3,0,North,Web,0
77,42,7,2,141.3,5,0,East,Web,0
31,25,10,1,14.74,4,0,West,Web,0
45,39,5,5,301.71,3,0,East,Web,0
26,31,5,1,34.64,5,0,Budapest,Web,0
41,47,5,2,150.61,4,0,South,Store,0
37,3,5,0,21.34,4,0,East,Mobile,0
42,18,3,2,100.28,5,0,West,Store,0
26,36,9,2,199.14,3,1,West,Mobile,0
73,8,5,0,9.19,3,0,East,Store,0
38,6,6,2,180.27,4,0,Budapest,Web,0
49,17,4,1,60.05,5,0,Budapest,Mobile,0
48,19,4,1,148.57,3,0,Budapest,Mobile,0
47,14,14,5,497.47,5,0,Budapest,Mobile,0
50,27,10,1,69.11,4,0,West,Web,0
35,49,5,4,309.48,5,0,South,Web,0
40,9,5,1,79.73,4,1,West,Web,0
42,29,9,4,243.47,4,0,Budapest,Store,0
70,10,7,0,12.91,2,0,South,Mobile,0
45,21,5,4,306.45,5,0,East,Web,0
45,13,4,0,0.0,3,0,West,Mobile,0
49,20,4,3,176.37,3,0,West,Mobile,1
51,37,8,3,252.24,5,0,North,Store,0
36,57,7,2,218.8,3,0,Budapest,Web,0
65,59,10,1,84.45,5,0,East,Mobile,0
25,30,4,0,0.2,3,0,Budapest,Mobile,0
27,40,4,1,26.72,4,0,East,Web,0
40,27,9,3,255.11,2,0,North,Store,0
43,47,5,3,144.05,5,0,North,Mobile,0
52,20,4,0,57.01,4,0,West,Mobile,0
42,41,3,3,260.09,4,0,Budapest,Mobile,0
49,34,2,2,143.84,4,0,North,Mobile,0
43,34,5,1,105.55,4,0,West,Web,0
42,22,9,1,14.69,4,1,Budapest,Web,0
56,16,6,0,1.05,5,0,Budapest,Web,0
46,13,5,1,43.43,4,0,West,Web,0
46,30,7,1,86.43,4,0,West,Web,0
51,10,4,1,109.46,3,0,Budapest,Mobile,0
35,72,10,2,173.19,5,0,North,Web,0
27,21,5,2,144.44,4,0,West,Web,0
37,3,3,0,1.9,3,0,South,Web,0
54,34,8,2,117.24,3,0,East,Store,0
47,4,9,0,28.03,4,0,East,Web,0
41,12,7,2,142.37,3,0,North,Store,0
55,32,3,0,30.72,3,0,South,Web,0
19,34,4,0,7.46,4,0,East,Mobile,0
40,59,13,2,113.36,5,0,South,Mobile,0
67,9,6,0,2.52,4,0,East,Mobile,0
34,18,8,2,202.2,5,0,Budapest,Web,0
19,20,6,1,33.85,5,0,South,Web,0
38,17,3,1,48.14,3,0,Budapest,Mobile,0
32,9,5,3,143.68,4,0,Budapest,Web,0
35,11,7,0,0.0,3,0,East,Mobile,0
25,32,6,3,243.97,4,0,East,Mobile,0
44,18,4,1,12.82,4,0,South,Store,0
27,41,3,2,201.91,3,0,North,Mobile,0
32,11,4,1,36.61,4,0,South,Web,0
37,15,5,1,104.4,4,0,East,Mobile,0
44,10,4,1,63.59,3,0,Budapest,Mobile,0
60,32,8,1,57.81,4,0,West,Store,0
46,30,8,2,116.74,5,0,Budapest,Store,0
47,35,3,1,99.06,3,0,Budapest,Web,0
48,19,5,2,209.47,3,0,North,Web,0
36,16,4,0,6.22,2,0,East,Store,0
23,27,3,0,0.0,5,0,Budapest,Mobile,0
54,25,4,0,5.21,4,0,North,Web,0
37,26,7,1,19.82,4,0,South,Web,0
80,29,10,1,124.29,3,0,West,Store,0
46,14,4,2,118.61,5,0,East,Mobile,0
39,23,12,3,278.05,4,0,Budapest,Web,0
24,50,7,1,81.69,5,0,Budapest,Store,0
51,21,8,2,156.9,4,0,Budapest,Web,1
39,5,4,3,98.99,3,1,West,Mobile,0
43,4,6,0,0.0,5,0,East,Web,0
37,17,7,2,158.98,4,1,Budapest,Web,0
31,35,8,2,171.71,4,0,East,Mobile,0
24,17,6,2,169.48,3,0,Budapest,Web,0
49,16,2,1,96.67,3,0,West,Store,0
58,39,3,3,390.46,3,0,West,Web,0
48,13,7,2,138.08,3,0,North,Web,0
22,26,6,0,0.0,5,0,East,Store,0
59,13,4,1,53.93,4,0,Budapest,Web,0
54,11,5,1,79.37,3,0,Budapest,Web,0
45,10,7,1,120.88,3,0,South,Web,0
47,6,4,2,139.52,4,1,Budapest,Web,0
58,29,2,0,31.35,4,0,South,Mobile,0
57,36,11,0,2.3,5,0,Budapest,Mobile,0
53,43,5,2,147.81,4,0,Budapest,Mobile,0
65,31,4,2,92.46,3,0,Budapest,Web,0
36,22,6,0,21.8,5,0,East,Web,0
62,61,8,0,0.0,5,0,South,Store,0
41,18,6,1,140.11,5,1,North,Web,0
52,56,4,2,196.2,5,0,East,Mobile,0
40,36,5,0,0.0,4,0,East,Store,0
50,13,2,0,0.0,4,0,Budapest,Web,0
61,13,2,1,61.79,5,0,East,Mobile,0
46,22,3,2,115.84,4,0,Budapest,Mobile,0
37,39,6,0,0.0,4,0,South,Mobile,0
42,11,4,0,14.43,3,0,East,Web,0
39,10,4,0,0.0,4,0,East,Mobile,0
52,43,3,0,0.0,4,0,Budapest,Mobile,0
30,22,3,2,122.1,4,0,East,Web,0
36,20,5,0,0.0,4,0,East,Web,0
42,32,10,3,243.51,4,0,South,Web,0
59,16,9,0,2.35,4,0,South,Web,0
46,10,6,1,58.22,4,0,West,Mobile,0
67,13,4,1,116.26,4,0,South,Web,0
31,12,5,0,0.0,4,0,North,Store,0
49,7,4,1,115.5,4,0,North,Mobile,0
64,21,8,2,168.05,4,0,North,Web,0
45,3,7,4,337.35,4,0,West,Mobile,0
48,17,9,1,91.18,2,0,South,Store,0
34,30,4,1,78.48,4,0,North,Mobile,0
50,59,7,1,59.79,5,0,Budapest,Web,0
56,13,4,1,37.99,3,0,South,Store,0
45,12,6,0,6.29,4,0,West,Mobile,0
38,21,4,1,75.42,4,0,Budapest,Mobile,0
23,12,2,0,0.0,4,0,South,Web,0
62,52,9,2,227.82,3,0,North,Web,0
58,16,10,1,84.17,4,0,East,Web,0
38,10,6,0,28.83,3,0,West,Mobile,0
54,53,4,3,222.19,5,0,Budapest,Web,0
45,17,3,0,21.23,3,0,West,Mobile,0
51,9,5,0,44.22,3,0,South,Mobile,1
51,39,8,0,46.18,4,0,Budapest,Web,0
42,21,4,0,56.75,4,0,East,Web,0
57,33,11,1,136.97,5,0,Budapest,Web,0
33,26,5,4,276.09,4,0,West,Web,0
18,58,6,4,360.74,5,0,East,Mobile,0
30,29,8,1,92.96,4,0,Budapest,Web,0
56,20,7,0,22.39,4,0,Budapest,Web,0
18,47,7,1,144.09,4,0,North,Mobile,0
43,18,5,1,15.5,3,0,South,Mobile,1
58,28,6,0,0.0,3,0,West,Mobile,0
56,28,8,2,226.61,4,0,North,Web,0
63,32,7,0,33.6,4,0,Budapest,Mobile,0
54,18,5,2,129.34,3,0,Budapest,Store,0
18,12,3,1,57.41,4,0,West,Web,0
41,33,8,3,207.05,3,0,Budapest,Web,0
42,51,9,2,201.64,5,0,South,Mobile,0
33,26,12,5,281.7,3,0,North,Web,0
39,14,0,0,22.8,4,0,Budapest,Mobile,1
25,64,7,2,213.34,4,0,West,Web,0
21,9,5,1,46.61,3,0,South,Web,0
52,12,7,0,0.0,4,0,East,Store,0
42,14,7,2,234.61,4,1,East,Web,0
35,32,5,0,9.32,5,0,East,Web,0
26,10,3,1,48.06,4,0,Budapest,Web,0
31,39,7,0,0.0,4,0,Budapest,Web,0
66,32,7,0,0.9,4,0,South,Mobile,0
52,13,6,1,57.39,3,0,Budapest,Mobile,0
53,38,7,2,222.93,5,0,Budapest,Web,0
20,25,9,2,98.56,4,1,West,Web,0
37,29,9,1,96.13,3,0,North,Web,0
22,12,6,1,93.95,2,0,West,Store,0
24,4,8,1,38.88,4,0,West,Web,0
47,17,6,6,753.99,4,0,West,Store,0
58,10,5,2,135.64,3,0,Budapest,Mobile,0
51,16,6,0,0.0,4,0,Budapest,Mobile,0
52,18,6,0,62.98,4,0,Budapest,Store,0
58,11,8,0,0.0,5,0,Budapest,Mobile,0
39,5,4,0,0.0,3,0,East,Store,0
45,28,2,2,181.13,3,0,Budapest,Web,0
18,5,7,1,52.3,4,0,Budapest,Store,0
37,9,11,1,44.3,4,0,North,Mobile,0
43,2,3,0,0.0,3,0,Budapest,Web,0
32,21,6,1,111.67,5,0,Budapest,Web,0
30,18,5,0,0.0,2,0,South,Mobile,0
46,17,6,3,235.99,5,0,South,Web,0
49,9,2,4,301.59,4,0,West,Mobile,0
42,49,3,0,0.0,4,0,West,Mobile,0
34,40,6,3,205.38,5,0,East,Mobile,0
46,6,4,1,65.08,3,0,Budapest,Web,0
33,13,7,1,153.68,3,0,West,Web,0
47,24,6,1,37.79,4,0,West,Store,0
36,6,8,1,43.32,4,0,North,Mobile,0
58,15,2,1,38.65,3,0,East,Mobile,0
36,27,6,1,113.29,5,0,South,Web,0
49,28,9,0,31.55,4,0,West,Store,1
54,31,5,2,279.82,4,0,Budapest,Web,0
46,24,5,1,80.61,5,1,Budapest,Mobile,0
42,25,7,0,34.94,5,0,North,Store,0
45,48,12,1,63.84,5,0,Budapest,Mobile,0
46,15,6,1,76.78,4,0,South,Web,0
42,6,2,1,45.55,5,0,North,Web,0
40,21,6,1,115.05,4,0,Budapest,Web,0
24,17,6,0,13.18,4,0,West,Web,0
46,17,2,2,169.51,4,0,North,Store,0
48,19,6,1,81.17,3,0,East,Web,0
43,19,7,1,61.7,4,0,Budapest,Web,0
23,39,6,2,136.55,4,0,North,Store,0
49,21,7,0,12.49,4,0,Budapest,Web,0
36,56,5,1,73.9,5,0,West,Web,0
26,4,4,1,94.12,4,0,North,Web,0
26,11,2,0,22.3,2,0,Budapest,Web,1
42,21,7,2,235.53,3,0,Budapest,Store,0
46,17,8,0,0.0,4,0,South,Mobile,0
33,50,9,2,188.78,5,0,Budapest,Mobile,0
43,40,5,1,64.16,5,0,West,Web,0
45,54,8,2,141.37,5,0,North,Store,0
45,23,6,4,306.24,3,0,West,Web,0
20,12,7,1,99.23,4,0,Budapest,Mobile,0
46,15,3,1,52.85,3,0,Budapest,Store,0
37,35,9,2,156.68,3,0,Budapest,Store,0
36,36,5,4,360.26,5,0,South,Web,0
35,11,2,1,26.43,4,0,Budapest,Web,0
49,15,4,0,0.0,3,0,North,Web,1
18,62,5,3,210.84,3,0,East,Mobile,0
46,6,5,0,1.06,4,0,Budapest,Mobile,0
39,13,7,1,59.96,4,0,West,Store,0
35,12,8,1,93.21,3,0,Budapest,Web,0
30,6,13,0,23.0,3,0,West,Web,0
50,16,11,1,87.13,4,0,Budapest,Mobile,0
42,20,6,0,2.67,4,0,North,Web,0
18,22,7,1,59.12,3,0,Budapest,Mobile,0
36,24,7,1,92.1,4,0,Budapest,Store,0
37,6,5,1,55.88,3,0,East,Mobile,0
44,12,5,0,0.0,3,0,East,Store,0
34,16,7,2,218.65,3,0,Budapest,Store,0
31,30,5,0,0.0,4,0,East,Web,0
31,9,5,1,72.01,4,0,North,Web,0
62,47,1,4,334.39,5,0,West,Web,0
65,16,6,1,68.02,3,0,Budapest,Store,0
36,60,4,0,23.19,5,0,East,Web,0
47,53,7,2,126.19,5,0,West,Mobile,0
63,39,3,1,77.09,4,0,East,Web,0
40,26,7,4,238.5,5,0,Budapest,Mobile,0
47,17,5,2,181.06,3,1,North,Store,0
41,38,8,2,144.11,5,0,West,Store,0
47,17,5,1,92.9,3,0,North,Mobile,0
45,18,5,1,47.68,4,0,West,Web,0
45,20,7,3,163.65,2,0,North,Web,0
33,20,5,0,0.0,4,0,Budapest,Web,0
39,23,11,1,78.62,5,0,South,Store,0
44,19,13,2,208.95,4,0,Budapest,Web,0
49,36,9,2,230.98,5,0,Budapest,Mobile,0
31,28,8,1,103.04,3,0,East,Store,0
24,67,7,3,215.21,4,0,Budapest,Store,0
28,6,5,2,189.84,3,0,South,Store,0
36,30,12,1,91.12,5,0,Budapest,Web,0
47,39,7,1,26.97,4,0,West,Mobile,0
49,10,6,3,182.98,5,0,East,Mobile,0
48,12,9,1,23.96,5,0,North,Mobile,0
41,29,7,3,233.62,5,0,West,Web,0
26,17,6,1,124.35,3,0,West,Store,0
46,18,7,1,108.48,3,0,West,Web,0
35,37,9,2,31.47,5,0,Budapest,Web,0
40,20,6,2,127.53,3,0,Budapest,Store,0
51,33,6,0,0.0,4,0,Budapest,Mobile,0
46,18,2,2,161.36,2,0,East,Store,0
37,12,6,1,115.49,4,0,Budapest,Web,0
52,9,7,0,35.3,5,0,Budapest,Store,1
45,31,3,2,178.84,5,0,Budapest,Web,0
46,25,5,0,11.87,4,0,East,Web,0
25,25,6,4,203.3,5,0,South,Mobile,0
39,6,7,2,197.94,3,1,Budapest,Mobile,0
41,6,5,0,0.0,4,0,Budapest,Store,0
46,32,5,1,85.78,4,0,South,Web,0
18,10,4,0,0.0,4,0,East,Mobile,0
64,53,7,4,378.8,5,0,Budapest,Web,0
55,47,13,6,506.59,5,0,South,Store,0
37,27,5,3,259.19,4,0,East,Mobile,0
35,24,7,2,160.69,4,0,North,Web,0
43,28,7,3,237.8,3,0,East,Web,0
39,14,7,1,77.84,3,0,West,Store,0
45,27,7,0,4.48,4,0,Budapest,Web,0
27,49,4,1,69.28,3,0,West,Web,0
25,11,3,1,14.29,4,0,East,Mobile,0
46,14,10,0,0.0,3,0,Budapest,Web,0
38,44,4,3,174.07,4,0,North,Web,0
42,31,5,2,83.75,4,0,East,Web,0
38,40,3,0,0.0,5,0,South,Web,0
38,19,7,2,157.04,5,0,East,Web,0
35,28,4,2,151.49,4,0,North,Web,0
34,10,2,1,54.16,5,0,Budapest,Web,0
42,16,6,1,66.05,3,0,East,Web,1
62,42,8,1,99.91,3,1,Budapest,Web,0
30,17,8,0,0.0,3,0,West,Store,0
38,15,5,1,76.64,4,0,East,Store,0
37,22,5,2,170.02,4,0,Budapest,Web,0
36,60,5,1,92.33,4,0,Budapest,Mobile,0
32,22,11,5,490.57,5,0,Budapest,Mobile,0
43,34,10,1,87.65,5,0,Budapest,Web,0
37,39,5,0,56.55,5,0,Budapest,Web,0
38,18,9,3,285.47,3,0,South,Mobile,0
47,43,7,2,201.46,4,0,East,Web,0
40,18,2,2,135.79,4,0,South,Mobile,0
39,12,6,0,13.04,4,0,West,Mobile,0
36,21,8,1,93.75,3,0,Budapest,Store,0
58,33,6,2,143.85,4,0,West,Web,0
49,15,6,1,92.22,3,0,East,Mobile,0
37,14,3,1,87.52,4,0,North,Store,0
30,44,4,2,198.7,5,1,South,Mobile,0
58,27,8,2,247.73,5,0,East,Store,0
45,26,5,2,171.04,4,0,East,Mobile,0
33,19,7,1,43.4,4,0,Budapest,Mobile,0
30,23,5,1,80.41,5,0,Budapest,Web,0
45,36,4,2,201.89,3,0,East,Store,0
31,9,5,0,0.0,3,0,South,Mobile,0
31,13,5,2,81.1,3,0,North,Web,0
70,17,3,0,0.0,3,0,East,Web,0
20,36,4,3,262.63,5,0,North,Mobile,0
44,28,3,0,0.0,4,0,West,Web,1
35,35,10,1,90.24,4,0,East,Web,0
48,10,9,0,35.83,3,0,West,Web,0
36,14,9,0,0.0,4,0,Budapest,Mobile,0
43,5,5,0,33.87,3,0,South,Web,0
36,19,8,3,200.1,4,0,Budapest,Web,0
34,15,4,1,46.19,4,0,Budapest,Store,0
47,22,6,3,301.06,4,0,South,Mobile,0
36,23,9,2,145.45,4,0,Budapest,Store,0
44,7,6,1,86.34,4,0,Budapest,Web,0
48,5,5,1,125.39,4,0,Budapest,Mobile,0
61,21,6,1,131.12,5,0,East,Mobile,0
32,24,4,1,111.97,4,0,West,Store,1
43,39,8,1,124.09,4,0,North,Store,0
18,51,8,2,129.45,5,1,West,Mobile,0
39,22,4,1,48.11,4,0,West,Web,0
54,21,4,1,89.64,5,0,North,Mobile,0
48,31,6,1,66.67,3,0,South,Web,0
40,39,8,1,68.15,4,0,South,Web,0
43,7,5,0,0.0,4,0,East,Web,0
33,15,3,1,101.97,3,0,Budapest,Web,0
50,54,6,0,0.0,5,0,Budapest,Web,0
37,37,10,2,187.99,4,0,East,Web,0
38,38,3,1,92.18,4,0,East,Mobile,0
62,8,7,0,0.0,3,0,Budapest,Mobile,0
35,35,1,1,104.84,5,0,Budapest,Mobile,0
62,5,5,0,0.0,4,0,Budapest,Mobile,0
31,27,8,1,35.91,4,0,East,Store,0
40,15,9,1,92.98,4,0,Budapest,Mobile,0
38,13,3,0,28.69,4,0,South,Store,0
33,19,6,0,0.0,4,0,West,Web,0
28,28,7,0,53.9,5,0,South,Mobile,0
41,13,4,1,74.91,3,0,West,Mobile,0
35,25,11,1,66.35,4,0,North,Web,0
35,23,6,2,173.52,3,1,South,Mobile,0
46,30,10,0,0.0,5,0,North,Mobile,0
44,27,12,2,176.25,3,0,West,Mobile,0
34,16,5,0,14.25,4,0,West,Web,0
49,18,6,1,106.86,3,0,West,Mobile,0
33,14,1,2,159.4,3,0,Budapest,Web,0
45,66,9,1,73.88,4,0,East,Store,0
18,15,6,3,264.94,3,0,Budapest,Web,0
41,21,7,1,52.12,5,1,West,Web,0
34,10,12,2,153.2,4,0,East,Web,0
32,21,8,1,133.02,4,0,South,Store,0
44,49,6,1,76.21,4,0,East,Store,0
37,47,7,2,167.53,4,0,East,Mobile,1
53,6,7,0,22.9,3,0,West,Web,0
37,32,4,2,207.24,4,0,East,Mobile,0
18,19,4,3,206.03,4,0,East,Web,0
31,25,5,0,5.71,4,0,Budapest,Mobile,0
54,45,9,1,81.51,5,0,West,Web,0
40,9,5,1,72.97,3,1,Budapest,Web,1
33,38,4,0,24.82,4,0,Budapest,Web,0
46,31,6,1,107.91,4,0,Budapest,Mobile,0
56,47,7,3,344.94,5,0,Budapest,Mobile,0
65,25,3,0,0.0,3,0,North,Mobile,0
51,11,8,1,63.84,4,0,Budapest,Web,0
47,38,4,1,81.82,4,0,Budapest,Mobile,0
50,15,4,1,61.8,3,0,West,Web,0
32,71,11,1,78.38,4,0,East,Store,0
26,33,7,2,129.37,4,0,Budapest,Store,0
34,33,4,1,63.44,4,0,South,Mobile,0
31,43,3,3,261.85,4,0,West,Web,0
41,30,7,1,87.32,3,0,West,Web,0
54,41,10,1,51.19,4,0,Budapest,Store,0
34,35,2,0,18.25,4,0,West,Web,0
54,52,4,1,101.45,4,0,East,Store,0
18,21,4,1,76.52,4,0,North,Mobile,0
37,10,9,2,230.95,2,0,East,Web,0
47,9,5,1,75.12,3,0,East,Store,0
45,18,7,1,34.02,3,0,East,Web,0
34,24,9,0,43.39,4,0,South,Web,0
35,27,4,2,71.2,5,0,South,Web,0
41,11,8,2,128.13,5,0,Budapest,Web,0
36,29,9,4,347.74,4,0,East,Web,0
18,13,6,1,73.04,4,0,Budapest,Store,0
34,31,6,2,165.05,4,0,Budapest,Mobile,0
35,39,10,1,34.59,4,0,Budapest,Web,0
26,72,8,3,317.87,5,0,Budapest,Mobile,0
31,1,6,1,63.71,3,0,South,Web,0
43,42,10,2,166.63,5,0,South,Store,0
42,26,6,2,124.77,5,2,North,Store,0
30,11,5,0,0.0,3,0,West,Web,0
22,25,8,1,68.25,5,0,South,Store,0
42,25,10,2,126.18,4,1,South,Mobile,0
56,17,8,0,0.0,2,0,Budapest,Web,0
44,19,9,0,49.76,3,0,West,Web,0
50,34,8,0,69.18,4,0,South,Store,0
55,17,2,3,273.82,4,0,West,Web,1
55,18,5,1,92.3,4,0,Budapest,Mobile,0
47,21,6,2,169.01,5,0,West,Mobile,0
36,19,2,1,45.5,3,0,Budapest,Mobile,0
38,5,4,0,18.94,3,0,East,Web,1
37,44,5,3,228.61,4,0,Budapest,Mobile,0
55,12,9,2,169.62,4,0,South,Web,0
52,37,5,0,6.86,4,0,North,Web,0
53,33,9,1,70.78,3,0,Budapest,Mobile,0
44,18,4,0,0.0,5,0,South,Store,0
35,14,4,0,14.71,3,0,North,Store,0
40,10,5,1,97.83,4,0,West,Web,0
18,16,5,0,11.3,3,0,Budapest,Mobile,0
28,8,4,0,0.0,2,0,South,Web,0
18,47,7,0,8.2,4,0,North,Web,0
32,13,6,0,12.41,4,0,North,Store,0
53,51,12,1,101.94,4,0,East,Web,0
49,19,8,3,227.57,5,0,East,Web,0
37,54,12,1,67.18,5,0,Budapest,Web,0
34,29,12,2,99.22,4,0,West,Web,0
34,23,4,0,20.52,4,0,East,Web,0
43,72,10,4,346.49,5,0,South,Mobile,0
42,31,5,0,0.0,4,0,South,Web,0
29,21,6,1,77.91,3,0,Budapest,Web,0
43,8,8,1,65.88,3,0,South,Store,0
45,9,7,3,199.65,4,0,Budapest,Mobile,0
25,8,6,1,39.19,3,0,East,Store,0
48,7,9,3,299.37,4,0,East,Mobile,0
27,60,5,2,149.57,3,0,West,Store,1
44,10,7,2,130.38,4,1,Budapest,Mobile,0
61,10,4,1,92.56,4,0,East,Mobile,0
51,17,5,0,10.05,4,0,West,Web,0
39,11,9,0,22.88,3,0,West,Web,0
34,28,9,1,32.29,4,0,Budapest,Mobile,0
62,22,4,0,0.0,4,0,Budapest,Store,0
46,12,5,3,178.85,5,0,East,Web,0
49,6,6,1,53.95,4,0,North,Web,0
54,35,13,4,366.66,5,0,Budapest,Mobile,0
28,17,3,0,41.81,3,0,West,Mobile,0
18,26,4,1,77.24,3,0,West,Mobile,0
59,47,9,2,231.2,5,0,North,Web,0
33,50,5,0,3.27,4,0,West,Mobile,0
51,26,8,0,0.0,4,0,East,Store,0
59,18,5,0,0.0,4,0,East,Web,0
37,24,6,1,143.35,4,0,Budapest,Mobile,1
42,18,4,1,51.92,2,0,South,Web,0
19,22,5,3,200.7,4,0,Budapest,Mobile,0
34,32,7,0,13.94,3,0,Budapest,Web,0
41,20,5,2,144.72,4,0,West,Mobile,0
33,27,5,3,317.69,4,0,Budapest,Web,1
48,72,6,0,32.03,5,0,South,Mobile,0
56,16,4,2,170.71,4,0,West,Mobile,0
35,33,6,1,75.25,4,0,Budapest,Mobile,0
38,26,4,1,89.15,5,0,South,Mobile,1
43,23,3,2,151.62,5,0,Budapest,Web,1
23,17,8,2,96.28,3,0,South,Store,0
33,61,5,0,0.0,5,0,Budapest,Store,0
38,37,6,2,253.31,3,1,North,Store,0
23,41,5,2,155.76,5,1,South,Store,0
54,46,8,2,186.48,4,0,Budapest,Mobile,0
48,3,7,0,0.0,4,0,Budapest,Web,0
39,23,11,3,162.52,5,0,Budapest,Mobile,0
41,24,4,0,10.31,5,0,North,Mobile,0
25,28,7,1,76.99,5,0,East,Web,0
55,26,8,0,5.57,4,0,Budapest,Store,0
38,16,10,1,93.98,5,0,Budapest,Store,0
65,72,4,3,194.54,5,0,West,Web,0
37,9,8,0,16.03,4,0,West,Web,0
38,8,6,0,0.0,4,0,Budapest,Web,0
42,22,4,0,0.0,4,0,East,Web,0
43,24,4,1,61.33,5,0,Budapest,Mobile,0
52,18,4,0,41.8,4,0,South,Mobile,0
26,35,7,1,118.19,5,0,Budapest,Mobile,0
52,9,5,0,4.81,5,0,North,Store,0
25,9,9,0,0.0,4,0,Budapest,Web,0
72,9,6,0,19.89,4,0,East,Store,0
51,33,7,2,174.1,4,0,West,Mobile,0
40,32,4,2,166.35,4,0,South,Web,0
36,18,2,0,4.7,3,0,Budapest,Web,0
46,67,7,2,196.28,5,0,East,Web,0
27,56,8,2,175.6,5,0,West,Web,0
48,2,6,1,85.32,3,0,West,Store,0
35,49,6,3,325.74,4,0,West,Mobile,0
22,43,11,1,70.41,5,0,Budapest,Web,0
18,9,5,2,137.44,3,0,Budapest,Web,0
41,19,7,1,142.41,3,0,Budapest,Web,0
28,5,5,2,166.53,5,0,Budapest,Mobile,0
40,22,9,2,119.15,4,0,Budapest,Mobile,0
33,28,11,2,231.8,5,0,West,Web,0
27,21,4,0,0.0,3,0,West,Mobile,0
40,11,9,0,26.86,3,0,Budapest,Mobile,0
36,22,4,0,0.0,3,0,Budapest,Mobile,0
59,56,8,3,203.14,4,0,East,Web,0
62,24,5,0,0.0,3,0,East,Store,0
31,14,10,0,0.0,3,0,East,Mobile,0
49,28,9,4,400.67,5,0,South,Web,0
55,7,9,2,129.36,3,0,Budapest,Web,0
36,72,6,2,156.5,4,0,Budapest,Store,0
18,18,2,0,12.2,2,0,Budapest,Mobile,0
18,42,8,0,8.0,3,0,North,Web,0
38,45,5,1,46.92,5,0,West,Web,0
28,19,9,2,164.51,3,0,East,Web,0
57,13,10,3,288.02,3,0,Budapest,Store,0
33,20,10,1,74.75,3,0,West,Store,0
49,56,8,2,229.19,5,0,North,Web,0
39,60,7,2,255.96,5,0,North,Mobile,0
32,28,4,0,0.0,3,0,South,Web,0
33,35,5,4,350.72,4,0,South,Store,1
46,72,4,2,142.08,5,0,West,Web,0
25,12,8,2,76.59,5,0,North,Web,0
29,41,8,1,60.16,3,1,Budapest,Web,0
49,32,5,0,47.65,4,0,South,Web,0
49,33,5,0,10.97,4,0,West,Store,0
37,32,9,2,181.59,4,0,East,Web,0
51,41,11,4,425.12,5,0,North,Web,0
41,22,9,2,174.93,4,0,West,Mobile,0
47,9,6,1,116.91,4,0,South,Web,0
18,28,5,2,101.09,4,1,West,Mobile,0
25,20,3,0,28.9,5,0,North,Mobile,0
47,30,7,4,266.56,5,1,North,Mobile,0
25,41,8,0,4.22,5,0,South,Mobile,0
49,7,5,0,19.09,4,0,Budapest,Store,0
52,11,13,1,73.42,4,0,West,Store,0
42,41,10,1,97.48,5,1,North,Mobile,0
49,43,7,3,293.4,3,0,Budapest,Store,0
33,30,2,1,95.84,3,0,West,Mobile,0
25,11,7,0,0.0,5,0,Budapest,Web,0
31,16,5,2,94.12,4,0,Budapest,Mobile,0
45,41,6,1,66.05,5,0,South,Store,0
45,20,5,0,0.0,3,0,North,Web,0
28,9,10,2,119.15,3,0,Budapest,Web,0
47,31,8,1,130.4,5,0,North,Store,0
41,36,6,2,76.97,5,0,West,Web,0
40,22,9,0,0.0,4,0,Budapest,Web,0
48,39,2,1,92.84,5,0,Budapest,Web,1
32,28,10,1,81.72,4,0,East,Web,0
30,72,8,5,257.29,5,0,Budapest,Mobile,0
21,17,2,0,0.02,4,0,Budapest,Mobile,0
42,9,8,0,2.63,3,0,Budapest,Web,0
65,25,7,0,0.0,5,0,West,Web,0
50,37,5,1,64.93,4,0,Budapest,Web,0
30,37,10,0,0.0,4,0,Budapest,Mobile,0
54,12,6,0,12.91,4,0,East,Web,0
57,19,2,0,11.79,3,0,Budapest,Mobile,0
60,24,5,0,0.0,3,0,Budapest,Store,0
60,20,7,0,13.55,3,0,North,Mobile,0
51,60,7,0,28.08,5,0,Budapest,Web,0
34,20,5,3,168.62,4,0,Budapest,Store,0
18,11,5,0,0.0,4,0,North,Web,0
35,26,11,0,0.0,3,0,East,Web,0
37,7,3,0,23.86,5,0,South,Web,0
55,8,5,2,134.8,5,0,West,Mobile,0
63,67,9,3,311.79,4,0,Budapest,Mobile,0
41,19,9,0,1.66,4,0,South,Mobile,0
18,13,8,0,31.8,3,0,West,Mobile,0
18,4,4,1,84.75,4,0,Budapest,Web,0
23,56,8,3,312.66,5,0,West,Web,0
38,9,7,4,339.65,2,0,Budapest,Web,0
32,21,6,2,181.51,3,0,South,Mobile,0
54,8,5,2,155.1,3,0,West,Mobile,0
18,43,7,3,184.84,4,1,Budapest,Store,0
27,5,4,2,162.59,4,0,Budapest,Web,0
41,21,7,0,0.0,5,0,South,Web,0
52,72,8,3,273.62,5,1,South,Mobile,0
40,51,8,4,382.21,5,1,South,Web,0
57,13,3,0,0.0,4,0,West,Web,0
32,20,9,3,206.78,3,0,West,Store,0
34,31,11,1,65.95,5,0,East,Web,0
35,69,7,1,95.58,4,0,North,Mobile,0
22,19,9,1,53.6,5,0,West,Web,0
42,69,6,1,68.35,5,0,West,Web,0
40,8,11,3,127.87,5,0,Budapest,Store,0
46,41,2,0,0.0,5,0,East,Web,0
29,24,6,1,46.98,4,0,West,Web,0
54,8,3,1,107.27,4,0,East,Web,0
53,9,12,1,87.02,3,0,West,Mobile,0
42,14,4,1,73.13,3,0,Budapest,Store,0
43,16,6,3,163.14,3,0,Budapest,Store,1
36,17,5,0,0.0,5,0,Budapest,Web,0
31,43,9,2,157.97,5,0,East,Mobile,0
19,19,3,2,137.29,4,0,East,Store,0
34,32,11,6,705.46,3,0,East,Web,0
36,27,6,0,19.04,4,0,West,Store,1
40,7,4,2,148.66,4,1,South,Web,0
39,7,7,0,11.96,4,0,South,Web,0
36,34,6,1,82.85,3,0,North,Mobile,0
45,33,5,2,234.1,3,0,Budapest,Mobile,0
37,34,6,0,19.36,4,0,Budapest,Store,0
52,26,4,0,0.0,4,0,West,Web,0
30,48,6,2,209.41,4,0,South,Mobile,0
42,23,1,2,126.73,4,0,Budapest,Mobile,0
38,8,2,2,153.0,3,0,Budapest,Web,0
28,28,10,1,92.6,4,0,Budapest,Web,0
50,34,5,0,24.43,3,0,South,Web,0
38,23,4,0,1.01,4,0,North,Web,0
52,17,9,0,55.36,3,0,Budapest,Web,0
36,15,6,1,107.34,3,0,East,Store,0
31,8,7,1,103.86,4,0,East,Web,0
41,6,4,2,171.75,3,0,West,Web,0
41,39,5,2,183.35,5,0,Budapest,Mobile,0
45,50,5,1,47.22,5,0,East,Web,1
72,36,5,1,113.22,3,0,South,Web,0
53,47,13,1,44.41,5,0,Budapest,Web,0
43,6,6,2,114.84,3,0,South,Mobile,0
21,35,9,2,56.4,5,0,East,Mobile,0
37,22,12,4,347.35,5,0,South,Mobile,0
51,4,2,1,27.73,3,0,South,Web,0
39,25,3,0,0.0,4,0,South,Web,0
24,5,5,0,7.0,2,0,Budapest,Mobile,0
33,28,4,1,82.51,4,0,North,Web,0
18,28,10,3,242.89,5,0,East,Mobile,0
32,18,5,3,238.87,4,0,North,Web,0
35,41,7,2,185.8,4,0,North,Mobile,0
44,46,9,0,6.33,5,0,Budapest,Mobile,0
44,12,8,1,97.82,4,0,East,Web,0
39,53,7,1,80.53,5,0,Budapest,Store,0
41,57,3,2,213.26,5,0,East,Mobile,0
46,64,9,2,188.16,3,0,West,Mobile,0
42,12,6,1,99.6,2,0,East,Store,0
38,25,6,0,1.5,4,0,North,Mobile,0
26,31,8,0,0.0,4,0,North,Web,0
58,12,6,2,136.04,3,1,North,Mobile,0
46,9,13,3,336.81,5,0,South,Web,0
45,6,3,0,0.0,4,0,Budapest,Store,0
31,19,5,1,123.68,2,0,East,Web,0
52,20,6,0,22.12,4,0,East,Mobile,0
30,28,6,2,153.54,5,0,West,Mobile,0
34,21,11,2,207.97,4,0,Budapest,Web,0
33,18,5,0,0.0,3,0,West,Mobile,0
56,27,11,2,145.44,4,0,Budapest,Web,0
27,16,4,0,0.0,3,0,West,Web,0
45,42,7,1,71.71,5,0,Budapest,Web,0
42,13,9,1,133.97,3,0,Budapest,Store,0
42,19,4,2,103.22,3,0,North,Mobile,0
44,14,12,3,261.36,4,0,West,Web,0
25,30,6,1,98.68,4,0,Budapest,Mobile,0
28,9,10,1,47.72,5,0,East,Store,0
30,23,4,0,8.06,4,0,West,Web,0
49,26,11,1,85.32,4,0,East,Web,0
36,20,12,3,339.97,5,0,West,Mobile,0
29,43,9,0,3.35,4,0,West,Store,0
37,28,4,1,80.59,5,0,West,Store,0
49,27,8,0,2.29,4,0,North,Mobile,0
32,21,6,1,45.61,5,0,East,Mobile,0
46,26,9,3,280.19,4,0,South,Web,0
41,31,5,1,86.5,4,0,Budapest,Mobile,0
47,20,7,2,138.55,4,0,North,Web,0
38,37,9,1,95.07,5,0,East,Mobile,0
35,34,4,2,122.7,3,0,Budapest,Mobile,0
58,13,4,0,34.27,4,0,South,Mobile,0
68,40,4,2,243.43,5,0,South,Store,0
51,32,6,0,17.58,2,0,Budapest,Mobile,0
50,71,11,1,49.12,4,0,South,Web,0
62,31,9,2,238.72,4,0,Budapest,Web,0
44,14,3,0,0.02,4,0,Budapest,Web,0
38,20,6,2,134.51,4,0,East,Web,0
37,38,6,3,347.63,4,0,Budapest,Web,0
44,14,6,0,0.0,2,0,Budapest,Mobile,0
45,30,7,3,238.51,5,0,West,Web,0
41,28,8,1,96.95,4,0,South,Mobile,0
33,17,5,1,66.75,5,0,West,Web,0
52,43,3,3,244.21,3,1,Budapest,Mobile,0
50,23,2,1,94.43,5,0,Budapest,Mobile,0
39,7,5,1,137.54,3,0,West,Mobile,0
22,2,6,0,0.0,4,0,South,Mobile,0
39,9,8,0,26.56,4,0,Budapest,Mobile,0
46,38,8,0,0.0,4,0,Budapest,Mobile,0
52,25,6,1,143.78,4,0,Budapest,Store,0
46,14,3,0,24.16,4,0,West,Mobile,0
59,23,8,2,140.61,3,0,Budapest,Web,0
58,17,8,1,109.96,4,0,East,Store,0
38,15,4,2,136.39,3,0,East,Web,0
37,51,5,3,335.87,3,0,Budapest,Web,0
38,34,7,0,0.0,4,0,West,Web,0
28,28,4,1,43.13,4,0,Budapest,Mobile,0
32,18,6,0,54.91,5,0,Budapest,Web,0
43,23,6,3,175.69,5,0,West,Web,0
63,57,12,3,220.1,5,0,South,Store,0
40,28,8,0,0.0,3,0,West,Mobile,0
53,23,9,1,66.53,3,0,West,Web,0
47,20,3,1,50.04,3,0,Budapest,Store,0
57,29,5,1,82.94,4,1,North,Mobile,0
46,21,5,0,0.0,4,0,East,Mobile,0
37,25,11,2,244.98,5,0,East,Mobile,0
56,6,15,2,118.8,5,0,East,Web,0
49,29,5,2,193.35,4,0,North,Web,0
57,53,4,2,239.33,5,0,South,Store,0
39,68,5,7,490.76,4,0,South,Mobile,0
28,23,7,0,0.0,4,0,East,Web,0
33,14,5,1,103.24,4,0,West,Web,0
55,27,6,1,61.12,3,0,West,Web,0
34,16,7,0,0.0,3,0,North,Mobile,0
24,16,9,0,0.0,4,0,West,Web,0
64,10,9,0,11.73,3,0,South,Mobile,0
30,19,7,2,164.37,3,1,North,Mobile,0
34,20,6,0,41.68,5,0,Budapest,Web,1
29,15,4,2,117.78,3,0,West,Web,0
42,44,5,0,0.0,4,0,West,Store,0
38,25,4,1,92.75,4,0,West,Mobile,0
22,16,2,1,113.7,4,0,Budapest,Store,0
44,38,5,1,104.11,4,0,West,Mobile,0
31,3,2,1,89.42,3,0,Budapest,Mobile,0
32,9,3,0,0.0,4,0,North,Web,0
18,32,7,2,111.52,5,0,Budapest,Web,0
38,19,8,1,80.72,3,0,West,Web,0
28,37,4,2,83.32,4,0,West,Web,0
39,2,3,0,0.0,3,0,West,Mobile,0
42,63,6,1,62.71,5,0,East,Web,0
60,48,8,1,107.71,5,0,South,Web,0
54,44,6,0,0.0,4,0,West,Store,0
47,64,10,4,279.51,5,0,West,Mobile,0
37,4,6,0,0.0,3,0,East,Mobile,0
34,21,4,2,172.61,4,0,Budapest,Web,0
62,30,3,0,7.79,4,0,Budapest,Store,0
31,54,7,1,54.94,5,0,East,Web,0
71,44,8,1,86.94,5,0,Budapest,Mobile,0
46,4,3,0,56.2,5,0,North,Mobile,0
31,32,5,1,49.77,4,0,Budapest,Mobile,1
27,58,5,4,343.87,4,0,Budapest,Mobile,0
34,20,6,0,5.11,5,0,South,Web,0
53,26,6,1,48.48,4,0,South,Mobile,0
47,21,5,0,39.67,5,0,South,Web,0
29,23,7,1,54.53,5,0,East,Web,0
38,4,5,1,128.03,3,0,East,Web,0
20,24,9,3,241.47,4,0,Budapest,Web,0
35,27,8,1,56.69,5,0,East,Mobile,0
30,5,7,1,59.05,4,0,Budapest,Web,0
32,6,4,1,83.28,5,0,Budapest,Store,0
40,8,4,0,0.0,2,0,South,Mobile,0
37,16,7,2,185.79,4,0,North,Mobile,0
68,9,3,1,68.3,4,0,South,Web,0
64,19,8,0,0.0,4,0,South,Web,0
56,40,5,1,45.56,5,0,Budapest,Web,0
18,17,1,2,99.27,3,0,South,Store,1
37,46,5,2,154.41,5,0,Budapest,Mobile,0
55,20,10,2,154.94,4,0,Budapest,Web,0
46,9,6,2,137.6,4,0,Budapest,Store,0
46,15,7,4,260.6,4,0,Budapest,Store,0
41,9,9,0,11.97,3,0,South,Web,0
72,38,4,1,76.9,2,0,South,Store,0
45,5,5,1,21.53,3,1,East,Mobile,0
54,6,7,1,101.15,3,0,East,Store,0
38,27,8,1,20.24,5,0,North,Store,1
45,28,6,2,133.27,5,0,Budapest,Web,0
65,72,11,5,494.34,5,0,West,Mobile,0
38,25,6,3,209.38,4,0,East,Web,0
47,10,2,0,0.0,3,0,East,Web,0
55,16,4,1,112.8,4,0,Budapest,Mobile,0
49,30,6,5,474.1,3,0,Budapest,Web,0
42,50,9,1,117.89,5,0,East,Store,0
44,11,5,0,9.82,3,0,Budapest,Web,0
39,35,7,0,8.84,4,0,West,Web,0
45,24,8,2,102.52,4,0,South,Store,0
30,7,3,2,173.13,4,0,East,Web,1
39,14,3,1,103.33,5,0,North,Store,0
35,47,7,1,52.93,3,0,North,Mobile,0
67,18,6,2,206.7,3,1,East,Web,0
46,5,5,1,79.11,3,0,South,Web,0
19,10,6,2,97.46,3,0,Budapest,Web,0
29,27,11,0,0.0,5,0,East,Mobile,0
52,20,7,2,194.35,4,0,South,Web,0
18,15,6,0,0.0,4,0,North,Mobile,0
40,24,7,1,95.24,3,0,North,Store,0
46,9,8,0,20.04,5,0,Budapest,Web,0
48,2,2,1,52.73,4,0,South,Web,0
49,19,6,0,0.0,3,0,Budapest,Mobile,0
46,18,7,1,50.6,4,0,East,Web,0
40,36,7,2,186.54,4,0,Budapest,Mobile,0
32,20,9,4,380.6,4,0,South,Web,0
29,21,5,2,25.0,4,0,West,Mobile,0
26,10,6,0,6.19,4,0,Budapest,Mobile,0
58,4,5,0,3.7,3,0,East,Web,0
26,31,6,2,163.86,5,0,North,Web,0
24,31,8,1,85.41,5,0,West,Web,0
41,2,3,0,5.2,3,0,West,Mobile,0
38,45,11,0,7.48,4,0,East,Mobile,0
39,69,7,0,0.0,5,0,Budapest,Web,0
26,25,5,2,101.55,4,0,South,Mobile,0
45,15,4,0,0.0,3,0,East,Mobile,0
52,23,9,0,5.67,3,0,South,Mobile,0
36,72,9,0,0.0,5,0,North,Web,0
41,32,3,1,99.59,3,0,Budapest,Mobile,0
44,29,15,2,134.15,4,0,West,Mobile,0
37,12,7,1,68.76,4,0,West,Web,0
43,66,5,3,304.04,5,1,South,Store,0
41,9,2,2,110.06,4,0,South,Mobile,0
64,9,8,0,18.85,3,0,East,Mobile,0
18,51,5,2,182.56,4,0,Budapest,Mobile,0
44,58,5,1,72.71,3,0,South,Web,0
38,40,6,0,10.75,5,0,East,Web,0
40,22,6,0,0.0,5,0,North,Mobile,0
40,2,8,1,90.03,4,0,South,Store,0
20,32,6,2,224.45,4,0,South,Mobile,0
37,6,8,0,19.77,3,0,North,Store,0
30,28,9,1,123.21,5,0,Budapest,Store,0
50,9,6,1,55.2,3,1,East,Web,0
48,23,5,2,101.49,4,0,West,Web,0
57,17,9,2,220.38,4,0,East,Web,0
46,7,8,0,55.42,4,0,Budapest,Web,0
35,26,4,0,0.0,5,0,Budapest,Web,0
48,7,6,1,34.57,4,0,West,Web,0
21,51,11,5,378.96,5,0,South,Store,0
50,52,14,4,647.05,4,0,Budapest,Store,0
34,43,4,1,25.06,4,0,Budapest,Mobile,0
57,63,5,1,68.11,5,0,Budapest,Mobile,0
33,55,8,4,235.68,4,0,West,Web,0
43,2,4,0,0.0,4,0,South,Store,0
34,22,9,2,81.12,5,1,East,Mobile,0
43,41,6,1,81.13,4,0,West,Web,0
29,42,7,3,196.39,4,0,Budapest,Store,0
50,9,7,1,81.03,4,0,East,Mobile,0
55,3,6,0,0.0,2,0,East,Mobile,0
49,1,4,1,95.87,4,0,East,Mobile,0
33,5,8,0,34.64,5,0,East,Web,0
24,44,10,4,232.28,5,0,South,Mobile,0
24,40,9,3,269.75,5,0,Budapest,Mobile,0
35,27,4,2,150.94,4,0,East,Web,0
59,25,12,3,310.8,4,0,Budapest,Mobile,0
34,18,8,0,0.0,4,0,West,Store,0
42,34,5,1,35.55,4,0,Budapest,Store,0
69,6,7,1,33.99,5,0,North,Store,0
65,34,7,2,258.28,4,1,Budapest,Web,0
44,12,3,3,202.78,2,0,West,Store,1
45,4,3,1,48.7,3,0,South,Web,0
23,14,3,0,0.0,4,0,South,Web,0
27,22,3,1,75.58,4,0,Budapest,Web,0
55,12,5,2,120.57,4,0,Budapest,Web,0
51,5,10,3,251.52,4,0,Budapest,Mobile,0
41,18,5,3,260.5,3,0,East,Web,0
45,48,6,1,65.74,4,0,Budapest,Web,0
38,41,9,0,17.34,5,0,Budapest,Web,0
28,38,7,0,0.0,4,0,North,Web,0
41,47,7,2,213.04,4,0,Budapest,Mobile,0
42,14,3,1,93.86,4,0,South,Web,0
43,34,5,1,112.47,5,0,East,Mobile,0
46,35,5,3,329.17,5,0,West,Web,0
47,12,3,1,101.55,3,0,East,Mobile,0
32,24,7,2,185.39,5,0,North,Store,0
42,14,3,0,20.38,3,0,West,Mobile,0
18,49,3,1,39.7,5,0,Budapest,Web,0
30,19,4,0,2.1,3,0,South,Web,0
47,14,7,2,52.55,4,0,Budapest,Store,0
41,64,7,2,225.42,4,0,East,Web,0
23,17,5,2,161.41,4,0,Budapest,Mobile,0
53,7,6,0,0.0,3,0,West,Web,0
25,38,4,0,54.96,5,0,North,Web,0
68,21,9,2,230.98,3,0,Budapest,Store,0
40,18,3,3,226.87,4,0,West,Mobile,0
58,22,7,1,104.23,4,0,Budapest,Web,0
58,12,2,0,0.0,4,0,Budapest,Web,0
47,28,3,2,117.74,4,0,Budapest,Web,0
55,25,6,1,72.34,4,0,North,Store,0
39,14,5,0,0.0,5,0,East,Web,0
24,24,5,2,225.56,4,0,Budapest,Web,0
58,12,6,3,153.1,4,0,East,Mobile,0
30,18,6,1,33.09,4,0,Budapest,Mobile,0
33,26,5,1,69.46,4,0,Budapest,Web,0
55,24,9,1,92.43,4,0,Budapest,Store,0
45,20,5,0,79.33,3,0,Budapest,Web,0
43,7,1,0,0.0,4,0,North,Mobile,0
23,35,5,1,111.36,2,0,Budapest,Web,1
25,72,9,3,297.94,5,0,Budapest,Web,0
37,20,7,1,64.84,4,0,Budapest,Mobile,0
33,7,4,1,92.85,3,0,Budapest,Mobile,0
49,40,6,5,555.78,5,0,East,Web,0
62,5,9,1,94.93,2,0,North,Store,0
69,26,8,1,127.05,5,0,South,Web,0
49,33,5,1,73.65,5,0,West,Web,0
42,22,7,2,52.05,4,0,West,Web,0
49,10,8,0,43.44,3,0,East,Mobile,0
43,7,7,0,0.0,4,0,East,Mobile,0
36,28,6,0,0.0,4,0,Budapest,Web,0
53,18,10,2,170.65,4,0,South,Web,0
42,35,8,0,11.48,5,0,Budapest,Web,0
45,21,5,0,0.0,3,0,West,Web,0
31,12,7,0,17.29,4,0,Budapest,Web,0
45,18,4,0,2.95,5,0,South,Mobile,0
52,20,5,1,132.26,4,0,West,Store,0
24,20,3,1,61.3,3,0,West,Web,0
19,24,7,1,136.19,4,0,West,Web,0
54,16,6,2,176.22,4,0,Budapest,Web,0
43,5,5,2,102.41,4,1,West,Web,0
49,8,10,1,78.83,4,0,South,Web,0
45,18,5,0,0.0,2,0,South,Store,0
38,12,7,1,76.81,4,0,Budapest,Mobile,0
38,22,6,2,201.93,5,0,West,Web,0
43,8,10,1,39.23,4,0,West,Store,0
44,42,7,1,58.3,4,0,North,Web,0
64,12,4,0,30.65,4,0,Budapest,Web,0
43,38,7,3,184.26,5,0,West,Mobile,0
39,41,8,2,217.86,5,0,South,Web,0
36,35,5,1,69.31,4,0,West,Web,0
40,22,4,0,0.0,4,0,West,Web,0
39,53,4,2,122.56,5,0,Budapest,Web,0
58,23,3,2,249.72,4,0,North,Web,0
52,20,4,1,65.96,4,0,Budapest,Mobile,0
30,20,7,2,139.39,3,0,South,Web,0
35,9,3,1,31.48,4,0,Budapest,Web,0
41,25,1,0,0.0,4,0,West,Mobile,0
25,4,12,2,167.46,3,0,South,Store,0
33,50,14,5,408.86,4,1,Budapest,Web,0
44,17,3,0,17.7,5,0,Budapest,Mobile,0
50,37,4,1,71.32,3,1,West,Web,0
30,27,4,0,2.42,4,0,West,Web,0
48,21,1,0,0.0,4,0,South,Web,1
39,42,4,2,103.34,3,0,Budapest,Web,0
54,26,2,0,5.21,5,0,North,Web,0
32,21,4,1,44.39,5,0,East,Web,0
67,72,8,2,200.77,5,0,North,Web,0
19,20,5,1,57.46,5,0,Budapest,Mobile,1
18,18,5,1,61.02,4,0,West,Mobile,0
42,34,15,1,126.42,5,0,Budapest,Mobile,0
56,6,6,0,6.54,5,0,West,Web,0
51,32,4,2,149.52,4,0,South,Web,0
46,58,11,0,0.0,4,0,Budapest,Store,0
46,24,4,1,83.58,4,0,West,Mobile,0
68,26,9,0,13.23,4,0,East,Store,0
44,25,6,1,74.79,4,0,North,Web,0
40,28,4,0,0.0,4,0,North,Web,0
18,20,7,0,6.27,4,0,West,Mobile,1
45,38,3,4,328.4,4,0,East,Web,0
48,14,3,0,2.33,4,0,South,Web,1
40,18,3,3,152.25,5,0,Budapest,Mobile,0
47,16,6,1,21.75,4,0,East,Mobile,0
56,16,7,1,122.78,3,0,East,Store,0
52,20,6,1,106.99,4,0,West,Mobile,0
36,72,7,4,345.47,4,0,North,Web,0
25,35,10,1,79.99,4,0,Budapest,Mobile,0
52,21,6,1,7.05,4,0,Budapest,Web,0
48,19,4,0,0.0,4,0,South,Web,0
43,38,5,3,281.4,3,0,Budapest,Store,0
18,19,7,0,16.2,4,0,Budapest,Web,0
26,36,5,1,101.73,5,0,East,Web,0
51,10,6,1,107.53,3,0,East,Web,0
45,15,2,2,78.32,4,0,Budapest,Web,0
45,14,6,0,25.26,4,0,North,Store,0
20,5,8,1,106.05,4,0,Budapest,Web,0
40,13,10,3,248.3,4,0,West,Store,0
56,49,3,2,148.97,4,0,Budapest,Mobile,0
68,25,4,1,124.13,4,0,South,Mobile,0
47,37,12,3,192.27,5,0,East,Web,0
49,30,10,4,379.2,4,0,West,Web,0
18,1,3,1,104.59,4,0,Budapest,Web,0
42,31,4,2,237.61,4,0,Budapest,Web,0
58,14,6,0,1.46,3,0,Budapest,Mobile,0
40,44,5,1,150.02,3,0,South,Mobile,0
38,31,13,4,191.85,3,0,North,Web,0
48,22,3,0,0.0,4,0,North,Mobile,0
54,31,3,1,77.27,4,0,South,Mobile,0
52,52,11,4,406.76,4,0,North,Web,0
35,43,6,2,129.02,5,0,North,Store,0
39,63,6,4,268.14,5,0,West,Store,0
36,30,4,4,337.6,4,0,Budapest,Store,0
31,31,5,3,231.4,2,0,Budapest,Mobile,0
33,67,9,0,22.74,5,0,West,Web,0
37,15,7,0,0.0,4,0,East,Mobile,0
24,19,5,0,0.0,4,0,Budapest,Web,0
80,8,5,1,149.51,3,0,Budapest,Web,0
29,25,8,3,277.91,3,0,East,Mobile,0
38,8,6,1,20.69,4,0,Budapest,Mobile,0
37,11,5,3,55.9,3,0,Budapest,Store,0
18,11,5,3,218.42,3,0,North,Mobile,0
26,11,7,2,196.69,4,0,Budapest,Web,0
57,16,6,2,162.65,3,0,West,Web,0
39,43,8,4,203.78,5,0,Budapest,Web,0
41,20,6,0,0.0,3,0,South,Mobile,0
51,44,12,3,238.76,5,0,South,Mobile,0
32,29,6,3,332.5,5,0,Budapest,Web,0
45,18,4,1,55.58,4,0,Budapest,Web,0
47,16,7,0,0.0,3,0,South,Store,0
24,13,5,1,52.92,3,1,West,Mobile,0
55,23,3,1,119.04,4,0,West,Web,0
48,28,7,1,62.69,4,0,North,Mobile,0
27,17,7,1,83.75,3,0,West,Mobile,0
37,11,2,2,93.84,4,0,North,Mobile,0
44,25,8,1,68.86,4,0,South,Web,0
32,34,7,2,216.02,5,1,West,Mobile,0
50,4,5,0,7.34,4,0,Budapest,Web,1
33,4,7,0,0.0,3,0,North,Mobile,0
57,4,11,2,109.63,4,0,Budapest,Web,0
53,39,12,0,52.32,3,0,North,Store,0
47,16,10,1,68.42,4,0,Budapest,Mobile,0
51,33,4,2,144.0,4,0,South,Web,0
62,36,5,0,18.66,3,0,West,Web,0
57,18,6,1,75.52,4,0,South,Mobile,0
39,9,4,0,9.35,2,0,South,Web,0
27,3,8,0,2.96,3,0,Budapest,Web,0
49,24,6,1,91.66,5,0,South,Web,0
22,17,7,0,0.0,5,0,Budapest,Web,0
38,43,6,1,83.99,4,0,East,Mobile,0
46,24,7,0,14.69,5,0,East,Web,0
28,26,5,1,70.66,4,1,Budapest,Web,0
30,7,6,1,65.38,3,0,South,Store,0
39,46,5,3,265.02,4,1,East,Mobile,0
25,8,10,2,91.99,2,0,Budapest,Web,0
42,8,7,0,21.6,4,0,Budapest,Web,0
51,34,3,0,0.0,4,0,East,Web,0
56,23,10,2,185.28,4,1,South,Web,0
62,52,8,1,95.48,4,0,Budapest,Mobile,0
52,39,9,0,0.0,5,0,West,Mobile,0
70,19,8,1,117.67,4,0,North,Mobile,0
33,29,4,1,70.67,4,0,Budapest,Mobile,0
42,20,9,1,81.19,5,0,North,Mobile,0
43,31,2,0,0.0,3,0,Budapest,Store,0
35,11,3,0,0.0,3,0,Budapest,Mobile,0
53,42,9,1,137.69,3,1,West,Mobile,0
27,21,2,1,50.09,4,0,Budapest,Store,0
52,53,5,1,95.37,5,0,East,Mobile,0
36,26,10,3,268.32,4,0,South,Mobile,0
42,16,8,0,0.0,3,0,Budapest,Mobile,0
63,12,9,2,134.03,3,0,Budapest,Mobile,1
43,13,7,0,7.22,5,0,West,Mobile,0
46,12,6,2,162.88,5,0,Budapest,Web,0
45,8,10,2,114.51,3,0,West,Web,0
25,17,8,1,37.17,4,0,Budapest,Mobile,0
53,39,5,2,143.44,4,0,South,Store,0
40,20,4,0,0.0,3,0,West,Mobile,0
32,16,7,2,159.86,5,0,East,Mobile,0
51,10,6,1,29.92,4,0,South,Mobile,0
44,34,7,1,44.02,3,0,East,Store,0
22,34,6,1,134.57,4,0,Budapest,Store,0
57,33,5,5,344.33,5,1,North,Store,0
33,4,4,0,3.35,3,0,North,Mobile,0
54,10,5,2,136.82,3,0,East,Web,0
18,9,6,1,69.94,2,0,West,Store,0
49,51,10,2,127.31,4,0,West,Web,0
52,33,9,2,154.48,5,0,North,Web,0
57,27,4,1,114.64,5,0,Budapest,Mobile,0
49,17,6,1,79.82,5,0,South,Mobile,0
51,30,9,1,54.61,4,0,South,Web,0
53,72,9,2,207.94,5,1,Budapest,Store,0
20,55,9,2,110.43,3,0,West,Web,0
54,32,4,2,194.11,5,1,Budapest,Web,0
49,24,3,1,70.2,5,0,East,Store,0
48,16,3,0,0.0,4,0,West,Store,0
56,46,3,0,0.0,5,0,South,Store,0
30,24,7,2,126.54,3,0,South,Mobile,0
30,35,4,2,240.76,3,0,Budapest,Web,1
45,31,5,0,4.41,4,0,East,Mobile,0
53,18,7,1,94.09,4,0,South,Mobile,0
46,48,5,1,60.35,4,0,Budapest,Web,0
26,72,9,5,369.33,3,1,East,Mobile,0
40,58,7,1,128.2,5,0,Budapest,Store,0
42,5,9,2,120.47,3,0,East,Store,0
27,20,6,3,229.81,2,2,Budapest,Mobile,0
32,38,7,0,0.0,5,0,East,Mobile,0
31,20,6,0,7.11,4,0,South,Mobile,0
37,18,7,5,343.48,5,0,South,Web,0
51,32,7,0,7.12,5,0,West,Mobile,0
31,15,3,2,172.81,3,0,East,Web,0
47,36,6,3,308.62,5,0,West,Store,0
48,9,5,1,42.05,4,0,West,Mobile,0
40,49,3,0,0.0,5,0,Budapest,Web,0
26,26,8,1,41.72,3,0,Budapest,Store,0
26,14,6,0,57.13,3,0,Budapest,Store,0
41,12,8,1,142.59,4,0,Budapest,Web,0
37,45,7,2,254.37,4,0,South,Web,0
59,16,7,4,399.37,4,0,Budapest,Mobile,0
50,36,3,2,212.72,4,0,Budapest,Store,0
49,27,6,1,39.92,5,0,East,Web,0
46,6,2,0,0.0,2,0,East,Web,1
43,21,8,0,0.0,4,0,West,Mobile,1
55,12,14,1,81.37,2,0,South,Web,0
49,44,7,2,177.8,5,0,South,Mobile,0
37,12,2,0,0.0,4,0,South,Web,1
54,13,6,1,97.66,5,0,East,Web,0
23,35,8,3,157.08,4,0,Budapest,Web,0
49,3,4,0,0.0,3,0,Budapest,Web,0
31,23,3,1,11.19,4,0,North,Mobile,0
25,20,5,0,0.0,4,0,West,Web,0
42,33,6,3,199.91,3,0,East,Mobile,0
52,16,4,0,40.79,3,0,Budapest,Mobile,0
47,48,4,2,235.06,5,0,West,Store,0
49,6,8,0,3.12,3,0,East,Mobile,0
19,19,4,1,41.67,3,0,Budapest,Web,1
47,29,7,2,192.48,3,0,East,Web,0
20,9,3,1,36.75,4,0,North,Web,0
51,52,11,2,101.61,5,0,South,Web,0
48,8,4,1,121.07,3,0,West,Web,1
50,26,6,0,2.45,4,0,South,Web,0
65,17,12,0,33.0,3,0,North,Web,0
49,41,5,0,0.0,4,0,South,Mobile,0
67,12,3,0,51.62,5,0,North,Web,0
51,28,4,3,285.46,4,0,West,Store,0
45,17,6,1,84.46,4,0,East,Web,0
48,2,9,0,29.6,3,0,North,Web,0
42,14,1,0,16.35,4,0,Budapest,Mobile,0
50,57,5,3,326.21,5,1,East,Web,0
26,35,4,0,4.78,4,0,Budapest,Web,0
19,14,11,0,0.0,5,0,East,Web,0
39,32,10,3,277.3,4,1,South,Mobile,0
41,41,11,1,60.0,3,0,North,Web,0
53,6,4,2,232.37,4,0,West,Web,0
46,24,4,0,0.0,4,0,Budapest,Mobile,0
31,41,10,5,404.52,5,1,Budapest,Web,0
69,21,7,2,167.76,5,0,North,Store,0
54,55,6,4,263.19,4,0,Budapest,Store,0
57,27,7,2,153.99,5,0,South,Web,0
29,20,10,1,53.09,4,0,West,Web,0
41,37,6,0,7.19,3,0,South,Web,0
45,8,5,0,28.16,5,0,West,Web,0
41,41,6,2,168.41,4,0,East,Mobile,0
40,19,5,0,0.0,4,0,Budapest,Web,0
37,24,5,1,92.76,5,0,Budapest,Store,0
28,31,3,4,302.19,5,0,Budapest,Web,0
41,10,5,1,29.51,4,0,Budapest,Store,0
52,10,10,1,52.82,4,0,Budapest,Store,0
46,18,5,1,86.48,4,0,South,Web,0
37,15,3,0,0.0,4,0,East,Web,0
41,46,3,2,219.26,4,0,West,Web,0
19,31,8,2,151.9,4,0,South,Web,0
31,19,6,2,149.39,3,0,East,Web,0
37,34,9,2,159.97,5,0,Budapest,Web,0
39,5,7,1,76.61,5,0,Budapest,Web,0
23,43,5,1,84.87,5,0,West,Store,0
21,50,6,1,65.97,4,0,Budapest,Mobile,0
43,5,8,0,0.0,4,0,West,Web,0
47,17,4,1,113.86,4,0,East,Web,0
36,4,2,1,85.25,5,0,North,Web,0
47,19,5,2,229.95,4,0,Budapest,Mobile,0
19,43,7,0,34.46,4,0,South,Mobile,0
34,15,6,2,108.66,5,0,Budapest,Store,0
37,8,8,0,0.0,3,0,Budapest,Mobile,0
27,35,8,2,83.19,5,0,South,Mobile,0
36,9,7,3,208.9,4,0,West,Store,0
22,19,3,2,122.15,3,0,South,Web,0
33,30,9,1,65.29,5,0,South,Web,0
53,23,7,1,105.66,3,1,Budapest,Web,0
32,25,1,0,18.2,3,0,Budapest,Web,0
41,15,6,2,210.24,3,0,Budapest,Mobile,1
41,10,3,0,33.34,3,0,Budapest,Web,0
45,9,1,0,0.0,3,0,East,Web,0
45,14,14,1,64.9,4,0,Budapest,Web,0
48,50,7,4,353.62,4,0,South,Mobile,0
27,18,3,2,170.76,3,0,South,Web,0
29,19,9,1,29.94,4,0,East,Store,0
32,15,6,2,111.8,4,1,North,Web,0
49,38,6,1,37.97,4,0,West,Web,0
44,23,5,0,14.45,5,0,Budapest,Store,0
47,9,7,2,152.41,5,0,South,Web,0
18,32,11,1,82.64,4,0,Budapest,Web,0
51,16,4,1,103.25,5,0,Budapest,Web,0
27,10,7,0,0.0,4,0,Budapest,Web,0
43,24,5,1,64.69,3,0,South,Web,0
53,34,6,3,371.64,5,0,South,Mobile,0
32,18,2,0,10.13,4,0,West,Web,0
45,3,4,3,262.2,4,0,East,Web,0
59,24,4,0,0.0,5,0,Budapest,Web,0
32,13,4,1,63.34,3,0,Budapest,Mobile,0
53,62,9,3,263.97,5,0,Budapest,Store,0
44,9,7,0,0.0,3,0,South,Mobile,0
42,16,8,1,86.74,5,0,South,Mobile,0
32,14,9,2,100.12,4,0,East,Store,0
70,32,10,3,206.78,4,0,North,Web,0
43,37,8,5,435.41,5,0,West,Mobile,0
39,21,7,0,24.46,3,0,North,Mobile,0
25,3,4,0,2.84,4,0,West,Mobile,0
55,22,4,1,106.73,4,0,East,Web,0
48,23,5,0,0.0,4,0,Budapest,Web,0
75,27,4,1,98.69,5,0,Budapest,Mobile,0
40,61,4,2,145.49,3,0,North,Web,0
44,40,5,2,144.16,5,0,East,Mobile,0
43,40,6,0,23.2,4,0,West,Store,0
42,13,6,0,22.12,4,0,East,Web,0
38,11,5,1,28.08,4,0,North,Web,0
66,30,6,0,14.82,4,0,West,Web,0
18,15,8,1,99.84,4,0,South,Web,0
33,34,6,1,74.81,4,0,South,Store,0
52,57,8,1,144.06,5,0,Budapest,Store,0
25,45,8,3,263.84,4,0,East,Web,0
18,26,6,5,323.3,4,1,Budapest,Web,0
22,10,5,1,123.05,4,0,South,Web,0
45,9,2,1,110.46,4,0,South,Store,0
18,30,5,0,7.84,4,0,Budapest,Mobile,0
34,50,9,1,53.43,5,0,East,Web,0
37,7,5,0,0.0,4,0,West,Web,0
46,72,5,1,105.1,5,0,East,Web,0
28,24,10,3,185.42,3,0,East,Web,0
46,13,5,2,218.16,3,0,North,Web,0
42,45,8,4,387.32,4,0,East,Web,0
47,13,2,0,35.37,4,0,South,Web,0
34,12,5,0,0.0,4,0,East,Web,0
47,52,9,4,457.33,4,0,West,Web,0
41,8,5,1,87.37,4,0,North,Web,0
42,30,5,0,0.0,4,0,North,Web,0
49,16,4,1,60.69,5,0,South,Web,0
33,25,3,2,137.06,4,0,West,Web,0
43,19,7,0,0.0,4,0,West,Mobile,0
35,20,5,1,72.28,4,0,East,Web,0
35,5,8,0,3.18,4,0,East,Store,0
51,53,5,1,145.24,5,0,East,Mobile,0
59,25,6,1,51.82,4,0,West,Web,0
31,32,11,0,3.13,5,0,East,Web,0
50,35,4,3,217.29,5,0,Budapest,Web,0
26,42,4,0,24.35,4,0,East,Web,0
42,29,6,4,245.98,4,0,Budapest,Web,0
30,15,6,1,35.91,5,0,Budapest,Web,0
32,22,7,0,0.0,4,0,South,Web,0
66,44,8,1,119.95,5,0,Budapest,Web,0
40,5,5,1,39.63,3,0,North,Store,0
40,23,8,4,275.81,5,0,North,Web,0
56,46,9,1,59.08,4,0,Budapest,Mobile,0
35,28,6,1,77.26,4,0,South,Web,0
38,24,6,0,0.0,3,0,Budapest,Web,1
41,9,10,1,72.96,4,0,Budapest,Web,0
73,16,3,0,34.5,4,0,West,Mobile,1
22,32,7,4,384.04,4,0,Budapest,Store,0
45,9,7,2,51.98,4,0,West,Mobile,0
47,63,5,0,37.7,4,0,West,Store,0
53,12,6,0,0.0,4,0,East,Store,0
49,42,13,0,1.05,5,0,East,Web,0
50,7,5,1,29.4,3,0,Budapest,Store,0
40,58,7,2,174.93,5,0,East,Store,0
60,21,10,2,77.19,3,0,East,Web,0
53,47,10,2,182.94,5,0,East,Mobile,0
62,41,5,0,0.0,4,0,South,Store,0
37,27,12,1,80.65,5,0,South,Store,0
23,42,5,0,7.78,4,0,Budapest,Store,0
31,19,2,1,81.74,3,0,West,Store,0
40,21,3,2,164.68,4,0,Budapest,Web,0
24,21,6,0,0.0,3,0,Budapest,Mobile,0
46,30,4,1,52.89,5,0,East,Web,0
51,43,7,0,0.0,4,0,Budapest,Mobile,0
24,23,9,2,88.24,3,0,North,Web,1
41,14,5,0,27.44,4,0,South,Web,0
32,25,5,2,108.58,4,0,Budapest,Mobile,0
59,30,4,2,153.35,5,0,Budapest,Mobile,0
20,17,5,0,0.0,4,0,Budapest,Web,0
41,46,12,2,142.41,5,0,West,Mobile,0
29,14,7,1,92.19,3,0,East,Web,0
26,72,7,5,390.91,4,0,South,Store,0
32,7,9,0,4.57,4,0,East,Mobile,0
48,37,5,2,215.12,4,0,West,Web,0
55,8,3,1,121.33,5,0,Budapest,Web,0
42,26,8,1,136.09,5,0,Budapest,Store,0
48,19,4,3,327.86,4,0,Budapest,Store,0
44,25,4,3,190.05,3,2,East,Web,1
18,41,10,2,139.73,4,0,East,Mobile,0
52,27,9,0,13.65,5,0,Budapest,Mobile,0
39,20,5,2,116.38,4,0,Budapest,Mobile,0
26,5,2,2,104.56,4,1,Budapest,Store,0
34,31,6,0,38.92,3,0,North,Store,0
28,27,10,0,8.81,2,0,South,Web,0
56,39,3,1,67.49,4,0,West,Store,0
30,55,9,4,336.1,5,0,Budapest,Mobile,0
39,26,6,2,138.47,3,0,West,Mobile,1
53,2,9,1,89.3,4,0,East,Web,0
43,71,7,1,115.9,4,0,Budapest,Web,0
36,30,4,0,0.0,5,0,Budapest,Store,0
44,41,8,1,53.05,5,0,North,Mobile,0
34,28,7,3,240.35,3,0,West,Web,0
27,12,3,1,114.79,4,0,East,Web,0
37,12,7,0,0.0,5,0,Budapest,Mobile,0
44,34,7,2,162.37,5,0,Budapest,Web,0
61,13,6,2,125.61,3,0,South,Mobile,0
50,7,3,2,232.02,4,0,South,Store,0
41,9,3,2,141.45,4,0,South,Web,0
33,34,10,0,0.0,4,0,East,Store,0
63,51,13,5,435.37,4,0,East,Mobile,0
43,13,6,1,49.15,4,0,West,Web,0
61,21,8,1,30.76,5,0,South,Web,0
26,5,6,1,83.59,4,0,South,Web,0
28,5,6,0,8.63,3,0,Budapest,Store,0
30,23,5,1,21.5,4,0,West,Web,0
21,34,4,1,79.01,3,0,East,Web,0
48,23,4,1,49.11,4,1,South,Mobile,0
38,9,8,0,28.91,4,0,East,Store,0
62,32,3,3,404.17,4,0,West,Store,0
43,41,6,2,253.59,3,0,North,Web,0
45,35,6,1,71.23,4,0,Budapest,Web,0
39,14,8,1,104.9,4,0,Budapest,Mobile,0
51,1,7,0,25.72,3,0,North,Store,0
46,24,10,0,0.0,3,0,East,Mobile,0
28,18,2,1,37.49,4,0,East,Store,0
42,13,4,0,0.0,4,0,Budapest,Web,0
61,36,7,3,253.21,5,0,East,Mobile,0
57,27,8,0,40.3,3,0,East,Web,0
40,16,10,0,0.0,5,0,Budapest,Web,0
36,9,6,1,113.25,4,0,East,Web,0
33,31,2,1,85.65,5,0,North,Store,0
39,5,10,2,120.16,4,0,Budapest,Web,0
36,21,9,1,49.48,5,1,Budapest,Store,0
49,17,7,2,91.68,4,0,Budapest,Web,0
41,62,6,4,362.99,5,0,South,Mobile,0
31,18,7,0,3.77,4,0,East,Web,0
33,52,4,1,106.59,4,0,Budapest,Mobile,0
28,20,5,0,2.1,4,0,East,Web,0
44,15,6,0,20.35,4,0,North,Web,0
39,12,5,0,1.73,4,0,East,Web,0
44,56,4,1,147.36,4,0,South,Web,1
38,39,7,1,87.31,5,0,Budapest,Web,0
48,14,5,2,120.78,4,0,West,Web,0
37,15,8,3,247.1,3,0,Budapest,Mobile,0
42,29,4,0,17.55,4,0,Budapest,Mobile,0
52,13,7,0,0.0,3,0,Budapest,Web,0
45,54,4,1,148.45,4,0,West,Web,0
39,46,8,1,39.82,4,0,Budapest,Mobile,0
49,24,6,2,154.23,5,0,West,Web,0
59,15,6,1,102.91,4,0,Budapest,Web,0
35,28,6,2,177.34,4,1,South,Store,0
39,16,0,0,18.46,3,0,East,Web,0
36,11,5,2,142.35,3,0,North,Store,0
43,26,4,0,0.0,3,0,East,Mobile,0
41,30,4,1,50.18,5,0,East,Web,0
56,3,5,0,38.69,3,0,South,Web,0
47,44,11,2,213.92,4,0,Budapest,Mobile,0
34,70,11,5,229.19,5,0,South,Mobile,0
27,72,5,5,104.6,4,0,South,Web,0
39,15,7,2,123.78,4,0,North,Mobile,0
18,9,7,1,59.85,3,0,Budapest,Web,0
30,52,9,3,222.37,5,0,Budapest,Mobile,0
41,11,7,2,108.75,4,0,West,Mobile,0
63,49,8,2,240.8,4,0,Budapest,Web,0
47,26,6,0,22.05,4,0,West,Mobile,0
36,15,9,4,316.14,4,0,Budapest,Web,0
44,23,5,1,97.33,3,0,South,Web,0
21,22,7,3,227.81,4,0,North,Mobile,0
18,20,7,0,0.0,3,0,West,Web,1
42,28,8,0,0.0,4,0,West,Mobile,0
44,24,5,0,8.59,4,0,North,Web,0
23,72,7,2,195.71,5,0,Budapest,Store,0
55,16,1,1,84.35,4,0,West,Web,0
40,46,4,3,251.68,4,0,West,Web,0
18,53,4,3,318.7,5,1,East,Mobile,0
49,25,3,1,138.23,3,1,South,Web,0
50,42,6,0,1.88,4,0,South,Mobile,0
61,9,8,0,5.99,4,0,Budapest,Store,0
42,36,4,1,93.19,4,0,Budapest,Mobile,0
40,12,6,1,49.31,5,0,South,Web,0
53,15,5,2,174.47,3,0,Budapest,Web,0
40,45,2,1,64.24,4,0,North,Web,0
41,21,1,1,69.99,3,0,North,Mobile,0
26,24,7,2,213.66,5,0,South,Mobile,0
61,29,13,5,460.81,4,0,Budapest,Store,0
56,11,8,2,162.35,4,0,South,Web,0
41,37,4,2,206.72,3,0,Budapest,Web,0
50,11,2,0,0.0,5,0,North,Mobile,0
23,15,8,2,172.07,3,0,Budapest,Mobile,0
61,36,6,1,94.13,3,0,West,Mobile,0
35,26,6,3,229.87,5,1,Budapest,Web,0
40,12,7,0,0.0,4,0,Budapest,Web,0
49,41,4,3,320.74,5,0,East,Web,0
40,39,9,4,427.59,4,1,South,Web,0
64,17,9,0,10.78,4,0,Budapest,Web,0
41,49,6,2,225.56,5,0,Budapest,Web,0
47,8,3,1,68.57,3,0,South,Mobile,0
35,62,7,1,112.04,3,0,East,Mobile,0
37,48,4,0,0.0,4,0,Budapest,Mobile,0
35,22,6,1,121.76,3,0,North,Mobile,0
40,58,5,2,261.91,5,0,East,Store,0
40,37,2,2,102.22,4,0,South,Mobile,0
48,35,4,3,151.89,5,0,South,Web,0
35,60,5,2,173.26,5,0,Budapest,Web,0
44,7,6,2,86.79,5,0,Budapest,Mobile,0
37,12,4,0,0.0,4,0,East,Web,0
38,38,1,0,0.0,5,0,East,Web,0
34,18,8,0,0.0,3,0,Budapest,Web,0
41,26,5,0,0.0,4,0,South,Web,0
59,29,7,1,53.9,5,0,Budapest,Mobile,0
40,39,3,4,350.76,5,0,Budapest,Web,0
51,22,11,3,183.21,4,0,Budapest,Mobile,0
47,23,7,3,275.54,3,0,North,Mobile,0
55,23,5,2,180.94,5,0,Budapest,Web,1
33,25,6,3,344.34,3,0,North,Mobile,0
50,32,9,0,0.0,5,0,East,Store,0
18,28,5,2,175.01,4,0,Budapest,Web,0
19,4,3,1,34.52,3,0,South,Mobile,0
48,4,3,1,46.19,3,0,East,Web,0
41,57,8,4,360.97,4,0,Budapest,Web,0
27,8,10,2,174.13,3,0,North,Mobile,0
68,22,5,1,88.35,4,0,East,Mobile,0
30,18,2,1,42.0,3,0,East,Web,0
27,31,5,4,267.19,3,0,Budapest,Web,0
40,24,4,2,239.61,4,0,West,Store,0
57,28,3,0,56.53,4,0,East,Store,0
23,39,5,0,24.54,4,0,Budapest,Store,0
37,18,5,2,184.26,5,0,Budapest,Mobile,0
54,60,8,2,199.26,4,0,East,Web,0
48,16,9,0,14.68,2,0,Budapest,Web,0
49,16,4,0,0.0,3,0,Budapest,Mobile,0
41,30,6,0,25.33,4,0,Budapest,Mobile,0
33,26,7,2,255.53,3,0,Budapest,Store,0
49,10,6,1,13.61,4,0,Budapest,Web,0
38,33,4,2,181.43,4,1,South,Mobile,1
27,57,6,3,153.21,4,0,West,Web,0
34,20,6,1,63.51,4,0,Budapest,Mobile,0
48,54,6,3,304.51,5,1,West,Store,0
52,33,7,3,314.74,5,0,North,Mobile,0
26,35,4,2,170.03,4,1,Budapest,Store,0
38,28,4,0,11.25,5,0,North,Web,0
34,28,10,0,26.6,3,0,North,Web,0
62,40,4,1,87.61,4,0,East,Mobile,0
47,5,5,0,16.37,3,0,North,Mobile,0
19,30,3,0,0.0,3,0,Budapest,Store,0
51,44,7,2,151.72,4,0,Budapest,Mobile,0
39,72,8,4,266.32,5,0,North,Mobile,0
48,7,3,1,83.17,3,0,North,Web,0
32,14,4,1,60.16,4,0,Budapest,Web,0
53,34,5,2,255.7,5,0,Budapest,Mobile,0
41,13,6,0,31.61,5,0,West,Mobile,0
64,20,8,2,90.71,5,0,East,Store,0
40,32,9,2,257.49,4,0,East,Web,0
38,9,10,1,38.82,4,0,North,Store,0
48,15,7,2,208.23,3,0,South,Web,0
42,38,5,0,5.26,4,0,North,Store,0
36,14,7,4,269.06,4,0,East,Web,0
35,27,6,4,262.31,3,1,Budapest,Mobile,0
52,36,4,3,280.51,5,0,Budapest,Web,0
26,60,8,0,0.0,4,0,West,Web,0
41,14,4,1,98.76,4,0,North,Web,0
37,60,4,0,30.02,5,0,West,Web,0
30,8,2,0,0.13,3,0,Budapest,Mobile,0
65,17,8,1,122.37,4,0,North,Mobile,0
47,17,8,0,0.0,3,0,North,Web,0
42,18,8,1,79.33,3,0,South,Mobile,0
45,18,4,3,159.06,5,0,North,Mobile,0
46,64,4,1,161.55,5,0,Budapest,Store,0
37,35,6,0,0.0,4,0,Budapest,Mobile,0
45,72,6,3,380.93,5,0,Budapest,Web,0
31,23,3,0,16.15,3,0,Budapest,Web,0
43,20,4,1,110.96,4,0,East,Mobile,0
45,17,0,0,0.0,4,0,West,Web,0
61,12,5,0,0.0,3,0,North,Web,0
38,41,7,2,179.21,5,0,East,Store,0
50,27,14,3,282.11,5,0,East,Mobile,0
34,12,8,3,234.69,2,0,West,Store,0
34,8,5,1,104.41,3,0,North,Web,0
40,12,4,0,0.0,3,0,West,Store,0
32,53,4,2,208.82,3,0,South,Store,0
47,35,8,0,0.0,5,0,West,Web,0
71,25,8,1,137.22,4,0,North,Web,0
37,14,6,1,67.33,4,0,North,Mobile,0
45,30,9,3,209.65,4,0,East,Store,0
37,8,3,0,0.0,3,0,North,Mobile,1
40,11,6,1,130.24,2,0,Budapest,Web,0
39,6,7,0,0.0,5,0,Budapest,Mobile,0
51,27,9,2,203.28,5,1,North,Mobile,0
34,6,7,1,99.93,4,0,North,Mobile,0
55,17,2,2,129.27,4,0,North,Web,0
44,23,3,0,0.0,4,0,South,Mobile,0
36,27,6,2,253.94,4,0,Budapest,Web,0
28,16,6,2,172.5,4,0,East,Store,0
41,22,6,1,65.91,5,0,Budapest,Web,0
32,10,4,1,83.55,4,0,North,Mobile,0
51,26,3,2,129.81,3,0,North,Store,0
50,33,7,3,346.25,4,0,Budapest,Mobile,0
44,26,5,2,140.62,4,0,Budapest,Mobile,0
43,19,6,1,56.1,4,1,Budapest,Web,1
37,24,4,1,19.94,4,0,Budapest,Store,0
31,6,5,1,70.41,4,0,West,Web,0
35,31,4,0,2.33,4,0,West,Web,0
44,9,9,1,115.99,4,0,West,Web,0
59,23,2,2,276.81,3,0,South,Mobile,0
56,37,8,3,309.47,4,0,Budapest,Web,0
37,22,3,1,21.22,4,0,Budapest,Web,0
36,45,8,2,137.02,5,0,Budapest,Store,0
65,26,12,3,293.78,4,0,Budapest,Web,0
48,21,9,2,161.52,3,0,West,Web,0
36,24,6,3,294.72,4,0,South,Web,0
45,7,13,0,0.0,4,0,South,Store,0
41,15,5,1,75.13,3,1,Budapest,Mobile,0
34,13,13,2,149.12,4,0,North,Mobile,0
19,35,8,3,264.54,5,0,South,Store,0
36,20,3,0,0.0,4,0,East,Web,0
40,34,6,1,105.98,5,0,Budapest,Web,0
60,21,5,1,48.87,4,0,Budapest,Mobile,0
36,9,6,0,0.0,4,0,North,Store,0
52,26,7,3,292.58,4,0,West,Web,0
50,54,5,3,341.67,3,0,Budapest,Store,0
46,27,6,2,188.07,5,0,Budapest,Web,0
18,47,8,1,83.58,5,0,Budapest,Web,0
26,22,6,2,179.59,4,0,Budapest,Store,0
18,21,5,0,13.4,3,0,West,Store,0
53,25,4,1,84.73,3,1,North,Mobile,0
27,52,7,0,17.52,5,0,Budapest,Mobile,0
38,26,6,0,1.74,5,0,Budapest,Web,0
24,23,10,0,0.0,5,0,South,Mobile,0
50,5,5,3,291.35,2,0,Budapest,Mobile,0
32,12,4,2,177.41,5,0,South,Mobile,0
51,10,5,1,109.04,4,0,Budapest,Mobile,0
27,31,7,2,134.5,5,0,East,Store,0
18,49,1,3,347.92,3,0,East,Web,0
29,9,1,1,86.4,4,0,South,Store,1
44,24,12,4,423.0,4,1,Budapest,Web,0
53,28,2,1,93.77,4,0,Budapest,Web,1
21,11,6,1,53.1,5,0,South,Mobile,0
50,13,3,0,0.0,3,0,South,Store,0
59,58,5,3,277.08,4,0,North,Web,0
38,24,2,0,0.0,4,0,East,Web,0
43,24,4,0,0.0,5,0,North,Web,0
21,72,6,3,321.85,4,0,West,Web,0
58,19,0,1,30.12,3,0,Budapest,Web,0
42,28,6,2,257.03,3,0,Budapest,Web,0
52,43,9,1,95.49,5,0,Budapest,Mobile,0
37,48,10,1,37.63,4,0,West,Web,0
50,14,4,0,5.94,4,0,Budapest,Store,0
28,8,7,0,24.0,3,0,West,Web,0
40,23,6,1,66.29,2,0,North,Mobile,0
35,11,4,0,0.0,4,0,Budapest,Store,0
25,41,8,3,294.71,5,0,West,Web,0
35,21,10,2,110.08,4,0,West,Mobile,0
41,4,8,1,121.12,3,1,West,Web,0
40,17,7,2,97.85,4,0,West,Web,0
51,30,10,0,10.45,5,0,Budapest,Mobile,0
32,21,1,0,0.0,4,0,Budapest,Store,0
45,13,3,4,277.28,5,0,Budapest,Mobile,0
43,27,5,1,85.65,4,0,East,Store,0
49,26,6,1,48.01,4,0,Budapest,Web,0
42,21,3,1,87.45,4,0,Budapest,Web,0
64,50,11,3,165.81,5,0,East,Store,0
32,17,4,2,71.27,3,0,West,Store,0
40,38,6,0,1.83,4,0,West,Web,0
27,21,4,0,12.97,4,0,South,Web,0
42,36,5,2,216.01,3,0,South,Mobile,0
28,32,7,1,12.12,4,0,North,Mobile,0
18,50,7,4,325.96,4,0,North,Mobile,0
45,15,6,4,303.37,4,0,Budapest,Store,0
28,23,2,1,149.06,4,0,North,Web,0
40,37,5,3,133.55,3,0,West,Web,0
41,15,4,1,67.8,5,0,South,Mobile,0
61,50,6,0,15.19,4,0,South,Web,0
39,3,6,4,278.14,4,0,Budapest,Mobile,1
25,11,9,2,94.63,4,0,Budapest,Store,0
35,8,4,0,47.73,2,0,North,Mobile,0
30,18,6,1,76.63,3,0,South,Mobile,1
32,31,10,1,75.07,4,0,North,Web,0
33,17,4,1,29.09,3,0,West,Web,0
38,28,6,0,0.0,5,0,West,Web,0
49,20,4,2,207.77,5,0,North,Store,0
48,23,6,0,0.0,3,0,West,Mobile,0
48,32,5,1,102.79,3,0,East,Web,0
48,41,5,2,115.62,4,0,Budapest,Store,0
45,11,4,0,15.3,3,0,East,Web,0
39,39,1,2,79.64,4,0,South,Web,0
60,18,6,1,98.0,4,0,East,Web,0
46,53,8,0,0.0,4,0,East,Web,0
34,37,2,2,166.71,4,0,North,Web,0
54,31,6,2,189.24,4,0,East,Mobile,0
41,8,3,1,100.81,4,0,West,Mobile,0
28,8,10,1,49.21,3,0,North,Store,0
41,3,5,0,0.0,5,0,West,Web,1
47,55,6,0,3.24,4,0,Budapest,Web,0
48,33,10,1,122.17,4,0,East,Web,0
42,52,5,1,163.99,5,0,Budapest,Mobile,0
18,19,5,0,0.0,5,0,North,Store,0
36,20,4,3,181.97,4,0,Budapest,Mobile,0
18,12,3,2,77.26,4,0,Budapest,Mobile,0
46,45,12,2,151.23,5,2,Budapest,Store,0
48,36,8,3,305.6,4,0,East,Web,0
30,10,8,2,202.06,4,0,Budapest,Store,0
52,27,8,0,11.59,3,0,West,Web,0
55,33,8,1,96.59,3,0,West,Mobile,0
35,22,6,2,197.88,5,0,West,Mobile,0
46,8,9,0,3.03,5,0,South,Web,0
30,26,1,1,85.54,2,1,Budapest,Web,0
37,16,8,2,187.89,4,0,Budapest,Store,0
42,9,5,0,38.47,3,0,East,Web,0
43,9,9,1,38.5,3,0,South,Mobile,0
31,10,7,1,33.42,2,1,East,Mobile,0
38,14,4,1,49.07,3,0,South,Web,0
41,50,9,4,266.64,4,0,East,Web,0
27,25,4,0,0.0,3,0,East,Mobile,0
36,7,4,0,3.59,3,0,East,Mobile,0
51,22,5,1,56.08,3,0,Budapest,Mobile,0
54,27,5,2,148.43,4,0,East,Web,0
30,13,3,0,0.0,3,0,West,Mobile,0
26,7,8,3,320.14,3,0,North,Web,1
34,71,9,3,311.8,5,1,West,Mobile,0
58,18,8,0,13.0,5,0,West,Web,0
48,13,8,1,133.52,4,0,North,Web,1
48,26,4,0,26.43,3,0,North,Mobile,0
42,31,7,4,362.64,4,1,Budapest,Store,0
31,20,7,0,0.0,5,0,Budapest,Web,0
28,6,6,0,0.0,3,0,East,Mobile,0
26,2,5,0,6.11,3,0,Budapest,Web,0
31,29,5,1,48.97,3,0,South,Mobile,0
28,21,8,2,111.19,5,0,West,Store,0
50,47,2,2,144.55,4,1,Budapest,Mobile,0
31,55,8,2,86.03,5,0,North,Web,0
47,6,5,0,0.34,4,0,Budapest,Web,0
27,7,5,0,8.39,3,0,West,Mobile,0
31,72,7,2,124.75,3,1,North,Web,0
29,15,7,1,158.22,4,0,East,Web,0
28,38,5,2,112.88,4,1,West,Web,0
32,16,5,0,3.29,4,0,East,Mobile,0
49,22,3,0,6.01,5,0,East,Mobile,0
56,34,10,1,53.93,5,0,South,Mobile,0
57,19,9,1,99.04,5,0,Budapest,Mobile,0
31,22,7,1,85.55,3,0,East,Store,0
35,48,3,2,150.16,5,0,East,Mobile,0
37,5,4,0,0.0,4,0,South,Web,0
39,11,8,0,5.13,5,0,Budapest,Web,0
50,31,12,2,201.79,2,0,West,Web,0
29,60,4,1,96.58,4,0,Budapest,Web,0
57,19,8,0,0.0,3,0,West,Mobile,0
18,3,3,0,0.0,3,0,East,Web,1
57,17,6,2,232.46,4,0,Budapest,Web,0
64,22,4,2,173.54,5,0,East,Mobile,0
53,19,11,2,187.25,4,0,East,Web,0
26,26,6,2,215.28,4,0,West,Mobile,0
53,19,2,1,70.33,4,0,East,Mobile,0
34,25,7,4,325.79,4,0,South,Mobile,0
53,18,9,0,0.0,4,0,West,Web,0
45,6,6,0,10.37,4,0,East,Store,0
42,61,7,4,258.03,5,1,South,Mobile,0
42,23,6,4,318.57,4,0,North,Web,0
29,14,3,0,3.84,5,0,South,Web,0
61,15,7,4,259.68,4,0,West,Mobile,0
41,55,8,0,17.29,5,0,Budapest,Store,0
45,24,10,2,210.94,4,0,North,Web,0
33,10,2,0,0.0,4,0,Budapest,Store,0
41,6,7,2,192.01,5,0,North,Web,0
60,66,6,1,64.74,5,0,Budapest,Web,0
41,41,7,1,64.93,3,0,East,Web,1
44,62,13,2,174.24,5,0,Budapest,Mobile,0
35,6,7,2,125.69,3,0,Budapest,Store,0
66,9,7,1,92.4,4,0,East,Web,0
47,33,7,1,40.91,3,0,Budapest,Mobile,0
34,8,2,0,0.94,3,0,North,Mobile,0
51,16,8,0,23.99,5,0,East,Web,0
27,27,1,1,16.24,4,0,Budapest,Mobile,0
18,18,6,4,314.3,5,0,Budapest,Mobile,0
62,20,5,2,172.19,5,0,Budapest,Web,0
53,32,10,1,103.66,5,0,Budapest,Web,0
52,29,5,2,150.35,3,0,East,Web,0
18,18,7,2,197.76,3,0,South,Mobile,0
33,18,5,1,117.58,5,0,East,Web,0
49,35,14,3,133.54,5,0,Budapest,Mobile,0
49,13,8,2,175.89,4,0,Budapest,Store,0
39,44,2,0,34.01,5,0,North,Web,0
51,19,6,2,157.06,4,0,South,Mobile,1
59,16,5,1,133.82,4,0,Budapest,Web,1
38,12,6,0,0.0,3,0,Budapest,Mobile,0
25,30,5,3,348.99,4,1,West,Mobile,0
55,12,8,1,98.63,4,0,Budapest,Web,0
47,12,7,1,82.9,4,0,West,Web,0
46,19,5,0,2.89,4,0,Budapest,Store,0
80,6,4,3,241.02,5,0,West,Mobile,0
51,9,4,0,0.0,5,0,West,Web,0
53,9,5,0,0.0,3,0,Budapest,Web,0
63,5,4,0,31.04,3,0,North,Web,1
43,11,9,0,45.4,3,0,West,Web,1
31,8,7,0,27.46,4,0,Budapest,Web,0
48,4,7,1,112.15,3,0,Budapest,Web,0
45,13,7,1,113.02,3,0,West,Mobile,0
35,20,7,1,86.3,3,0,Budapest,Web,0
55,17,10,1,61.68,4,0,Budapest,Web,0
22,22,7,2,131.4,5,0,East,Web,0
41,13,2,0,0.0,2,0,South,Mobile,0
44,21,4,1,136.37,4,0,Budapest,Mobile,0
39,4,2,1,25.14,4,0,Budapest,Mobile,0
51,11,3,0,18.61,3,0,Budapest,Store,0
51,21,5,0,0.0,4,0,South,Mobile,0
30,17,5,0,0.0,4,0,Budapest,Web,0
27,4,3,1,80.2,4,0,North,Web,0
52,10,4,0,0.0,3,0,West,Web,0
37,23,5,0,0.0,4,0,North,Store,1
54,40,6,2,148.49,5,0,Budapest,Mobile,0
48,28,4,2,174.4,3,0,Budapest,Mobile,0
35,32,4,0,0.0,4,0,West,Web,0
36,16,2,0,9.65,4,0,South,Web,0
22,25,6,1,12.02,4,0,Budapest,Mobile,0
48,20,2,2,156.63,2,0,South,Mobile,0
23,53,7,2,234.06,4,0,South,Web,0
53,22,5,4,399.92,3,0,North,Web,1
39,6,2,1,64.48,4,1,Budapest,Mobile,0
30,7,8,2,160.8,3,0,Budapest,Web,0
65,40,9,4,330.51,4,0,East,Web,0
42,26,6,1,63.1,2,0,South,Mobile,0
44,24,3,1,6.99,5,0,Budapest,Web,0
49,27,2,0,0.0,5,0,South,Web,0
32,29,10,0,0.0,4,0,East,Mobile,0
38,14,3,0,0.0,3,0,South,Mobile,0
28,13,7,2,160.27,3,0,Budapest,Store,0
41,7,7,3,349.51,4,0,South,Web,0
39,26,5,4,260.73,4,0,East,Mobile,0
48,25,5,1,39.18,3,0,West,Web,0
74,12,6,4,302.18,2,0,South,Web,0
34,16,4,1,96.2,4,0,South,Web,0
33,3,7,0,0.0,4,0,South,Mobile,0
43,14,6,1,102.66,4,0,West,Store,0
52,9,4,0,9.14,4,0,Budapest,Mobile,0
43,22,5,4,259.03,4,0,Budapest,Store,0
47,30,6,2,58.34,4,0,Budapest,Web,0
39,23,4,1,1.5,4,0,East,Web,0
52,23,5,0,0.0,4,0,East,Mobile,0
28,14,6,1,46.73,4,0,Budapest,Web,0
29,4,3,0,11.61,2,0,Budapest,Mobile,0
51,6,7,1,77.41,3,0,Budapest,Mobile,0
36,22,7,2,78.14,5,0,South,Store,0
35,16,7,0,9.95,3,0,North,Web,0
45,17,5,0,49.07,4,0,Budapest,Web,0
39,11,6,0,6.2,3,0,North,Web,0
31,36,8,0,0.0,3,0,South,Mobile,0
60,35,3,1,52.24,5,0,West,Web,0
42,39,7,6,554.51,5,0,East,Web,0
45,16,2,1,113.45,4,0,North,Mobile,0
28,32,7,1,63.85,4,0,West,Mobile,0
52,22,3,1,104.22,5,0,South,Mobile,0
31,6,5,0,0.0,3,0,West,Web,0
39,15,7,1,101.42,3,0,Budapest,Mobile,0
48,48,10,3,373.48,5,0,Budapest,Web,0
20,57,8,2,122.94,5,0,Budapest,Mobile,0
60,17,6,1,76.69,4,0,Budapest,Mobile,0
32,20,11,1,63.97,3,0,East,Mobile,0
39,21,7,1,36.46,4,0,Budapest,Web,0
46,8,4,1,26.55,4,0,Budapest,Web,0
18,39,5,1,47.99,4,0,Budapest,Web,0
32,17,4,1,79.99,4,0,East,Web,0
58,20,4,1,104.48,3,0,South,Web,0
45,36,4,1,92.73,5,0,East,Web,0
18,12,7,1,28.91,3,0,Budapest,Web,0
37,15,4,1,52.97,3,0,East,Web,0
38,19,6,3,260.58,4,0,Budapest,Web,0
54,35,6,2,102.73,4,0,Budapest,Web,0
45,3,8,0,0.0,3,0,North,Mobile,0
37,9,10,3,180.35,3,0,West,Web,0
37,16,6,3,368.67,3,0,Budapest,Web,0
21,10,2,1,87.75,4,0,South,Mobile,0
25,33,5,1,34.67,4,0,North,Web,0
38,22,5,2,123.37,5,0,West,Mobile,0
38,9,3,0,0.0,3,0,West,Web,1
44,14,4,1,120.12,3,0,Budapest,Web,0
56,54,9,4,402.85,5,0,West,Web,0
28,47,4,1,127.5,3,0,East,Web,0
51,19,3,1,62.97,5,0,West,Mobile,0
36,49,9,2,171.74,4,0,Budapest,Web,0
50,12,7,0,0.0,5,0,Budapest,Store,0
38,25,8,1,52.76,4,0,East,Web,0
54,38,8,0,25.24,4,0,West,Web,0
51,32,9,3,274.91,5,0,Budapest,Store,0
54,42,6,2,161.86,4,0,West,Mobile,0
47,14,9,1,126.83,3,0,South,Web,0
66,27,5,0,7.17,5,0,West,Store,0
26,27,11,0,0.0,4,0,Budapest,Web,0
40,7,4,1,115.52,4,0,West,Web,0
56,12,4,0,0.98,3,0,Budapest,Web,0
38,54,8,3,209.91,5,0,West,Mobile,0
67,12,4,1,126.0,4,0,West,Web,0
33,3,2,0,0.0,4,0,Budapest,Mobile,0
39,15,5,1,35.65,5,0,West,Mobile,0
58,46,9,0,0.0,5,0,Budapest,Store,0
52,20,1,2,160.88,3,0,East,Mobile,0
48,15,2,0,0.0,3,0,East,Store,0
25,21,4,0,14.77,4,0,North,Store,0
28,24,5,1,84.61,4,0,East,Web,0
26,8,3,0,0.0,3,0,East,Web,0
40,39,2,0,1.24,3,0,Budapest,Web,0
47,29,5,0,31.27,3,0,Budapest,Mobile,0
48,27,10,0,11.48,4,0,North,Mobile,0
59,8,6,1,81.32,4,0,North,Web,0
40,43,6,0,0.0,4,0,East,Store,0
32,32,5,2,218.36,5,0,East,Mobile,1
35,3,10,0,0.0,4,0,East,Web,0
45,34,6,0,0.0,3,0,South,Store,0
26,25,3,2,140.32,4,0,North,Web,1
35,9,8,2,162.41,4,1,Budapest,Web,0
46,9,6,2,132.55,4,0,West,Mobile,0
36,55,5,4,360.53,5,0,Budapest,Mobile,0
36,19,7,3,219.35,4,0,South,Mobile,0
54,72,3,1,139.77,4,0,Budapest,Web,0
33,21,7,1,74.07,4,0,West,Store,0
59,37,8,3,175.22,5,1,South,Web,0
44,42,3,0,32.94,4,0,Budapest,Web,0
38,8,6,2,128.66,4,0,South,Store,0
24,26,6,2,183.1,4,0,East,Mobile,0
59,13,7,0,29.98,5,0,Budapest,Mobile,0
39,18,3,0,23.85,3,0,East,Web,0
18,16,5,1,79.64,3,0,Budapest,Web,0
42,26,2,1,7.99,4,0,West,Store,0
38,61,6,0,0.0,5,0,Budapest,Web,0
18,10,12,0,0.0,3,0,West,Web,0
26,50,4,3,288.82,4,0,Budapest,Web,0
42,32,2,0,6.17,3,0,Budapest,Mobile,0
35,2,9,1,25.42,3,0,West,Web,0
48,21,7,0,10.88,5,0,Budapest,Web,0
35,43,5,1,54.87,4,0,West,Mobile,0
55,16,8,2,141.52,5,0,Budapest,Store,0
51,34,6,2,199.1,4,0,Budapest,Mobile,0
40,15,3,0,0.0,3,0,West,Web,0
18,31,10,1,33.99,4,1,Budapest,Web,0
39,36,3,1,63.9,5,0,Budapest,Mobile,0
42,26,6,0,17.6,4,0,Budapest,Web,0
53,37,4,3,339.21,5,0,Budapest,Mobile,0
40,36,7,0,14.84,4,0,East,Mobile,0
63,23,7,1,71.95,4,0,North,Web,0
25,31,6,1,66.53,3,0,South,Web,0
38,16,3,1,82.25,3,0,East,Web,0
42,16,6,2,128.0,3,0,North,Web,0
18,23,6,2,71.25,4,0,North,Store,0
34,24,4,1,110.43,4,0,North,Web,0
53,18,6,1,59.23,4,0,Budapest,Web,0
31,21,7,0,11.83,3,0,South,Web,0
38,15,8,1,140.83,4,0,Budapest,Web,0
41,30,3,2,91.25,5,0,East,Web,0
62,33,7,3,353.23,4,0,Budapest,Mobile,0
18,11,9,1,99.11,4,0,Budapest,Web,0
61,21,5,0,33.62,4,0,East,Web,0
38,19,5,2,230.88,4,0,East,Web,1
32,3,6,0,0.0,2,0,South,Mobile,0
52,14,6,0,0.0,4,0,Budapest,Web,0
35,13,6,0,0.0,5,0,East,Web,0
51,16,5,1,29.62,3,0,West,Mobile,0
35,6,4,1,48.75,4,0,East,Store,0
45,33,9,1,82.97,4,0,Budapest,Mobile,0
49,57,7,1,68.78,4,0,South,Store,0
61,48,2,2,157.02,5,0,West,Web,0
53,25,8,1,88.24,3,0,South,Web,0
33,26,9,0,0.0,4,0,West,Store,0
45,15,7,3,290.93,2,0,West,Mobile,0
56,15,12,1,87.97,4,0,Budapest,Web,0
40,46,5,2,181.32,4,0,North,Mobile,0
54,19,1,1,35.9,4,0,North,Web,0
40,32,3,1,23.13,4,0,Budapest,Mobile,1
48,22,5,0,0.0,4,0,North,Mobile,0
59,24,3,1,104.52,5,0,Budapest,Mobile,0
42,25,4,4,251.29,3,0,West,Mobile,0
36,68,8,2,208.99,5,0,South,Web,0
37,28,6,0,11.19,5,0,South,Web,0
31,3,7,3,281.01,4,0,Budapest,Web,0
44,49,6,2,133.91,4,0,East,Web,0
50,68,7,1,138.95,5,0,East,Web,0
51,18,8,1,93.47,5,0,West,Web,0
54,21,9,1,142.34,3,0,Budapest,Mobile,0
31,22,3,3,164.3,3,0,Budapest,Mobile,0
49,17,7,2,153.14,4,0,West,Web,0
45,32,3,1,61.9,5,0,East,Mobile,0
55,24,8,0,16.24,3,0,North,Web,0
65,8,6,1,133.68,4,0,East,Store,0
27,14,5,3,209.56,4,0,Budapest,Web,0
32,24,5,1,83.33,4,0,North,Mobile,0
50,17,5,2,156.8,4,0,West,Web,0
39,47,5,2,202.67,4,0,West,Mobile,0
58,36,12,1,83.67,4,0,Budapest,Mobile,0
43,16,7,1,54.14,4,0,Budapest,Web,0
37,27,6,0,0.0,4,0,South,Web,0
31,44,6,1,95.35,3,0,East,Web,0
42,33,5,0,0.0,4,0,North,Web,0
47,60,3,0,0.0,5,0,South,Web,0
40,10,5,0,0.0,4,0,Budapest,Mobile,0
43,24,5,1,65.4,5,0,South,Mobile,1
50,17,7,0,0.0,5,0,South,Web,0
36,13,5,0,0.0,4,0,Budapest,Store,0
52,49,6,0,0.0,4,0,South,Mobile,0
47,13,4,1,150.73,4,0,West,Web,0
25,19,5,3,182.72,4,0,East,Mobile,0
47,12,4,0,0.0,4,0,Budapest,Mobile,0
21,25,10,5,177.04,4,0,Budapest,Web,0
26,70,5,2,132.68,5,0,West,Web,1
18,7,1,0,0.0,4,0,South,Mobile,1
57,33,8,0,0.0,5,0,East,Mobile,0
29,17,8,0,24.06,2,0,South,Web,0
28,46,2,4,437.98,4,0,East,Mobile,0
27,34,3,1,79.85,2,0,Budapest,Mobile,0
37,23,4,1,62.48,3,0,North,Web,0
18,23,4,2,94.5,3,0,South,Web,0
25,42,4,2,211.04,5,0,East,Web,0
43,35,11,1,84.48,4,0,South,Store,0
35,33,10,0,12.13,5,0,Budapest,Web,0
42,44,4,1,16.78,5,0,West,Web,0
53,58,6,1,149.55,5,0,East,Store,0
51,66,9,1,115.42,5,0,West,Mobile,0
41,5,3,1,77.26,3,0,Budapest,Web,0
31,38,4,2,167.44,4,0,Budapest,Web,0
42,20,3,1,113.41,3,1,Budapest,Mobile,0
37,17,5,0,14.27,3,0,West,Web,0
56,10,12,2,181.31,3,1,East,Store,1
60,10,13,1,39.06,5,0,East,Web,0
40,43,7,0,0.0,5,0,West,Web,0
30,9,6,0,33.64,4,0,East,Mobile,0
41,48,5,3,274.98,5,0,South,Store,0
37,27,7,0,12.81,4,0,Budapest,Store,0
65,14,4,0,0.0,3,0,South,Web,0
21,35,4,1,64.28,4,0,South,Mobile,0
46,30,7,1,72.66,4,0,North,Mobile,0
38,21,7,0,26.38,3,0,Budapest,Web,0
32,17,0,0,4.4,4,0,Budapest,Mobile,0
37,22,8,2,174.69,4,0,South,Mobile,0
32,46,7,2,164.03,5,0,West,Web,0
45,18,5,1,102.61,5,0,South,Mobile,0
46,18,4,0,0.0,5,0,South,Web,0
42,8,6,0,8.36,4,0,Budapest,Store,0
22,37,4,3,233.12,3,0,East,Store,0
57,20,7,0,0.0,4,0,South,Mobile,0
53,12,6,1,82.76,3,0,Budapest,Web,0
46,4,9,0,20.18,3,0,North,Mobile,1
42,24,6,0,26.49,4,0,East,Store,0
44,29,7,0,51.23,5,0,Budapest,Mobile,0
56,22,8,2,174.22,4,0,East,Store,0
43,48,9,0,0.0,5,0,East,Web,0
51,20,8,3,223.24,3,0,East,Web,0
36,29,9,1,166.58,3,0,South,Store,0
56,57,5,4,413.92,5,1,Budapest,Web,0
44,31,8,3,220.32,4,0,East,Web,0
27,16,8,0,0.0,4,0,West,Store,0
36,16,9,1,41.0,5,0,North,Web,0
50,17,5,1,47.61,3,0,East,Mobile,0
24,10,5,2,144.59,3,0,West,Mobile,1
18,16,6,3,223.88,4,0,South,Mobile,0
46,54,13,0,19.31,5,0,South,Web,0
49,72,6,1,145.96,5,0,West,Web,0
44,17,5,0,0.0,4,0,North,Store,0
21,8,11,2,52.04,3,0,Budapest,Mobile,0
44,28,10,0,0.0,5,0,North,Mobile,0
68,19,4,1,74.13,4,0,East,Store,0
27,37,10,3,207.03,5,0,South,Web,0
55,19,5,0,0.0,4,0,West,Store,0
29,5,2,2,92.35,4,0,Budapest,Web,0
56,45,1,0,0.0,4,0,Budapest,Web,0
49,9,7,0,27.24,4,0,East,Store,0
45,5,6,3,205.69,4,0,East,Store,0
19,45,5,1,73.27,5,0,West,Web,0
38,7,3,1,61.84,4,0,South,Store,0
48,31,8,5,478.3,3,0,Budapest,Web,0
35,40,3,3,286.32,4,0,East,Store,0
39,23,5,2,146.36,3,0,East,Store,0
54,27,11,1,132.25,4,0,Budapest,Mobile,0
48,12,8,0,23.22,3,0,Budapest,Mobile,0
49,7,3,2,192.49,3,0,West,Web,0
52,28,6,2,145.9,4,0,West,Mobile,0
33,23,5,3,170.91,5,0,North,Mobile,0
33,35,8,3,328.95,4,2,Budapest,Web,0
18,17,8,0,5.49,4,0,South,Mobile,0
68,45,9,1,96.47,4,0,West,Mobile,0
59,26,5,1,117.32,4,0,East,Mobile,0
67,18,3,3,348.5,3,0,North,Web,0
27,28,8,1,68.91,4,0,Budapest,Web,0
22,37,7,4,262.81,5,1,East,Web,0
49,22,5,1,57.45,3,0,Budapest,Store,0
35,25,10,1,36.69,4,0,South,Store,0
48,21,6,0,0.0,4,0,Budapest,Web,1
26,28,7,3,305.72,5,0,West,Web,0
35,28,5,1,21.01,4,0,East,Web,0
51,5,8,0,11.3,4,0,East,Store,0
55,13,6,3,158.92,3,0,Budapest,Web,0
35,10,12,3,253.15,4,0,West,Web,0
46,27,7,1,85.43,5,1,North,Web,0
40,25,8,2,239.61,3,0,Budapest,Web,0
56,28,3,1,99.0,2,0,West,Web,0
18,26,10,1,49.12,5,0,Budapest,Web,0
37,10,1,0,27.11,3,0,East,Mobile,1
19,61,6,0,0.0,5,0,East,Web,0
32,24,3,3,285.52,5,0,Budapest,Web,0
28,21,8,2,112.32,4,0,Budapest,Web,0
44,17,4,1,36.07,4,0,West,Store,0
43,4,5,0,13.37,4,0,Budapest,Mobile,0
47,6,7,1,52.28,4,0,Budapest,Web,0
18,22,5,2,130.49,5,0,South,Store,0
37,8,2,0,3.54,5,0,South,Store,0
33,12,11,1,81.06,3,0,West,Web,0
32,6,7,2,111.94,3,0,East,Web,0
60,55,8,2,253.45,4,0,North,Web,0
47,9,11,1,119.42,3,0,Budapest,Web,0
37,49,9,0,0.0,5,0,Budapest,Web,0
61,33,2,0,3.95,3,0,Budapest,Web,0
54,31,5,1,51.99,4,0,West,Web,0
35,31,3,1,70.16,4,0,South,Store,0
35,21,4,1,90.01,3,0,South,Web,0
21,19,8,5,450.27,3,1,North,Web,0
42,35,9,2,139.74,4,0,Budapest,Web,0
48,16,9,1,47.5,3,0,North,Web,0
47,11,2,1,28.48,3,0,West,Web,0
72,35,6,3,324.16,5,0,West,Web,0
31,13,11,0,0.0,4,0,Budapest,Web,0
61,19,3,2,185.54,3,0,East,Mobile,0
54,15,7,2,171.88,4,0,South,Web,0
41,43,11,1,51.51,4,0,West,Web,0
46,21,14,1,26.41,5,0,Budapest,Mobile,0
37,21,2,1,78.41,3,0,North,Web,0
61,37,6,1,81.94,4,0,West,Web,0
34,49,12,2,157.88,5,0,Budapest,Web,0
39,9,6,1,69.28,4,0,East,Mobile,0
54,38,1,0,21.14,4,0,Budapest,Web,0
41,25,9,5,199.0,4,0,South,Web,0
39,62,6,2,289.15,3,1,West,Mobile,0
55,26,9,1,101.4,3,0,Budapest,Web,0
58,13,9,1,23.01,4,0,East,Mobile,0
34,31,7,1,76.57,4,0,North,Mobile,0
57,11,5,2,184.06,4,0,East,Mobile,0
37,21,7,3,205.9,5,0,South,Mobile,0
43,25,4,1,109.62,5,0,South,Store,0
51,17,5,1,152.92,3,0,Budapest,Web,0
44,44,5,0,0.0,5,0,Budapest,Store,0
73,15,7,1,89.72,3,0,East,Web,0
32,6,6,1,77.61,5,0,West,Mobile,0
68,13,6,1,80.86,3,0,East,Web,0
22,49,5,1,75.24,4,0,Budapest,Store,0
48,13,3,5,433.72,2,1,West,Web,0
33,31,6,2,200.05,5,0,Budapest,Web,0
38,4,5,0,0.0,4,0,West,Web,0
64,36,7,2,102.16,4,0,South,Web,0
33,21,3,1,112.24,3,0,South,Mobile,0
49,26,7,1,92.25,4,0,Budapest,Web,0
37,24,6,0,0.0,5,0,West,Mobile,0
41,18,4,1,62.48,4,0,Budapest,Store,1
34,30,7,2,185.99,3,0,Budapest,Store,0
35,35,6,2,172.59,5,0,West,Store,0
29,4,3,0,0.0,4,0,Budapest,Store,0
29,20,5,0,0.0,5,0,North,Store,0
52,25,8,1,78.12,4,0,West,Store,0
40,4,6,3,174.73,3,0,West,Mobile,0
50,17,9,1,45.73,3,0,West,Web,0
40,9,5,0,84.95,5,0,South,Mobile,0
39,6,6,0,11.49,3,0,East,Web,0
30,21,8,2,151.97,5,1,West,Web,0
40,24,7,0,0.0,4,0,West,Web,0
40,52,9,2,141.98,5,0,South,Store,0
48,17,2,3,177.41,4,0,Budapest,Mobile,0
42,72,11,5,343.74,5,0,South,Mobile,0
49,36,6,0,2.13,4,0,Budapest,Mobile,0
34,7,4,0,0.0,3,0,East,Web,0
34,18,6,3,294.37,3,0,North,Store,0
34,15,6,3,238.45,3,0,West,Mobile,0
70,24,2,0,0.0,3,0,Budapest,Web,0
28,12,10,0,12.48,3,0,Budapest,Web,0
29,31,7,0,0.68,4,0,West,Store,0
27,28,10,1,69.89,3,0,South,Web,0
32,6,4,0,29.31,4,0,South,Web,0
57,11,3,1,95.05,4,0,Budapest,Mobile,0
52,35,7,0,0.0,5,0,South,Mobile,0
27,19,4,1,87.45,4,0,South,Mobile,0
40,14,9,2,181.77,4,0,Budapest,Store,0
34,8,6,0,18.72,3,0,East,Web,0
50,14,7,1,85.07,4,0,West,Web,0
26,17,5,1,96.89,3,0,Budapest,Web,1
35,21,6,0,0.0,4,0,East,Store,0
38,10,1,1,49.08,3,0,South,Store,0
39,58,3,4,437.2,5,0,East,Store,0
54,40,11,2,171.72,3,0,Budapest,Store,0
50,34,4,4,373.09,4,0,Budapest,Web,0
25,5,6,0,16.96,4,0,Budapest,Web,1
45,46,4,1,68.91,4,0,West,Store,0
52,20,5,1,93.76,3,1,North,Store,0
70,55,7,1,129.9,4,0,Budapest,Mobile,0
46,50,12,2,205.08,5,0,Budapest,Mobile,0
60,15,8,1,92.19,4,1,West,Mobile,0
21,12,6,0,25.74,5,0,West,Web,0
54,11,3,0,0.0,3,0,Budapest,Web,0
35,24,8,0,9.05,5,0,Budapest,Mobile,0
41,22,6,0,0.0,5,0,Budapest,Web,0
36,22,4,0,34.09,3,0,Budapest,Mobile,0
40,17,4,2,146.27,3,0,East,Web,0
31,16,2,0,0.0,4,0,North,Web,0
31,45,2,2,104.41,5,0,West,Store,0
38,43,9,4,301.71,5,0,South,Web,0
48,63,9,1,131.63,5,0,Budapest,Web,0
35,7,4,1,61.54,4,0,Budapest,Web,0
30,56,10,4,357.08,5,0,Budapest,Web,0
60,10,4,2,117.89,4,0,East,Store,0
65,10,6,1,120.63,4,0,West,Web,0
27,72,6,4,314.46,4,0,Budapest,Mobile,0
38,15,4,0,55.15,5,0,North,Web,0
62,43,4,4,423.01,5,0,North,Web,0
36,24,6,1,115.72,5,0,Budapest,Mobile,0
48,18,6,2,165.4,5,0,North,Web,0
44,24,7,1,52.95,5,0,East,Store,0
37,11,2,0,15.32,4,0,Budapest,Store,0
30,10,7,2,165.07,3,0,Budapest,Mobile,0
33,12,1,1,98.93,2,0,Budapest,Web,1
62,53,5,0,30.33,4,0,South,Mobile,0
28,16,8,0,40.09,3,0,Budapest,Web,0
40,24,10,2,172.96,4,0,East,Mobile,0
34,14,1,0,17.21,4,0,East,Mobile,0
36,7,7,0,0.0,4,0,Budapest,Store,0
41,8,6,2,94.6,4,0,Budapest,Web,0
42,21,6,1,56.74,4,0,Budapest,Web,0
41,47,7,3,190.53,5,0,North,Mobile,0
39,21,6,0,0.0,4,0,South,Web,0
56,33,13,1,100.65,4,0,East,Mobile,0
18,9,6,1,59.52,4,0,Budapest,Store,0
33,16,7,2,112.33,5,0,West,Mobile,0
28,15,4,2,154.73,3,0,East,Mobile,0
38,24,7,2,140.38,5,0,East,Web,0
37,42,7,1,68.57,5,0,East,Mobile,0
22,24,1,1,110.64,4,0,East,Web,0
24,44,10,2,124.22,5,0,Budapest,Mobile,0
52,24,9,2,183.77,2,0,East,Web,1
60,33,8,2,163.45,3,0,Budapest,Mobile,0
57,24,9,1,103.5,4,0,East,Web,0
47,44,2,3,285.46,4,0,North,Web,0
55,23,10,1,147.38,4,0,Budapest,Web,0
44,10,5,0,26.67,5,0,East,Web,0
39,32,6,0,10.03,5,0,Budapest,Store,0
56,14,7,1,63.12,3,0,East,Mobile,0
36,21,7,1,87.36,4,0,North,Store,0
53,32,4,0,0.0,4,0,South,Web,0
44,16,10,4,466.29,4,0,North,Mobile,0
46,9,8,4,111.69,3,1,West,Web,0
24,10,5,0,0.0,4,0,Budapest,Store,0
38,21,8,0,0.0,3,0,East,Mobile,0
52,19,3,1,55.71,5,0,East,Mobile,0
67,43,7,4,354.71,4,0,Budapest,Web,0
45,35,6,2,207.91,4,0,West,Web,0
34,7,14,1,68.67,4,0,West,Mobile,0
30,37,7,2,232.05,5,0,Budapest,Store,0
55,36,4,1,82.02,4,0,Budapest,Mobile,0
34,72,7,3,200.34,5,1,Budapest,Web,0
21,11,10,3,301.35,3,0,Budapest,Mobile,0
57,42,6,0,23.75,5,0,East,Store,0
39,8,5,1,14.74,5,0,South,Web,0
45,12,4,2,166.06,4,0,East,Mobile,0
29,16,5,3,199.46,4,0,Budapest,Store,0
25,39,6,1,66.57,5,0,South,Mobile,0
43,10,10,3,272.39,4,0,Budapest,Store,0
28,30,5,1,58.91,3,0,East,Store,0
39,19,6,1,93.12,4,0,East,Mobile,0
26,30,1,1,83.82,3,0,West,Web,0
57,72,6,4,484.53,5,0,North,Mobile,0
44,11,6,1,73.51,3,0,Budapest,Store,0
58,31,7,1,104.84,5,0,North,Web,0
32,3,6,0,7.72,4,0,Budapest,Mobile,0
55,45,7,1,50.7,4,0,West,Web,0
30,18,4,2,123.88,3,0,East,Web,0
63,7,5,1,70.65,4,0,Budapest,Mobile,0
47,26,6,0,24.62,4,0,North,Web,0
54,42,11,1,63.52,4,0,Budapest,Web,0
21,16,6,0,36.49,5,0,East,Mobile,0
42,4,10,0,0.0,4,0,East,Mobile,0
30,31,7,1,100.87,3,0,Budapest,Web,0
44,28,5,1,104.19,4,0,South,Mobile,0
26,26,8,1,90.94,4,0,Budapest,Mobile,0
55,17,7,3,239.28,3,0,South,Web,0
18,16,6,0,0.0,3,0,Budapest,Mobile,0
33,22,6,0,11.32,4,0,South,Store,0
48,15,4,0,0.0,3,0,Budapest,Web,0
38,10,5,0,0.0,5,0,Budapest,Mobile,0
50,12,1,1,76.58,3,0,East,Mobile,0
40,30,9,1,61.2,5,1,South,Web,0
41,33,5,2,196.9,5,0,South,Web,0
40,7,4,1,39.53,3,0,East,Store,0
18,41,8,1,95.22,4,0,North,Store,0
56,13,8,2,96.25,5,0,Budapest,Store,0
35,23,3,1,40.1,3,0,Budapest,Store,0
33,3,7,0,1.85,3,0,Budapest,Mobile,0
28,40,3,1,90.8,5,1,East,Mobile,0
21,37,4,2,144.44,4,0,West,Web,0
45,51,5,2,195.72,4,1,North,Web,0
28,10,7,0,4.34,3,0,South,Web,0
55,9,5,2,93.13,5,0,Budapest,Mobile,0
34,10,9,3,308.92,4,0,South,Mobile,0
26,50,7,1,106.25,3,0,North,Web,0
40,20,6,0,0.0,3,0,East,Mobile,0
23,47,11,1,78.87,4,0,Budapest,Mobile,0
53,21,2,1,101.76,4,0,Budapest,Mobile,0
38,12,1,0,0.0,5,0,Budapest,Mobile,1
28,27,5,0,19.11,4,0,North,Web,0
42,9,8,0,0.0,3,0,Budapest,Store,0
55,28,7,0,0.0,4,0,Budapest,Mobile,0
37,15,4,0,0.0,3,0,Budapest,Mobile,0
37,41,10,1,60.22,4,0,Budapest,Mobile,0
52,25,3,0,1.74,5,0,Budapest,Web,0
49,26,7,2,151.45,3,0,Budapest,Web,0
40,16,9,3,208.42,5,0,Budapest,Store,0
18,70,10,0,7.8,5,0,Budapest,Web,0
22,13,6,0,0.0,4,0,Budapest,Web,0
45,67,5,1,83.81,5,0,North,Web,0
38,20,5,1,57.83,4,0,West,Web,0
40,63,4,1,59.96,5,0,South,Store,0
50,7,4,5,340.92,5,0,West,Web,0
34,6,6,1,69.4,4,0,North,Web,0
57,43,5,2,207.44,5,0,West,Web,0
46,36,7,1,94.5,3,0,West,Mobile,0
46,55,3,2,173.9,4,0,Budapest,Web,0
34,8,6,1,92.27,3,0,South,Web,0
41,18,8,1,88.52,4,0,South,Store,1
52,5,2,0,0.0,4,0,Budapest,Mobile,0
62,59,4,2,119.55,4,0,South,Store,0
53,29,7,3,271.12,4,1,South,Store,0
35,12,8,2,230.8,3,0,Budapest,Store,0
47,38,7,0,25.95,5,0,West,Mobile,0
48,39,8,0,27.06,4,0,North,Web,0
41,45,6,0,29.63,4,0,South,Web,0
47,20,8,1,156.11,3,0,East,Web,0
44,24,1,1,66.07,4,0,Budapest,Store,0
62,7,3,1,9.96,4,0,Budapest,Store,0
40,28,7,2,194.17,4,0,Budapest,Web,0
45,58,5,2,187.94,5,0,South,Mobile,0
52,11,6,1,40.71,4,1,East,Store,0
58,10,4,0,16.78,4,0,East,Web,1
23,12,4,0,0.0,4,0,West,Web,1
55,13,7,2,96.62,4,0,Budapest,Web,0
18,31,3,3,204.13,2,1,Budapest,Mobile,0
34,17,9,3,294.8,4,0,East,Mobile,0
43,18,8,1,64.74,4,0,Budapest,Web,0
56,24,4,2,155.17,3,0,South,Web,0
43,28,5,2,252.6,3,0,East,Web,0
19,16,6,1,66.21,4,0,West,Store,0
35,58,9,0,0.0,5,0,Budapest,Mobile,0
25,26,6,0,0.0,3,0,South,Mobile,0
34,40,6,1,71.89,5,0,Budapest,Web,0
56,32,2,1,58.73,3,0,North,Mobile,0
34,67,8,2,201.84,5,0,South,Mobile,0
39,33,5,1,151.86,5,0,Budapest,Mobile,0
48,5,5,0,25.63,4,0,South,Web,0
29,34,10,2,124.82,5,0,Budapest,Mobile,0
60,32,6,3,263.08,3,0,Budapest,Web,0
18,32,4,2,206.09,3,0,Budapest,Web,0
44,6,6,0,0.0,3,0,West,Store,0
22,38,5,2,94.16,4,0,Budapest,Web,0
42,36,4,0,0.0,5,0,Budapest,Store,0
18,29,5,3,188.8,5,0,West,Mobile,0
46,28,8,2,155.64,3,0,South,Mobile,0
44,18,4,3,139.12,4,0,Budapest,Mobile,0
55,65,5,4,348.66,5,0,Budapest,Web,0
61,8,4,0,24.71,4,0,North,Web,0
47,42,5,5,515.78,4,0,South,Store,0
25,32,6,0,0.0,4,0,East,Web,0
30,13,4,1,25.65,3,0,East,Web,0
55,3,6,1,119.8,4,0,East,Web,0
73,49,10,0,18.27,4,0,Budapest,Mobile,0
43,3,6,1,47.77,4,0,Budapest,Web,1
45,53,5,4,424.76,4,0,South,Web,0
25,24,4,1,108.2,3,0,North,Store,0
43,24,7,1,107.2,2,0,West,Web,0
38,10,4,1,72.34,4,0,East,Mobile,0
47,26,3,0,0.0,4,0,West,Web,0
31,45,5,2,137.59,3,0,West,Web,0
46,31,9,1,37.88,4,0,Budapest,Web,0
24,20,7,3,235.68,5,0,Budapest,Mobile,0
49,23,4,1,121.81,4,0,North,Store,0
30,54,9,1,28.93,5,0,South,Mobile,0
34,35,3,0,17.38,3,0,East,Web,0
18,72,11,3,204.6,4,0,East,Mobile,0
20,8,3,2,121.42,2,1,East,Store,0
54,16,5,1,72.35,4,0,West,Store,0
49,7,10,0,54.45,4,0,Budapest,Mobile,0
29,28,10,0,0.64,3,0,Budapest,Web,0
50,55,5,2,144.1,5,0,West,Web,1
18,16,9,0,0.0,4,0,North,Mobile,0
52,38,3,3,262.81,4,0,West,Web,0
28,46,2,1,108.33,4,0,West,Mobile,0
26,19,2,0,18.68,3,0,West,Web,0
26,19,6,2,158.62,4,0,North,Web,0
34,14,5,4,228.35,3,1,East,Store,0
25,12,2,0,0.0,5,0,East,Mobile,0
22,72,6,2,175.02,5,0,North,Web,0
39,26,6,2,226.4,4,0,West,Web,0
38,41,8,1,60.14,5,0,West,Web,0
26,24,5,0,26.7,5,0,Budapest,Web,0
53,38,6,1,42.02,5,0,Budapest,Web,0
52,14,4,3,310.46,3,0,West,Mobile,0
40,22,7,0,0.0,4,0,Budapest,Web,0
40,22,2,0,0.0,3,0,South,Mobile,0
68,47,10,2,223.83,4,1,West,Web,0
41,27,8,0,0.0,4,0,North,Store,0
55,2,6,1,52.17,3,0,Budapest,Store,0
50,13,6,0,0.0,4,0,Budapest,Mobile,0
38,8,2,0,0.0,5,0,Budapest,Web,0
53,68,12,3,185.82,5,0,West,Web,0
25,11,5,4,221.6,3,0,Budapest,Store,0
34,25,9,0,10.41,5,0,Budapest,Store,0
52,17,5,4,432.27,3,0,West,Mobile,0
53,30,3,0,0.0,3,0,West,Mobile,0
58,34,4,1,126.12,4,0,West,Web,0
44,9,5,0,0.0,4,0,South,Mobile,0
68,28,9,1,100.4,4,0,North,Web,0
61,31,5,1,60.99,4,0,West,Mobile,0
42,35,4,0,12.73,5,0,North,Mobile,0
57,39,10,2,177.63,5,0,Budapest,Web,0
45,34,3,0,0.0,5,0,West,Web,0
40,22,0,0,0.0,3,0,West,Mobile,0
21,35,5,3,219.41,5,0,West,Web,0
41,16,7,1,80.02,4,0,East,Mobile,0
39,19,7,1,48.25,3,0,Budapest,Web,0
18,30,5,1,68.97,3,0,East,Mobile,1
33,22,6,1,44.55,3,0,Budapest,Web,0
42,36,9,4,360.52,4,0,East,Web,0
30,29,4,0,0.0,4,0,Budapest,Mobile,0
57,9,4,0,19.24,3,0,North,Web,0
36,6,7,3,90.7,4,0,South,Web,0
32,11,5,1,8.36,3,0,West,Mobile,1
45,3,3,1,76.98,3,0,South,Store,0
30,27,3,1,89.68,3,0,South,Web,0
56,7,3,0,23.76,3,0,South,Mobile,0
67,14,9,1,93.42,3,0,East,Mobile,0
35,20,6,2,50.94,5,0,Budapest,Web,0
43,42,6,3,197.74,4,0,East,Mobile,0
34,36,8,4,203.24,4,0,North,Web,0
59,17,12,1,112.25,4,0,East,Web,0
40,15,8,1,86.08,4,0,Budapest,Web,0
38,8,4,0,0.0,4,0,North,Web,0
53,16,6,1,160.19,5,0,East,Store,0
46,23,2,2,70.65,3,0,South,Mobile,0
44,9,3,0,15.87,4,0,West,Mobile,0
55,16,5,0,27.42,4,0,West,Web,0
53,28,6,0,5.69,4,0,West,Web,0
24,19,9,5,384.86,4,0,South,Mobile,0
45,31,7,1,13.01,4,0,East,Web,0
30,40,9,1,104.05,5,0,Budapest,Web,0
23,28,6,0,0.0,4,0,Budapest,Mobile,0
51,30,4,1,50.2,4,0,South,Web,0
63,20,2,1,98.98,4,0,North,Mobile,0
42,10,2,0,5.51,4,0,East,Store,0
32,12,4,1,95.16,5,0,East,Web,0
41,15,11,0,36.23,3,0,West,Store,0
37,15,10,1,61.57,5,0,East,Web,0
67,17,3,2,101.95,2,0,South,Mobile,0
38,31,6,3,340.82,4,0,East,Web,0
18,29,4,1,79.45,3,0,East,Store,0
42,27,5,1,50.37,5,0,Budapest,Store,0
48,17,4,1,69.9,3,0,South,Web,1
35,23,5,0,17.46,5,0,West,Store,0
29,9,5,0,0.0,3,0,Budapest,Store,0
28,55,8,4,387.28,5,0,West,Mobile,0
36,28,8,0,23.55,5,0,East,Web,0
23,40,4,4,132.82,4,0,West,Store,0
36,24,9,0,17.59,3,0,South,Web,0
18,8,9,1,67.33,5,0,South,Web,0
42,39,7,5,385.73,2,2,North,Mobile,0
54,21,7,0,11.68,2,0,Budapest,Mobile,0
43,12,4,1,120.67,3,0,Budapest,Web,0
46,18,3,2,156.75,4,0,East,Mobile,0
41,32,4,4,272.77,4,0,West,Web,0
39,12,6,2,114.34,4,0,Budapest,Web,0
34,18,5,0,0.0,4,0,Budapest,Mobile,0
22,13,10,1,56.35,4,0,East,Store,1
40,16,8,2,126.22,5,0,Budapest,Mobile,0
50,29,8,0,5.96,4,0,West,Mobile,0
27,7,7,1,82.4,4,0,South,Store,0
30,39,6,3,199.48,4,0,Budapest,Store,1
33,4,5,0,0.0,4,0,West,Mobile,0
44,6,4,1,80.43,3,0,Budapest,Mobile,1
31,39,5,2,101.47,5,0,West,Mobile,0
66,15,5,0,0.0,4,0,West,Web,1
43,45,8,5,480.61,4,1,Budapest,Web,0
36,21,4,0,0.0,3,0,Budapest,Web,0
31,38,5,2,168.75,2,0,West,Web,0
54,33,5,1,80.59,5,0,Budapest,Mobile,0
45,8,7,3,272.44,4,0,North,Mobile,0
26,68,6,3,244.63,5,0,East,Web,0
50,23,4,3,272.85,5,0,Budapest,Web,0
44,26,9,2,147.97,4,0,Budapest,Store,0
45,28,5,2,185.98,4,0,East,Web,0
18,21,4,0,0.0,4,0,Budapest,Web,0
52,31,4,1,113.77,4,0,North,Web,0
38,6,6,1,70.85,3,0,South,Web,0
29,52,12,7,630.43,4,0,West,Web,0
49,9,9,2,177.55,4,0,Budapest,Store,0
64,36,5,1,54.4,4,0,Budapest,Mobile,0
28,17,8,0,33.71,4,0,Budapest,Store,0
44,17,4,0,20.06,4,0,South,Store,0
40,23,5,0,5.91,5,0,Budapest,Store,0
52,38,7,2,218.33,4,0,South,Web,0
51,8,3,0,9.13,2,0,Budapest,Web,0
36,65,3,1,116.19,5,0,East,Web,0
50,36,7,5,488.79,4,0,East,Store,0
27,1,6,1,54.77,3,0,North,Store,0
32,30,4,1,103.71,4,0,West,Web,1
36,8,6,1,68.67,4,0,South,Web,0
36,44,8,1,86.65,5,0,Budapest,Mobile,0
49,7,4,2,150.07,4,0,North,Mobile,0
38,51,8,1,120.92,5,0,South,Mobile,0
53,36,4,1,47.77,4,0,Budapest,Web,0
30,19,6,1,78.51,5,0,North,Web,0
53,28,6,1,114.22,3,0,East,Web,0
53,26,4,2,216.33,3,1,East,Mobile,0
47,24,4,0,0.0,3,0,Budapest,Store,0
18,6,4,0,0.0,3,0,East,Web,0
32,47,7,2,133.58,3,1,South,Web,0
28,32,3,0,0.0,3,0,West,Web,0
52,18,6,0,0.0,5,0,South,Mobile,0
46,34,7,4,344.2,4,0,East,Web,0
47,18,5,0,0.0,3,0,Budapest,Web,0
66,44,11,3,278.59,4,0,West,Store,0
53,21,4,2,116.71,4,0,Budapest,Web,0
47,38,3,0,0.0,4,0,East,Mobile,0
39,24,7,2,131.3,4,0,Budapest,Web,0
49,18,9,1,51.6,4,0,Budapest,Mobile,0
65,17,7,1,136.33,4,0,East,Mobile,0
45,30,5,2,216.77,4,0,Budapest,Mobile,0
26,28,6,1,88.31,4,0,Budapest,Mobile,0
23,25,9,2,146.97,4,0,North,Web,0
24,12,3,1,57.4,2,0,East,Web,0
53,36,6,0,15.33,4,0,West,Mobile,0
42,15,7,1,114.62,4,0,West,Web,0
38,40,4,4,443.07,3,0,Budapest,Mobile,0
57,35,7,1,40.2,3,0,West,Mobile,0
37,26,4,1,83.82,4,0,North,Web,0
22,21,5,0,6.22,3,0,Budapest,Web,0
46,13,12,2,122.28,5,0,North,Web,0
53,8,6,0,27.22,3,0,Budapest,Store,0
19,23,5,1,56.43,4,0,Budapest,Mobile,0
36,29,6,3,160.49,5,0,Budapest,Mobile,0
51,20,5,2,99.33,4,1,North,Mobile,0
39,18,3,2,159.4,4,0,North,Mobile,0
51,16,5,0,0.0,4,0,North,Web,0
45,14,3,2,103.97,3,0,East,Web,0
54,15,7,1,52.69,3,0,North,Store,0
30,47,9,1,100.67,5,0,Budapest,Mobile,0
35,31,9,1,86.01,4,0,West,Mobile,0
31,35,9,1,59.3,3,0,West,Web,0
37,5,6,1,77.26,4,0,Budapest,Store,0
36,37,6,1,47.86,5,0,North,Store,0
59,6,5,1,61.26,4,0,South,Store,0
48,28,5,1,106.6,3,0,Budapest,Web,0
44,23,15,2,171.75,3,0,Budapest,Web,0
18,24,4,1,63.68,5,0,West,Web,0
33,11,4,5,241.75,4,0,West,Mobile,0
35,41,9,1,145.74,3,0,Budapest,Store,0
32,21,8,2,145.75,3,0,Budapest,Web,0
44,44,5,4,405.32,4,0,North,Mobile,0
43,2,5,1,53.85,3,0,South,Web,0
36,12,10,1,30.24,4,0,Budapest,Web,1
36,25,5,0,13.66,4,0,South,Store,0
53,53,8,1,116.48,5,0,West,Web,0
37,22,9,2,192.53,4,0,North,Mobile,0
50,7,4,1,87.98,3,0,Budapest,Mobile,0
49,4,6,1,39.58,2,1,North,Store,0
47,16,5,5,340.95,3,0,West,Mobile,0
31,45,7,7,743.84,4,0,East,Store,0
49,21,6,1,135.35,5,0,Budapest,Store,0
33,23,3,1,86.43,4,0,Budapest,Mobile,0
38,7,2,0,0.0,3,0,East,Web,0
44,8,5,0,0.0,4,0,West,Store,0
52,15,6,1,57.67,5,0,North,Web,0
40,30,9,0,0.0,4,0,West,Store,0
18,36,5,2,95.59,3,0,East,Web,0
47,11,6,0,0.0,3,0,North,Mobile,0
36,72,15,2,160.81,5,1,South,Web,0
26,54,4,3,162.36,4,0,South,Web,0
24,21,6,2,188.44,4,0,South,Web,0
44,17,2,0,0.0,4,0,Budapest,Web,0
30,72,7,2,227.61,5,0,North,Mobile,0
51,9,6,1,88.51,3,0,Budapest,Mobile,0
30,19,7,1,65.28,5,0,Budapest,Web,0
45,66,11,2,199.4,5,0,Budapest,Mobile,0
41,4,2,0,0.0,4,0,East,Web,0
57,32,2,1,95.47,4,0,West,Mobile,1
39,32,6,3,281.48,3,0,North,Web,0
26,12,6,1,60.95,4,0,North,Store,0
52,16,5,1,67.91,4,0,North,Web,1
28,39,7,5,339.19,5,0,East,Mobile,0
43,12,4,0,0.0,3,0,West,Web,0
49,4,6,1,81.57,2,0,East,Store,0
44,42,4,2,211.73,4,0,South,Mobile,0
63,32,8,2,136.62,4,0,East,Mobile,0
31,36,7,0,41.16,3,0,West,Web,0
41,42,7,2,182.57,4,0,West,Web,0
50,6,5,0,0.0,4,0,East,Store,0
53,38,4,2,87.25,3,0,East,Store,0
26,40,10,1,49.85,5,0,Budapest,Store,0
48,12,1,0,0.0,2,0,South,Mobile,0
54,9,6,0,29.1,4,0,North,Web,0
43,39,4,2,222.14,3,0,West,Store,0
25,50,10,2,106.4,4,0,East,Web,0
32,15,5,2,97.64,5,1,East,Mobile,0
63,12,7,0,16.86,3,0,South,Web,0
67,23,9,0,0.0,4,0,Budapest,Web,0
46,8,0,0,19.95,5,0,Budapest,Mobile,0
60,17,4,0,17.23,5,0,East,Mobile,0
30,20,8,1,46.64,4,0,East,Web,0
42,20,9,1,108.65,4,0,East,Mobile,1
47,37,3,0,0.0,3,0,North,Mobile,0
49,33,3,1,88.4,3,0,West,Store,0
54,5,5,2,57.07,4,0,East,Web,1
39,20,10,1,65.34,5,0,West,Web,0
56,30,12,6,409.11,4,0,North,Mobile,0
61,38,10,0,0.0,4,0,North,Web,0
24,68,7,1,99.57,4,0,Budapest,Mobile,0
46,60,6,0,1.8,5,0,South,Store,0
62,50,13,2,123.09,5,0,Budapest,Web,0
54,5,12,4,294.92,4,0,Budapest,Web,0
38,72,10,1,117.57,5,0,West,Web,0
56,10,5,2,121.48,4,1,East,Web,0
44,5,7,1,89.19,5,0,West,Web,0
40,36,8,2,234.26,5,1,Budapest,Web,0
46,5,6,2,141.61,4,0,Budapest,Web,0
49,37,3,2,171.1,4,1,East,Mobile,0
46,18,4,0,0.0,5,0,Budapest,Store,0
43,23,5,0,3.22,4,0,South,Store,0
46,30,5,2,159.4,5,0,Budapest,Mobile,0
19,23,9,3,235.83,4,0,East,Web,0
26,24,5,0,0.0,3,0,Budapest,Web,0
46,20,3,0,0.0,4,0,Budapest,Web,0
47,5,7,0,38.51,5,0,Budapest,Mobile,0
35,15,12,0,0.0,5,0,East,Web,0
57,28,9,1,81.02,4,0,Budapest,Mobile,0
56,30,8,0,2.06,4,0,East,Store,0
44,6,7,1,100.61,3,0,Budapest,Mobile,0
54,10,8,1,130.43,3,0,East,Mobile,0
45,27,6,0,0.0,5,0,Budapest,Mobile,0
21,53,5,1,101.44,5,1,West,Web,0
44,13,4,0,0.0,4,0,Budapest,Web,0
28,15,6,1,89.64,5,0,Budapest,Web,0
28,33,13,1,101.52,4,0,Budapest,Web,0
50,35,2,3,256.1,3,1,East,Web,0
43,21,3,0,22.71,2,0,Budapest,Mobile,0
46,25,5,1,86.54,4,0,Budapest,Web,0
61,7,3,3,300.36,3,0,Budapest,Web,0
47,37,5,3,241.93,4,2,Budapest,Web,0
26,58,4,1,49.83,4,0,West,Mobile,0
30,17,5,0,0.0,3,0,Budapest,Store,0
29,20,9,1,70.2,3,0,Budapest,Mobile,0
48,7,6,0,0.0,3,0,Budapest,Web,0
59,14,5,2,116.31,5,0,West,Web,0
41,8,6,0,0.0,3,0,South,Web,0
40,13,4,1,57.9,4,0,East,Store,0
27,23,7,0,3.8,4,0,West,Web,0
62,14,3,4,448.01,4,0,South,Mobile,0
71,19,7,0,0.0,5,0,East,Store,0
37,9,4,2,160.48,2,0,Budapest,Web,0
40,56,4,1,35.85,4,0,Budapest,Web,0
31,30,2,0,25.34,4,0,Budapest,Mobile,0
30,29,6,2,204.01,5,0,South,Web,0
35,43,7,2,180.2,4,0,Budapest,Mobile,0
38,33,7,0,0.0,4,0,South,Web,0
49,19,3,0,0.0,5,0,Budapest,Mobile,0
45,38,4,1,87.01,4,0,South,Store,0
47,41,3,1,80.9,3,0,East,Mobile,0
20,21,2,1,73.21,3,0,Budapest,Mobile,0
40,50,7,2,146.77,5,0,West,Store,0
45,19,8,1,84.9,3,0,Budapest,Web,0
58,12,6,0,0.0,3,0,Budapest,Store,0
49,14,10,4,362.69,5,0,Budapest,Web,0
29,58,3,2,218.28,5,0,South,Mobile,0
49,51,8,1,150.09,4,0,South,Web,0
48,18,5,1,33.09,2,0,East,Web,0
35,34,2,2,152.76,4,0,West,Mobile,0
29,15,7,2,119.58,3,0,Budapest,Web,0
41,29,8,0,0.0,5,0,South,Mobile,0
46,18,7,1,128.31,4,0,West,Mobile,0
46,28,6,1,144.72,5,0,Budapest,Web,0
43,5,1,0,50.82,3,0,Budapest,Web,1
41,26,4,1,102.85,2,0,East,Web,0
54,11,3,1,102.93,3,0,East,Web,0
44,47,4,2,164.09,4,0,Budapest,Mobile,0
33,19,4,0,0.0,3,0,East,Mobile,0
41,53,6,1,90.9,5,0,South,Mobile,0
40,13,7,2,219.39,3,1,Budapest,Mobile,0
51,13,3,1,74.46,4,0,West,Web,0
38,56,4,1,11.5,5,0,East,Mobile,0
46,17,5,2,110.75,3,0,North,Mobile,0
39,24,5,1,80.34,3,0,Budapest,Web,0
21,72,4,1,80.92,5,0,South,Mobile,0
32,38,2,0,21.48,3,0,West,Web,0
33,18,5,0,0.0,4,0,Budapest,Web,0
40,21,5,0,15.01,4,0,Budapest,Web,0
33,13,7,0,24.67,4,0,Budapest,Store,0
34,21,4,0,9.76,4,0,North,Web,0
36,30,8,2,85.85,5,0,East,Mobile,0
26,21,12,0,8.54,5,0,Budapest,Web,0
49,30,9,3,224.54,3,0,East,Mobile,1
57,53,12,4,355.08,5,0,Budapest,Web,0
33,50,3,4,233.66,4,1,North,Mobile,0
50,31,4,0,0.0,4,0,West,Mobile,0
41,41,6,0,0.0,3,0,Budapest,Store,0
23,31,7,1,94.66,4,0,South,Web,0
42,11,5,1,99.64,2,0,West,Mobile,0
57,24,4,0,0.0,5,0,Budapest,Mobile,0
59,13,0,0,0.7,3,0,Budapest,Web,0
35,31,3,0,0.0,4,0,Budapest,Mobile,0
40,5,5,3,291.93,4,0,Budapest,Web,0
24,17,10,3,90.72,4,0,West,Web,0
35,49,8,1,56.92,4,0,West,Web,0
54,25,5,1,55.34,2,0,East,Mobile,0
46,11,4,0,8.7,5,0,Budapest,Mobile,0
47,28,1,2,241.56,4,0,North,Mobile,0
42,25,4,5,426.51,5,1,North,Mobile,0
38,17,10,2,165.29,4,0,Budapest,Mobile,1
36,2,5,0,23.11,2,0,South,Mobile,0
47,37,12,3,254.18,5,0,South,Store,0
35,10,10,1,76.03,4,0,East,Web,0
36,25,8,1,74.7,4,0,West,Mobile,0
49,10,9,0,0.0,2,0,East,Web,0
31,8,7,0,30.52,3,0,West,Web,0
35,7,8,0,1.98,4,0,Budapest,Web,0
40,29,5,2,175.29,4,0,East,Mobile,0
47,22,9,1,42.69,3,0,South,Web,0
34,34,12,2,182.79,4,0,North,Web,0
43,15,5,2,121.82,3,0,Budapest,Store,0
43,33,3,1,60.99,4,0,East,Store,1
61,9,7,0,0.0,3,0,Budapest,Web,0
31,43,6,1,109.23,5,0,East,Store,0
50,29,8,2,181.96,4,0,West,Mobile,0
40,19,8,2,130.51,5,0,North,Web,0
57,28,5,4,142.21,4,0,North,Mobile,0
38,31,7,6,424.26,4,0,West,Web,0
29,11,6,1,87.81,4,0,West,Store,0
49,30,7,2,126.89,4,0,Budapest,Web,0
20,32,6,1,106.32,4,0,East,Store,0
42,28,9,0,0.99,5,0,East,Web,0
28,18,9,1,41.94,3,0,South,Mobile,0
56,22,6,2,187.25,3,0,Budapest,Web,0
29,14,9,0,8.6,5,0,West,Mobile,0
40,19,3,1,86.25,4,0,Budapest,Mobile,0
40,54,5,0,0.0,4,0,East,Web,0
34,26,13,0,53.08,4,0,East,Mobile,0
39,17,5,1,83.49,4,0,West,Store,0
39,34,10,2,122.84,5,0,West,Mobile,0
40,25,7,0,14.15,5,0,West,Store,0
43,39,2,0,0.0,4,0,North,Web,0
45,16,7,2,137.81,4,0,North,Web,0
48,15,8,1,89.99,4,0,West,Store,0
56,10,5,1,31.47,3,0,South,Web,0
38,18,3,0,0.0,4,0,Budapest,Web,0
35,19,5,0,0.0,3,0,South,Mobile,0
54,7,5,1,112.34,5,0,Budapest,Store,0
48,8,4,1,26.54,3,0,South,Store,0
50,22,9,3,148.56,5,0,West,Store,0
60,36,6,1,162.74,4,0,Budapest,Mobile,0
40,32,4,2,166.27,5,0,East,Mobile,0
53,15,4,0,20.6,4,0,West,Web,0
37,27,4,4,240.29,4,0,Budapest,Store,0
39,47,9,4,243.0,4,0,East,Mobile,0
62,6,1,0,0.0,4,0,East,Web,0
18,11,4,1,52.43,3,0,West,Store,1
50,16,3,2,155.23,4,0,East,Web,0
31,36,11,1,31.59,5,0,South,Web,0
55,20,4,0,0.0,5,0,Budapest,Web,0
51,20,14,1,78.72,5,0,South,Web,0
55,56,8,0,0.0,5,0,Budapest,Mobile,0
45,39,3,2,240.9,4,0,West,Store,1
25,35,9,0,3.88,3,0,South,Mobile,0
31,13,7,1,87.55,3,0,South,Web,0
53,31,7,4,170.94,4,0,West,Store,0
50,27,4,3,226.8,4,0,West,Mobile,0
40,21,7,0,4.72,4,0,West,Store,0
51,24,5,0,3.29,5,0,West,Mobile,0
46,47,6,3,327.1,5,0,East,Store,0
18,14,6,2,165.87,4,0,Budapest,Web,0
48,15,9,1,110.65,4,0,North,Mobile,0
40,56,8,1,121.14,4,0,North,Mobile,0
40,46,3,2,147.86,4,0,East,Web,0
39,29,3,1,62.55,4,0,Budapest,Mobile,0
42,26,3,1,97.08,5,0,North,Web,0
36,22,4,2,138.56,4,0,East,Web,0
42,59,5,4,317.93,5,0,Budapest,Mobile,0
26,7,3,1,14.31,4,0,East,Mobile,0
59,37,5,0,0.0,4,0,West,Web,0
36,36,7,3,327.95,4,0,East,Mobile,0
30,15,4,0,24.11,2,0,West,Web,0
45,23,6,1,95.84,5,0,Budapest,Store,0
43,37,5,3,295.91,5,0,East,Mobile,0
55,15,7,1,111.28,2,0,South,Store,0
51,11,3,0,63.22,4,0,West,Store,0
22,17,4,0,0.0,4,0,Budapest,Store,0
40,11,3,1,52.07,3,0,North,Mobile,0
18,8,0,0,2.3,4,0,Budapest,Mobile,0
31,20,6,1,108.5,5,1,South,Web,0
52,19,8,1,101.95,5,0,Budapest,Mobile,0
21,8,3,0,0.0,3,0,South,Mobile,0
59,29,6,4,460.76,5,1,East,Mobile,0
45,44,6,2,160.75,5,0,East,Mobile,0
36,7,5,3,129.72,4,0,West,Mobile,0
41,51,3,0,0.0,5,0,East,Web,0
30,11,7,3,275.1,4,1,East,Mobile,0
18,34,1,1,113.57,5,0,South,Web,0
38,13,7,0,0.0,5,0,Budapest,Web,0
44,16,7,1,148.83,4,0,North,Mobile,0
40,19,9,1,58.96,4,0,Budapest,Web,0
50,59,7,1,151.98,5,0,Budapest,Mobile,0
51,19,8,1,31.82,4,0,Budapest,Web,0
44,30,6,3,255.33,4,0,West,Store,0
35,70,7,1,54.83,5,0,South,Mobile,0
35,33,10,3,265.23,4,0,East,Web,0
49,10,3,1,122.2,3,0,Budapest,Web,0
41,27,5,0,20.9,3,0,Budapest,Mobile,0
53,10,5,0,5.24,4,0,Budapest,Store,0
40,7,6,1,79.18,4,0,South,Web,0
42,30,6,2,192.34,5,0,East,Mobile,0
30,7,7,1,89.94,4,0,Budapest,Store,0
24,22,6,0,0.0,5,0,Budapest,Mobile,0
42,12,8,1,81.97,4,0,Budapest,Store,0
39,6,2,1,48.04,3,1,South,Store,0
26,31,12,6,461.28,3,0,South,Mobile,0
27,12,6,1,27.31,4,0,West,Mobile,0
37,18,6,2,190.1,4,0,Budapest,Mobile,0
31,16,5,0,0.0,4,0,Budapest,Web,0
49,27,8,3,352.91,5,0,East,Mobile,0
34,41,6,1,45.3,3,0,South,Mobile,0
23,29,5,2,134.92,4,0,North,Web,0
56,23,2,3,194.7,3,0,East,Mobile,0
41,34,6,2,139.24,4,1,South,Store,0
29,42,9,0,0.0,4,0,South,Web,0
30,36,8,3,181.3,4,1,Budapest,Web,0
46,13,8,0,3.15,5,0,North,Store,1
19,16,3,0,3.36,3,0,North,Web,0
37,26,10,2,204.07,5,0,South,Web,0
48,25,6,2,171.9,5,0,Budapest,Mobile,0
44,10,4,0,0.0,5,0,East,Web,0
46,37,5,0,0.0,2,0,Budapest,Web,0
49,20,0,3,192.29,4,0,East,Mobile,0
43,13,7,4,292.98,3,0,South,Store,0
48,4,5,3,297.89,4,1,West,Web,0
31,31,7,1,24.31,5,0,South,Mobile,0
21,20,5,2,174.15,4,0,West,Mobile,0
33,41,7,1,99.58,4,0,South,Web,0
33,24,9,2,127.23,3,0,East,Web,0
33,50,6,3,209.47,5,0,West,Web,0
32,26,7,3,274.73,4,0,East,Mobile,0
42,13,6,0,19.33,4,0,West,Web,0
43,69,2,1,98.36,5,0,West,Store,0
55,15,7,1,134.32,4,0,East,Web,0
23,19,3,2,140.97,4,0,Budapest,Web,0
44,41,11,2,192.96,5,1,West,Web,0
38,30,4,0,29.05,5,0,West,Mobile,0
51,18,8,0,17.81,3,0,South,Web,0
18,14,8,1,95.5,3,0,Budapest,Web,0
32,32,10,0,0.0,5,0,Budapest,Web,0
41,20,5,2,134.64,4,0,Budapest,Web,0
37,29,5,1,29.97,4,0,South,Web,0
33,20,10,0,51.93,5,0,East,Mobile,0
18,18,8,2,145.36,3,1,North,Mobile,0
38,39,7,1,68.75,3,1,Budapest,Mobile,0
34,14,3,2,145.39,4,0,Budapest,Web,0
33,46,5,2,192.39,4,0,Budapest,Mobile,0
25,14,5,0,0.0,3,0,East,Store,0
40,30,10,1,123.79,5,0,North,Mobile,0
18,20,7,1,4.53,3,0,West,Mobile,0
41,20,1,1,77.56,3,0,East,Mobile,0
41,23,6,2,152.79,2,0,Budapest,Web,0
35,8,7,1,97.39,5,0,Budapest,Store,0
46,15,7,3,270.37,2,0,Budapest,Mobile,0
41,24,11,1,63.25,3,0,North,Web,0
18,32,2,2,70.69,5,0,South,Store,0
52,68,5,4,410.78,5,0,East,Web,0
43,50,5,2,199.58,4,0,South,Mobile,0
56,18,5,2,170.29,4,0,Budapest,Web,0
47,24,7,2,246.95,5,0,West,Web,1
22,20,9,1,9.18,4,0,Budapest,Mobile,0
22,33,6,2,204.36,5,0,Budapest,Web,0
31,57,7,1,103.33,4,0,West,Web,0
26,39,5,2,124.29,4,0,Budapest,Mobile,1
27,21,9,2,139.34,5,0,South,Mobile,0
33,6,5,3,257.65,2,0,Budapest,Web,0
34,26,5,2,169.48,3,1,East,Mobile,0
68,23,7,1,117.74,3,0,West,Mobile,0
53,33,8,1,88.16,3,1,East,Web,0
33,18,10,2,127.88,5,0,West,Mobile,0
35,25,7,0,4.28,4,0,South,Mobile,0
31,12,4,1,34.3,3,0,West,Web,0
58,29,6,2,169.11,2,0,South,Web,0
22,64,8,0,0.0,5,0,North,Store,0
54,50,7,0,7.15,4,0,East,Web,0
39,16,8,0,0.0,5,0,West,Store,0
34,61,11,2,198.89,4,0,Budapest,Web,0
38,33,9,1,44.62,4,0,West,Mobile,1
39,24,6,1,97.32,4,0,West,Web,0
37,25,6,3,186.87,2,0,North,Web,0
29,19,6,1,55.91,4,0,South,Store,0
20,27,11,2,237.6,4,0,North,Mobile,1
36,13,6,1,43.81,4,0,Budapest,Web,0
29,22,6,0,0.0,4,0,Budapest,Mobile,0
46,25,4,0,0.0,5,0,West,Mobile,0
49,10,3,0,0.0,4,0,East,Web,0
49,39,7,4,216.95,5,0,East,Mobile,0
33,36,7,1,61.14,4,1,South,Web,0
45,42,9,4,341.36,4,1,Budapest,Store,0
39,18,3,2,150.47,3,0,East,Web,0
43,26,2,1,100.04,4,0,West,Web,0
57,18,6,1,154.47,3,0,South,Store,0
37,10,5,2,69.58,4,0,East,Store,0
36,6,7,4,218.74,3,1,Budapest,Mobile,0
29,13,2,1,130.26,3,0,Budapest,Mobile,0
63,18,5,1,73.02,4,0,Budapest,Store,0
56,23,6,1,81.63,4,0,West,Mobile,0
24,17,3,0,0.0,3,0,Budapest,Store,0
43,17,5,1,81.45,4,0,East,Web,0
37,11,4,1,69.76,5,0,West,Mobile,0
36,9,6,0,11.99,3,0,Budapest,Store,0
40,39,2,1,86.94,4,0,Budapest,Web,0
29,5,2,2,106.04,3,0,North,Mobile,0
34,23,3,1,26.76,4,0,South,Mobile,0
39,66,6,4,238.71,4,0,East,Web,0
31,21,6,0,5.16,4,0,East,Web,0
31,38,7,0,37.71,4,0,Budapest,Web,0
57,4,8,1,65.5,5,0,Budapest,Web,0
51,21,3,2,157.64,4,0,West,Web,0
49,20,11,4,306.7,5,0,Budapest,Web,0
46,22,3,1,43.47,4,0,South,Web,0
44,7,8,1,103.49,3,0,South,Web,0
46,34,6,0,0.0,5,0,West,Web,0
53,66,6,2,260.0,5,0,South,Web,1
49,20,4,1,91.12,4,0,Budapest,Mobile,1
56,23,10,1,70.26,3,0,North,Mobile,0
56,3,4,1,67.17,2,1,Budapest,Store,1
44,21,7,2,177.03,4,0,Budapest,Mobile,0
40,6,8,1,107.9,5,0,South,Web,0
35,20,3,1,46.59,4,0,West,Web,0
44,11,7,0,11.19,3,0,Budapest,Mobile,0
36,20,13,3,151.02,4,0,West,Web,0
22,44,4,0,0.0,4,0,West,Mobile,0
48,17,5,4,252.69,5,0,East,Web,0
60,18,6,3,216.99,3,0,North,Store,0
26,23,4,1,57.54,5,0,North,Mobile,0
43,6,7,1,39.16,3,0,South,Store,0
51,40,5,1,102.35,3,0,North,Mobile,0
52,35,6,2,203.49,3,0,Budapest,Mobile,0
24,6,1,1,81.4,3,0,North,Mobile,0
37,14,5,1,75.32,2,1,West,Store,0
35,40,4,1,92.25,4,0,Budapest,Web,0
46,39,6,0,0.0,3,0,Budapest,Web,0
40,2,4,0,0.0,2,0,West,Web,0
56,11,7,1,107.62,4,0,West,Mobile,0
67,10,6,0,0.0,3,0,East,Mobile,0
44,15,6,2,128.13,4,0,East,Mobile,0
34,12,3,0,0.0,2,0,South,Mobile,0
36,37,10,1,70.11,4,0,West,Web,0
32,17,8,1,28.6,4,0,Budapest,Web,0
50,30,5,1,94.91,4,0,Budapest,Mobile,0
46,9,13,3,245.05,1,0,South,Mobile,1
51,21,11,1,111.77,4,0,Budapest,Mobile,0
61,12,9,0,0.0,4,0,East,Web,0
62,19,6,1,119.28,3,1,South,Store,0
58,29,7,3,307.96,4,0,North,Web,0
53,32,4,3,285.4,3,0,West,Mobile,0
39,26,5,1,76.38,2,0,East,Store,0
53,46,7,2,181.11,3,0,East,Web,0
38,4,7,3,165.58,4,0,East,Mobile,0
56,8,5,0,25.58,4,0,West,Web,0
52,36,8,1,88.96,4,0,East,Mobile,0
60,64,7,2,225.89,5,0,East,Web,0
38,51,6,0,52.74,4,0,South,Web,0
48,28,8,2,120.46,3,0,Budapest,Web,0
39,65,4,2,129.69,5,0,West,Store,0
43,37,6,1,76.26,4,0,East,Store,0
37,13,10,1,87.77,5,0,South,Web,0
24,71,12,2,169.25,5,0,West,Web,0
35,26,8,2,201.95,4,0,East,Web,0
52,19,5,1,124.64,2,0,Budapest,Web,1
38,37,7,3,290.01,3,0,East,Mobile,0
36,17,6,2,147.27,5,0,Budapest,Mobile,0
59,5,5,1,115.77,3,0,Budapest,Mobile,0
37,17,4,0,0.0,4,0,West,Store,0
40,23,10,2,149.24,4,0,Budapest,Mobile,0
34,17,4,1,67.96,4,0,Budapest,Mobile,0
45,24,8,0,0.0,2,0,West,Store,0
42,9,3,0,5.47,2,0,West,Mobile,0
45,13,10,1,93.9,4,0,South,Web,0
34,32,7,0,0.0,3,0,Budapest,Web,0
39,13,3,1,105.43,2,0,East,Web,1
47,14,6,0,8.17,3,0,Budapest,Store,0
18,23,5,2,144.54,4,0,Budapest,Web,0
57,28,6,3,223.15,3,0,East,Mobile,0
37,10,3,0,0.0,4,0,South,Web,0
40,32,10,1,107.41,4,0,Budapest,Store,0
32,27,4,1,42.3,2,1,South,Web,0
41,39,6,3,287.75,3,0,Budapest,Web,0
42,72,8,3,255.63,5,0,Budapest,Web,0
46,32,3,1,45.04,4,0,North,Mobile,0
28,18,4,2,135.61,4,0,East,Web,0
32,21,7,0,45.27,3,0,Budapest,Store,0
43,8,2,2,107.94,4,0,East,Web,0
36,8,5,1,82.16,3,0,South,Mobile,0
37,55,6,3,379.48,5,0,West,Web,0
23,23,3,0,0.0,3,0,North,Web,1
28,21,9,2,214.56,5,0,East,Mobile,0
60,16,8,1,122.21,4,0,West,Web,0
44,40,7,1,67.97,5,0,North,Mobile,0
35,9,4,1,63.39,3,0,Budapest,Store,0
59,2,8,0,2.43,3,0,Budapest,Store,0
47,11,6,1,29.07,3,0,West,Web,0
27,20,8,2,100.61,5,0,North,Mobile,0
18,54,5,2,128.46,5,0,Budapest,Store,0
35,10,8,1,92.47,2,0,North,Store,0
49,6,7,2,208.63,4,0,Budapest,Mobile,0
50,10,6,1,45.14,4,0,Budapest,Store,0
26,28,4,0,15.64,4,0,East,Mobile,0
44,38,11,1,63.0,5,0,Budapest,Mobile,0
38,22,2,1,52.67,3,0,Budapest,Mobile,0
46,43,2,2,204.4,5,1,Budapest,Web,0
27,32,7,3,203.94,4,0,Budapest,Store,0
49,9,8,0,0.0,3,0,East,Web,0
47,11,6,3,211.47,4,2,Budapest,Web,0
39,15,7,1,70.9,5,0,Budapest,Web,0
47,8,2,1,64.19,3,0,Budapest,Web,0
37,34,7,1,54.8,3,0,Budapest,Mobile,0
45,20,11,1,76.8,4,0,Budapest,Mobile,0
33,23,5,0,11.59,4,0,North,Web,0
49,21,9,3,251.39,4,1,South,Store,0
37,7,7,0,0.0,3,0,East,Store,0
18,9,9,1,33.56,4,0,Budapest,Web,0
47,11,6,0,5.87,4,0,Budapest,Mobile,0
32,38,8,2,191.03,4,0,Budapest,Web,0
18,18,6,0,28.27,4,0,Budapest,Web,0
30,9,8,0,0.0,4,0,East,Store,0
50,16,6,1,87.9,3,0,North,Web,0
27,8,6,2,90.43,2,0,West,Web,0
50,29,9,3,273.78,5,0,South,Mobile,0
23,8,8,0,30.17,3,0,North,Store,0
36,62,7,1,69.95,5,0,East,Web,0
53,28,4,1,113.08,5,1,Budapest,Web,0
28,38,7,1,149.72,5,0,West,Mobile,0
26,34,5,1,113.27,5,0,East,Web,0
29,19,7,0,2.55,4,0,Budapest,Web,0
61,15,4,1,86.34,5,0,East,Store,0
39,24,5,0,0.0,4,0,North,Web,0
31,25,6,1,90.71,4,0,North,Mobile,0
50,29,5,0,0.0,5,0,South,Web,0
38,36,7,2,170.55,4,0,South,Store,0
54,12,5,3,174.71,4,0,Budapest,Mobile,0
49,16,4,2,92.86,3,0,West,Mobile,0
41,16,4,0,0.0,3,0,East,Web,0
33,15,7,0,14.15,5,0,West,Store,0
26,42,2,4,351.5,4,0,West,Web,0
38,19,9,1,66.18,4,0,East,Web,0
48,6,13,2,155.73,4,0,East,Mobile,0
27,2,7,0,8.29,4,0,West,Store,0
22,49,9,1,88.23,5,0,Budapest,Web,0
50,25,9,1,38.63,5,0,West,Store,0
28,15,11,1,93.9,3,0,East,Store,0
48,26,8,4,210.93,4,0,West,Web,0
39,28,8,2,83.71,4,0,South,Mobile,0
48,27,10,1,43.73,4,1,North,Web,0
49,19,5,3,186.75,5,0,North,Mobile,0
36,26,4,2,256.86,5,0,West,Mobile,0
37,64,5,2,216.81,5,0,East,Web,0
30,30,8,3,137.41,5,0,East,Mobile,0
48,5,5,0,0.0,3,0,South,Store,0
65,39,9,3,239.34,4,0,North,Web,0
39,21,6,2,134.74,4,0,East,Web,0
42,10,2,2,133.26,5,0,Budapest,Web,0
27,9,8,1,62.2,3,0,East,Mobile,0
42,11,4,0,4.07,3,0,Budapest,Mobile,0
35,5,8,0,0.0,5,0,North,Store,0
30,30,5,1,80.48,4,0,East,Store,0
36,46,9,5,342.75,5,1,West,Web,0
54,45,4,2,84.45,3,0,West,Store,0
49,33,3,2,183.8,3,0,Budapest,Web,0
32,39,5,0,0.0,4,0,Budapest,Web,0
43,30,4,3,242.54,5,0,Budapest,Mobile,0
53,42,4,3,301.46,4,0,East,Web,0
30,16,3,2,121.18,3,0,Budapest,Store,0
23,14,6,0,7.72,3,0,Budapest,Mobile,0
46,30,10,4,363.2,4,0,North,Web,0
40,18,9,4,414.75,5,1,Budapest,Mobile,0
51,16,4,4,345.53,5,0,East,Web,0
51,21,7,0,11.18,5,0,West,Web,0
43,13,6,3,149.55,3,0,South,Web,1
49,27,6,1,88.86,5,0,West,Store,0
40,8,3,2,130.4,2,0,Budapest,Mobile,1
35,47,7,3,270.83,3,0,South,Web,0
40,44,4,1,145.73,5,0,Budapest,Mobile,0
67,11,5,2,200.19,4,0,East,Mobile,1
45,32,3,0,0.0,4,0,Budapest,Web,0
37,53,9,3,338.39,4,0,South,Store,0
55,16,7,1,81.07,5,0,South,Mobile,0
42,19,4,0,0.0,4,0,East,Mobile,0
48,14,3,2,223.32,3,0,Budapest,Web,0
34,31,6,1,92.72,5,0,Budapest,Web,0
29,36,5,4,278.63,4,1,Budapest,Web,0
36,17,7,0,0.0,4,0,Budapest,Web,0
31,5,2,1,123.4,4,0,Budapest,Web,1
34,19,7,0,0.0,3,0,South,Store,0
24,14,10,3,228.53,3,0,Budapest,Web,1
33,34,6,1,138.46,5,0,West,Web,0
49,5,1,0,4.69,5,0,South,Web,1
30,11,1,0,32.78,4,0,Budapest,Store,1
60,16,5,1,111.77,3,0,Budapest,Web,0
30,59,6,1,87.07,5,0,Budapest,Web,0
42,17,8,3,130.58,5,0,South,Store,0
18,9,4,0,48.7,4,0,North,Web,0
34,16,3,0,12.19,4,0,North,Store,0
44,43,5,2,202.31,5,0,West,Web,0
47,7,3,1,108.79,5,0,West,Web,0
52,48,3,2,213.86,3,0,Budapest,Store,0
26,15,7,3,148.14,4,0,West,Web,0
54,22,9,2,106.18,5,1,North,Store,0
34,52,7,1,134.15,5,0,South,Web,0
29,17,9,0,0.0,3,0,Budapest,Web,0
62,20,9,2,171.44,4,0,East,Mobile,0
33,57,8,1,105.99,4,0,East,Mobile,0
60,13,4,2,129.77,4,0,West,Web,0
39,60,5,0,0.0,5,0,East,Store,0
38,19,11,3,150.55,5,0,Budapest,Web,0
25,26,3,1,72.68,5,0,South,Store,0
52,35,8,6,553.3,4,0,South,Mobile,0
25,17,5,0,0.0,3,0,East,Web,0
33,28,5,0,21.44,4,0,North,Web,0
31,36,3,3,142.03,3,1,South,Store,0
28,15,6,3,207.96,4,0,South,Mobile,0
41,29,6,0,30.24,5,0,West,Web,0
62,10,6,1,66.4,3,0,Budapest,Web,1
54,20,8,1,87.28,4,0,Budapest,Web,0
39,5,4,0,0.0,3,0,West,Web,0
27,40,10,1,77.61,4,0,Budapest,Web,0
66,6,2,1,43.92,4,0,Budapest,Web,0
56,23,6,2,159.39,4,0,Budapest,Web,0
36,24,3,2,106.2,4,0,West,Web,0
53,44,8,1,63.99,5,1,West,Mobile,1
31,34,8,0,0.0,4,0,Budapest,Store,0
49,32,9,0,0.0,4,0,West,Web,0
35,8,9,0,8.15,3,0,West,Mobile,0
61,13,5,1,119.39,4,0,West,Web,0
53,19,6,1,149.37,3,0,East,Web,0
49,23,4,1,87.02,3,0,North,Web,0
60,9,5,1,79.15,5,1,South,Store,0
48,14,1,2,109.32,4,0,Budapest,Mobile,0
40,26,2,1,67.5,4,0,West,Web,0
21,36,7,2,232.7,4,0,Budapest,Web,0
54,53,9,1,166.46,5,0,Budapest,Web,0
23,6,7,1,86.58,4,0,West,Web,0
52,11,9,2,120.91,4,1,South,Mobile,0
33,28,4,0,0.0,3,0,Budapest,Mobile,0
30,19,4,1,94.23,5,0,West,Web,0
46,1,3,0,17.71,3,0,East,Web,0
32,20,5,3,189.89,3,0,West,Mobile,0
35,24,6,2,167.97,4,0,South,Web,0
55,33,6,2,186.98,3,0,South,Mobile,0
46,46,5,2,244.82,3,0,South,Mobile,0
56,52,2,3,321.43,4,0,Budapest,Mobile,0
61,21,5,1,112.39,4,0,Budapest,Web,0
37,20,5,0,0.0,4,0,West,Mobile,0
31,9,8,1,47.41,3,0,Budapest,Mobile,0
37,12,7,0,0.0,4,0,Budapest,Mobile,0
41,59,3,3,267.76,5,0,West,Web,0
50,8,6,0,0.0,3,0,Budapest,Store,0
51,15,10,4,337.84,4,1,North,Store,0
60,2,6,0,34.08,2,0,North,Mobile,0
36,9,8,2,160.87,5,0,Budapest,Mobile,0
34,7,7,1,31.89,3,0,Budapest,Mobile,0
45,11,6,0,0.0,4,0,West,Web,0
44,4,11,2,134.97,5,0,Budapest,Web,0
65,22,5,1,96.01,4,0,East,Web,0
31,13,2,2,183.99,4,0,North,Web,0
36,3,2,1,77.22,3,0,Budapest,Mobile,0
51,34,10,3,272.52,4,0,Budapest,Web,0
24,14,2,1,100.19,4,0,Budapest,Web,0
29,41,4,2,153.57,2,0,West,Web,0
36,23,8,4,255.1,5,0,Budapest,Web,0
22,23,6,2,82.54,4,0,South,Web,0
49,41,3,2,132.72,3,0,South,Mobile,0
62,25,7,2,36.31,4,0,Budapest,Mobile,0
41,10,5,2,131.73,4,0,South,Mobile,0
43,26,2,0,0.0,4,0,Budapest,Web,1
43,42,10,3,292.28,4,0,West,Mobile,0
18,16,5,1,50.91,5,0,Budapest,Mobile,0
30,17,4,2,124.38,4,1,East,Store,0
39,18,2,1,88.69,3,0,Budapest,Web,0
41,40,6,2,85.3,3,0,West,Store,0
46,5,7,0,55.86,4,0,South,Web,0
35,34,8,2,216.65,4,0,Budapest,Web,0
29,26,5,0,0.0,4,0,Budapest,Mobile,0
40,10,6,0,24.15,4,0,South,Web,0
49,17,4,0,0.0,4,0,East,Web,0
56,21,5,2,229.64,4,0,Budapest,Mobile,0
50,13,11,2,255.75,4,0,Budapest,Web,0
46,11,4,1,79.24,5,0,Budapest,Mobile,0
47,6,5,1,84.89,5,0,Budapest,Mobile,1
51,3,1,0,52.74,3,0,South,Web,0
51,68,4,2,193.48,5,0,Budapest,Mobile,0
45,23,10,2,182.97,3,0,West,Store,0
44,52,4,3,188.71,3,1,Budapest,Store,0
24,17,5,1,8.31,4,0,South,Mobile,1
49,12,6,3,280.36,3,0,Budapest,Web,0
28,11,5,1,65.96,3,0,East,Mobile,1
33,22,8,2,120.42,5,0,South,Web,0
46,6,8,1,33.41,4,0,Budapest,Web,0
45,25,8,2,160.96,3,0,South,Mobile,0
42,32,2,0,31.02,5,0,Budapest,Store,0
60,10,3,1,163.03,2,0,South,Mobile,0
37,9,5,0,0.0,2,0,Budapest,Web,1
66,25,7,4,404.13,5,0,West,Mobile,0
33,24,4,0,0.0,4,0,Budapest,Web,0
46,44,5,2,150.04,4,0,East,Web,0
54,54,8,3,203.01,4,0,North,Web,0
30,30,6,1,91.72,2,1,Budapest,Web,0
29,13,5,1,56.83,4,0,East,Store,0
41,7,7,1,62.26,2,0,East,Mobile,0
35,18,5,0,48.12,4,0,Budapest,Web,0
36,36,5,2,122.27,5,0,South,Store,0
23,38,9,1,74.15,3,0,Budapest,Web,0
45,24,9,0,2.55,4,0,Budapest,Store,0
33,8,2,1,83.48,4,0,North,Web,0
74,22,10,1,93.32,4,0,West,Mobile,0
27,36,3,1,99.26,5,0,West,Web,0
57,49,1,3,260.86,5,0,East,Web,0
52,21,9,0,0.0,4,0,Budapest,Store,0
65,33,8,0,0.0,4,0,North,Mobile,0
52,26,4,1,65.72,4,0,North,Web,0
45,8,1,1,124.61,3,0,East,Web,1
37,17,7,0,2.28,5,0,Budapest,Web,0
37,57,8,2,91.54,5,0,Budapest,Mobile,0
18,23,3,0,0.0,2,0,South,Store,0
42,15,6,2,199.76,3,0,West,Mobile,0
39,60,1,1,32.13,4,0,South,Store,0
49,31,7,2,148.06,5,0,South,Web,0
45,57,3,0,0.0,5,0,South,Store,0
61,50,2,3,305.42,5,0,East,Web,0
60,25,10,3,385.04,5,0,Budapest,Store,0
59,18,6,1,136.43,4,0,Budapest,Web,0
42,9,7,0,0.0,3,0,East,Store,0
33,18,8,0,3.6,5,0,West,Mobile,0
32,30,5,0,0.0,5,0,Budapest,Mobile,1
67,31,5,2,191.94,3,0,South,Mobile,0
28,28,7,0,0.0,4,0,Budapest,Mobile,0
44,37,7,1,86.15,5,0,Budapest,Web,0
39,18,8,0,0.78,5,0,Budapest,Web,0
40,25,7,0,4.98,4,0,North,Store,0
38,29,3,2,59.32,3,0,Budapest,Mobile,0
63,16,2,0,6.62,4,0,East,Mobile,0
40,57,6,2,191.24,5,0,East,Mobile,0
35,21,6,0,31.25,3,0,East,Store,0
27,17,7,0,0.0,4,0,South,Web,0
43,33,8,3,162.25,5,0,Budapest,Web,0
43,10,10,3,329.48,5,1,West,Web,0
34,35,4,1,95.76,5,0,West,Store,0
25,16,5,2,149.29,4,0,Budapest,Mobile,0
38,22,3,1,77.81,4,0,East,Mobile,0
40,50,4,0,0.0,4,0,East,Mobile,0
33,60,6,2,88.2,5,0,Budapest,Web,0
52,37,5,0,0.0,5,0,Budapest,Web,0
41,38,4,3,163.08,5,1,East,Mobile,0
47,47,10,1,88.04,4,0,Budapest,Mobile,0
43,13,8,0,0.0,2,0,Budapest,Mobile,0
18,14,7,1,57.38,4,0,North,Web,0
23,10,7,1,80.62,5,0,Budapest,Web,0
18,72,8,2,242.12,4,0,East,Mobile,0
42,22,6,1,34.6,4,0,Budapest,Mobile,0
51,23,8,4,356.13,4,1,Budapest,Web,0
56,26,6,2,241.61,4,0,Budapest,Mobile,0
39,25,10,0,21.87,4,0,East,Web,0
47,57,2,0,24.67,5,0,South,Web,0
43,18,3,0,10.19,4,0,West,Mobile,0
22,24,3,1,130.81,2,0,Budapest,Web,0
31,45,9,1,118.02,5,0,North,Store,0
33,11,4,0,0.0,3,0,East,Web,0
32,8,4,0,15.03,4,0,West,Web,0
38,7,6,2,125.88,3,0,North,Store,0
31,37,4,3,197.02,4,0,South,Mobile,0
46,5,8,3,259.51,3,1,Budapest,Web,0
31,60,7,1,90.02,4,0,South,Mobile,0
53,17,6,1,127.01,3,0,East,Mobile,0
34,13,6,1,89.68,4,0,West,Store,0
48,5,4,3,209.1,4,0,Budapest,Store,0
33,31,4,1,58.54,4,0,East,Web,0
36,23,5,0,1.06,4,0,South,Web,0
45,13,4,2,224.1,4,0,Budapest,Web,0
65,23,8,3,280.18,3,0,South,Web,0
40,7,1,1,92.91,3,0,Budapest,Web,0
44,21,6,1,110.72,3,0,Budapest,Mobile,0
54,62,12,2,188.61,5,0,Budapest,Web,0
75,14,7,1,73.71,4,0,South,Web,0
43,26,7,0,0.0,4,0,East,Mobile,0
70,3,5,0,0.0,3,0,Budapest,Mobile,0
28,44,7,1,91.37,3,0,East,Store,0
38,21,8,3,185.34,4,0,East,Mobile,1
54,48,5,3,328.39,4,0,East,Mobile,0
60,42,3,1,71.07,5,0,East,Mobile,0
54,21,5,0,11.82,4,0,Budapest,Web,0
32,2,3,1,73.65,3,0,South,Web,0
49,16,7,1,66.63,3,0,South,Store,0
20,13,4,0,0.0,4,0,North,Web,0
38,22,9,1,110.49,4,0,South,Mobile,0
31,34,5,3,249.27,4,0,West,Web,0
60,41,7,2,174.74,4,0,North,Web,0
59,31,7,1,122.47,4,0,West,Mobile,0
52,10,6,0,0.0,4,0,Budapest,Web,0
36,10,8,0,11.49,3,0,West,Mobile,0
34,24,7,1,94.5,5,0,West,Web,0
36,16,6,0,0.0,3,0,North,Web,0
50,35,8,3,212.85,5,0,North,Store,0
39,3,3,0,0.0,1,0,South,Web,0
51,12,4,1,71.9,4,0,Budapest,Web,1
46,56,10,1,50.26,4,0,North,Web,0
32,14,7,2,159.56,4,0,East,Web,0
26,35,2,2,73.13,3,0,South,Web,0
35,27,7,2,54.67,4,0,East,Mobile,0
24,33,4,2,110.57,4,0,West,Store,0
39,1,8,1,40.16,4,0,East,Web,0
36,38,5,2,131.71,5,0,Budapest,Mobile,0
35,28,5,1,96.7,3,0,East,Web,0
56,10,6,0,0.0,2,0,East,Mobile,0
19,28,7,1,72.68,4,0,Budapest,Web,0
42,42,8,3,276.54,5,1,Budapest,Web,0
44,5,5,1,27.01,4,0,West,Web,0
61,40,7,3,287.95,4,0,Budapest,Web,0
71,36,7,4,541.12,5,0,Budapest,Web,0
34,16,6,0,15.96,4,0,West,Mobile,0
39,9,1,0,0.0,4,0,South,Mobile,0
36,12,7,1,0.0,4,0,East,Web,0
40,40,6,2,156.64,5,0,West,Store,0
50,8,2,2,194.87,3,0,East,Web,0
21,28,5,1,61.85,4,0,Budapest,Web,0
18,29,5,1,133.52,5,0,Budapest,Mobile,1
20,30,6,4,141.82,4,0,South,Mobile,0
36,20,3,0,6.03,4,0,Budapest,Store,0
59,18,4,1,98.46,3,0,South,Mobile,0
48,58,3,2,208.87,4,0,East,Store,0
41,10,6,3,246.34,3,0,South,Mobile,0
38,7,7,0,4.73,4,0,Budapest,Web,0
25,11,9,0,13.69,3,0,Budapest,Web,0
31,15,5,0,11.32,4,0,East,Store,0
46,39,7,1,62.93,4,0,West,Mobile,0
49,56,6,2,235.4,5,0,West,Web,0
35,17,5,0,0.0,4,0,East,Mobile,0
27,20,9,1,80.61,3,0,Budapest,Mobile,0
39,25,9,1,71.23,5,0,West,Mobile,0
43,23,11,0,15.52,4,0,Budapest,Store,0
41,13,4,0,19.36,3,0,South,Mobile,0
48,7,12,1,75.15,5,0,North,Mobile,0
44,7,7,0,0.0,4,0,North,Web,0
46,45,5,2,184.74,5,0,West,Web,0
41,13,6,0,0.0,4,0,North,Mobile,0
43,25,7,1,130.18,4,0,North,Web,0
59,17,7,0,28.08,4,0,South,Store,0
44,10,5,0,15.34,4,0,Budapest,Mobile,0
32,22,4,0,0.0,4,0,West,Web,0
51,16,6,0,12.23,4,0,Budapest,Web,0
37,22,1,4,270.41,4,0,North,Mobile,0
35,23,3,2,103.61,4,0,South,Web,0
38,35,4,2,168.64,3,0,West,Store,0
51,35,4,4,380.45,3,0,Budapest,Web,0
48,18,11,1,63.84,3,0,South,Store,0
39,25,10,2,196.86,4,0,Budapest,Store,0
36,23,13,2,105.16,3,1,Budapest,Mobile,0
31,20,8,1,70.06,4,0,East,Mobile,0
47,34,8,2,190.84,5,2,South,Mobile,0
69,11,4,0,18.37,3,0,North,Mobile,0
32,46,7,1,98.95,4,0,Budapest,Mobile,0
58,28,7,4,398.88,5,0,South,Web,0
39,19,9,4,291.63,5,1,South,Web,0
52,36,12,0,0.0,5,0,Budapest,Mobile,1
40,36,8,3,284.68,5,0,Budapest,Store,0
38,10,9,1,36.79,5,0,Budapest,Mobile,0
42,39,7,1,65.1,4,0,Budapest,Mobile,0
36,72,15,5,381.97,5,0,Budapest,Web,0
48,10,7,1,7.94,5,0,North,Web,0
25,72,7,1,89.07,5,0,East,Web,0
49,21,3,2,170.5,4,0,East,Web,0
34,23,4,2,189.39,3,0,Budapest,Mobile,0
47,25,7,2,156.53,4,0,South,Mobile,0
32,28,9,1,67.71,4,0,West,Mobile,0
48,11,4,1,104.88,3,0,East,Web,0
65,27,9,0,0.0,4,0,West,Store,0
51,13,5,2,151.09,3,0,South,Web,0
35,49,3,1,87.86,5,0,West,Web,0
39,66,8,5,302.74,5,0,West,Web,0
26,13,2,1,45.47,4,0,Budapest,Mobile,1
36,15,6,1,86.22,4,0,Budapest,Mobile,0
53,42,11,2,152.3,5,0,West,Mobile,0
29,7,3,1,46.51,4,0,Budapest,Web,1
54,22,11,2,214.48,4,0,Budapest,Mobile,0
40,20,5,0,0.0,4,0,Budapest,Web,0
29,13,4,0,11.72,3,0,Budapest,Mobile,0
44,17,8,0,0.0,3,0,West,Web,0
57,23,3,0,24.11,5,0,East,Web,0
45,51,9,1,59.8,5,0,West,Web,0
38,31,5,1,41.41,3,0,Budapest,Web,0
63,36,7,3,323.91,4,1,Budapest,Web,0
18,64,10,4,259.7,4,0,East,Web,0
23,35,8,1,26.87,4,0,West,Mobile,0
44,11,9,1,72.83,4,0,North,Store,0
39,34,9,1,105.04,5,0,Budapest,Mobile,0
27,19,6,1,80.34,3,0,South,Mobile,0
49,30,2,0,0.0,4,0,South,Web,0
37,45,5,1,63.06,5,0,Budapest,Web,0
28,26,6,2,125.52,3,0,East,Web,0
24,40,7,2,150.33,5,0,West,Store,0
41,72,6,0,0.0,5,0,Budapest,Mobile,0
48,20,8,1,15.01,5,0,Budapest,Mobile,0
50,4,3,0,0.0,3,0,East,Web,0
54,5,5,0,0.0,2,0,South,Web,0
35,11,4,1,47.5,3,0,North,Mobile,0
24,43,3,2,175.68,3,0,East,Web,0
55,10,7,0,0.0,4,0,South,Web,0
26,13,3,0,0.0,5,0,East,Web,0
56,16,5,1,76.48,4,0,East,Store,0
18,35,4,0,31.63,3,0,Budapest,Mobile,0
36,10,7,0,40.63,3,0,West,Web,0
34,14,8,1,54.29,4,0,South,Mobile,0
45,51,7,2,126.46,5,0,Budapest,Web,0
59,22,7,0,54.92,3,0,Budapest,Web,0
39,49,6,5,426.48,5,0,West,Mobile,0
57,26,7,1,91.93,5,0,Budapest,Web,0
21,17,4,2,129.17,5,0,West,Store,0
25,19,8,2,105.34,3,0,West,Mobile,0
34,29,6,2,181.28,4,0,Budapest,Web,0
40,21,6,2,238.56,4,0,South,Mobile,0
28,10,10,2,176.3,5,0,East,Web,0
18,10,7,0,0.0,4,0,West,Web,0
61,34,4,2,161.98,3,0,South,Web,0
51,63,6,3,292.6,4,0,East,Mobile,0
36,5,4,0,0.0,4,0,Budapest,Web,1
35,41,6,1,91.65,4,0,Budapest,Mobile,0
29,13,5,1,50.64,3,0,South,Store,0
46,5,4,3,252.11,5,1,Budapest,Web,0
54,2,9,2,176.34,3,0,East,Web,0
33,53,5,1,114.04,5,0,North,Mobile,0
58,16,10,2,124.69,4,0,Budapest,Web,0
43,11,2,1,98.86,4,0,West,Web,0
19,26,5,2,61.67,5,0,Budapest,Web,0
32,27,10,5,457.14,3,0,Budapest,Store,0
31,13,6,0,0.0,4,0,East,Web,0
29,25,5,0,0.0,4,0,Budapest,Mobile,0
40,33,6,2,175.72,4,0,West,Mobile,0
20,31,1,1,87.05,3,0,South,Mobile,0
52,19,3,0,0.0,3,0,South,Web,0
67,10,5,0,0.0,4,0,East,Web,1
32,25,4,1,43.88,3,0,North,Web,0
32,17,4,0,23.47,3,0,East,Mobile,0
59,8,7,0,58.33,4,0,North,Web,0
60,7,2,2,104.99,5,0,West,Web,0
43,29,5,1,117.56,4,0,South,Mobile,0
41,10,8,0,0.0,3,0,Budapest,Mobile,0
33,21,7,1,55.03,4,0,West,Web,0
27,2,6,1,43.25,2,0,West,Mobile,0
35,17,4,0,50.92,4,0,West,Mobile,0
46,58,6,1,73.51,5,0,South,Mobile,0
37,11,9,3,112.17,4,0,North,Store,0
25,6,6,2,146.8,4,1,South,Store,0
64,48,4,2,217.1,4,0,Budapest,Store,0
36,9,8,0,23.09,3,0,Budapest,Mobile,0
20,14,5,0,55.95,4,0,East,Web,0
50,15,5,0,0.0,3,0,Budapest,Web,0
24,24,6,1,47.02,5,0,Budapest,Mobile,0
31,72,6,3,279.37,5,1,South,Mobile,0
60,5,5,1,127.39,3,0,West,Web,0
61,17,2,0,45.12,4,0,East,Web,0
26,22,8,0,11.26,5,0,Budapest,Store,0
43,28,5,0,9.94,3,0,West,Web,0
48,8,5,3,215.06,3,0,South,Store,0
49,12,7,2,209.26,4,0,West,Web,0
39,29,5,2,191.19,4,0,Budapest,Mobile,0
30,29,2,0,18.67,3,0,Budapest,Mobile,0
42,27,3,0,27.37,3,0,West,Web,0
37,11,7,1,98.19,4,0,Budapest,Mobile,0
49,32,8,2,173.36,4,0,Budapest,Web,0
47,15,6,1,130.76,4,0,East,Web,0
32,15,8,1,37.43,4,0,East,Web,0
30,16,5,0,0.0,5,0,East,Mobile,0
51,3,5,0,11.47,3,0,South,Store,0
33,29,15,2,135.32,4,1,North,Web,0
48,13,4,1,139.8,2,0,South,Store,0
58,15,8,0,24.51,4,0,East,Mobile,0
39,68,9,1,95.8,4,0,East,Web,0
35,32,7,2,181.42,4,0,South,Store,0
53,8,5,1,65.63,4,0,East,Store,0
49,18,5,3,281.58,5,0,South,Web,0
49,29,6,3,238.1,4,0,West,Mobile,0
65,15,4,1,70.73,4,0,East,Store,0
32,7,6,0,17.24,4,0,North,Mobile,0
29,14,10,4,156.35,5,1,West,Web,0
40,72,5,4,387.02,4,0,Budapest,Web,0
41,4,10,0,5.54,4,0,Budapest,Store,0
53,19,7,0,0.0,4,0,West,Mobile,0
36,56,4,0,9.21,5,0,Budapest,Web,0
47,17,6,0,0.0,5,0,North,Mobile,0
28,65,9,0,37.8,3,0,Budapest,Web,0
62,21,11,1,62.46,4,0,West,Mobile,0
32,15,2,3,360.49,4,0,South,Store,0
46,21,8,4,309.06,5,0,East,Mobile,0
60,30,5,2,177.86,3,0,South,Web,0
51,35,6,1,88.26,3,0,East,Web,0
55,17,4,2,157.67,4,0,East,Web,0
23,39,10,1,110.08,5,0,Budapest,Web,0
52,25,5,2,203.16,5,0,Budapest,Web,0
42,47,7,2,124.02,4,0,Budapest,Mobile,0
57,10,6,1,102.07,4,0,Budapest,Mobile,0
42,4,4,1,114.95,4,0,North,Web,1
30,20,3,1,35.57,5,0,Budapest,Web,0
41,22,4,0,0.0,2,0,West,Web,0
39,26,7,0,14.12,4,0,Budapest,Store,0
50,13,7,2,63.56,4,0,Budapest,Mobile,0
28,28,3,1,78.77,3,1,North,Web,0
43,3,3,0,0.0,2,0,East,Mobile,0
21,14,4,1,118.6,3,0,Budapest,Store,0
54,54,4,1,78.59,4,0,Budapest,Mobile,0
59,28,5,0,13.28,3,0,Budapest,Web,0
40,17,8,1,47.98,3,0,South,Web,0
34,17,7,1,99.12,4,0,Budapest,Mobile,0
47,18,7,0,0.0,3,0,East,Mobile,0
66,4,5,0,0.0,4,0,South,Web,0
35,27,8,1,64.44,4,0,East,Mobile,0
41,8,4,2,129.38,4,0,Budapest,Web,0
56,6,3,0,0.0,3,0,East,Mobile,0
32,26,5,2,231.59,3,0,Budapest,Mobile,0
52,3,3,1,48.62,4,0,East,Mobile,0
40,21,6,1,64.67,5,0,East,Store,0
35,34,4,0,0.0,5,0,East,Mobile,0
35,22,5,0,0.0,4,0,South,Web,0
46,23,4,1,63.92,4,0,South,Store,0
37,2,12,1,60.37,4,0,Budapest,Mobile,0
37,31,6,1,109.7,4,0,East,Web,0
47,17,8,1,94.55,4,0,West,Web,0
42,62,5,0,0.0,4,0,East,Web,0
70,47,9,2,213.27,5,0,West,Web,0
27,46,5,0,0.0,4,0,West,Web,0
61,12,6,1,77.88,4,0,South,Web,0
51,36,10,1,112.33,3,0,Budapest,Mobile,0
69,19,8,2,102.8,3,0,East,Mobile,0
41,71,8,1,99.21,4,0,South,Web,0
44,15,1,0,0.0,4,0,Budapest,Web,0
46,26,4,0,42.07,4,0,Budapest,Web,0
52,17,6,0,8.53,4,0,East,Web,0
47,23,8,2,152.58,4,0,North,Web,0
33,22,10,3,128.31,5,0,West,Web,0
38,12,3,0,0.0,4,0,Budapest,Web,0
47,24,4,1,86.19,4,0,South,Store,0
47,15,3,0,20.72,4,0,East,Web,0
29,13,8,1,82.61,3,0,Budapest,Store,0
30,20,6,1,74.17,4,0,Budapest,Store,0
54,5,4,1,69.48,3,0,West,Web,0
35,20,8,0,0.0,5,0,East,Mobile,0
43,13,11,1,90.61,5,0,Budapest,Web,0
35,7,2,2,235.47,5,0,South,Store,0
41,28,7,0,0.0,3,0,East,Web,0
48,47,7,4,401.73,5,0,Budapest,Web,0
39,10,5,0,0.0,4,0,West,Web,0
57,24,7,0,0.0,4,0,West,Store,0
45,17,13,1,99.6,5,0,East,Web,0
42,22,2,0,2.06,4,0,North,Mobile,0
45,53,4,5,454.9,5,0,West,Web,0
23,10,10,1,98.59,3,0,Budapest,Web,0
39,44,3,0,0.0,5,0,West,Web,0
29,40,7,4,325.29,4,0,West,Web,0
18,16,10,1,113.07,5,0,East,Store,0
46,66,5,4,250.73,5,0,South,Store,0
35,10,8,0,0.0,3,0,East,Store,0
34,17,8,3,282.36,4,0,Budapest,Store,0
38,22,5,2,118.67,4,0,Budapest,Mobile,0
38,8,8,0,0.0,3,0,Budapest,Store,0
41,9,8,1,55.67,3,0,West,Web,0
46,55,8,3,406.65,4,0,East,Web,0
45,28,6,1,114.22,3,0,Budapest,Web,0
51,16,11,2,131.96,4,0,South,Mobile,0
40,12,3,0,27.62,5,0,South,Web,0
37,10,8,2,155.95,4,1,East,Web,0
38,35,9,3,277.39,4,0,South,Web,0
57,62,8,4,279.44,5,0,Budapest,Store,0
50,25,3,0,0.0,4,0,North,Mobile,0
41,27,5,2,136.62,4,0,Budapest,Web,0
30,4,7,0,0.0,3,0,Budapest,Web,0
40,28,8,2,126.46,3,1,Budapest,Mobile,0
43,23,9,4,355.1,4,0,West,Store,0
54,23,4,0,0.0,3,0,Budapest,Web,0
20,21,5,0,4.3,4,0,East,Mobile,0
41,9,7,2,127.39,5,0,West,Store,0
22,7,7,0,15.17,3,0,West,Mobile,0
44,19,6,2,111.78,3,0,East,Mobile,0
46,3,6,0,22.83,3,0,East,Mobile,0
31,17,6,2,238.95,3,0,Budapest,Web,0
34,23,5,1,14.98,3,0,Budapest,Web,0
18,72,11,1,78.74,5,0,East,Store,0
44,10,6,0,5.21,3,0,North,Mobile,0
49,31,8,2,204.48,5,0,Budapest,Store,1
31,41,7,2,207.01,4,0,West,Web,1
40,30,5,3,144.14,3,0,West,Mobile,0
30,29,2,1,34.8,4,0,Budapest,Web,0
45,43,7,2,180.08,5,0,Budapest,Mobile,1
19,22,5,1,115.7,4,0,East,Web,0
38,44,7,1,42.7,3,0,Budapest,Web,0
63,31,4,1,86.14,2,0,Budapest,Web,0
56,12,10,1,3.62,4,0,West,Web,0
41,21,3,3,210.61,5,0,East,Mobile,0
32,12,5,1,119.79,4,0,South,Mobile,0
47,45,3,2,160.14,3,0,East,Mobile,0
31,36,9,1,127.61,4,0,South,Web,0
53,34,6,3,236.11,5,0,West,Web,0
43,10,6,0,0.0,4,0,Budapest,Store,0
21,23,5,1,75.03,4,0,South,Web,0
40,12,3,2,106.95,4,0,South,Web,0
48,10,4,0,0.0,4,0,Budapest,Web,0
46,56,5,3,270.64,4,0,South,Mobile,0
44,15,4,2,130.31,3,0,North,Store,0
38,28,8,1,106.44,4,0,Budapest,Web,0
40,16,3,1,58.73,4,0,West,Web,0
45,8,4,1,126.68,3,0,Budapest,Mobile,1
36,23,8,0,8.06,4,0,East,Store,0
53,21,6,1,87.39,5,0,West,Mobile,0
30,40,10,3,240.8,5,0,West,Store,0
39,20,5,1,63.52,4,0,West,Web,0
53,15,6,0,11.23,5,0,North,Store,1
49,14,4,0,0.0,5,0,West,Web,0
18,29,12,1,71.36,3,0,East,Store,0
38,15,5,2,173.44,4,0,Budapest,Store,0
37,14,7,1,39.84,5,0,West,Web,0
49,17,3,0,5.49,3,0,East,Web,0
39,27,7,1,96.23,4,0,North,Web,0
34,49,7,1,56.99,3,0,West,Web,0
53,8,5,4,449.95,3,0,West,Mobile,0
43,7,6,0,0.0,3,0,Budapest,Mobile,0
36,12,7,2,98.6,4,0,Budapest,Mobile,0
43,10,10,0,0.0,4,0,East,Mobile,0
39,28,4,1,121.49,5,0,West,Web,0
45,53,5,0,40.72,5,0,North,Store,0
36,23,6,2,184.61,3,0,South,Web,0
53,22,4,0,6.88,5,0,South,Web,0
45,23,5,0,0.0,3,0,Budapest,Mobile,0
64,5,7,1,93.64,4,0,South,Web,0
36,30,5,0,61.81,3,0,Budapest,Mobile,0
26,29,5,3,215.15,3,0,West,Store,0
25,10,3,1,85.84,4,0,Budapest,Store,0
29,27,7,2,243.42,3,0,West,Web,0
28,8,7,1,71.88,2,0,East,Mobile,0
27,27,8,1,91.66,3,0,East,Web,0
47,3,8,0,18.64,4,0,Budapest,Web,0
36,9,8,1,86.95,3,0,South,Web,0
39,36,6,0,7.97,5,0,Budapest,Store,0
50,72,7,0,0.0,5,0,South,Web,0
53,32,6,3,322.58,4,0,East,Web,0
39,23,10,1,91.13,5,0,South,Mobile,0
46,33,5,0,13.17,4,0,North,Store,1
34,8,10,1,90.09,5,0,Budapest,Mobile,0
28,17,9,2,151.35,4,0,Budapest,Web,0
58,13,3,2,121.04,3,0,North,Web,0
43,9,7,0,11.4,3,0,East,Web,0
42,13,4,2,212.12,4,0,West,Mobile,0
59,25,4,2,251.34,5,0,Budapest,Web,0
45,9,5,4,405.85,3,0,Budapest,Mobile,0
32,45,3,0,0.0,5,0,North,Mobile,0
51,25,7,2,124.37,5,0,North,Mobile,0
32,9,6,1,89.3,4,0,North,Web,0
39,55,6,2,188.62,5,0,North,Mobile,0
27,17,4,0,0.0,4,0,Budapest,Web,0
44,23,8,0,0.0,4,0,South,Web,0
36,45,5,1,117.45,5,0,Budapest,Mobile,0
37,18,4,2,216.62,4,0,West,Web,0
39,18,4,0,2.6,5,0,Budapest,Mobile,0
25,35,3,0,0.0,4,0,East,Web,0
40,19,8,0,26.16,3,0,Budapest,Web,0
39,13,11,2,167.67,4,1,West,Mobile,0
49,29,6,0,6.77,5,0,East,Mobile,0
57,71,7,3,249.68,4,0,South,Mobile,0
51,32,9,3,227.17,2,1,East,Web,0
46,36,5,2,181.86,5,0,West,Web,0
29,4,7,0,0.0,3,0,Budapest,Web,0
26,29,7,1,71.98,4,0,Budapest,Store,0
24,7,6,1,40.68,4,0,South,Mobile,0
42,15,7,4,269.02,3,0,East,Mobile,0
48,11,8,2,123.0,3,0,North,Mobile,0
47,31,8,3,290.35,3,1,East,Store,0
26,11,3,0,0.0,2,0,West,Store,1
56,31,7,2,160.99,4,0,North,Mobile,0
42,22,5,1,87.95,4,0,Budapest,Web,0
43,16,8,0,30.71,4,0,Budapest,Web,0
70,30,4,0,0.0,5,0,Budapest,Store,0
40,26,5,2,144.47,5,0,Budapest,Mobile,0
40,15,10,4,274.88,4,0,East,Web,0
36,20,8,3,282.65,4,0,Budapest,Mobile,0
30,9,5,1,138.11,3,0,East,Mobile,0
43,24,2,0,0.0,5,0,East,Web,0
32,13,6,1,114.37,4,0,East,Web,0
43,19,5,0,7.73,4,0,Budapest,Mobile,0
35,15,4,0,15.26,3,0,Budapest,Mobile,0
25,49,7,2,185.45,5,0,Budapest,Store,0
22,16,4,0,6.95,4,0,North,Mobile,0
20,13,4,0,0.0,4,0,West,Mobile,0
45,38,6,1,114.85,3,0,East,Web,0
47,24,7,1,79.46,4,0,Budapest,Mobile,0
39,20,5,2,92.17,3,0,North,Mobile,0
44,50,12,2,151.72,4,0,West,Web,0
41,37,8,2,137.86,4,0,South,Web,0
32,37,3,0,0.0,5,0,East,Store,0
27,30,9,2,143.95,4,0,Budapest,Mobile,0
52,15,11,3,285.44,4,1,Budapest,Web,0
18,24,4,1,58.91,5,0,Budapest,Mobile,0
35,38,4,2,112.84,5,0,North,Mobile,0
41,27,7,1,79.01,4,0,Budapest,Mobile,0
54,4,7,1,71.31,3,0,West,Mobile,0
37,25,5,0,29.41,4,0,Budapest,Mobile,0
45,3,7,3,298.76,3,0,North,Web,0
36,11,6,0,0.0,3,0,Budapest,Mobile,0
39,47,6,3,178.13,5,0,South,Store,0
55,33,5,1,68.81,4,0,Budapest,Mobile,0
30,35,7,0,35.53,5,0,Budapest,Mobile,0
47,40,5,3,249.01,5,0,South,Mobile,0
26,42,4,4,238.58,4,0,West,Store,0
35,20,4,2,198.77,4,0,East,Web,0
33,28,2,1,45.96,4,0,South,Web,0
38,63,8,1,46.75,4,1,North,Mobile,0
34,39,9,3,236.55,5,0,West,Web,0
39,26,5,1,50.95,4,0,West,Store,0
44,20,5,1,108.35,3,0,Budapest,Mobile,0
40,21,4,2,79.31,3,0,South,Mobile,0
49,16,4,2,119.57,5,0,Budapest,Store,0
28,22,4,1,42.26,4,0,East,Web,0
27,10,5,1,44.58,4,0,Budapest,Mobile,0
49,9,3,1,76.9,3,0,East,Mobile,0
38,21,6,0,2.31,4,0,West,Web,0
18,27,6,2,101.38,3,0,North,Web,0
25,21,2,0,0.0,3,0,East,Web,0
39,17,12,2,155.72,4,0,East,Mobile,0
59,16,9,1,85.59,4,0,North,Web,0
36,36,4,0,30.54,4,0,Budapest,Mobile,1
38,21,8,4,315.0,4,1,North,Web,0
28,19,4,1,92.45,4,0,Budapest,Web,0
43,28,5,1,49.26,3,0,South,Store,0
50,15,9,2,207.8,5,0,Budapest,Store,1
24,19,4,0,0.0,4,0,West,Web,0
34,29,3,1,62.69,5,0,West,Mobile,0
33,35,10,2,124.24,5,0,West,Web,0
52,11,8,0,0.0,4,0,West,Store,0
56,18,4,1,62.25,4,0,North,Store,0
38,10,7,1,82.92,4,0,East,Store,0
29,30,10,2,86.95,4,0,South,Mobile,0
66,8,4,0,9.55,3,0,Budapest,Web,0
26,19,2,0,0.0,4,0,East,Mobile,0
77,23,8,2,126.57,4,0,East,Web,0
37,21,8,4,214.86,5,0,West,Web,0
42,43,7,2,245.92,3,0,East,Mobile,0
35,11,3,1,100.75,3,0,Budapest,Mobile,0
50,4,5,2,141.25,4,0,South,Mobile,0
52,4,10,2,134.33,3,0,Budapest,Web,0
39,58,12,2,232.1,5,0,Budapest,Web,0
28,10,5,1,0.0,4,0,Budapest,Web,1
49,12,6,0,0.0,4,0,Budapest,Web,0
39,6,2,1,132.13,4,0,East,Mobile,0
20,9,12,2,153.88,3,0,Budapest,Mobile,0
24,17,4,0,3.7,4,0,West,Store,0
38,18,4,0,0.14,3,0,East,Web,0
54,69,7,3,322.28,5,1,West,Web,0
54,8,4,1,111.26,2,0,East,Web,0
46,18,8,1,106.05,4,0,Budapest,Web,0
30,22,4,0,0.0,4,0,North,Web,0
45,43,8,4,367.3,5,0,Budapest,Web,0
48,17,5,1,66.64,4,0,West,Web,0
46,47,8,4,306.21,4,0,South,Mobile,1
53,16,6,1,50.05,4,0,East,Mobile,0
35,53,7,1,2.78,4,0,Budapest,Web,0
32,38,5,0,15.75,5,0,West,Web,0
30,43,9,2,158.58,4,0,South,Mobile,0
31,16,7,1,82.51,4,0,South,Mobile,0
22,29,9,4,267.22,5,0,West,Web,0
46,11,5,2,99.38,5,0,North,Mobile,0
58,34,8,0,32.66,4,0,Budapest,Store,0
63,39,5,4,441.67,4,1,West,Web,0
46,9,10,2,140.36,3,0,East,Mobile,0
49,31,7,1,84.72,5,0,Budapest,Mobile,0
53,19,4,0,0.0,4,0,East,Mobile,0
50,7,7,1,66.6,5,0,East,Web,0
55,37,10,2,181.68,3,0,East,Web,0
56,4,8,2,134.97,5,0,Budapest,Mobile,0
28,59,7,3,212.34,4,0,South,Mobile,0
54,19,2,0,25.64,3,0,East,Web,0
